brand_id,canonical_brand_name,display_brand_name,parent_id,parent_display_name,brand_type,review_state,primary_source_type,primary_source_id,primary_source_name,primary_source_url_or_reference,source_harvest_date,substantiation_note,notes_internal
B0004,Countdown,Countdown,P0001,Woolworths Group Limited,brand_family,reviewed,official_parent_brand_page,SRC_WOOLWORTHS_GROUP_BRANDS,Woolworths Group — Our Brands,https://www.woolworthsgroup.com.au/au/en/who-we-are/our-brands.html,2026-04-28,v0.3 source-harvested brand under Woolworths Group Limited from Woolworths Gr...,
B0005,Milkrun,Milkrun,P0001,Woolworths Group Limited,retailer_own_label,reviewed,official_parent_brand_page,SRC_WOOLWORTHS_GROUP_BRANDS,Woolworths Group — Our Brands,https://www.woolworthsgroup.com.au/au/en/who-we-are/our-brands.html,2026-04-28,v0.3 source-harvested brand under Woolworths Group Limited from Woolworths Gr...,
B0001,Woolworths,Woolworths,P0001,Woolworths Group Limited,brand_family,reviewed,official_parent_brand_page,SRC_WOOLWORTHS_GROUP_BRANDS,Woolworths Group — Our Brands,https://www.woolworthsgroup.com.au/au/en/who-we-are/our-brands.html,2026-04-28,v0.3 source-harvested brand under Woolworths Group Limited from Woolworths Gr...,
B0006,Woolworths at Work,Woolworths at Work,P0001,Woolworths Group Limited,retailer_own_label,reviewed,official_parent_brand_page,SRC_WOOLWORTHS_GROUP_BRANDS,Woolworths Group — Our Brands,https://www.woolworthsgroup.com.au/au/en/who-we-are/our-brands.html,2026-04-28,v0.3 source-harvested brand under Woolworths Group Limited from Woolworths Gr...,
B0007,Woolworths Essentials,Woolworths Essentials,P0001,Woolworths Group Limited,retailer_own_label,reviewed,official_parent_brand_page,SRC_WOOLWORTHS_GROUP_BRANDS,Woolworths Group — Our Brands,https://www.woolworthsgroup.com.au/au/en/who-we-are/our-brands.html,2026-04-28,v0.3 source-harvested brand under Woolworths Group Limited from Woolworths Gr...,
B0199,Woolworths Food Company,Woolworths Food Company,P0001,Woolworths Group Limited,retailer_own_label,reviewed,official_parent_brand_page,SRC_WOOLWORTHS_GROUP_BRANDS,Woolworths Group — Our Brands,https://www.woolworthsgroup.com.au/au/en/who-we-are/our-brands.html,2026-04-28,v0.3 source-harvested brand under Woolworths Group Limited from Woolworths Gr...,
B0009,Woolworths Free From,Woolworths Free From,P0001,Woolworths Group Limited,retailer_own_label,reviewed,official_parent_brand_page,SRC_WOOLWORTHS_GROUP_BRANDS,Woolworths Group — Our Brands,https://www.woolworthsgroup.com.au/au/en/who-we-are/our-brands.html,2026-04-28,v0.3 source-harvested brand under Woolworths Group Limited from Woolworths Gr...,
B0010,Woolworths Gold,Woolworths Gold,P0001,Woolworths Group Limited,retailer_own_label,reviewed,official_parent_brand_page,SRC_WOOLWORTHS_GROUP_BRANDS,Woolworths Group — Our Brands,https://www.woolworthsgroup.com.au/au/en/who-we-are/our-brands.html,2026-04-28,v0.3 source-harvested brand under Woolworths Group Limited from Woolworths Gr...,
B0008,Woolworths Macro,Woolworths Macro,P0001,Woolworths Group Limited,retailer_own_label,reviewed,official_parent_brand_page,SRC_WOOLWORTHS_GROUP_BRANDS,Woolworths Group — Our Brands,https://www.woolworthsgroup.com.au/au/en/who-we-are/our-brands.html,2026-04-28,v0.3 source-harvested brand under Woolworths Group Limited from Woolworths Gr...,
B0003,Woolworths New Zealand,Woolworths New Zealand,P0001,Woolworths Group Limited,brand_family,reviewed,official_parent_brand_page,SRC_WOOLWORTHS_GROUP_BRANDS,Woolworths Group — Our Brands,https://www.woolworthsgroup.com.au/au/en/who-we-are/our-brands.html,2026-04-28,v0.3 source-harvested brand under Woolworths Group Limited from Woolworths Gr...,
B0011,Woolworths Plantitude,Woolworths Plantitude,P0001,Woolworths Group Limited,retailer_own_label,reviewed,official_parent_brand_page,SRC_WOOLWORTHS_GROUP_BRANDS,Woolworths Group — Our Brands,https://www.woolworthsgroup.com.au/au/en/who-we-are/our-brands.html,2026-04-28,v0.3 source-harvested brand under Woolworths Group Limited from Woolworths Gr...,
B0002,Woolworths Supermarkets,Woolworths Supermarkets,P0001,Woolworths Group Limited,brand_family,reviewed,official_parent_brand_page,SRC_WOOLWORTHS_GROUP_BRANDS,Woolworths Group — Our Brands,https://www.woolworthsgroup.com.au/au/en/who-we-are/our-brands.html,2026-04-28,v0.3 source-harvested brand under Woolworths Group Limited from Woolworths Gr...,
B0200,Coles,Coles,P0002,Coles Group Limited,brand_family,reviewed,retailer_own_brand_page,SRC_COLES_OWN_BRANDS,Coles — Our Brands,https://www.coles.com.au/about/who-we-are/our-brands,2026-04-28,v0.3 source-harvested brand under Coles Group Limited from Coles — Our Brands...,
B0013,Coles Brand,Coles Brand,P0002,Coles Group Limited,retailer_own_label,archived,retailer_own_brand_page,SRC_COLES_OWN_BRANDS,Coles — Our Brands,https://www.coles.com.au/about/who-we-are/our-brands,2026-04-28,v0.3 source-harvested brand under Coles Group Limited from Coles — Our Brands...,SUPPRESS_CURRENT 2026-08-16: competing or stale AU/NZ current-chain mapping; retain reviewed counterpart or fail closed
B0014,Coles Finest,Coles Finest,P0002,Coles Group Limited,retailer_own_label,reviewed,retailer_own_brand_page,SRC_COLES_OWN_BRANDS,Coles — Our Brands,https://www.coles.com.au/about/who-we-are/our-brands,2026-04-28,v0.3 source-harvested brand under Coles Group Limited from Coles — Our Brands...,
B0016,Coles I'm Free From,Coles I'm Free From,P0002,Coles Group Limited,retailer_own_label,reviewed,retailer_own_brand_page,SRC_COLES_OWN_BRANDS,Coles — Our Brands,https://www.coles.com.au/about/who-we-are/our-brands,2026-04-28,v0.3 source-harvested brand under Coles Group Limited from Coles — Our Brands...,
B0202,Coles Kitchen,Coles Kitchen,P0002,Coles Group Limited,retailer_own_label,reviewed,retailer_own_brand_page,SRC_COLES_OWN_BRANDS,Coles — Our Brands,https://www.coles.com.au/about/who-we-are/our-brands,2026-04-28,v0.3 source-harvested brand under Coles Group Limited from Coles — Our Brands...,
B0201,Coles Nature's Kitchen,Coles Nature's Kitchen,P0002,Coles Group Limited,retailer_own_label,reviewed,retailer_own_brand_page,SRC_COLES_OWN_BRANDS,Coles — Our Brands,https://www.coles.com.au/about/who-we-are/our-brands,2026-04-28,v0.3 source-harvested brand under Coles Group Limited from Coles — Our Brands...,
B0203,Coles Organic,Coles Organic,P0002,Coles Group Limited,retailer_own_label,reviewed,retailer_own_brand_page,SRC_COLES_OWN_BRANDS,Coles — Our Brands,https://www.coles.com.au/about/who-we-are/our-brands,2026-04-28,v0.3 source-harvested brand under Coles Group Limited from Coles — Our Brands...,
B0018,Coles PerForm,Coles PerForm,P0002,Coles Group Limited,retailer_own_label,reviewed,retailer_own_brand_page,SRC_COLES_OWN_BRANDS,Coles — Our Brands,https://www.coles.com.au/about/who-we-are/our-brands,2026-04-28,v0.3 source-harvested brand under Coles Group Limited from Coles — Our Brands...,
B0012,Coles Simply,Coles Simply,P0002,Coles Group Limited,retailer_own_label,reviewed,retailer_own_brand_page,SRC_COLES_OWN_BRANDS,Coles — Our Brands,https://www.coles.com.au/about/who-we-are/our-brands,2026-04-28,v0.3 source-harvested brand under Coles Group Limited from Coles — Our Brands...,
B0017,Coles Wellness,Coles Wellness,P0002,Coles Group Limited,retailer_own_label,reviewed,retailer_own_brand_page,SRC_COLES_OWN_BRANDS,Coles — Our Brands,https://www.coles.com.au/about/who-we-are/our-brands,2026-04-28,v0.3 source-harvested brand under Coles Group Limited from Coles — Our Brands...,
B0015,Nature's Kitchen,Nature's Kitchen,P0002,Coles Group Limited,retailer_own_label,archived,retailer_own_brand_page,SRC_COLES_OWN_BRANDS,Coles — Our Brands,https://www.coles.com.au/about/who-we-are/our-brands,2026-04-28,v0.3 source-harvested brand under Coles Group Limited from Coles — Our Brands...,SUPPRESS_CURRENT 2026-08-16: competing or stale AU/NZ current-chain mapping; retain reviewed counterpart or fail closed
B0021,Four Square,Four Square,P0003,Foodstuffs New Zealand,brand_family,reviewed,official_parent_brand_page,SRC_FOODSTUFFS_OUR_BRANDS,Foodstuffs — Our Brands,https://www.foodstuffs.co.nz/our-brands,2026-04-28,v0.3 source-harvested brand under Foodstuffs New Zealand from Foodstuffs — Ou...,
B0022,Gilmours,Gilmours,P0003,Foodstuffs New Zealand,brand_family,reviewed,official_parent_brand_page,SRC_FOODSTUFFS_OUR_BRANDS,Foodstuffs — Our Brands,https://www.foodstuffs.co.nz/our-brands,2026-04-28,v0.3 source-harvested brand under Foodstuffs New Zealand from Foodstuffs — Ou...,
B0027,Gilmours Own Brand,Gilmours Own Brand,P0003,Foodstuffs New Zealand,retailer_own_label,reviewed,official_parent_brand_page,SRC_FOODSTUFFS_OUR_BRANDS,Foodstuffs — Our Brands,https://www.foodstuffs.co.nz/our-brands,2026-04-28,v0.3 source-harvested brand under Foodstuffs New Zealand from Foodstuffs — Ou...,
B0023,Liquorland,Liquorland,P0003,Foodstuffs New Zealand,retailer_own_label,reviewed,official_parent_brand_page,SRC_FOODSTUFFS_OUR_BRANDS,Foodstuffs — Our Brands,https://www.foodstuffs.co.nz/our-brands,2026-04-28,v0.3 source-harvested brand under Foodstuffs New Zealand from Foodstuffs — Ou...,
B0019,New World,New World,P0003,Foodstuffs New Zealand,brand_family,reviewed,official_parent_brand_page,SRC_FOODSTUFFS_OUR_BRANDS,Foodstuffs — Our Brands,https://www.foodstuffs.co.nz/our-brands,2026-04-28,v0.3 source-harvested brand under Foodstuffs New Zealand from Foodstuffs — Ou...,
B0020,PAK'nSAVE,PAK'nSAVE,P0003,Foodstuffs New Zealand,brand_family,reviewed,official_parent_brand_page,SRC_FOODSTUFFS_OUR_BRANDS,Foodstuffs — Our Brands,https://www.foodstuffs.co.nz/our-brands,2026-04-28,v0.3 source-harvested brand under Foodstuffs New Zealand from Foodstuffs — Ou...,
B0024,Pams,Pams,P0003,Foodstuffs New Zealand,retailer_own_label,reviewed,official_parent_brand_page,SRC_FOODSTUFFS_OUR_BRANDS,Foodstuffs — Our Brands,https://www.foodstuffs.co.nz/our-brands,2026-04-28,v0.3 source-harvested brand under Foodstuffs New Zealand from Foodstuffs — Ou...,
B0025,Pams Finest,Pams Finest,P0003,Foodstuffs New Zealand,retailer_own_label,reviewed,official_parent_brand_page,SRC_FOODSTUFFS_OUR_BRANDS,Foodstuffs — Our Brands,https://www.foodstuffs.co.nz/our-brands,2026-04-28,v0.3 source-harvested brand under Foodstuffs New Zealand from Foodstuffs — Ou...,
B0205,Pams Plant Based,Pams Plant Based,P0003,Foodstuffs New Zealand,retailer_own_label,reviewed,official_parent_brand_page,SRC_FOODSTUFFS_OUR_BRANDS,Foodstuffs — Our Brands,https://www.foodstuffs.co.nz/our-brands,2026-04-28,v0.3 source-harvested brand under Foodstuffs New Zealand from Foodstuffs — Ou...,
B0204,Pams Superfoods,Pams Superfoods,P0003,Foodstuffs New Zealand,retailer_own_label,reviewed,official_parent_brand_page,SRC_FOODSTUFFS_OUR_BRANDS,Foodstuffs — Our Brands,https://www.foodstuffs.co.nz/our-brands,2026-04-28,v0.3 source-harvested brand under Foodstuffs New Zealand from Foodstuffs — Ou...,
B0026,Value,Value,P0003,Foodstuffs New Zealand,retailer_own_label,reviewed,official_parent_brand_page,SRC_FOODSTUFFS_OUR_BRANDS,Foodstuffs — Our Brands,https://www.foodstuffs.co.nz/our-brands,2026-04-28,v0.3 source-harvested brand under Foodstuffs New Zealand from Foodstuffs — Ou...,
B0210,Baker's Life,Baker's Life,P0004,ALDI Süd / ALDI Einkauf SE & Co. oHG,retailer_own_label,reviewed,retailer_product_page,SRC_ALDI_AU_BRANDS,ALDI Australia — Brands/Product Pages,https://www.aldi.com.au/brands/Choceur,2026-04-28,v0.3 source-harvested brand under ALDI Süd / ALDI Einkauf SE & Co. oHG from A...,
B0034,Belmont,Belmont,P0004,ALDI Süd / ALDI Einkauf SE & Co. oHG,retailer_own_label,reviewed,retailer_product_page,SRC_ALDI_AU_BRANDS,ALDI Australia — Brands/Product Pages,https://www.aldi.com.au/brands/Choceur,2026-04-28,v0.3 source-harvested brand under ALDI Süd / ALDI Einkauf SE & Co. oHG from A...,
B0037,Choceur,Choceur,P0004,ALDI Süd / ALDI Einkauf SE & Co. oHG,retailer_own_label,reviewed,retailer_product_page,SRC_ALDI_AU_BRANDS,ALDI Australia — Brands/Product Pages,https://www.aldi.com.au/brands/Choceur,2026-04-28,v0.3 source-harvested brand under ALDI Süd / ALDI Einkauf SE & Co. oHG from A...,
B0218,Dairy Fine,Dairy Fine,P0004,ALDI Süd / ALDI Einkauf SE & Co. oHG,retailer_own_label,reviewed,retailer_product_page,SRC_ALDI_AU_BRANDS,ALDI Australia — Brands/Product Pages,https://www.aldi.com.au/brands/Choceur,2026-04-28,v0.3 source-harvested brand under ALDI Süd / ALDI Einkauf SE & Co. oHG from A...,
B0209,Emporium Selection,Emporium Selection,P0004,ALDI Süd / ALDI Einkauf SE & Co. oHG,retailer_own_label,reviewed,retailer_product_page,SRC_ALDI_AU_BRANDS,ALDI Australia — Brands/Product Pages,https://www.aldi.com.au/brands/Choceur,2026-04-28,v0.3 source-harvested brand under ALDI Süd / ALDI Einkauf SE & Co. oHG from A...,
B0028,Farmdale,Farmdale,P0004,ALDI Süd / ALDI Einkauf SE & Co. oHG,retailer_own_label,reviewed,retailer_product_page,SRC_ALDI_AU_BRANDS,ALDI Australia — Brands/Product Pages,https://www.aldi.com.au/brands/Choceur,2026-04-28,v0.3 source-harvested brand under ALDI Süd / ALDI Einkauf SE & Co. oHG from A...,
B0035,Goldenvale,Goldenvale,P0004,ALDI Süd / ALDI Einkauf SE & Co. oHG,retailer_own_label,reviewed,retailer_product_page,SRC_ALDI_AU_BRANDS,ALDI Australia — Brands/Product Pages,https://www.aldi.com.au/brands/Choceur,2026-04-28,v0.3 source-harvested brand under ALDI Süd / ALDI Einkauf SE & Co. oHG from A...,
B0036,Has No,Has No,P0004,ALDI Süd / ALDI Einkauf SE & Co. oHG,retailer_own_label,reviewed,retailer_product_page,SRC_ALDI_AU_BRANDS,ALDI Australia — Brands/Product Pages,https://www.aldi.com.au/brands/Choceur,2026-04-28,v0.3 source-harvested brand under ALDI Süd / ALDI Einkauf SE & Co. oHG from A...,
B0217,Hillcrest,Hillcrest,P0004,ALDI Süd / ALDI Einkauf SE & Co. oHG,retailer_own_label,reviewed,retailer_product_page,SRC_ALDI_AU_BRANDS,ALDI Australia — Brands/Product Pages,https://www.aldi.com.au/brands/Choceur,2026-04-28,v0.3 source-harvested brand under ALDI Süd / ALDI Einkauf SE & Co. oHG from A...,
B0030,Just Organic,Just Organic,P0004,ALDI Süd / ALDI Einkauf SE & Co. oHG,retailer_own_label,reviewed,retailer_product_page,SRC_ALDI_AU_BRANDS,ALDI Australia — Brands/Product Pages,https://www.aldi.com.au/brands/Choceur,2026-04-28,v0.3 source-harvested brand under ALDI Süd / ALDI Einkauf SE & Co. oHG from A...,
B0219,Lazzio,Lazzio,P0004,ALDI Süd / ALDI Einkauf SE & Co. oHG,retailer_own_label,reviewed,retailer_product_page,SRC_ALDI_AU_BRANDS,ALDI Australia — Brands/Product Pages,https://www.aldi.com.au/brands/Choceur,2026-04-28,v0.3 source-harvested brand under ALDI Süd / ALDI Einkauf SE & Co. oHG from A...,
B0216,Lodge Farms,Lodge Farms,P0004,ALDI Süd / ALDI Einkauf SE & Co. oHG,retailer_own_label,reviewed,retailer_product_page,SRC_ALDI_AU_BRANDS,ALDI Australia — Brands/Product Pages,https://www.aldi.com.au/brands/Choceur,2026-04-28,v0.3 source-harvested brand under ALDI Süd / ALDI Einkauf SE & Co. oHG from A...,
B0029,Mamia,Mamia,P0004,ALDI Süd / ALDI Einkauf SE & Co. oHG,retailer_own_label,reviewed,retailer_product_page,SRC_ALDI_AU_BRANDS,ALDI Australia — Brands/Product Pages,https://www.aldi.com.au/brands/Choceur,2026-04-28,v0.3 source-harvested brand under ALDI Süd / ALDI Einkauf SE & Co. oHG from A...,
B0211,Market Fare,Market Fare,P0004,ALDI Süd / ALDI Einkauf SE & Co. oHG,retailer_own_label,reviewed,retailer_product_page,SRC_ALDI_AU_BRANDS,ALDI Australia — Brands/Product Pages,https://www.aldi.com.au/brands/Choceur,2026-04-28,v0.3 source-harvested brand under ALDI Süd / ALDI Einkauf SE & Co. oHG from A...,
B0206,Moser Roth,Moser Roth,P0004,ALDI Süd / ALDI Einkauf SE & Co. oHG,retailer_own_label,reviewed,retailer_product_page,SRC_ALDI_AU_BRANDS,ALDI Australia — Brands/Product Pages,https://www.aldi.com.au/brands/Choceur,2026-04-28,v0.3 source-harvested brand under ALDI Süd / ALDI Einkauf SE & Co. oHG from A...,
B0213,Ocean Rise,Ocean Rise,P0004,ALDI Süd / ALDI Einkauf SE & Co. oHG,retailer_own_label,reviewed,retailer_product_page,SRC_ALDI_AU_BRANDS,ALDI Australia — Brands/Product Pages,https://www.aldi.com.au/brands/Choceur,2026-04-28,v0.3 source-harvested brand under ALDI Süd / ALDI Einkauf SE & Co. oHG from A...,
B0032,Remano,Remano,P0004,ALDI Süd / ALDI Einkauf SE & Co. oHG,retailer_own_label,reviewed,retailer_product_page,SRC_ALDI_AU_BRANDS,ALDI Australia — Brands/Product Pages,https://www.aldi.com.au/brands/Choceur,2026-04-28,v0.3 source-harvested brand under ALDI Süd / ALDI Einkauf SE & Co. oHG from A...,
B0214,Stonemill,Stonemill,P0004,ALDI Süd / ALDI Einkauf SE & Co. oHG,retailer_own_label,reviewed,retailer_product_page,SRC_ALDI_AU_BRANDS,ALDI Australia — Brands/Product Pages,https://www.aldi.com.au/brands/Choceur,2026-04-28,v0.3 source-harvested brand under ALDI Süd / ALDI Einkauf SE & Co. oHG from A...,
B0215,Sweet Valley,Sweet Valley,P0004,ALDI Süd / ALDI Einkauf SE & Co. oHG,retailer_own_label,reviewed,retailer_product_page,SRC_ALDI_AU_BRANDS,ALDI Australia — Brands/Product Pages,https://www.aldi.com.au/brands/Choceur,2026-04-28,v0.3 source-harvested brand under ALDI Süd / ALDI Einkauf SE & Co. oHG from A...,
B0212,The Fishmonger,The Fishmonger,P0004,ALDI Süd / ALDI Einkauf SE & Co. oHG,retailer_own_label,reviewed,retailer_product_page,SRC_ALDI_AU_BRANDS,ALDI Australia — Brands/Product Pages,https://www.aldi.com.au/brands/Choceur,2026-04-28,v0.3 source-harvested brand under ALDI Süd / ALDI Einkauf SE & Co. oHG from A...,
B0208,Westacre,Westacre,P0004,ALDI Süd / ALDI Einkauf SE & Co. oHG,retailer_own_label,reviewed,retailer_product_page,SRC_ALDI_AU_BRANDS,ALDI Australia — Brands/Product Pages,https://www.aldi.com.au/brands/Choceur,2026-04-28,v0.3 source-harvested brand under ALDI Süd / ALDI Einkauf SE & Co. oHG from A...,
B0221,Black & Gold,Black & Gold,P0005,Metcash Limited,retailer_own_label,reviewed,manual_stewardship,SRC_METCASH_IGA_BRANDS,Metcash/IGA own-label stewardship seed,https://www.iga.com.au/,2026-04-28,v0.3 source-harvested brand under Metcash Limited from Metcash/IGA own-label ...,
B0222,Community Co,Community Co,P0005,Metcash Limited,retailer_own_label,reviewed,manual_stewardship,SRC_METCASH_IGA_BRANDS,Metcash/IGA own-label stewardship seed,https://www.iga.com.au/,2026-04-28,v0.3 source-harvested brand under Metcash Limited from Metcash/IGA own-label ...,
B0220,IGA,IGA,P0005,Metcash Limited,brand_family,reviewed,manual_stewardship,SRC_METCASH_IGA_BRANDS,Metcash/IGA own-label stewardship seed,https://www.iga.com.au/,2026-04-28,v0.3 source-harvested brand under Metcash Limited from Metcash/IGA own-label ...,
B0224,IGA Baker's Oven,IGA Baker's Oven,P0005,Metcash Limited,retailer_own_label,reviewed,manual_stewardship,SRC_METCASH_IGA_BRANDS,Metcash/IGA own-label stewardship seed,https://www.iga.com.au/,2026-04-28,v0.3 source-harvested brand under Metcash Limited from Metcash/IGA own-label ...,
B0223,IGA Signature,IGA Signature,P0005,Metcash Limited,retailer_own_label,reviewed,manual_stewardship,SRC_METCASH_IGA_BRANDS,Metcash/IGA own-label stewardship seed,https://www.iga.com.au/,2026-04-28,v0.3 source-harvested brand under Metcash Limited from Metcash/IGA own-label ...,
B0225,Kirkland Signature,Kirkland Signature,P0006,Costco Wholesale Corporation,retailer_own_label,reviewed,retailer_own_brand_page,SRC_COSTCO_KIRKLAND,Costco Australia — Kirkland Signature,https://www.costco.com.au/kirkland-signature,2026-04-28,v0.3 source-harvested brand under Costco Wholesale Corporation from Costco Au...,
B0038,Airwaves,Airwaves,P0007,"Mars, Incorporated",global_brand,reviewed,official_parent_brand_page,SRC_MARS_AU_BRANDS,Mars Australia — A-Z Brands,https://www.mars.com/en-au/our-brands/all-brands,2026-04-28,"v0.3 source-harvested brand under Mars, Incorporated from Mars Australia — A-...",
B0540,All-Bran,All-Bran,P0007,"Mars, Incorporated",global_brand,reviewed,official_brand_page,SRC_KELLOGGS_AU_FOOD_BRANDS,Kellogg's Australia Food brand list,https://www.kelloggs.com.au/en_AU/food.html,2026-04-28,Added in v0.5 after founder approval of OC0001 Mars/Kellanova current ownersh...,Founder-approved Mars/Kellanova ownership promotion; alias/category depth can expand later.
B0039,Ben's Original,Ben's Original,P0007,"Mars, Incorporated",global_brand,reviewed,official_parent_brand_page,SRC_MARS_AU_BRANDS,Mars Australia — A-Z Brands,https://www.mars.com/en-au/our-brands/all-brands,2026-04-28,"v0.3 source-harvested brand under Mars, Incorporated from Mars Australia — A-...",
B0040,Bounty,Bounty,P0007,"Mars, Incorporated",global_brand,reviewed,official_parent_brand_page,SRC_MARS_AU_BRANDS,Mars Australia — A-Z Brands,https://www.mars.com/en-au/our-brands/all-brands,2026-04-28,"v0.3 source-harvested brand under Mars, Incorporated from Mars Australia — A-...",
B0041,Celebrations,Celebrations,P0007,"Mars, Incorporated",global_brand,reviewed,official_parent_brand_page,SRC_MARS_AU_BRANDS,Mars Australia — A-Z Brands,https://www.mars.com/en-au/our-brands/all-brands,2026-04-28,"v0.3 source-harvested brand under Mars, Incorporated from Mars Australia — A-...",
B0541,Coco Pops,Coco Pops,P0007,"Mars, Incorporated",global_brand,reviewed,official_brand_page,SRC_KELLOGGS_AU_FOOD_BRANDS,Kellogg's Australia Food brand list,https://www.kelloggs.com.au/en_AU/food.html,2026-04-28,Added in v0.5 after founder approval of OC0001 Mars/Kellanova current ownersh...,Founder-approved Mars/Kellanova ownership promotion; alias/category depth can expand later.
B0226,Cocoavia,Cocoavia,P0007,"Mars, Incorporated",global_brand,reviewed,official_parent_brand_page,SRC_MARS_AU_BRANDS,Mars Australia — A-Z Brands,https://www.mars.com/en-au/our-brands/all-brands,2026-04-28,"v0.3 source-harvested brand under Mars, Incorporated from Mars Australia — A-...",
B0542,Corn Flakes,Corn Flakes,P0007,"Mars, Incorporated",global_brand,reviewed,official_brand_page,SRC_KELLOGGS_AU_FOOD_BRANDS,Kellogg's Australia Food brand list,https://www.kelloggs.com.au/en_AU/food.html,2026-04-28,Added in v0.5 after founder approval of OC0001 Mars/Kellanova current ownersh...,Founder-approved Mars/Kellanova ownership promotion; alias/category depth can expand later.
B0543,Crispix,Crispix,P0007,"Mars, Incorporated",global_brand,reviewed,official_brand_page,SRC_KELLOGGS_AU_FOOD_BRANDS,Kellogg's Australia Food brand list,https://www.kelloggs.com.au/en_AU/food.html,2026-04-28,Added in v0.5 after founder approval of OC0001 Mars/Kellanova current ownersh...,Founder-approved Mars/Kellanova ownership promotion; alias/category depth can expand later.
B0544,Crunchy Nut,Crunchy Nut,P0007,"Mars, Incorporated",global_brand,reviewed,official_brand_page,SRC_KELLOGGS_AU_FOOD_BRANDS,Kellogg's Australia Food brand list,https://www.kelloggs.com.au/en_AU/food.html,2026-04-28,Added in v0.5 after founder approval of OC0001 Mars/Kellanova current ownersh...,Founder-approved Mars/Kellanova ownership promotion; alias/category depth can expand later.
B0042,Dolmio,Dolmio,P0007,"Mars, Incorporated",global_brand,reviewed,official_parent_brand_page,SRC_MARS_AU_BRANDS,Mars Australia — A-Z Brands,https://www.mars.com/en-au/our-brands/all-brands,2026-04-28,"v0.3 source-harvested brand under Mars, Incorporated from Mars Australia — A-...",
B0043,Eclipse,Eclipse,P0007,"Mars, Incorporated",global_brand,reviewed,official_parent_brand_page,SRC_MARS_AU_BRANDS,Mars Australia — A-Z Brands,https://www.mars.com/en-au/our-brands/all-brands,2026-04-28,"v0.3 source-harvested brand under Mars, Incorporated from Mars Australia — A-...",
B0044,Extra,Extra,P0007,"Mars, Incorporated",global_brand,reviewed,official_parent_brand_page,SRC_MARS_AU_BRANDS,Mars Australia — A-Z Brands,https://www.mars.com/en-au/our-brands/all-brands,2026-04-28,"v0.3 source-harvested brand under Mars, Incorporated from Mars Australia — A-...",
B0545,Froot Loops,Froot Loops,P0007,"Mars, Incorporated",global_brand,reviewed,official_brand_page,SRC_KELLOGGS_AU_FOOD_BRANDS,Kellogg's Australia Food brand list,https://www.kelloggs.com.au/en_AU/food.html,2026-04-28,Added in v0.5 after founder approval of OC0001 Mars/Kellanova current ownersh...,Founder-approved Mars/Kellanova ownership promotion; alias/category depth can expand later.
B0546,Frosties,Frosties,P0007,"Mars, Incorporated",global_brand,reviewed,official_brand_page,SRC_KELLOGGS_AU_FOOD_BRANDS,Kellogg's Australia Food brand list,https://www.kelloggs.com.au/en_AU/food.html,2026-04-28,Added in v0.5 after founder approval of OC0001 Mars/Kellanova current ownersh...,Founder-approved Mars/Kellanova ownership promotion; alias/category depth can expand later.
B0547,Guardian,Guardian,P0007,"Mars, Incorporated",global_brand,reviewed,official_brand_page,SRC_KELLOGGS_AU_FOOD_BRANDS,Kellogg's Australia Food brand list,https://www.kelloggs.com.au/en_AU/food.html,2026-04-28,Added in v0.5 after founder approval of OC0001 Mars/Kellanova current ownersh...,Founder-approved Mars/Kellanova ownership promotion; alias/category depth can expand later.
B0045,Hubba Bubba,Hubba Bubba,P0007,"Mars, Incorporated",global_brand,reviewed,official_parent_brand_page,SRC_MARS_AU_BRANDS,Mars Australia — A-Z Brands,https://www.mars.com/en-au/our-brands/all-brands,2026-04-28,"v0.3 source-harvested brand under Mars, Incorporated from Mars Australia — A-...",
B0046,Juicy Fruit,Juicy Fruit,P0007,"Mars, Incorporated",global_brand,reviewed,official_parent_brand_page,SRC_MARS_AU_BRANDS,Mars Australia — A-Z Brands,https://www.mars.com/en-au/our-brands/all-brands,2026-04-28,"v0.3 source-harvested brand under Mars, Incorporated from Mars Australia — A-...",
B0548,Just Right,Just Right,P0007,"Mars, Incorporated",global_brand,reviewed,official_brand_page,SRC_KELLOGGS_AU_FOOD_BRANDS,Kellogg's Australia Food brand list,https://www.kelloggs.com.au/en_AU/food.html,2026-04-28,Added in v0.5 after founder approval of OC0001 Mars/Kellanova current ownersh...,Founder-approved Mars/Kellanova ownership promotion; alias/category depth can expand later.
B0550,K-Time,K-Time,P0007,"Mars, Incorporated",global_brand,reviewed,official_brand_page,SRC_KELLOGGS_AU_FOOD_BRANDS,Kellogg's Australia Food brand list,https://www.kelloggs.com.au/en_AU/food.html,2026-04-28,Added in v0.5 after founder approval of OC0001 Mars/Kellanova current ownersh...,Founder-approved Mars/Kellanova ownership promotion; alias/category depth can expand later.
B0047,Kan Tong,Kan Tong,P0007,"Mars, Incorporated",global_brand,reviewed,official_parent_brand_page,SRC_MARS_AU_BRANDS,Mars Australia — A-Z Brands,https://www.mars.com/en-au/our-brands/all-brands,2026-04-28,"v0.3 source-harvested brand under Mars, Incorporated from Mars Australia — A-...",
B0549,Kellogg's Granola,Kellogg's Granola,P0007,"Mars, Incorporated",global_brand,reviewed,official_brand_page,SRC_KELLOGGS_AU_FOOD_BRANDS,Kellogg's Australia Food brand list,https://www.kelloggs.com.au/en_AU/food.html,2026-04-28,Added in v0.5 after founder approval of OC0001 Mars/Kellanova current ownersh...,Founder-approved Mars/Kellanova ownership promotion; alias/category depth can expand later.
B0551,LCMs,LCMs,P0007,"Mars, Incorporated",global_brand,reviewed,official_brand_page,SRC_KELLOGGS_AU_FOOD_BRANDS,Kellogg's Australia Food brand list,https://www.kelloggs.com.au/en_AU/food.html,2026-04-28,Added in v0.5 after founder approval of OC0001 Mars/Kellanova current ownersh...,Founder-approved Mars/Kellanova ownership promotion; alias/category depth can expand later.
B0048,M&M'S,M&M'S,P0007,"Mars, Incorporated",global_brand,reviewed,official_parent_brand_page,SRC_MARS_AU_BRANDS,Mars Australia — A-Z Brands,https://www.mars.com/en-au/our-brands/all-brands,2026-04-28,"v0.3 source-harvested brand under Mars, Incorporated from Mars Australia — A-...",
B0049,Maltesers,Maltesers,P0007,"Mars, Incorporated",global_brand,reviewed,official_parent_brand_page,SRC_MARS_AU_BRANDS,Mars Australia — A-Z Brands,https://www.mars.com/en-au/our-brands/all-brands,2026-04-28,"v0.3 source-harvested brand under Mars, Incorporated from Mars Australia — A-...",
B0050,Mars,Mars,P0007,"Mars, Incorporated",global_brand,reviewed,official_parent_brand_page,SRC_MARS_AU_BRANDS,Mars Australia — A-Z Brands,https://www.mars.com/en-au/our-brands/all-brands,2026-04-28,"v0.3 source-harvested brand under Mars, Incorporated from Mars Australia — A-...",
B0051,MasterFoods,MasterFoods,P0007,"Mars, Incorporated",global_brand,reviewed,official_parent_brand_page,SRC_MARS_AU_BRANDS,Mars Australia — A-Z Brands,https://www.mars.com/en-au/our-brands/all-brands,2026-04-28,"v0.3 source-harvested brand under Mars, Incorporated from Mars Australia — A-...",
B0052,Milky Way,Milky Way,P0007,"Mars, Incorporated",global_brand,reviewed,official_parent_brand_page,SRC_MARS_AU_BRANDS,Mars Australia — A-Z Brands,https://www.mars.com/en-au/our-brands/all-brands,2026-04-28,"v0.3 source-harvested brand under Mars, Incorporated from Mars Australia — A-...",
B0552,Nutri-Grain,Nutri-Grain,P0007,"Mars, Incorporated",global_brand,reviewed,official_brand_page,SRC_KELLOGGS_AU_FOOD_BRANDS,Kellogg's Australia Food brand list,https://www.kelloggs.com.au/en_AU/food.html,2026-04-28,Added in v0.5 after founder approval of OC0001 Mars/Kellanova current ownersh...,Founder-approved Mars/Kellanova ownership promotion; alias/category depth can expand later.
B0053,PK,PK,P0007,"Mars, Incorporated",global_brand,reviewed,official_parent_brand_page,SRC_MARS_AU_BRANDS,Mars Australia — A-Z Brands,https://www.mars.com/en-au/our-brands/all-brands,2026-04-28,"v0.3 source-harvested brand under Mars, Incorporated from Mars Australia — A-...",
B0054,Pods,Pods,P0007,"Mars, Incorporated",global_brand,reviewed,official_parent_brand_page,SRC_MARS_AU_BRANDS,Mars Australia — A-Z Brands,https://www.mars.com/en-au/our-brands/all-brands,2026-04-28,"v0.3 source-harvested brand under Mars, Incorporated from Mars Australia — A-...",
B0553,Pop-Tarts,Pop-Tarts,P0007,"Mars, Incorporated",global_brand,reviewed,official_brand_page,SRC_KELLOGGS_AU_FOOD_BRANDS,Kellogg's Australia Food brand list,https://www.kelloggs.com.au/en_AU/food.html,2026-04-28,Added in v0.5 after founder approval of OC0001 Mars/Kellanova current ownersh...,Founder-approved Mars/Kellanova ownership promotion; alias/category depth can expand later.
B0558,Pringles,Pringles,P0007,"Mars, Incorporated",global_brand,reviewed,official_brand_page,SRC_KELLOGGS_AU_FOOD_BRANDS,Kellogg's Australia Food brand list,https://www.kelloggs.com.au/en_AU/food.html,2026-04-28,Added in v0.5 after founder approval of OC0001 Mars/Kellanova current ownersh...,Founder-approved Mars/Kellanova ownership promotion; alias/category depth can expand later.
B0554,Rice Bubbles,Rice Bubbles,P0007,"Mars, Incorporated",global_brand,reviewed,official_brand_page,SRC_KELLOGGS_AU_FOOD_BRANDS,Kellogg's Australia Food brand list,https://www.kelloggs.com.au/en_AU/food.html,2026-04-28,Added in v0.5 after founder approval of OC0001 Mars/Kellanova current ownersh...,Founder-approved Mars/Kellanova ownership promotion; alias/category depth can expand later.
B0055,Seeds of Change,Seeds of Change,P0007,"Mars, Incorporated",global_brand,reviewed,official_parent_brand_page,SRC_MARS_AU_BRANDS,Mars Australia — A-Z Brands,https://www.mars.com/en-au/our-brands/all-brands,2026-04-28,"v0.3 source-harvested brand under Mars, Incorporated from Mars Australia — A-...",
B0056,Skittles,Skittles,P0007,"Mars, Incorporated",global_brand,reviewed,official_parent_brand_page,SRC_MARS_AU_BRANDS,Mars Australia — A-Z Brands,https://www.mars.com/en-au/our-brands/all-brands,2026-04-28,"v0.3 source-harvested brand under Mars, Incorporated from Mars Australia — A-...",
B0057,Snickers,Snickers,P0007,"Mars, Incorporated",global_brand,reviewed,official_parent_brand_page,SRC_MARS_AU_BRANDS,Mars Australia — A-Z Brands,https://www.mars.com/en-au/our-brands/all-brands,2026-04-28,"v0.3 source-harvested brand under Mars, Incorporated from Mars Australia — A-...",
B0555,Special K,Special K,P0007,"Mars, Incorporated",global_brand,reviewed,official_brand_page,SRC_KELLOGGS_AU_FOOD_BRANDS,Kellogg's Australia Food brand list,https://www.kelloggs.com.au/en_AU/food.html,2026-04-28,Added in v0.5 after founder approval of OC0001 Mars/Kellanova current ownersh...,Founder-approved Mars/Kellanova ownership promotion; alias/category depth can expand later.
B0227,Starburst,Starburst,P0007,"Mars, Incorporated",global_brand,reviewed,official_parent_brand_page,SRC_MARS_AU_BRANDS,Mars Australia — A-Z Brands,https://www.mars.com/en-au/our-brands/all-brands,2026-04-28,"v0.3 source-harvested brand under Mars, Incorporated from Mars Australia — A-...",
B0556,Sultana Bran,Sultana Bran,P0007,"Mars, Incorporated",global_brand,reviewed,official_brand_page,SRC_KELLOGGS_AU_FOOD_BRANDS,Kellogg's Australia Food brand list,https://www.kelloggs.com.au/en_AU/food.html,2026-04-28,Added in v0.5 after founder approval of OC0001 Mars/Kellanova current ownersh...,Founder-approved Mars/Kellanova ownership promotion; alias/category depth can expand later.
B0557,Sustain,Sustain,P0007,"Mars, Incorporated",global_brand,reviewed,official_brand_page,SRC_KELLOGGS_AU_FOOD_BRANDS,Kellogg's Australia Food brand list,https://www.kelloggs.com.au/en_AU/food.html,2026-04-28,Added in v0.5 after founder approval of OC0001 Mars/Kellanova current ownersh...,Founder-approved Mars/Kellanova ownership promotion; alias/category depth can expand later.
B0229,Tasty Bite,Tasty Bite,P0007,"Mars, Incorporated",global_brand,reviewed,official_parent_brand_page,SRC_MARS_AU_BRANDS,Mars Australia — A-Z Brands,https://www.mars.com/en-au/our-brands/all-brands,2026-04-28,"v0.3 source-harvested brand under Mars, Incorporated from Mars Australia — A-...",
B0058,Twix,Twix,P0007,"Mars, Incorporated",global_brand,reviewed,official_parent_brand_page,SRC_MARS_AU_BRANDS,Mars Australia — A-Z Brands,https://www.mars.com/en-au/our-brands/all-brands,2026-04-28,"v0.3 source-harvested brand under Mars, Incorporated from Mars Australia — A-...",
B0228,Wrigley's,Wrigley's,P0007,"Mars, Incorporated",global_brand,reviewed,official_parent_brand_page,SRC_MARS_AU_BRANDS,Mars Australia — A-Z Brands,https://www.mars.com/en-au/our-brands/all-brands,2026-04-28,"v0.3 source-harvested brand under Mars, Incorporated from Mars Australia — A-...",
B0230,Aero,Aero,P0008,Nestlé S.A.,global_brand,reviewed,official_parent_brand_page,SRC_NESTLE_AU_BRANDS,Nestlé Australia — Brands,https://www.nestle.com.au/en/brands,2026-04-28,v0.3 source-harvested brand under Nestlé S.A. from Nestlé Australia — Brands;...,
B0059,Allen's,Allen's,P0008,Nestlé S.A.,global_brand,reviewed,official_parent_brand_page,SRC_NESTLE_AU_BRANDS,Nestlé Australia — Brands,https://www.nestle.com.au/en/brands,2026-04-28,v0.3 source-harvested brand under Nestlé S.A. from Nestlé Australia — Brands;...,
B0234,Carnation,Carnation,P0008,Nestlé S.A.,global_brand,reviewed,official_parent_brand_page,SRC_NESTLE_AU_BRANDS,Nestlé Australia — Brands,https://www.nestle.com.au/en/brands,2026-04-28,v0.3 source-harvested brand under Nestlé S.A. from Nestlé Australia — Brands;...,
B0240,Cerelac,Cerelac,P0008,Nestlé S.A.,global_brand,reviewed,official_parent_brand_page,SRC_NESTLE_AU_BRANDS,Nestlé Australia — Brands,https://www.nestle.com.au/en/brands,2026-04-28,v0.3 source-harvested brand under Nestlé S.A. from Nestlé Australia — Brands;...,
B0233,Cheerios,Cheerios,P0008,Nestlé S.A.,global_brand,reviewed,official_parent_brand_page,SRC_NESTLE_AU_BRANDS,Nestlé Australia — Brands,https://www.nestle.com.au/en/brands,2026-04-28,v0.3 source-harvested brand under Nestlé S.A. from Nestlé Australia — Brands;...,
B0238,Coffee-Mate,Coffee-Mate,P0008,Nestlé S.A.,global_brand,reviewed,official_parent_brand_page,SRC_NESTLE_AU_BRANDS,Nestlé Australia — Brands,https://www.nestle.com.au/en/brands,2026-04-28,v0.3 source-harvested brand under Nestlé S.A. from Nestlé Australia — Brands;...,
B0060,KitKat,KitKat,P0008,Nestlé S.A.,global_brand,reviewed,official_parent_brand_page,SRC_NESTLE_AU_BRANDS,Nestlé Australia — Brands,https://www.nestle.com.au/en/brands,2026-04-28,v0.3 source-harvested brand under Nestlé S.A. from Nestlé Australia — Brands;...,
B0063,Maggi,Maggi,P0008,Nestlé S.A.,global_brand,reviewed,official_parent_brand_page,SRC_NESTLE_AU_BRANDS,Nestlé Australia — Brands,https://www.nestle.com.au/en/brands,2026-04-28,v0.3 source-harvested brand under Nestlé S.A. from Nestlé Australia — Brands;...,
B0231,Milkybar,Milkybar,P0008,Nestlé S.A.,global_brand,reviewed,official_parent_brand_page,SRC_NESTLE_AU_BRANDS,Nestlé Australia — Brands,https://www.nestle.com.au/en/brands,2026-04-28,v0.3 source-harvested brand under Nestlé S.A. from Nestlé Australia — Brands;...,
B0061,Milo,Milo,P0008,Nestlé S.A.,global_brand,reviewed,official_parent_brand_page,SRC_NESTLE_AU_BRANDS,Nestlé Australia — Brands,https://www.nestle.com.au/en/brands,2026-04-28,v0.3 source-harvested brand under Nestlé S.A. from Nestlé Australia — Brands;...,
B0239,NAN,NAN,P0008,Nestlé S.A.,global_brand,reviewed,official_parent_brand_page,SRC_NESTLE_AU_BRANDS,Nestlé Australia — Brands,https://www.nestle.com.au/en/brands,2026-04-28,v0.3 source-harvested brand under Nestlé S.A. from Nestlé Australia — Brands;...,
B0062,Nescafé,Nescafé,P0008,Nestlé S.A.,global_brand,reviewed,official_parent_brand_page,SRC_NESTLE_AU_BRANDS,Nestlé Australia — Brands,https://www.nestle.com.au/en/brands,2026-04-28,v0.3 source-harvested brand under Nestlé S.A. from Nestlé Australia — Brands;...,
B0232,Nespresso,Nespresso,P0008,Nestlé S.A.,global_brand,reviewed,official_parent_brand_page,SRC_NESTLE_AU_BRANDS,Nestlé Australia — Brands,https://www.nestle.com.au/en/brands,2026-04-28,v0.3 source-harvested brand under Nestlé S.A. from Nestlé Australia — Brands;...,
B0065,Nesquik,Nesquik,P0008,Nestlé S.A.,global_brand,reviewed,official_parent_brand_page,SRC_NESTLE_AU_BRANDS,Nestlé Australia — Brands,https://www.nestle.com.au/en/brands,2026-04-28,v0.3 source-harvested brand under Nestlé S.A. from Nestlé Australia — Brands;...,
B0066,Nestlé,Nestlé,P0008,Nestlé S.A.,global_brand,reviewed,official_parent_brand_page,SRC_NESTLE_AU_BRANDS,Nestlé Australia — Brands,https://www.nestle.com.au/en/brands,2026-04-28,v0.3 source-harvested brand under Nestlé S.A. from Nestlé Australia — Brands;...,
B0235,Nestlé Bakers' Choice,Nestlé Bakers' Choice,P0008,Nestlé S.A.,global_brand,reviewed,official_parent_brand_page,SRC_NESTLE_AU_BRANDS,Nestlé Australia — Brands,https://www.nestle.com.au/en/brands,2026-04-28,v0.3 source-harvested brand under Nestlé S.A. from Nestlé Australia — Brands;...,
B0236,Nestlé Docello,Nestlé Docello,P0008,Nestlé S.A.,global_brand,reviewed,official_parent_brand_page,SRC_NESTLE_AU_BRANDS,Nestlé Australia — Brands,https://www.nestle.com.au/en/brands,2026-04-28,v0.3 source-harvested brand under Nestlé S.A. from Nestlé Australia — Brands;...,
B0237,Nestlé Sweetened Condensed Milk,Nestlé Sweetened Condensed Milk,P0008,Nestlé S.A.,global_brand,reviewed,official_parent_brand_page,SRC_NESTLE_AU_BRANDS,Nestlé Australia — Brands,https://www.nestle.com.au/en/brands,2026-04-28,v0.3 source-harvested brand under Nestlé S.A. from Nestlé Australia — Brands;...,
B0064,Uncle Tobys,Uncle Tobys,P0008,Nestlé S.A.,global_brand,reviewed,official_parent_brand_page,SRC_NESTLE_AU_BRANDS,Nestlé Australia — Brands,https://www.nestle.com.au/en/brands,2026-04-28,v0.3 source-harvested brand under Nestlé S.A. from Nestlé Australia — Brands;...,
B0254,5 Star,5 Star,P0009,"Mondelez International, Inc.",global_brand,reviewed,official_parent_brand_page,SRC_MONDELEZ_BRANDS,Mondelēz International — Our Brands,https://www.mondelezinternational.com/Our-Brands/,2026-04-28,"v0.3 source-harvested brand under Mondelez International, Inc. from Mondelēz ...",
B0075,belVita,belVita,P0009,"Mondelez International, Inc.",global_brand,reviewed,official_parent_brand_page,SRC_MONDELEZ_BRANDS,Mondelēz International — Our Brands,https://www.mondelezinternational.com/Our-Brands/,2026-04-28,"v0.3 source-harvested brand under Mondelez International, Inc. from Mondelēz ...",
B0243,Boost,Boost,P0009,"Mondelez International, Inc.",global_brand,reviewed,official_parent_brand_page,SRC_MONDELEZ_BRANDS,Mondelēz International — Our Brands,https://www.mondelezinternational.com/Our-Brands/,2026-04-28,"v0.3 source-harvested brand under Mondelez International, Inc. from Mondelēz ...",
B0067,Cadbury,Cadbury,P0009,"Mondelez International, Inc.",global_brand,reviewed,official_parent_brand_page,SRC_MONDELEZ_BRANDS,Mondelēz International — Our Brands,https://www.mondelezinternational.com/Our-Brands/,2026-04-28,"v0.3 source-harvested brand under Mondelez International, Inc. from Mondelēz ...",
B0241,Cadbury Dairy Milk,Cadbury Dairy Milk,P0009,"Mondelez International, Inc.",global_brand,reviewed,official_parent_brand_page,SRC_MONDELEZ_BRANDS,Mondelēz International — Our Brands,https://www.mondelezinternational.com/Our-Brands/,2026-04-28,"v0.3 source-harvested brand under Mondelez International, Inc. from Mondelēz ...",
B0538,Captain's Table,Captain's Table,P0009,"Mondelez International, Inc.",local_brand,reviewed,packaging_observation,SRC_CAPTAINS_TABLE_MONDELEZ_PRODUCT_SPEC,Captain's Table Mondelez product summary report,https://www.mocofoodservices.com.au/globalassets/related-items-import/30701-p...,2026-04-28,Product-level supplier/specification evidence names 'NABISCO CAPTAIN'S TABLE'...,Founder-approved local/shelf exception under Mondelez; supported by product/pack/spec evidence despite absence from official global brand page.
B0242,Caramilk,Caramilk,P0009,"Mondelez International, Inc.",global_brand,reviewed,official_parent_brand_page,SRC_MONDELEZ_BRANDS,Mondelēz International — Our Brands,https://www.mondelezinternational.com/Our-Brands/,2026-04-28,"v0.3 source-harvested brand under Mondelez International, Inc. from Mondelēz ...",
B0250,Chips Ahoy!,Chips Ahoy!,P0009,"Mondelez International, Inc.",global_brand,reviewed,official_parent_brand_page,SRC_MONDELEZ_BRANDS,Mondelēz International — Our Brands,https://www.mondelezinternational.com/Our-Brands/,2026-04-28,"v0.3 source-harvested brand under Mondelez International, Inc. from Mondelēz ...",
B0244,Crunchie,Crunchie,P0009,"Mondelez International, Inc.",global_brand,reviewed,official_parent_brand_page,SRC_MONDELEZ_BRANDS,Mondelēz International — Our Brands,https://www.mondelezinternational.com/Our-Brands/,2026-04-28,"v0.3 source-harvested brand under Mondelez International, Inc. from Mondelēz ...",
B0252,Côte d'Or,Côte d'Or,P0009,"Mondelez International, Inc.",global_brand,reviewed,official_parent_brand_page,SRC_MONDELEZ_BRANDS,Mondelēz International — Our Brands,https://www.mondelezinternational.com/Our-Brands/,2026-04-28,"v0.3 source-harvested brand under Mondelez International, Inc. from Mondelēz ...",
B0253,Daim,Daim,P0009,"Mondelez International, Inc.",global_brand,reviewed,official_parent_brand_page,SRC_MONDELEZ_BRANDS,Mondelēz International — Our Brands,https://www.mondelezinternational.com/Our-Brands/,2026-04-28,"v0.3 source-harvested brand under Mondelez International, Inc. from Mondelēz ...",
B0245,Flake,Flake,P0009,"Mondelez International, Inc.",global_brand,reviewed,official_parent_brand_page,SRC_MONDELEZ_BRANDS,Mondelēz International — Our Brands,https://www.mondelezinternational.com/Our-Brands/,2026-04-28,"v0.3 source-harvested brand under Mondelez International, Inc. from Mondelēz ...",
B0246,Freddo,Freddo,P0009,"Mondelez International, Inc.",global_brand,reviewed,official_parent_brand_page,SRC_MONDELEZ_BRANDS,Mondelēz International — Our Brands,https://www.mondelezinternational.com/Our-Brands/,2026-04-28,"v0.3 source-harvested brand under Mondelez International, Inc. from Mondelēz ...",
B0251,Milka,Milka,P0009,"Mondelez International, Inc.",global_brand,reviewed,official_parent_brand_page,SRC_MONDELEZ_BRANDS,Mondelēz International — Our Brands,https://www.mondelezinternational.com/Our-Brands/,2026-04-28,"v0.3 source-harvested brand under Mondelez International, Inc. from Mondelēz ...",
B0539,Nabisco,Nabisco,P0009,"Mondelez International, Inc.",brand_family,provisional,packaging_observation,SRC_CAPTAINS_TABLE_MONDELEZ_PRODUCT_SPEC,Captain's Table Mondelez product summary report,https://www.mocofoodservices.com.au/globalassets/related-items-import/30701-p...,2026-04-28,Product-level evidence and retailer listings use Nabisco/NAB as a master/lega...,Retained provisional master/legacy brand evidence; not relied on as primary Captain's Table chain.
B0068,Oreo,Oreo,P0009,"Mondelez International, Inc.",global_brand,reviewed,official_parent_brand_page,SRC_MONDELEZ_BRANDS,Mondelēz International — Our Brands,https://www.mondelezinternational.com/Our-Brands/,2026-04-28,"v0.3 source-harvested brand under Mondelez International, Inc. from Mondelēz ...",
B0072,Pascall,Pascall,P0009,"Mondelez International, Inc.",global_brand,reviewed,official_parent_brand_page,SRC_MONDELEZ_BRANDS,Mondelēz International — Our Brands,https://www.mondelezinternational.com/Our-Brands/,2026-04-28,"v0.3 source-harvested brand under Mondelez International, Inc. from Mondelēz ...",
B0070,Philadelphia,Philadelphia,P0009,"Mondelez International, Inc.",global_brand,reviewed,official_parent_brand_page,SRC_MONDELEZ_BRANDS,Mondelēz International — Our Brands,https://www.mondelezinternational.com/Our-Brands/,2026-04-28,"v0.3 source-harvested brand under Mondelez International, Inc. from Mondelēz ...",
B0069,Ritz,Ritz,P0009,"Mondelez International, Inc.",global_brand,reviewed,official_parent_brand_page,SRC_MONDELEZ_BRANDS,Mondelēz International — Our Brands,https://www.mondelezinternational.com/Our-Brands/,2026-04-28,"v0.3 source-harvested brand under Mondelez International, Inc. from Mondelēz ...",
B0074,Sour Patch Kids,Sour Patch Kids,P0009,"Mondelez International, Inc.",global_brand,reviewed,official_parent_brand_page,SRC_MONDELEZ_BRANDS,Mondelēz International — Our Brands,https://www.mondelezinternational.com/Our-Brands/,2026-04-28,"v0.3 source-harvested brand under Mondelez International, Inc. from Mondelēz ...",
B0073,The Natural Confectionery Co.,The Natural Confectionery Co.,P0009,"Mondelez International, Inc.",global_brand,reviewed,official_parent_brand_page,SRC_MONDELEZ_BRANDS,Mondelēz International — Our Brands,https://www.mondelezinternational.com/Our-Brands/,2026-04-28,"v0.3 source-harvested brand under Mondelez International, Inc. from Mondelēz ...",
B0071,Toblerone,Toblerone,P0009,"Mondelez International, Inc.",global_brand,reviewed,official_parent_brand_page,SRC_MONDELEZ_BRANDS,Mondelēz International — Our Brands,https://www.mondelezinternational.com/Our-Brands/,2026-04-28,"v0.3 source-harvested brand under Mondelez International, Inc. from Mondelēz ...",
B0248,Triscuit,Triscuit,P0009,"Mondelez International, Inc.",global_brand,reviewed,official_parent_brand_page,SRC_MONDELEZ_BRANDS,Mondelēz International — Our Brands,https://www.mondelezinternational.com/Our-Brands/,2026-04-28,"v0.3 source-harvested brand under Mondelez International, Inc. from Mondelēz ...",
B0247,TUC,TUC,P0009,"Mondelez International, Inc.",global_brand,reviewed,official_parent_brand_page,SRC_MONDELEZ_BRANDS,Mondelēz International — Our Brands,https://www.mondelezinternational.com/Our-Brands/,2026-04-28,"v0.3 source-harvested brand under Mondelez International, Inc. from Mondelēz ...",
B0249,Wheat Thins,Wheat Thins,P0009,"Mondelez International, Inc.",global_brand,reviewed,official_parent_brand_page,SRC_MONDELEZ_BRANDS,Mondelēz International — Our Brands,https://www.mondelezinternational.com/Our-Brands/,2026-04-28,"v0.3 source-harvested brand under Mondelez International, Inc. from Mondelēz ...",
B0086,Bluebird,Bluebird,P0010,"PepsiCo, Inc.",global_brand,reviewed,official_parent_brand_page,SRC_PEPSICO_AU_BRANDS,PepsiCo Australia — Our Brands,https://pepsico.com.au/our-brands,2026-04-28,"v0.3 source-harvested brand under PepsiCo, Inc. from PepsiCo Australia — Our ...",
B0259,Burger Rings,Burger Rings,P0010,"PepsiCo, Inc.",global_brand,reviewed,official_parent_brand_page,SRC_PEPSICO_AU_BRANDS,PepsiCo Australia — Our Brands,https://pepsico.com.au/our-brands,2026-04-28,"v0.3 source-harvested brand under PepsiCo, Inc. from PepsiCo Australia — Our ...",
B0085,Cheetos,Cheetos,P0010,"PepsiCo, Inc.",global_brand,reviewed,official_parent_brand_page,SRC_PEPSICO_AU_BRANDS,PepsiCo Australia — Our Brands,https://pepsico.com.au/our-brands,2026-04-28,"v0.3 source-harvested brand under PepsiCo, Inc. from PepsiCo Australia — Our ...",
B0078,Doritos,Doritos,P0010,"PepsiCo, Inc.",global_brand,reviewed,official_parent_brand_page,SRC_PEPSICO_AU_BRANDS,PepsiCo Australia — Our Brands,https://pepsico.com.au/our-brands,2026-04-28,"v0.3 source-harvested brand under PepsiCo, Inc. from PepsiCo Australia — Our ...",
B0083,Gatorade,Gatorade,P0010,"PepsiCo, Inc.",global_brand,reviewed,official_parent_brand_page,SRC_PEPSICO_AU_BRANDS,PepsiCo Australia — Our Brands,https://pepsico.com.au/our-brands,2026-04-28,"v0.3 source-harvested brand under PepsiCo, Inc. from PepsiCo Australia — Our ...",
B0082,Grain Waves,Grain Waves,P0010,"PepsiCo, Inc.",global_brand,reviewed,official_parent_brand_page,SRC_PEPSICO_AU_BRANDS,PepsiCo Australia — Our Brands,https://pepsico.com.au/our-brands,2026-04-28,"v0.3 source-harvested brand under PepsiCo, Inc. from PepsiCo Australia — Our ...",
B0262,Mountain Dew,Mountain Dew,P0010,"PepsiCo, Inc.",global_brand,reviewed,official_parent_brand_page,SRC_PEPSICO_AU_BRANDS,PepsiCo Australia — Our Brands,https://pepsico.com.au/our-brands,2026-04-28,"v0.3 source-harvested brand under PepsiCo, Inc. from PepsiCo Australia — Our ...",
B0257,Nobby's,Nobby's,P0010,"PepsiCo, Inc.",global_brand,reviewed,official_parent_brand_page,SRC_PEPSICO_AU_BRANDS,PepsiCo Australia — Our Brands,https://pepsico.com.au/our-brands,2026-04-28,"v0.3 source-harvested brand under PepsiCo, Inc. from PepsiCo Australia — Our ...",
B0258,Parker's,Parker's,P0010,"PepsiCo, Inc.",global_brand,reviewed,official_parent_brand_page,SRC_PEPSICO_AU_BRANDS,PepsiCo Australia — Our Brands,https://pepsico.com.au/our-brands,2026-04-28,"v0.3 source-harvested brand under PepsiCo, Inc. from PepsiCo Australia — Our ...",
B0076,Pepsi,Pepsi,P0010,"PepsiCo, Inc.",global_brand,reviewed,official_parent_brand_page,SRC_PEPSICO_AU_BRANDS,PepsiCo Australia — Our Brands,https://pepsico.com.au/our-brands,2026-04-28,"v0.3 source-harvested brand under PepsiCo, Inc. from PepsiCo Australia — Our ...",
B0255,Pepsi Max,Pepsi Max,P0010,"PepsiCo, Inc.",global_brand,reviewed,official_parent_brand_page,SRC_PEPSICO_AU_BRANDS,PepsiCo Australia — Our Brands,https://pepsico.com.au/our-brands,2026-04-28,"v0.3 source-harvested brand under PepsiCo, Inc. from PepsiCo Australia — Our ...",
B0260,PopCorners,PopCorners,P0010,"PepsiCo, Inc.",global_brand,reviewed,official_parent_brand_page,SRC_PEPSICO_AU_BRANDS,PepsiCo Australia — Our Brands,https://pepsico.com.au/our-brands,2026-04-28,"v0.3 source-harvested brand under PepsiCo, Inc. from PepsiCo Australia — Our ...",
B0084,Quaker,Quaker,P0010,"PepsiCo, Inc.",global_brand,reviewed,official_parent_brand_page,SRC_PEPSICO_AU_BRANDS,PepsiCo Australia — Our Brands,https://pepsico.com.au/our-brands,2026-04-28,"v0.3 source-harvested brand under PepsiCo, Inc. from PepsiCo Australia — Our ...",
B0079,Red Rock Deli,Red Rock Deli,P0010,"PepsiCo, Inc.",global_brand,reviewed,official_parent_brand_page,SRC_PEPSICO_AU_BRANDS,PepsiCo Australia — Our Brands,https://pepsico.com.au/our-brands,2026-04-28,"v0.3 source-harvested brand under PepsiCo, Inc. from PepsiCo Australia — Our ...",
B0081,Sakata,Sakata,P0010,"PepsiCo, Inc.",global_brand,reviewed,official_parent_brand_page,SRC_PEPSICO_AU_BRANDS,PepsiCo Australia — Our Brands,https://pepsico.com.au/our-brands,2026-04-28,"v0.3 source-harvested brand under PepsiCo, Inc. from PepsiCo Australia — Our ...",
B0261,Simply,Simply,P0010,"PepsiCo, Inc.",global_brand,reviewed,official_parent_brand_page,SRC_PEPSICO_AU_BRANDS,PepsiCo Australia — Our Brands,https://pepsico.com.au/our-brands,2026-04-28,"v0.3 source-harvested brand under PepsiCo, Inc. from PepsiCo Australia — Our ...",
B0077,Smith's,Smith's,P0010,"PepsiCo, Inc.",global_brand,reviewed,official_parent_brand_page,SRC_PEPSICO_AU_BRANDS,PepsiCo Australia — Our Brands,https://pepsico.com.au/our-brands,2026-04-28,"v0.3 source-harvested brand under PepsiCo, Inc. from PepsiCo Australia — Our ...",
B0256,Sunbites,Sunbites,P0010,"PepsiCo, Inc.",global_brand,reviewed,official_parent_brand_page,SRC_PEPSICO_AU_BRANDS,PepsiCo Australia — Our Brands,https://pepsico.com.au/our-brands,2026-04-28,"v0.3 source-harvested brand under PepsiCo, Inc. from PepsiCo Australia — Our ...",
B0080,Twisties,Twisties,P0010,"PepsiCo, Inc.",global_brand,reviewed,official_parent_brand_page,SRC_PEPSICO_AU_BRANDS,PepsiCo Australia — Our Brands,https://pepsico.com.au/our-brands,2026-04-28,"v0.3 source-harvested brand under PepsiCo, Inc. from PepsiCo Australia — Our ...",
B0269,Appletiser,Appletiser,P0011,The Coca-Cola Company,global_brand,reviewed,official_parent_brand_page,SRC_COCA_COLA_AU_BRANDS,Coca‑Cola Australia — Brands,https://www.coca-cola.com/au/en/brands,2026-04-28,v0.3 source-harvested brand under The Coca-Cola Company from Coca‑Cola Austra...,
B0093,Barista Bros,Barista Bros,P0011,The Coca-Cola Company,global_brand,reviewed,official_parent_brand_page,SRC_COCA_COLA_AU_BRANDS,Coca‑Cola Australia — Brands,https://www.coca-cola.com/au/en/brands,2026-04-28,v0.3 source-harvested brand under The Coca-Cola Company from Coca‑Cola Austra...,
B0267,Cascade,Cascade,P0011,The Coca-Cola Company,global_brand,reviewed,official_parent_brand_page,SRC_COCA_COLA_AU_BRANDS,Coca‑Cola Australia — Brands,https://www.coca-cola.com/au/en/brands,2026-04-28,v0.3 source-harvested brand under The Coca-Cola Company from Coca‑Cola Austra...,
B0087,Coca-Cola,Coca-Cola,P0011,The Coca-Cola Company,global_brand,reviewed,official_parent_brand_page,SRC_COCA_COLA_AU_BRANDS,Coca‑Cola Australia — Brands,https://www.coca-cola.com/au/en/brands,2026-04-28,v0.3 source-harvested brand under The Coca-Cola Company from Coca‑Cola Austra...,
B0263,Coca-Cola Zero Sugar,Coca-Cola Zero Sugar,P0011,The Coca-Cola Company,global_brand,reviewed,official_parent_brand_page,SRC_COCA_COLA_AU_BRANDS,Coca‑Cola Australia — Brands,https://www.coca-cola.com/au/en/brands,2026-04-28,v0.3 source-harvested brand under The Coca-Cola Company from Coca‑Cola Austra...,
B0094,Deep Spring,Deep Spring,P0011,The Coca-Cola Company,global_brand,reviewed,official_parent_brand_page,SRC_COCA_COLA_AU_BRANDS,Coca‑Cola Australia — Brands,https://www.coca-cola.com/au/en/brands,2026-04-28,v0.3 source-harvested brand under The Coca-Cola Company from Coca‑Cola Austra...,
B0089,Fanta,Fanta,P0011,The Coca-Cola Company,global_brand,reviewed,official_parent_brand_page,SRC_COCA_COLA_AU_BRANDS,Coca‑Cola Australia — Brands,https://www.coca-cola.com/au/en/brands,2026-04-28,v0.3 source-harvested brand under The Coca-Cola Company from Coca‑Cola Austra...,
B0265,Fuze Tea,Fuze Tea,P0011,The Coca-Cola Company,global_brand,reviewed,official_parent_brand_page,SRC_COCA_COLA_AU_BRANDS,Coca‑Cola Australia — Brands,https://www.coca-cola.com/au/en/brands,2026-04-28,v0.3 source-harvested brand under The Coca-Cola Company from Coca‑Cola Austra...,
B0264,Glacéau Vitaminwater,Glacéau Vitaminwater,P0011,The Coca-Cola Company,global_brand,reviewed,official_parent_brand_page,SRC_COCA_COLA_AU_BRANDS,Coca‑Cola Australia — Brands,https://www.coca-cola.com/au/en/brands,2026-04-28,v0.3 source-harvested brand under The Coca-Cola Company from Coca‑Cola Austra...,
B0268,Keri,Keri,P0011,The Coca-Cola Company,global_brand,reviewed,official_parent_brand_page,SRC_COCA_COLA_AU_BRANDS,Coca‑Cola Australia — Brands,https://www.coca-cola.com/au/en/brands,2026-04-28,v0.3 source-harvested brand under The Coca-Cola Company from Coca‑Cola Austra...,
B0266,Kirks,Kirks,P0011,The Coca-Cola Company,global_brand,reviewed,official_parent_brand_page,SRC_COCA_COLA_AU_BRANDS,Coca‑Cola Australia — Brands,https://www.coca-cola.com/au/en/brands,2026-04-28,v0.3 source-harvested brand under The Coca-Cola Company from Coca‑Cola Austra...,
B0270,Monster,Monster,P0159,Monster Beverage Corporation,global_brand,reviewed,official_parent_brand_page,SRC_CHAINING_REFRESH_20260816,Chaining refresh 20260816,CHAT_Cursor_Chaining_Asset_Refresh_Instruction_20260816,2026-08-16,AU/NZ current-chain refresh 20260816 from founder governed Chaining instruction; runtime consumes review_state=reviewed only.,
B0090,Mount Franklin,Mount Franklin,P0011,The Coca-Cola Company,global_brand,reviewed,official_parent_brand_page,SRC_COCA_COLA_AU_BRANDS,Coca‑Cola Australia — Brands,https://www.coca-cola.com/au/en/brands,2026-04-28,v0.3 source-harvested brand under The Coca-Cola Company from Coca‑Cola Austra...,
B0092,Powerade,Powerade,P0011,The Coca-Cola Company,global_brand,reviewed,official_parent_brand_page,SRC_COCA_COLA_AU_BRANDS,Coca‑Cola Australia — Brands,https://www.coca-cola.com/au/en/brands,2026-04-28,v0.3 source-harvested brand under The Coca-Cola Company from Coca‑Cola Austra...,
B0091,Pump,Pump,P0011,The Coca-Cola Company,global_brand,reviewed,official_parent_brand_page,SRC_COCA_COLA_AU_BRANDS,Coca‑Cola Australia — Brands,https://www.coca-cola.com/au/en/brands,2026-04-28,v0.3 source-harvested brand under The Coca-Cola Company from Coca‑Cola Austra...,
B0088,Sprite,Sprite,P0011,The Coca-Cola Company,global_brand,reviewed,official_parent_brand_page,SRC_COCA_COLA_AU_BRANDS,Coca‑Cola Australia — Brands,https://www.coca-cola.com/au/en/brands,2026-04-28,v0.3 source-harvested brand under The Coca-Cola Company from Coca‑Cola Austra...,
B0271,Actimel,Actimel,P0012,Danone S.A.,global_brand,reviewed,official_parent_brand_page,SRC_DANONE_GLOBAL_BRANDS,Danone — Brands,https://www.danone.com/brands.html,2026-04-28,v0.3 source-harvested brand under Danone S.A. from Danone — Brands; F&B relev...,
B0096,Activia,Activia,P0012,Danone S.A.,global_brand,reviewed,official_parent_brand_page,SRC_DANONE_GLOBAL_BRANDS,Danone — Brands,https://www.danone.com/brands.html,2026-04-28,v0.3 source-harvested brand under Danone S.A. from Danone — Brands; F&B relev...,
B0098,Alpro,Alpro,P0012,Danone S.A.,global_brand,reviewed,official_parent_brand_page,SRC_DANONE_GLOBAL_BRANDS,Danone — Brands,https://www.danone.com/brands.html,2026-04-28,v0.3 source-harvested brand under Danone S.A. from Danone — Brands; F&B relev...,
B0099,Aptamil,Aptamil,P0012,Danone S.A.,global_brand,reviewed,official_parent_brand_page,SRC_DANONE_GLOBAL_BRANDS,Danone — Brands,https://www.danone.com/brands.html,2026-04-28,v0.3 source-harvested brand under Danone S.A. from Danone — Brands; F&B relev...,
B0276,Aqua,Aqua,P0012,Danone S.A.,global_brand,reviewed,official_parent_brand_page,SRC_DANONE_GLOBAL_BRANDS,Danone — Brands,https://www.danone.com/brands.html,2026-04-28,v0.3 source-harvested brand under Danone S.A. from Danone — Brands; F&B relev...,
B0095,Danone,Danone,P0012,Danone S.A.,global_brand,reviewed,official_parent_brand_page,SRC_DANONE_GLOBAL_BRANDS,Danone — Brands,https://www.danone.com/brands.html,2026-04-28,v0.3 source-harvested brand under Danone S.A. from Danone — Brands; F&B relev...,
B0274,Evian,Evian,P0012,Danone S.A.,global_brand,reviewed,official_parent_brand_page,SRC_DANONE_GLOBAL_BRANDS,Danone — Brands,https://www.danone.com/brands.html,2026-04-28,v0.3 source-harvested brand under Danone S.A. from Danone — Brands; F&B relev...,
B0273,Karicare,Karicare,P0012,Danone S.A.,global_brand,reviewed,official_parent_brand_page,SRC_DANONE_GLOBAL_BRANDS,Danone — Brands,https://www.danone.com/brands.html,2026-04-28,v0.3 source-harvested brand under Danone S.A. from Danone — Brands; F&B relev...,
B0272,Nutricia,Nutricia,P0012,Danone S.A.,global_brand,reviewed,official_parent_brand_page,SRC_DANONE_GLOBAL_BRANDS,Danone — Brands,https://www.danone.com/brands.html,2026-04-28,v0.3 source-harvested brand under Danone S.A. from Danone — Brands; F&B relev...,
B0275,Volvic,Volvic,P0012,Danone S.A.,global_brand,reviewed,official_parent_brand_page,SRC_DANONE_GLOBAL_BRANDS,Danone — Brands,https://www.danone.com/brands.html,2026-04-28,v0.3 source-harvested brand under Danone S.A. from Danone — Brands; F&B relev...,
B0097,YoPRO,YoPRO,P0012,Danone S.A.,global_brand,reviewed,official_parent_brand_page,SRC_DANONE_GLOBAL_BRANDS,Danone — Brands,https://www.danone.com/brands.html,2026-04-28,v0.3 source-harvested brand under Danone S.A. from Danone — Brands; F&B relev...,
B0100,Continental,Continental,P0013,Unilever PLC,global_brand,reviewed,official_parent_brand_page,SRC_UNILEVER_AU_BRANDS,Unilever Australia & New Zealand,https://www.unilever.com.au/,2026-04-28,v0.3 source-harvested brand under Unilever PLC from Unilever Australia & New ...,
B0102,Hellmann's,Hellmann's,P0013,Unilever PLC,global_brand,reviewed,official_parent_brand_page,SRC_UNILEVER_AU_BRANDS,Unilever Australia & New Zealand,https://www.unilever.com.au/,2026-04-28,v0.3 source-harvested brand under Unilever PLC from Unilever Australia & New ...,
B0101,Knorr,Knorr,P0013,Unilever PLC,global_brand,reviewed,official_parent_brand_page,SRC_UNILEVER_AU_BRANDS,Unilever Australia & New Zealand,https://www.unilever.com.au/,2026-04-28,v0.3 source-harvested brand under Unilever PLC from Unilever Australia & New ...,
B0103,Maille,Maille,P0013,Unilever PLC,global_brand,reviewed,official_parent_brand_page,SRC_UNILEVER_AU_BRANDS,Unilever Australia & New Zealand,https://www.unilever.com.au/,2026-04-28,v0.3 source-harvested brand under Unilever PLC from Unilever Australia & New ...,
B0277,Sir Kensington's,Sir Kensington's,P0013,Unilever PLC,global_brand,reviewed,official_parent_brand_page,SRC_UNILEVER_AU_BRANDS,Unilever Australia & New Zealand,https://www.unilever.com.au/,2026-04-28,v0.3 source-harvested brand under Unilever PLC from Unilever Australia & New ...,
B0110,Ben & Jerry's,Ben & Jerry's,P0014,The Magnum Ice Cream Company N.V.,global_brand,reviewed,official_brand_page,SRC_STREETS_BRANDS,Streets Ice Cream — Brands,https://www.streetsicecream.com.au/brands.html,2026-04-28,v0.3 source-harvested brand under The Magnum Ice Cream Company N.V. from Stre...,Founder-approved TMICC current ownership after Unilever ice-cream demerger.
B0106,Blue Ribbon,Blue Ribbon,P0014,The Magnum Ice Cream Company N.V.,global_brand,reviewed,official_brand_page,SRC_STREETS_BRANDS,Streets Ice Cream — Brands,https://www.streetsicecream.com.au/brands.html,2026-04-28,v0.3 source-harvested brand under The Magnum Ice Cream Company N.V. from Stre...,Founder-approved TMICC current ownership after Unilever ice-cream demerger.
B0280,Bubble O' Bill,Bubble O' Bill,P0014,The Magnum Ice Cream Company N.V.,global_brand,reviewed,official_brand_page,SRC_STREETS_BRANDS,Streets Ice Cream — Brands,https://www.streetsicecream.com.au/brands.html,2026-04-28,v0.3 source-harvested brand under The Magnum Ice Cream Company N.V. from Stre...,Founder-approved TMICC current ownership after Unilever ice-cream demerger.
B0278,Calippo,Calippo,P0014,The Magnum Ice Cream Company N.V.,global_brand,reviewed,official_brand_page,SRC_STREETS_BRANDS,Streets Ice Cream — Brands,https://www.streetsicecream.com.au/brands.html,2026-04-28,v0.3 source-harvested brand under The Magnum Ice Cream Company N.V. from Stre...,Founder-approved TMICC current ownership after Unilever ice-cream demerger.
B0107,Cornetto,Cornetto,P0014,The Magnum Ice Cream Company N.V.,global_brand,reviewed,official_brand_page,SRC_STREETS_BRANDS,Streets Ice Cream — Brands,https://www.streetsicecream.com.au/brands.html,2026-04-28,v0.3 source-harvested brand under The Magnum Ice Cream Company N.V. from Stre...,Founder-approved TMICC current ownership after Unilever ice-cream demerger.
B0283,Cremissimo,Cremissimo,P0014,The Magnum Ice Cream Company N.V.,global_brand,reviewed,official_brand_page,SRC_STREETS_BRANDS,Streets Ice Cream — Brands,https://www.streetsicecream.com.au/brands.html,2026-04-28,v0.3 source-harvested brand under The Magnum Ice Cream Company N.V. from Stre...,Founder-approved TMICC current ownership after Unilever ice-cream demerger.
B0281,Golden Gaytime,Golden Gaytime,P0014,The Magnum Ice Cream Company N.V.,global_brand,reviewed,official_brand_page,SRC_STREETS_BRANDS,Streets Ice Cream — Brands,https://www.streetsicecream.com.au/brands.html,2026-04-28,v0.3 source-harvested brand under The Magnum Ice Cream Company N.V. from Stre...,Founder-approved TMICC current ownership after Unilever ice-cream demerger.
B0105,Magnum,Magnum,P0014,The Magnum Ice Cream Company N.V.,global_brand,reviewed,official_brand_page,SRC_STREETS_BRANDS,Streets Ice Cream — Brands,https://www.streetsicecream.com.au/brands.html,2026-04-28,v0.3 source-harvested brand under The Magnum Ice Cream Company N.V. from Stre...,Founder-approved TMICC current ownership after Unilever ice-cream demerger.
B0108,Paddle Pop,Paddle Pop,P0014,The Magnum Ice Cream Company N.V.,global_brand,reviewed,official_brand_page,SRC_STREETS_BRANDS,Streets Ice Cream — Brands,https://www.streetsicecream.com.au/brands.html,2026-04-28,v0.3 source-harvested brand under The Magnum Ice Cream Company N.V. from Stre...,Founder-approved TMICC current ownership after Unilever ice-cream demerger.
B0279,Splice,Splice,P0014,The Magnum Ice Cream Company N.V.,global_brand,reviewed,official_brand_page,SRC_STREETS_BRANDS,Streets Ice Cream — Brands,https://www.streetsicecream.com.au/brands.html,2026-04-28,v0.3 source-harvested brand under The Magnum Ice Cream Company N.V. from Stre...,
B0104,Streets,Streets,P0014,The Magnum Ice Cream Company N.V.,global_brand,reviewed,official_brand_page,SRC_STREETS_BRANDS,Streets Ice Cream — Brands,https://www.streetsicecream.com.au/brands.html,2026-04-28,v0.3 source-harvested brand under The Magnum Ice Cream Company N.V. from Stre...,Founder-approved TMICC current ownership after Unilever ice-cream demerger.
B0282,Viennetta,Viennetta,P0014,The Magnum Ice Cream Company N.V.,global_brand,reviewed,official_brand_page,SRC_STREETS_BRANDS,Streets Ice Cream — Brands,https://www.streetsicecream.com.au/brands.html,2026-04-28,v0.3 source-harvested brand under The Magnum Ice Cream Company N.V. from Stre...,Founder-approved TMICC current ownership after Unilever ice-cream demerger.
B0109,Weis,Weis,P0014,The Magnum Ice Cream Company N.V.,global_brand,reviewed,official_brand_page,SRC_STREETS_BRANDS,Streets Ice Cream — Brands,https://www.streetsicecream.com.au/brands.html,2026-04-28,v0.3 source-harvested brand under The Magnum Ice Cream Company N.V. from Stre...,
B0285,25° South,25° South,P0015,"General Mills, Inc.",global_brand,reviewed,official_parent_brand_page,SRC_GENERAL_MILLS_AU_BRANDS,General Mills Australia — Brands,https://www.generalmills.com.au/brands,2026-04-28,"v0.3 source-harvested brand under General Mills, Inc. from General Mills Aust...",
B0286,Betty Crocker,Betty Crocker,P0015,"General Mills, Inc.",global_brand,reviewed,official_parent_brand_page,SRC_GENERAL_MILLS_AU_BRANDS,General Mills Australia — Brands,https://www.generalmills.com.au/brands,2026-04-28,"v0.3 source-harvested brand under General Mills, Inc. from General Mills Aust...",
B0113,Häagen-Dazs,Häagen-Dazs,P0015,"General Mills, Inc.",global_brand,reviewed,official_parent_brand_page,SRC_GENERAL_MILLS_AU_BRANDS,General Mills Australia — Brands,https://www.generalmills.com.au/brands,2026-04-28,"v0.3 source-harvested brand under General Mills, Inc. from General Mills Aust...",
B0284,Latina Fresh,Latina Fresh,P0015,"General Mills, Inc.",global_brand,reviewed,official_parent_brand_page,SRC_GENERAL_MILLS_AU_BRANDS,General Mills Australia — Brands,https://www.generalmills.com.au/brands,2026-04-28,"v0.3 source-harvested brand under General Mills, Inc. from General Mills Aust...",
B0112,Nature Valley,Nature Valley,P0015,"General Mills, Inc.",global_brand,reviewed,official_parent_brand_page,SRC_GENERAL_MILLS_AU_BRANDS,General Mills Australia — Brands,https://www.generalmills.com.au/brands,2026-04-28,"v0.3 source-harvested brand under General Mills, Inc. from General Mills Aust...",
B0111,Old El Paso,Old El Paso,P0015,"General Mills, Inc.",global_brand,reviewed,official_parent_brand_page,SRC_GENERAL_MILLS_AU_BRANDS,General Mills Australia — Brands,https://www.generalmills.com.au/brands,2026-04-28,"v0.3 source-harvested brand under General Mills, Inc. from General Mills Aust...",
B0118,ABC,ABC,P0016,The Kraft Heinz Company,global_brand,reviewed,official_parent_brand_page,SRC_KRAFT_HEINZ_BRANDS,Kraft Heinz — Beloved Global Brands,https://www.kraftheinzcompany.com/brands.html,2026-04-28,v0.3 source-harvested brand under The Kraft Heinz Company from Kraft Heinz — ...,
B0291,Bull's-Eye,Bull's-Eye,P0016,The Kraft Heinz Company,global_brand,reviewed,official_parent_brand_page,SRC_KRAFT_HEINZ_BRANDS,Kraft Heinz — Beloved Global Brands,https://www.kraftheinzcompany.com/brands.html,2026-04-28,v0.3 source-harvested brand under The Kraft Heinz Company from Kraft Heinz — ...,
B0115,Golden Circle,Golden Circle,P0016,The Kraft Heinz Company,global_brand,reviewed,official_parent_brand_page,SRC_KRAFT_HEINZ_BRANDS,Kraft Heinz — Beloved Global Brands,https://www.kraftheinzcompany.com/brands.html,2026-04-28,v0.3 source-harvested brand under The Kraft Heinz Company from Kraft Heinz — ...,
B0287,Greenseas,Greenseas,P0016,The Kraft Heinz Company,global_brand,reviewed,official_parent_brand_page,SRC_KRAFT_HEINZ_BRANDS,Kraft Heinz — Beloved Global Brands,https://www.kraftheinzcompany.com/brands.html,2026-04-28,v0.3 source-harvested brand under The Kraft Heinz Company from Kraft Heinz — ...,
B0292,Grey Poupon,Grey Poupon,P0016,The Kraft Heinz Company,global_brand,reviewed,official_parent_brand_page,SRC_KRAFT_HEINZ_BRANDS,Kraft Heinz — Beloved Global Brands,https://www.kraftheinzcompany.com/brands.html,2026-04-28,v0.3 source-harvested brand under The Kraft Heinz Company from Kraft Heinz — ...,
B0114,Heinz,Heinz,P0016,The Kraft Heinz Company,global_brand,reviewed,official_parent_brand_page,SRC_KRAFT_HEINZ_BRANDS,Kraft Heinz — Beloved Global Brands,https://www.kraftheinzcompany.com/brands.html,2026-04-28,v0.3 source-harvested brand under The Kraft Heinz Company from Kraft Heinz — ...,
B0290,HP Sauce,HP Sauce,P0016,The Kraft Heinz Company,global_brand,reviewed,official_parent_brand_page,SRC_KRAFT_HEINZ_BRANDS,Kraft Heinz — Beloved Global Brands,https://www.kraftheinzcompany.com/brands.html,2026-04-28,v0.3 source-harvested brand under The Kraft Heinz Company from Kraft Heinz — ...,
B0117,Kraft,Kraft,P0016,The Kraft Heinz Company,global_brand,reviewed,official_parent_brand_page,SRC_KRAFT_HEINZ_BRANDS,Kraft Heinz — Beloved Global Brands,https://www.kraftheinzcompany.com/brands.html,2026-04-28,v0.3 source-harvested brand under The Kraft Heinz Company from Kraft Heinz — ...,
B0289,Lea & Perrins,Lea & Perrins,P0016,The Kraft Heinz Company,global_brand,reviewed,official_parent_brand_page,SRC_KRAFT_HEINZ_BRANDS,Kraft Heinz — Beloved Global Brands,https://www.kraftheinzcompany.com/brands.html,2026-04-28,v0.3 source-harvested brand under The Kraft Heinz Company from Kraft Heinz — ...,
B0288,Master,Master,P0016,The Kraft Heinz Company,global_brand,reviewed,official_parent_brand_page,SRC_KRAFT_HEINZ_BRANDS,Kraft Heinz — Beloved Global Brands,https://www.kraftheinzcompany.com/brands.html,2026-04-28,v0.3 source-harvested brand under The Kraft Heinz Company from Kraft Heinz — ...,
B0294,Philadelphia,Philadelphia,P0016,The Kraft Heinz Company,global_brand,archived,official_parent_brand_page,SRC_KRAFT_HEINZ_BRANDS,Kraft Heinz — Beloved Global Brands,https://www.kraftheinzcompany.com/brands.html,2026-04-28,v0.3 source-harvested brand under The Kraft Heinz Company from Kraft Heinz — ...,SUPPRESS_CURRENT 2026-08-16: competing or stale AU/NZ current-chain mapping; retain reviewed counterpart or fail closed
B0116,Wattie's,Wattie's,P0016,The Kraft Heinz Company,global_brand,reviewed,official_parent_brand_page,SRC_KRAFT_HEINZ_BRANDS,Kraft Heinz — Beloved Global Brands,https://www.kraftheinzcompany.com/brands.html,2026-04-28,v0.3 source-harvested brand under The Kraft Heinz Company from Kraft Heinz — ...,
B0293,Weight Watchers,Weight Watchers,P0016,The Kraft Heinz Company,global_brand,reviewed,official_parent_brand_page,SRC_KRAFT_HEINZ_BRANDS,Kraft Heinz — Beloved Global Brands,https://www.kraftheinzcompany.com/brands.html,2026-04-28,v0.3 source-harvested brand under The Kraft Heinz Company from Kraft Heinz — ...,
B0123,Ferrero,Ferrero,P0017,Ferrero Group,global_brand,reviewed,official_parent_brand_page,SRC_FERRERO_AU_BRANDS,Ferrero Australia & New Zealand — Brands,https://www.ferrero.com/au/en/our-brands,2026-04-28,v0.3 source-harvested brand under Ferrero Group from Ferrero Australia & New ...,
B0297,Ferrero Collection,Ferrero Collection,P0017,Ferrero Group,global_brand,reviewed,official_parent_brand_page,SRC_FERRERO_AU_BRANDS,Ferrero Australia & New Zealand — Brands,https://www.ferrero.com/au/en/our-brands,2026-04-28,v0.3 source-harvested brand under Ferrero Group from Ferrero Australia & New ...,
B0120,Ferrero Rocher,Ferrero Rocher,P0017,Ferrero Group,global_brand,reviewed,official_parent_brand_page,SRC_FERRERO_AU_BRANDS,Ferrero Australia & New Zealand — Brands,https://www.ferrero.com/au/en/our-brands,2026-04-28,v0.3 source-harvested brand under Ferrero Group from Ferrero Australia & New ...,
B0121,Kinder,Kinder,P0017,Ferrero Group,global_brand,reviewed,official_parent_brand_page,SRC_FERRERO_AU_BRANDS,Ferrero Australia & New Zealand — Brands,https://www.ferrero.com/au/en/our-brands,2026-04-28,v0.3 source-harvested brand under Ferrero Group from Ferrero Australia & New ...,
B0295,Kinder Bueno,Kinder Bueno,P0017,Ferrero Group,global_brand,reviewed,official_parent_brand_page,SRC_FERRERO_AU_BRANDS,Ferrero Australia & New Zealand — Brands,https://www.ferrero.com/au/en/our-brands,2026-04-28,v0.3 source-harvested brand under Ferrero Group from Ferrero Australia & New ...,
B0119,Nutella,Nutella,P0017,Ferrero Group,global_brand,reviewed,official_parent_brand_page,SRC_FERRERO_AU_BRANDS,Ferrero Australia & New Zealand — Brands,https://www.ferrero.com/au/en/our-brands,2026-04-28,v0.3 source-harvested brand under Ferrero Group from Ferrero Australia & New ...,
B0296,Raffaello,Raffaello,P0017,Ferrero Group,global_brand,reviewed,official_parent_brand_page,SRC_FERRERO_AU_BRANDS,Ferrero Australia & New Zealand — Brands,https://www.ferrero.com/au/en/our-brands,2026-04-28,v0.3 source-harvested brand under Ferrero Group from Ferrero Australia & New ...,
B0298,Thorntons,Thorntons,P0017,Ferrero Group,global_brand,reviewed,official_parent_brand_page,SRC_FERRERO_AU_BRANDS,Ferrero Australia & New Zealand — Brands,https://www.ferrero.com/au/en/our-brands,2026-04-28,v0.3 source-harvested brand under Ferrero Group from Ferrero Australia & New ...,
B0122,Tic Tac,Tic Tac,P0017,Ferrero Group,global_brand,reviewed,official_parent_brand_page,SRC_FERRERO_AU_BRANDS,Ferrero Australia & New Zealand — Brands,https://www.ferrero.com/au/en/our-brands,2026-04-28,v0.3 source-harvested brand under Ferrero Group from Ferrero Australia & New ...,
B0302,Abbott's Bakery,Abbott's Bakery,P0018,Associated British Foods plc,global_brand,reviewed,official_parent_brand_page,SRC_ABF_BRANDS,Associated British Foods — Our Businesses,https://www.abf.co.uk/our-businesses,2026-04-28,v0.3 source-harvested brand under Associated British Foods plc from Associate...,
B0306,Big Ben,Big Ben,P0018,Associated British Foods plc,global_brand,reviewed,official_parent_brand_page,SRC_ABF_BRANDS,Associated British Foods — Our Businesses,https://www.abf.co.uk/our-businesses,2026-04-28,v0.3 source-harvested brand under Associated British Foods plc from Associate...,
B0311,Billington's,Billington's,P0018,Associated British Foods plc,global_brand,reviewed,official_parent_brand_page,SRC_ABF_BRANDS,Associated British Foods — Our Businesses,https://www.abf.co.uk/our-businesses,2026-04-28,v0.3 source-harvested brand under Associated British Foods plc from Associate...,
B0300,Blue Dragon,Blue Dragon,P0018,Associated British Foods plc,global_brand,reviewed,official_parent_brand_page,SRC_ABF_BRANDS,Associated British Foods — Our Businesses,https://www.abf.co.uk/our-businesses,2026-04-28,v0.3 source-harvested brand under Associated British Foods plc from Associate...,
B0303,Bürgen,Bürgen,P0018,Associated British Foods plc,global_brand,reviewed,official_parent_brand_page,SRC_ABF_BRANDS,Associated British Foods — Our Businesses,https://www.abf.co.uk/our-businesses,2026-04-28,v0.3 source-harvested brand under Associated British Foods plc from Associate...,
B0308,Dad's Pies,Dad's Pies,P0018,Associated British Foods plc,global_brand,reviewed,official_parent_brand_page,SRC_ABF_BRANDS,Associated British Foods — Our Businesses,https://www.abf.co.uk/our-businesses,2026-04-28,v0.3 source-harvested brand under Associated British Foods plc from Associate...,
B0313,Dorset Cereals,Dorset Cereals,P0018,Associated British Foods plc,global_brand,reviewed,official_parent_brand_page,SRC_ABF_BRANDS,Associated British Foods — Our Businesses,https://www.abf.co.uk/our-businesses,2026-04-28,v0.3 source-harvested brand under Associated British Foods plc from Associate...,
B0304,Golden,Golden,P0018,Associated British Foods plc,global_brand,reviewed,official_parent_brand_page,SRC_ABF_BRANDS,Associated British Foods — Our Businesses,https://www.abf.co.uk/our-businesses,2026-04-28,v0.3 source-harvested brand under Associated British Foods plc from Associate...,
B0127,Jordans,Jordans,P0018,Associated British Foods plc,global_brand,reviewed,official_parent_brand_page,SRC_ABF_BRANDS,Associated British Foods — Our Businesses,https://www.abf.co.uk/our-businesses,2026-04-28,v0.3 source-harvested brand under Associated British Foods plc from Associate...,
B0312,Mazola,Mazola,P0018,Associated British Foods plc,global_brand,reviewed,official_parent_brand_page,SRC_ABF_BRANDS,Associated British Foods — Our Businesses,https://www.abf.co.uk/our-businesses,2026-04-28,v0.3 source-harvested brand under Associated British Foods plc from Associate...,
B0314,Mazzetti,Mazzetti,P0018,Associated British Foods plc,global_brand,reviewed,official_parent_brand_page,SRC_ABF_BRANDS,Associated British Foods — Our Businesses,https://www.abf.co.uk/our-businesses,2026-04-28,v0.3 source-harvested brand under Associated British Foods plc from Associate...,
B0125,Ovaltine,Ovaltine,P0018,Associated British Foods plc,global_brand,reviewed,official_parent_brand_page,SRC_ABF_BRANDS,Associated British Foods — Our Businesses,https://www.abf.co.uk/our-businesses,2026-04-28,v0.3 source-harvested brand under Associated British Foods plc from Associate...,
B0299,Patak's,Patak's,P0018,Associated British Foods plc,global_brand,reviewed,official_parent_brand_page,SRC_ABF_BRANDS,Associated British Foods — Our Businesses,https://www.abf.co.uk/our-businesses,2026-04-28,v0.3 source-harvested brand under Associated British Foods plc from Associate...,
B0305,Ploughmans Bakery,Ploughmans Bakery,P0018,Associated British Foods plc,global_brand,reviewed,official_parent_brand_page,SRC_ABF_BRANDS,Associated British Foods — Our Businesses,https://www.abf.co.uk/our-businesses,2026-04-28,v0.3 source-harvested brand under Associated British Foods plc from Associate...,
B0126,Ryvita,Ryvita,P0018,Associated British Foods plc,global_brand,reviewed,official_parent_brand_page,SRC_ABF_BRANDS,Associated British Foods — Our Businesses,https://www.abf.co.uk/our-businesses,2026-04-28,v0.3 source-harvested brand under Associated British Foods plc from Associate...,
B0310,Silver Spoon,Silver Spoon,P0018,Associated British Foods plc,global_brand,reviewed,official_parent_brand_page,SRC_ABF_BRANDS,Associated British Foods — Our Businesses,https://www.abf.co.uk/our-businesses,2026-04-28,v0.3 source-harvested brand under Associated British Foods plc from Associate...,
B0307,Speedibake,Speedibake,P0018,Associated British Foods plc,global_brand,reviewed,official_parent_brand_page,SRC_ABF_BRANDS,Associated British Foods — Our Businesses,https://www.abf.co.uk/our-businesses,2026-04-28,v0.3 source-harvested brand under Associated British Foods plc from Associate...,
B0301,Tip Top Bakery,Tip Top Bakery,P0164,George Weston Foods Limited,global_brand,reviewed,official_parent_brand_page,SRC_CHAINING_REFRESH_20260816,Chaining refresh 20260816,CHAT_Cursor_Chaining_Asset_Refresh_Instruction_20260816,2026-08-16,AU/NZ current-chain refresh 20260816 from founder governed Chaining instruction; runtime consumes review_state=reviewed only.,RENAME 2026-08-16 to avoid unqualified alias collision
B0124,Twinings,Twinings,P0018,Associated British Foods plc,global_brand,reviewed,official_parent_brand_page,SRC_ABF_BRANDS,Associated British Foods — Our Businesses,https://www.abf.co.uk/our-businesses,2026-04-28,v0.3 source-harvested brand under Associated British Foods plc from Associate...,
B0309,Yumi's,Yumi's,P0018,Associated British Foods plc,global_brand,reviewed,official_parent_brand_page,SRC_ABF_BRANDS,Associated British Foods — Our Businesses,https://www.abf.co.uk/our-businesses,2026-04-28,v0.3 source-harvested brand under Associated British Foods plc from Associate...,
B0128,Barilla,Barilla,P0019,Barilla G. e R. Fratelli S.p.A.,global_brand,reviewed,official_parent_brand_page,SRC_BARILLA_GROUP_BRANDS,Barilla Group — Brands,https://www.barillagroup.com/en/brands/,2026-04-28,v0.3 source-harvested brand under Barilla G. e R. Fratelli S.p.A. from Barill...,
B0318,GranCereale,GranCereale,P0019,Barilla G. e R. Fratelli S.p.A.,global_brand,reviewed,official_parent_brand_page,SRC_BARILLA_GROUP_BRANDS,Barilla Group — Brands,https://www.barillagroup.com/en/brands/,2026-04-28,v0.3 source-harvested brand under Barilla G. e R. Fratelli S.p.A. from Barill...,
B0319,Harrys,Harrys,P0019,Barilla G. e R. Fratelli S.p.A.,global_brand,reviewed,official_parent_brand_page,SRC_BARILLA_GROUP_BRANDS,Barilla Group — Brands,https://www.barillagroup.com/en/brands/,2026-04-28,v0.3 source-harvested brand under Barilla G. e R. Fratelli S.p.A. from Barill...,
B0316,Mulino Bianco,Mulino Bianco,P0019,Barilla G. e R. Fratelli S.p.A.,global_brand,reviewed,official_parent_brand_page,SRC_BARILLA_GROUP_BRANDS,Barilla Group — Brands,https://www.barillagroup.com/en/brands/,2026-04-28,v0.3 source-harvested brand under Barilla G. e R. Fratelli S.p.A. from Barill...,
B0317,Pan di Stelle,Pan di Stelle,P0019,Barilla G. e R. Fratelli S.p.A.,global_brand,reviewed,official_parent_brand_page,SRC_BARILLA_GROUP_BRANDS,Barilla Group — Brands,https://www.barillagroup.com/en/brands/,2026-04-28,v0.3 source-harvested brand under Barilla G. e R. Fratelli S.p.A. from Barill...,
B0129,Pasta Evangelists,Pasta Evangelists,P0019,Barilla G. e R. Fratelli S.p.A.,global_brand,reviewed,official_parent_brand_page,SRC_BARILLA_GROUP_BRANDS,Barilla Group — Brands,https://www.barillagroup.com/en/brands/,2026-04-28,v0.3 source-harvested brand under Barilla G. e R. Fratelli S.p.A. from Barill...,
B0320,Pavesi,Pavesi,P0019,Barilla G. e R. Fratelli S.p.A.,global_brand,reviewed,official_parent_brand_page,SRC_BARILLA_GROUP_BRANDS,Barilla Group — Brands,https://www.barillagroup.com/en/brands/,2026-04-28,v0.3 source-harvested brand under Barilla G. e R. Fratelli S.p.A. from Barill...,
B0321,Vero Gusto,Vero Gusto,P0019,Barilla G. e R. Fratelli S.p.A.,global_brand,reviewed,official_parent_brand_page,SRC_BARILLA_GROUP_BRANDS,Barilla Group — Brands,https://www.barillagroup.com/en/brands/,2026-04-28,v0.3 source-harvested brand under Barilla G. e R. Fratelli S.p.A. from Barill...,
B0315,Wasa,Wasa,P0019,Barilla G. e R. Fratelli S.p.A.,global_brand,reviewed,official_parent_brand_page,SRC_BARILLA_GROUP_BRANDS,Barilla Group — Brands,https://www.barillagroup.com/en/brands/,2026-04-28,v0.3 source-harvested brand under Barilla G. e R. Fratelli S.p.A. from Barill...,
B0133,Galbani,Galbani,P0020,Lactalis Group,global_brand,reviewed,official_parent_brand_page,SRC_LACTALIS_AU_BRANDS,Lactalis Australia — Brands,https://lactalis.com.au/brand/,2026-04-28,v0.3 source-harvested brand under Lactalis Group from Lactalis Australia — Br...,
B0134,Ice Break,Ice Break,P0020,Lactalis Group,global_brand,reviewed,official_parent_brand_page,SRC_LACTALIS_AU_BRANDS,Lactalis Australia — Brands,https://lactalis.com.au/brand/,2026-04-28,v0.3 source-harvested brand under Lactalis Group from Lactalis Australia — Br...,
B0327,Jalna,Jalna,P0020,Lactalis Group,global_brand,reviewed,official_parent_brand_page,SRC_LACTALIS_AU_BRANDS,Lactalis Australia — Brands,https://lactalis.com.au/brand/,2026-04-28,v0.3 source-harvested brand under Lactalis Group from Lactalis Australia — Br...,
B0326,Jindi,Jindi,P0020,Lactalis Group,global_brand,reviewed,official_parent_brand_page,SRC_LACTALIS_AU_BRANDS,Lactalis Australia — Brands,https://lactalis.com.au/brand/,2026-04-28,v0.3 source-harvested brand under Lactalis Group from Lactalis Australia — Br...,
B0323,Lemnos,Lemnos,P0020,Lactalis Group,global_brand,reviewed,official_parent_brand_page,SRC_LACTALIS_AU_BRANDS,Lactalis Australia — Brands,https://lactalis.com.au/brand/,2026-04-28,v0.3 source-harvested brand under Lactalis Group from Lactalis Australia — Br...,
B0135,OAK,OAK,P0020,Lactalis Group,global_brand,reviewed,official_parent_brand_page,SRC_LACTALIS_AU_BRANDS,Lactalis Australia — Brands,https://lactalis.com.au/brand/,2026-04-28,v0.3 source-harvested brand under Lactalis Group from Lactalis Australia — Br...,
B0131,Pauls,Pauls,P0020,Lactalis Group,global_brand,reviewed,official_parent_brand_page,SRC_LACTALIS_AU_BRANDS,Lactalis Australia — Brands,https://lactalis.com.au/brand/,2026-04-28,v0.3 source-harvested brand under Lactalis Group from Lactalis Australia — Br...,
B0324,Président,Président,P0020,Lactalis Group,global_brand,reviewed,official_parent_brand_page,SRC_LACTALIS_AU_BRANDS,Lactalis Australia — Brands,https://lactalis.com.au/brand/,2026-04-28,v0.3 source-harvested brand under Lactalis Group from Lactalis Australia — Br...,
B0325,Siggi's,Siggi's,P0020,Lactalis Group,global_brand,reviewed,official_parent_brand_page,SRC_LACTALIS_AU_BRANDS,Lactalis Australia — Brands,https://lactalis.com.au/brand/,2026-04-28,v0.3 source-harvested brand under Lactalis Group from Lactalis Australia — Br...,
B0322,Tamar Valley Dairy,Tamar Valley Dairy,P0020,Lactalis Group,global_brand,reviewed,official_parent_brand_page,SRC_LACTALIS_AU_BRANDS,Lactalis Australia — Brands,https://lactalis.com.au/brand/,2026-04-28,v0.3 source-harvested brand under Lactalis Group from Lactalis Australia — Br...,
B0132,Vaalia,Vaalia,P0020,Lactalis Group,global_brand,reviewed,official_parent_brand_page,SRC_LACTALIS_AU_BRANDS,Lactalis Australia — Brands,https://lactalis.com.au/brand/,2026-04-28,v0.3 source-harvested brand under Lactalis Group from Lactalis Australia — Br...,
B0136,Arla,Arla,P0021,Arla Foods amba,global_brand,reviewed,official_parent_brand_page,SRC_ARLA_BRANDS,Arla Foods — Brands,https://www.arla.com/brands/,2026-04-28,v0.3 source-harvested brand under Arla Foods amba from Arla Foods — Brands; F...,
B0138,Castello,Castello,P0021,Arla Foods amba,global_brand,reviewed,official_parent_brand_page,SRC_ARLA_BRANDS,Arla Foods — Brands,https://www.arla.com/brands/,2026-04-28,v0.3 source-harvested brand under Arla Foods amba from Arla Foods — Brands; F...,
B0137,Lurpak,Lurpak,P0021,Arla Foods amba,global_brand,reviewed,official_parent_brand_page,SRC_ARLA_BRANDS,Arla Foods — Brands,https://www.arla.com/brands/,2026-04-28,v0.3 source-harvested brand under Arla Foods amba from Arla Foods — Brands; F...,
B0328,Puck,Puck,P0021,Arla Foods amba,global_brand,reviewed,official_parent_brand_page,SRC_ARLA_BRANDS,Arla Foods — Brands,https://www.arla.com/brands/,2026-04-28,v0.3 source-harvested brand under Arla Foods amba from Arla Foods — Brands; F...,
B0329,Starbucks chilled coffee,Starbucks chilled coffee,P0021,Arla Foods amba,global_brand,reviewed,official_parent_brand_page,SRC_ARLA_BRANDS,Arla Foods — Brands,https://www.arla.com/brands/,2026-04-28,v0.3 source-harvested brand under Arla Foods amba from Arla Foods — Brands; F...,
B0139,Anchor,Anchor,P0022,Fonterra Co-operative Group Limited,local_brand,reviewed,official_parent_brand_page,SRC_FONTERRA_AU_BRANDS,Fonterra Australia — Our Brands,https://www.fonterra.com/au/en/about-us/our-brands.html,2026-04-28,v0.3 source-harvested brand under Fonterra Co-operative Group Limited from Fo...,
B0332,Anchor Food Professionals,Anchor Food Professionals,P0022,Fonterra Co-operative Group Limited,local_brand,reviewed,official_parent_brand_page,SRC_FONTERRA_AU_BRANDS,Fonterra Australia — Our Brands,https://www.fonterra.com/au/en/about-us/our-brands.html,2026-04-28,v0.3 source-harvested brand under Fonterra Co-operative Group Limited from Fo...,
B0143,Anlene,Anlene,P0022,Fonterra Co-operative Group Limited,local_brand,reviewed,official_parent_brand_page,SRC_FONTERRA_AU_BRANDS,Fonterra Australia — Our Brands,https://www.fonterra.com/au/en/about-us/our-brands.html,2026-04-28,v0.3 source-harvested brand under Fonterra Co-operative Group Limited from Fo...,
B0144,Anmum,Anmum,P0022,Fonterra Co-operative Group Limited,local_brand,reviewed,official_parent_brand_page,SRC_FONTERRA_AU_BRANDS,Fonterra Australia — Our Brands,https://www.fonterra.com/au/en/about-us/our-brands.html,2026-04-28,v0.3 source-harvested brand under Fonterra Co-operative Group Limited from Fo...,
B0330,Bega Cheese,Bega Cheese,P0022,Fonterra Co-operative Group Limited,local_brand,reviewed,official_parent_brand_page,SRC_FONTERRA_AU_BRANDS,Fonterra Australia — Our Brands,https://www.fonterra.com/au/en/about-us/our-brands.html,2026-04-28,v0.3 source-harvested brand under Fonterra Co-operative Group Limited from Fo...,
B0331,Kapiti,Kapiti,P0022,Fonterra Co-operative Group Limited,local_brand,reviewed,official_parent_brand_page,SRC_FONTERRA_AU_BRANDS,Fonterra Australia — Our Brands,https://www.fonterra.com/au/en/about-us/our-brands.html,2026-04-28,v0.3 source-harvested brand under Fonterra Co-operative Group Limited from Fo...,
B0140,Mainland,Mainland,P0022,Fonterra Co-operative Group Limited,local_brand,reviewed,official_parent_brand_page,SRC_FONTERRA_AU_BRANDS,Fonterra Australia — Our Brands,https://www.fonterra.com/au/en/about-us/our-brands.html,2026-04-28,v0.3 source-harvested brand under Fonterra Co-operative Group Limited from Fo...,
B0333,NZMP,NZMP,P0022,Fonterra Co-operative Group Limited,local_brand,reviewed,official_parent_brand_page,SRC_FONTERRA_AU_BRANDS,Fonterra Australia — Our Brands,https://www.fonterra.com/au/en/about-us/our-brands.html,2026-04-28,v0.3 source-harvested brand under Fonterra Co-operative Group Limited from Fo...,
B0141,Perfect Italiano,Perfect Italiano,P0022,Fonterra Co-operative Group Limited,local_brand,reviewed,official_parent_brand_page,SRC_FONTERRA_AU_BRANDS,Fonterra Australia — Our Brands,https://www.fonterra.com/au/en/about-us/our-brands.html,2026-04-28,v0.3 source-harvested brand under Fonterra Co-operative Group Limited from Fo...,
B0142,Western Star,Western Star,P0022,Fonterra Co-operative Group Limited,local_brand,reviewed,official_parent_brand_page,SRC_FONTERRA_AU_BRANDS,Fonterra Australia — Our Brands,https://www.fonterra.com/au/en/about-us/our-brands.html,2026-04-28,v0.3 source-harvested brand under Fonterra Co-operative Group Limited from Fo...,
B0150,B honey,B honey,P0023,Bega Group Limited,local_brand,reviewed,official_parent_brand_page,SRC_BEGA_GROUP_BRANDS,Bega Group — About/Brands,https://begagroup.com.au/,2026-04-28,v0.3 source-harvested brand under Bega Group Limited from Bega Group — About/...,
B0145,Bega,Bega,P0023,Bega Group Limited,local_brand,reviewed,official_parent_brand_page,SRC_BEGA_GROUP_BRANDS,Bega Group — About/Brands,https://begagroup.com.au/,2026-04-28,v0.3 source-harvested brand under Bega Group Limited from Bega Group — About/...,
B0341,Big M,Big M,P0023,Bega Group Limited,local_brand,reviewed,official_parent_brand_page,SRC_BEGA_GROUP_BRANDS,Bega Group — About/Brands,https://begagroup.com.au/,2026-04-28,v0.3 source-harvested brand under Bega Group Limited from Bega Group — About/...,
B0340,Daily Juice,Daily Juice,P0023,Bega Group Limited,local_brand,reviewed,official_parent_brand_page,SRC_BEGA_GROUP_BRANDS,Bega Group — About/Brands,https://begagroup.com.au/,2026-04-28,v0.3 source-harvested brand under Bega Group Limited from Bega Group — About/...,
B0334,Dairy Farmers,Dairy Farmers,P0023,Bega Group Limited,local_brand,reviewed,official_parent_brand_page,SRC_BEGA_GROUP_BRANDS,Bega Group — About/Brands,https://begagroup.com.au/,2026-04-28,v0.3 source-harvested brand under Bega Group Limited from Bega Group — About/...,
B0335,Dare,Dare,P0023,Bega Group Limited,local_brand,reviewed,official_parent_brand_page,SRC_BEGA_GROUP_BRANDS,Bega Group — About/Brands,https://begagroup.com.au/,2026-04-28,v0.3 source-harvested brand under Bega Group Limited from Bega Group — About/...,
B0149,Farmers Table,Farmers Table,P0023,Bega Group Limited,local_brand,reviewed,official_parent_brand_page,SRC_BEGA_GROUP_BRANDS,Bega Group — About/Brands,https://begagroup.com.au/,2026-04-28,v0.3 source-harvested brand under Bega Group Limited from Bega Group — About/...,
B0337,Farmers Union,Farmers Union,P0023,Bega Group Limited,local_brand,reviewed,official_parent_brand_page,SRC_BEGA_GROUP_BRANDS,Bega Group — About/Brands,https://begagroup.com.au/,2026-04-28,v0.3 source-harvested brand under Bega Group Limited from Bega Group — About/...,
B0342,Masters,Masters,P0023,Bega Group Limited,local_brand,reviewed,official_parent_brand_page,SRC_BEGA_GROUP_BRANDS,Bega Group — About/Brands,https://begagroup.com.au/,2026-04-28,v0.3 source-harvested brand under Bega Group Limited from Bega Group — About/...,
B0343,Mildura,Mildura,P0023,Bega Group Limited,local_brand,reviewed,official_parent_brand_page,SRC_BEGA_GROUP_BRANDS,Bega Group — About/Brands,https://begagroup.com.au/,2026-04-28,v0.3 source-harvested brand under Bega Group Limited from Bega Group — About/...,
B0344,Peanut Butter Company,Peanut Butter Company,P0023,Bega Group Limited,local_brand,reviewed,official_parent_brand_page,SRC_BEGA_GROUP_BRANDS,Bega Group — About/Brands,https://begagroup.com.au/,2026-04-28,v0.3 source-harvested brand under Bega Group Limited from Bega Group — About/...,
B0336,Pura,Pura,P0023,Bega Group Limited,local_brand,reviewed,official_parent_brand_page,SRC_BEGA_GROUP_BRANDS,Bega Group — About/Brands,https://begagroup.com.au/,2026-04-28,v0.3 source-harvested brand under Bega Group Limited from Bega Group — About/...,
B0148,Tatura,Tatura,P0023,Bega Group Limited,local_brand,reviewed,official_parent_brand_page,SRC_BEGA_GROUP_BRANDS,Bega Group — About/Brands,https://begagroup.com.au/,2026-04-28,v0.3 source-harvested brand under Bega Group Limited from Bega Group — About/...,
B0146,Vegemite,Vegemite,P0023,Bega Group Limited,local_brand,reviewed,official_parent_brand_page,SRC_BEGA_GROUP_BRANDS,Bega Group — About/Brands,https://begagroup.com.au/,2026-04-28,v0.3 source-harvested brand under Bega Group Limited from Bega Group — About/...,
B0339,Yoplait (AU / Bega licence),Yoplait (AU),P0023,Bega Group Limited,local_brand,reviewed,official_parent_brand_page,SRC_CHAINING_REFRESH_20260816,Bega Group — About/Brands,https://begagroup.com.au/,2026-08-16,v0.3 source-harvested brand under Bega Group Limited from Bega Group — About/...,RENAME 2026-08-16 to avoid unqualified alias collision
B0338,Zooper Dooper,Zooper Dooper,P0023,Bega Group Limited,local_brand,reviewed,official_parent_brand_page,SRC_BEGA_GROUP_BRANDS,Bega Group — About/Brands,https://begagroup.com.au/,2026-04-28,v0.3 source-harvested brand under Bega Group Limited from Bega Group — About/...,
B0147,ZoOsh,ZoOsh,P0023,Bega Group Limited,local_brand,reviewed,official_parent_brand_page,SRC_BEGA_GROUP_BRANDS,Bega Group — About/Brands,https://begagroup.com.au/,2026-04-28,v0.3 source-harvested brand under Bega Group Limited from Bega Group — About/...,
B0346,a2 Gentle Gold,a2 Gentle Gold,P0024,The a2 Milk Company Limited,local_brand,reviewed,official_parent_brand_page,SRC_A2_MILK_BRANDS,The a2 Milk Company,https://thea2milkcompany.com/,2026-04-28,v0.3 source-harvested brand under The a2 Milk Company Limited from The a2 Mil...,
B0151,a2 Milk,a2 Milk,P0024,The a2 Milk Company Limited,local_brand,reviewed,official_parent_brand_page,SRC_A2_MILK_BRANDS,The a2 Milk Company,https://thea2milkcompany.com/,2026-04-28,v0.3 source-harvested brand under The a2 Milk Company Limited from The a2 Mil...,
B0345,a2 Nutrition,a2 Nutrition,P0024,The a2 Milk Company Limited,local_brand,reviewed,official_parent_brand_page,SRC_A2_MILK_BRANDS,The a2 Milk Company,https://thea2milkcompany.com/,2026-04-28,v0.3 source-harvested brand under The a2 Milk Company Limited from The a2 Mil...,
B0152,a2 Platinum,a2 Platinum,P0024,The a2 Milk Company Limited,local_brand,reviewed,official_parent_brand_page,SRC_A2_MILK_BRANDS,The a2 Milk Company,https://thea2milkcompany.com/,2026-04-28,v0.3 source-harvested brand under The a2 Milk Company Limited from The a2 Mil...,
B0348,Light'n'Tasty,Light'n'Tasty,P0025,Sanitarium Health Food Company,local_brand,reviewed,official_brand_page,SRC_SANITARIUM_BRANDS,Sanitarium brand stewardship seed,https://www.sanitarium.com/au/,2026-04-28,v0.3 source-harvested brand under Sanitarium Health Food Company from Sanitar...,
B0347,Marmite,Marmite,P0025,Sanitarium Health Food Company,local_brand,reviewed,official_brand_page,SRC_SANITARIUM_BRANDS,Sanitarium brand stewardship seed,https://www.sanitarium.com/au/,2026-04-28,v0.3 source-harvested brand under Sanitarium Health Food Company from Sanitar...,
B0153,Sanitarium,Sanitarium,P0025,Sanitarium Health Food Company,local_brand,reviewed,official_brand_page,SRC_SANITARIUM_BRANDS,Sanitarium brand stewardship seed,https://www.sanitarium.com/au/,2026-04-28,v0.3 source-harvested brand under Sanitarium Health Food Company from Sanitar...,
B0156,So Good,So Good,P0025,Sanitarium Health Food Company,local_brand,reviewed,official_brand_page,SRC_SANITARIUM_BRANDS,Sanitarium brand stewardship seed,https://www.sanitarium.com/au/,2026-04-28,v0.3 source-harvested brand under Sanitarium Health Food Company from Sanitar...,
B0155,UP&GO,UP&GO,P0025,Sanitarium Health Food Company,local_brand,reviewed,official_brand_page,SRC_SANITARIUM_BRANDS,Sanitarium brand stewardship seed,https://www.sanitarium.com/au/,2026-04-28,v0.3 source-harvested brand under Sanitarium Health Food Company from Sanitar...,
B0154,Weet-Bix,Weet-Bix,P0025,Sanitarium Health Food Company,local_brand,reviewed,official_brand_page,SRC_SANITARIUM_BRANDS,Sanitarium brand stewardship seed,https://www.sanitarium.com/au/,2026-04-28,v0.3 source-harvested brand under Sanitarium Health Food Company from Sanitar...,
B0349,Weet-Bix Bites,Weet-Bix Bites,P0025,Sanitarium Health Food Company,local_brand,reviewed,official_brand_page,SRC_SANITARIUM_BRANDS,Sanitarium brand stewardship seed,https://www.sanitarium.com/au/,2026-04-28,v0.3 source-harvested brand under Sanitarium Health Food Company from Sanitar...,
B0157,Ingham's,Ingham's,P0026,Inghams Group Limited,local_brand,reviewed,official_parent_brand_page,SRC_INGHAMS_BRANDS,Ingham's — Our Brands,https://inghams.com.au/,2026-04-28,v0.3 source-harvested brand under Inghams Group Limited from Ingham's — Our B...,
B0350,Steggles,Steggles,P0026,Inghams Group Limited,local_brand,reviewed,official_parent_brand_page,SRC_INGHAMS_BRANDS,Ingham's — Our Brands,https://inghams.com.au/,2026-04-28,v0.3 source-harvested brand under Inghams Group Limited from Ingham's — Our B...,
B0356,1855,1855,P0027,JBS S.A.,global_brand,reviewed,official_parent_brand_page,SRC_JBS_FOODS_BRANDS,JBS Foods — Our Brands,https://jbsfoodsgroup.com/our-brands,2026-04-28,v0.3 source-harvested brand under JBS S.A. from JBS Foods — Our Brands; F&B r...,
B0354,Andrews Meat Industries,Andrews Meat Industries,P0027,JBS S.A.,global_brand,reviewed,official_parent_brand_page,SRC_JBS_FOODS_BRANDS,JBS Foods — Our Brands,https://jbsfoodsgroup.com/our-brands,2026-04-28,v0.3 source-harvested brand under JBS S.A. from JBS Foods — Our Brands; F&B r...,
B0358,Creative Food Solutions,Creative Food Solutions,P0027,JBS S.A.,global_brand,reviewed,official_parent_brand_page,SRC_JBS_FOODS_BRANDS,JBS Foods — Our Brands,https://jbsfoodsgroup.com/our-brands,2026-04-28,v0.3 source-harvested brand under JBS S.A. from JBS Foods — Our Brands; F&B r...,
B0353,Great Southern,Great Southern,P0027,JBS S.A.,global_brand,reviewed,official_parent_brand_page,SRC_JBS_FOODS_BRANDS,JBS Foods — Our Brands,https://jbsfoodsgroup.com/our-brands,2026-04-28,v0.3 source-harvested brand under JBS S.A. from JBS Foods — Our Brands; F&B r...,
B0352,Huon,Huon,P0027,JBS S.A.,global_brand,reviewed,official_parent_brand_page,SRC_JBS_FOODS_BRANDS,JBS Foods — Our Brands,https://jbsfoodsgroup.com/our-brands,2026-04-28,v0.3 source-harvested brand under JBS S.A. from JBS Foods — Our Brands; F&B r...,
B0357,King Island Beef,King Island Beef,P0027,JBS S.A.,global_brand,reviewed,official_parent_brand_page,SRC_JBS_FOODS_BRANDS,JBS Foods — Our Brands,https://jbsfoodsgroup.com/our-brands,2026-04-28,v0.3 source-harvested brand under JBS S.A. from JBS Foods — Our Brands; F&B r...,
B0351,Primo,Primo,P0027,JBS S.A.,global_brand,reviewed,official_parent_brand_page,SRC_JBS_FOODS_BRANDS,JBS Foods — Our Brands,https://jbsfoodsgroup.com/our-brands,2026-04-28,v0.3 source-harvested brand under JBS S.A. from JBS Foods — Our Brands; F&B r...,
B0355,Swift,Swift,P0027,JBS S.A.,global_brand,reviewed,official_parent_brand_page,SRC_JBS_FOODS_BRANDS,JBS Foods — Our Brands,https://jbsfoodsgroup.com/our-brands,2026-04-28,v0.3 source-harvested brand under JBS S.A. from JBS Foods — Our Brands; F&B r...,
B0363,Banvit,Banvit,P0028,BRF S.A.,global_brand,reviewed,official_parent_brand_page,SRC_BRF_BRANDS,BRF — Our Brands,https://www.mbrf.com/en/our-brands/,2026-04-28,v0.3 source-harvested brand under BRF S.A. from BRF — Our Brands; F&B relevan...,
B0365,Claybom,Claybom,P0028,BRF S.A.,global_brand,reviewed,official_parent_brand_page,SRC_BRF_BRANDS,BRF — Our Brands,https://www.mbrf.com/en/our-brands/,2026-04-28,v0.3 source-harvested brand under BRF S.A. from BRF — Our Brands; F&B relevan...,
B0364,Hilal,Hilal,P0028,BRF S.A.,global_brand,reviewed,official_parent_brand_page,SRC_BRF_BRANDS,BRF — Our Brands,https://www.mbrf.com/en/our-brands/,2026-04-28,v0.3 source-harvested brand under BRF S.A. from BRF — Our Brands; F&B relevan...,
B0360,Perdigão,Perdigão,P0028,BRF S.A.,global_brand,reviewed,official_parent_brand_page,SRC_BRF_BRANDS,BRF — Our Brands,https://www.mbrf.com/en/our-brands/,2026-04-28,v0.3 source-harvested brand under BRF S.A. from BRF — Our Brands; F&B relevan...,
B0362,Perdix,Perdix,P0028,BRF S.A.,global_brand,reviewed,official_parent_brand_page,SRC_BRF_BRANDS,BRF — Our Brands,https://www.mbrf.com/en/our-brands/,2026-04-28,v0.3 source-harvested brand under BRF S.A. from BRF — Our Brands; F&B relevan...,
B0361,Qualy,Qualy,P0028,BRF S.A.,global_brand,reviewed,official_parent_brand_page,SRC_BRF_BRANDS,BRF — Our Brands,https://www.mbrf.com/en/our-brands/,2026-04-28,v0.3 source-harvested brand under BRF S.A. from BRF — Our Brands; F&B relevan...,
B0359,Sadia,Sadia,P0028,BRF S.A.,global_brand,reviewed,official_parent_brand_page,SRC_BRF_BRANDS,BRF — Our Brands,https://www.mbrf.com/en/our-brands/,2026-04-28,v0.3 source-harvested brand under BRF S.A. from BRF — Our Brands; F&B relevan...,
B0373,Aidells,Aidells,P0029,"Tyson Foods, Inc.",global_brand,reviewed,official_parent_brand_page,SRC_TYSON_BRANDS,Tyson Foods — Our Brands,https://www.tysonfoods.com/our-brands,2026-04-28,"v0.3 source-harvested brand under Tyson Foods, Inc. from Tyson Foods — Our Br...",
B0370,Ball Park,Ball Park,P0029,"Tyson Foods, Inc.",global_brand,reviewed,official_parent_brand_page,SRC_TYSON_BRANDS,Tyson Foods — Our Brands,https://www.tysonfoods.com/our-brands,2026-04-28,"v0.3 source-harvested brand under Tyson Foods, Inc. from Tyson Foods — Our Br...",
B0368,Hillshire Farm,Hillshire Farm,P0029,"Tyson Foods, Inc.",global_brand,reviewed,official_parent_brand_page,SRC_TYSON_BRANDS,Tyson Foods — Our Brands,https://www.tysonfoods.com/our-brands,2026-04-28,"v0.3 source-harvested brand under Tyson Foods, Inc. from Tyson Foods — Our Br...",
B0369,Hillshire Snacking,Hillshire Snacking,P0029,"Tyson Foods, Inc.",global_brand,reviewed,official_parent_brand_page,SRC_TYSON_BRANDS,Tyson Foods — Our Brands,https://www.tysonfoods.com/our-brands,2026-04-28,"v0.3 source-harvested brand under Tyson Foods, Inc. from Tyson Foods — Our Br...",
B0374,IBP,IBP,P0029,"Tyson Foods, Inc.",global_brand,reviewed,official_parent_brand_page,SRC_TYSON_BRANDS,Tyson Foods — Our Brands,https://www.tysonfoods.com/our-brands,2026-04-28,"v0.3 source-harvested brand under Tyson Foods, Inc. from Tyson Foods — Our Br...",
B0367,Jimmy Dean,Jimmy Dean,P0029,"Tyson Foods, Inc.",global_brand,reviewed,official_parent_brand_page,SRC_TYSON_BRANDS,Tyson Foods — Our Brands,https://www.tysonfoods.com/our-brands,2026-04-28,"v0.3 source-harvested brand under Tyson Foods, Inc. from Tyson Foods — Our Br...",
B0375,Sara Lee Deli Meats,Sara Lee Deli Meats,P0029,"Tyson Foods, Inc.",global_brand,reviewed,official_parent_brand_page,SRC_TYSON_BRANDS,Tyson Foods — Our Brands,https://www.tysonfoods.com/our-brands,2026-04-28,"v0.3 source-harvested brand under Tyson Foods, Inc. from Tyson Foods — Our Br...",
B0372,State Fair,State Fair,P0029,"Tyson Foods, Inc.",global_brand,reviewed,official_parent_brand_page,SRC_TYSON_BRANDS,Tyson Foods — Our Brands,https://www.tysonfoods.com/our-brands,2026-04-28,"v0.3 source-harvested brand under Tyson Foods, Inc. from Tyson Foods — Our Br...",
B0366,Tyson,Tyson,P0029,"Tyson Foods, Inc.",global_brand,reviewed,official_parent_brand_page,SRC_TYSON_BRANDS,Tyson Foods — Our Brands,https://www.tysonfoods.com/our-brands,2026-04-28,"v0.3 source-harvested brand under Tyson Foods, Inc. from Tyson Foods — Our Br...",
B0371,Wright Brand,Wright Brand,P0029,"Tyson Foods, Inc.",global_brand,reviewed,official_parent_brand_page,SRC_TYSON_BRANDS,Tyson Foods — Our Brands,https://www.tysonfoods.com/our-brands,2026-04-28,"v0.3 source-harvested brand under Tyson Foods, Inc. from Tyson Foods — Our Br...",
B0380,Field Roast,Field Roast,P0030,Maple Leaf Foods Inc.,global_brand,reviewed,official_parent_brand_page,SRC_MAPLE_LEAF_BRANDS,Maple Leaf Foods — Brands,https://www.mapleleaffoods.com/brands/,2026-04-28,v0.3 source-harvested brand under Maple Leaf Foods Inc. from Maple Leaf Foods...,
B0378,Greenfield Natural Meat Co.,Greenfield Natural Meat Co.,P0030,Maple Leaf Foods Inc.,global_brand,reviewed,official_parent_brand_page,SRC_MAPLE_LEAF_BRANDS,Maple Leaf Foods — Brands,https://www.mapleleaffoods.com/brands/,2026-04-28,v0.3 source-harvested brand under Maple Leaf Foods Inc. from Maple Leaf Foods...,
B0379,Lightlife,Lightlife,P0030,Maple Leaf Foods Inc.,global_brand,reviewed,official_parent_brand_page,SRC_MAPLE_LEAF_BRANDS,Maple Leaf Foods — Brands,https://www.mapleleaffoods.com/brands/,2026-04-28,v0.3 source-harvested brand under Maple Leaf Foods Inc. from Maple Leaf Foods...,
B0382,Lunch Mate,Lunch Mate,P0030,Maple Leaf Foods Inc.,global_brand,reviewed,official_parent_brand_page,SRC_MAPLE_LEAF_BRANDS,Maple Leaf Foods — Brands,https://www.mapleleaffoods.com/brands/,2026-04-28,v0.3 source-harvested brand under Maple Leaf Foods Inc. from Maple Leaf Foods...,
B0376,Maple Leaf,Maple Leaf,P0030,Maple Leaf Foods Inc.,global_brand,reviewed,official_parent_brand_page,SRC_MAPLE_LEAF_BRANDS,Maple Leaf Foods — Brands,https://www.mapleleaffoods.com/brands/,2026-04-28,v0.3 source-harvested brand under Maple Leaf Foods Inc. from Maple Leaf Foods...,
B0381,Mighty Protein,Mighty Protein,P0030,Maple Leaf Foods Inc.,global_brand,reviewed,official_parent_brand_page,SRC_MAPLE_LEAF_BRANDS,Maple Leaf Foods — Brands,https://www.mapleleaffoods.com/brands/,2026-04-28,v0.3 source-harvested brand under Maple Leaf Foods Inc. from Maple Leaf Foods...,
B0383,Mina,Mina,P0030,Maple Leaf Foods Inc.,global_brand,reviewed,official_parent_brand_page,SRC_MAPLE_LEAF_BRANDS,Maple Leaf Foods — Brands,https://www.mapleleaffoods.com/brands/,2026-04-28,v0.3 source-harvested brand under Maple Leaf Foods Inc. from Maple Leaf Foods...,
B0377,Schneiders,Schneiders,P0030,Maple Leaf Foods Inc.,global_brand,reviewed,official_parent_brand_page,SRC_MAPLE_LEAF_BRANDS,Maple Leaf Foods — Brands,https://www.mapleleaffoods.com/brands/,2026-04-28,v0.3 source-harvested brand under Maple Leaf Foods Inc. from Maple Leaf Foods...,
B0384,Ambrosia,Ambrosia,P0031,Premier Foods plc,global_brand,reviewed,official_parent_brand_page,SRC_PREMIER_FOODS_BRANDS,Premier Foods — Our Brands,https://www.premierfoods.co.uk/our-brands/,2026-04-28,v0.3 source-harvested brand under Premier Foods plc from Premier Foods — Our ...,
B0388,Angel Delight,Angel Delight,P0031,Premier Foods plc,global_brand,reviewed,official_parent_brand_page,SRC_PREMIER_FOODS_BRANDS,Premier Foods — Our Brands,https://www.premierfoods.co.uk/our-brands/,2026-04-28,v0.3 source-harvested brand under Premier Foods plc from Premier Foods — Our ...,
B0386,Batchelors,Batchelors,P0031,Premier Foods plc,global_brand,reviewed,official_parent_brand_page,SRC_PREMIER_FOODS_BRANDS,Premier Foods — Our Brands,https://www.premierfoods.co.uk/our-brands/,2026-04-28,v0.3 source-harvested brand under Premier Foods plc from Premier Foods — Our ...,
B0385,Bisto,Bisto,P0031,Premier Foods plc,global_brand,reviewed,official_parent_brand_page,SRC_PREMIER_FOODS_BRANDS,Premier Foods — Our Brands,https://www.premierfoods.co.uk/our-brands/,2026-04-28,v0.3 source-harvested brand under Premier Foods plc from Premier Foods — Our ...,
B0389,Loyd Grossman,Loyd Grossman,P0031,Premier Foods plc,global_brand,reviewed,official_parent_brand_page,SRC_PREMIER_FOODS_BRANDS,Premier Foods — Our Brands,https://www.premierfoods.co.uk/our-brands/,2026-04-28,v0.3 source-harvested brand under Premier Foods plc from Premier Foods — Our ...,
B0160,Mr Kipling,Mr Kipling,P0031,Premier Foods plc,global_brand,reviewed,official_parent_brand_page,SRC_PREMIER_FOODS_BRANDS,Premier Foods — Our Brands,https://www.premierfoods.co.uk/our-brands/,2026-04-28,v0.3 source-harvested brand under Premier Foods plc from Premier Foods — Our ...,
B0387,Oxo,Oxo,P0031,Premier Foods plc,global_brand,reviewed,official_parent_brand_page,SRC_PREMIER_FOODS_BRANDS,Premier Foods — Our Brands,https://www.premierfoods.co.uk/our-brands/,2026-04-28,v0.3 source-harvested brand under Premier Foods plc from Premier Foods — Our ...,
B0159,Sharwood's,Sharwood's,P0031,Premier Foods plc,global_brand,reviewed,official_parent_brand_page,SRC_PREMIER_FOODS_BRANDS,Premier Foods — Our Brands,https://www.premierfoods.co.uk/our-brands/,2026-04-28,v0.3 source-harvested brand under Premier Foods plc from Premier Foods — Our ...,
B0158,The Spice Tailor,The Spice Tailor,P0031,Premier Foods plc,global_brand,reviewed,official_parent_brand_page,SRC_PREMIER_FOODS_BRANDS,Premier Foods — Our Brands,https://www.premierfoods.co.uk/our-brands/,2026-04-28,v0.3 source-harvested brand under Premier Foods plc from Premier Foods — Our ...,
B0161,Campbell's,Campbell's,P0032,Campbell's Company,global_brand,reviewed,official_brand_page,SRC_CAMPBELLS_ANZ_PRODUCTS,Campbell's ANZ — Products,https://www.campbellsanz.com/products,2026-04-28,v0.3 source-harvested brand under Campbell's Company from Campbell's ANZ — Pr...,
B0163,Kettle,Kettle,P0156,Intersnack Group GmbH & Co. KG,global_brand,reviewed,official_parent_brand_page,SRC_INTERSNACK_BRANDS,Intersnack Group — Brands Overview,https://www.intersnackgroup.com/brands/overview,2026-04-29,Founder exception review confirmed Kettle is owned by Intersnack Group GmbH & Co. KG; Snackbrands Australia retained as local operational entity context.,v0.13 schema/data consistency fix: existing Kettle brand row updated from Campbell’s to Intersnack; former B0650 alias references retargeted to this row.
B0392,Pace,Pace,P0032,Campbell's Company,global_brand,reviewed,official_brand_page,SRC_CAMPBELLS_ANZ_PRODUCTS,Campbell's ANZ — Products,https://www.campbellsanz.com/products,2026-04-28,v0.3 source-harvested brand under Campbell's Company from Campbell's ANZ — Pr...,
B0393,Pacific Foods,Pacific Foods,P0032,Campbell's Company,global_brand,reviewed,official_brand_page,SRC_CAMPBELLS_ANZ_PRODUCTS,Campbell's ANZ — Products,https://www.campbellsanz.com/products,2026-04-28,v0.3 source-harvested brand under Campbell's Company from Campbell's ANZ — Pr...,
B0391,Prego,Prego,P0032,Campbell's Company,global_brand,reviewed,official_brand_page,SRC_CAMPBELLS_ANZ_PRODUCTS,Campbell's ANZ — Products,https://www.campbellsanz.com/products,2026-04-28,v0.3 source-harvested brand under Campbell's Company from Campbell's ANZ — Pr...,
B0390,Swanson,Swanson,P0032,Campbell's Company,global_brand,reviewed,official_brand_page,SRC_CAMPBELLS_ANZ_PRODUCTS,Campbell's ANZ — Products,https://www.campbellsanz.com/products,2026-04-28,v0.3 source-harvested brand under Campbell's Company from Campbell's ANZ — Pr...,
B0162,V8,V8,P0032,Campbell's Company,global_brand,reviewed,official_brand_page,SRC_CAMPBELLS_ANZ_PRODUCTS,Campbell's ANZ — Products,https://www.campbellsanz.com/products,2026-04-28,v0.3 source-harvested brand under Campbell's Company from Campbell's ANZ — Pr...,
B0398,Brookside,Brookside,P0033,The Hershey Company,global_brand,reviewed,official_parent_brand_page,SRC_HERSHEY_BRANDS,The Hershey Company — Brands,https://www.thehersheycompany.com/en_us/home/brands.html,2026-04-28,v0.3 source-harvested brand under The Hershey Company from The Hershey Compan...,
B0164,Hershey's,Hershey's,P0033,The Hershey Company,global_brand,reviewed,official_parent_brand_page,SRC_HERSHEY_BRANDS,The Hershey Company — Brands,https://www.thehersheycompany.com/en_us/home/brands.html,2026-04-28,v0.3 source-harvested brand under The Hershey Company from The Hershey Compan...,
B0166,Ice Breakers,Ice Breakers,P0033,The Hershey Company,global_brand,reviewed,official_parent_brand_page,SRC_HERSHEY_BRANDS,The Hershey Company — Brands,https://www.thehersheycompany.com/en_us/home/brands.html,2026-04-28,v0.3 source-harvested brand under The Hershey Company from The Hershey Compan...,
B0394,Jolly Rancher,Jolly Rancher,P0033,The Hershey Company,global_brand,reviewed,official_parent_brand_page,SRC_HERSHEY_BRANDS,The Hershey Company — Brands,https://www.thehersheycompany.com/en_us/home/brands.html,2026-04-28,v0.3 source-harvested brand under The Hershey Company from The Hershey Compan...,
B0397,Pirate's Booty,Pirate's Booty,P0033,The Hershey Company,global_brand,reviewed,official_parent_brand_page,SRC_HERSHEY_BRANDS,The Hershey Company — Brands,https://www.thehersheycompany.com/en_us/home/brands.html,2026-04-28,v0.3 source-harvested brand under The Hershey Company from The Hershey Compan...,
B0165,Reese's,Reese's,P0033,The Hershey Company,global_brand,reviewed,official_parent_brand_page,SRC_HERSHEY_BRANDS,The Hershey Company — Brands,https://www.thehersheycompany.com/en_us/home/brands.html,2026-04-28,v0.3 source-harvested brand under The Hershey Company from The Hershey Compan...,
B0396,SkinnyPop,SkinnyPop,P0033,The Hershey Company,global_brand,reviewed,official_parent_brand_page,SRC_HERSHEY_BRANDS,The Hershey Company — Brands,https://www.thehersheycompany.com/en_us/home/brands.html,2026-04-28,v0.3 source-harvested brand under The Hershey Company from The Hershey Compan...,
B0395,Twizzlers,Twizzlers,P0033,The Hershey Company,global_brand,reviewed,official_parent_brand_page,SRC_HERSHEY_BRANDS,The Hershey Company — Brands,https://www.thehersheycompany.com/en_us/home/brands.html,2026-04-28,v0.3 source-harvested brand under The Hershey Company from The Hershey Compan...,
B0168,Aeroplane Jelly,Aeroplane Jelly,P0034,"McCormick & Company, Inc.",global_brand,reviewed,official_parent_brand_page,SRC_MCCORMICK_CORP_BRANDS,McCormick Corporation — Brands,https://www.mccormickcorporation.com/brands,2026-04-28,"v0.3 source-harvested brand under McCormick & Company, Inc. from McCormick Co...",
B0404,Billy Bee,Billy Bee,P0034,"McCormick & Company, Inc.",global_brand,reviewed,official_parent_brand_page,SRC_MCCORMICK_CORP_BRANDS,McCormick Corporation — Brands,https://www.mccormickcorporation.com/brands,2026-04-28,"v0.3 source-harvested brand under McCormick & Company, Inc. from McCormick Co...",
B0401,Cholula,Cholula,P0034,"McCormick & Company, Inc.",global_brand,reviewed,official_parent_brand_page,SRC_MCCORMICK_CORP_BRANDS,McCormick Corporation — Brands,https://www.mccormickcorporation.com/brands,2026-04-28,"v0.3 source-harvested brand under McCormick & Company, Inc. from McCormick Co...",
B0400,Frank's RedHot,Frank's RedHot,P0034,"McCormick & Company, Inc.",global_brand,reviewed,official_parent_brand_page,SRC_MCCORMICK_CORP_BRANDS,McCormick Corporation — Brands,https://www.mccormickcorporation.com/brands,2026-04-28,"v0.3 source-harvested brand under McCormick & Company, Inc. from McCormick Co...",
B0399,French's,French's,P0034,"McCormick & Company, Inc.",global_brand,reviewed,official_parent_brand_page,SRC_MCCORMICK_CORP_BRANDS,McCormick Corporation — Brands,https://www.mccormickcorporation.com/brands,2026-04-28,"v0.3 source-harvested brand under McCormick & Company, Inc. from McCormick Co...",
B0170,Gourmet Garden,Gourmet Garden,P0034,"McCormick & Company, Inc.",global_brand,reviewed,official_parent_brand_page,SRC_MCCORMICK_CORP_BRANDS,McCormick Corporation — Brands,https://www.mccormickcorporation.com/brands,2026-04-28,"v0.3 source-harvested brand under McCormick & Company, Inc. from McCormick Co...",
B0403,Grill Mates,Grill Mates,P0034,"McCormick & Company, Inc.",global_brand,reviewed,official_parent_brand_page,SRC_MCCORMICK_CORP_BRANDS,McCormick Corporation — Brands,https://www.mccormickcorporation.com/brands,2026-04-28,"v0.3 source-harvested brand under McCormick & Company, Inc. from McCormick Co...",
B0169,Keen's,Keen's,P0034,"McCormick & Company, Inc.",global_brand,reviewed,official_parent_brand_page,SRC_MCCORMICK_CORP_BRANDS,McCormick Corporation — Brands,https://www.mccormickcorporation.com/brands,2026-04-28,"v0.3 source-harvested brand under McCormick & Company, Inc. from McCormick Co...",
B0167,McCormick,McCormick,P0034,"McCormick & Company, Inc.",global_brand,reviewed,official_parent_brand_page,SRC_MCCORMICK_CORP_BRANDS,McCormick Corporation — Brands,https://www.mccormickcorporation.com/brands,2026-04-28,"v0.3 source-harvested brand under McCormick & Company, Inc. from McCormick Co...",
B0402,Old Bay,Old Bay,P0034,"McCormick & Company, Inc.",global_brand,reviewed,official_parent_brand_page,SRC_MCCORMICK_CORP_BRANDS,McCormick Corporation — Brands,https://www.mccormickcorporation.com/brands,2026-04-28,"v0.3 source-harvested brand under McCormick & Company, Inc. from McCormick Co...",
B0410,Barcel,Barcel,P0035,"Grupo Bimbo, S.A.B. de C.V.",global_brand,reviewed,official_parent_brand_page,SRC_GRUPO_BIMBO_BRANDS,Grupo Bimbo — Brands,https://grupobimbo.com/en/brands,2026-04-28,"v0.3 source-harvested brand under Grupo Bimbo, S.A.B. de C.V. from Grupo Bimb...",
B0405,Bimbo,Bimbo,P0035,"Grupo Bimbo, S.A.B. de C.V.",global_brand,reviewed,official_parent_brand_page,SRC_GRUPO_BIMBO_BRANDS,Grupo Bimbo — Brands,https://grupobimbo.com/en/brands,2026-04-28,"v0.3 source-harvested brand under Grupo Bimbo, S.A.B. de C.V. from Grupo Bimb...",
B0408,Entenmann's,Entenmann's,P0035,"Grupo Bimbo, S.A.B. de C.V.",global_brand,reviewed,official_parent_brand_page,SRC_GRUPO_BIMBO_BRANDS,Grupo Bimbo — Brands,https://grupobimbo.com/en/brands,2026-04-28,"v0.3 source-harvested brand under Grupo Bimbo, S.A.B. de C.V. from Grupo Bimb...",
B0407,Marinela,Marinela,P0035,"Grupo Bimbo, S.A.B. de C.V.",global_brand,reviewed,official_parent_brand_page,SRC_GRUPO_BIMBO_BRANDS,Grupo Bimbo — Brands,https://grupobimbo.com/en/brands,2026-04-28,"v0.3 source-harvested brand under Grupo Bimbo, S.A.B. de C.V. from Grupo Bimb...",
B0411,Oroweat,Oroweat,P0035,"Grupo Bimbo, S.A.B. de C.V.",global_brand,reviewed,official_parent_brand_page,SRC_GRUPO_BIMBO_BRANDS,Grupo Bimbo — Brands,https://grupobimbo.com/en/brands,2026-04-28,"v0.3 source-harvested brand under Grupo Bimbo, S.A.B. de C.V. from Grupo Bimb...",
B0406,Sara Lee,Sara Lee,P0035,"Grupo Bimbo, S.A.B. de C.V.",global_brand,archived,official_parent_brand_page,SRC_GRUPO_BIMBO_BRANDS,Grupo Bimbo — Brands,https://grupobimbo.com/en/brands,2026-04-28,"v0.3 source-harvested brand under Grupo Bimbo, S.A.B. de C.V. from Grupo Bimb...",SUPPRESS_CURRENT 2026-08-16: competing or stale AU/NZ current-chain mapping; retain reviewed counterpart or fail closed
B0409,Takis,Takis,P0035,"Grupo Bimbo, S.A.B. de C.V.",global_brand,reviewed,official_parent_brand_page,SRC_GRUPO_BIMBO_BRANDS,Grupo Bimbo — Brands,https://grupobimbo.com/en/brands,2026-04-28,"v0.3 source-harvested brand under Grupo Bimbo, S.A.B. de C.V. from Grupo Bimb...",
B0412,Thomas',Thomas',P0035,"Grupo Bimbo, S.A.B. de C.V.",global_brand,reviewed,official_parent_brand_page,SRC_GRUPO_BIMBO_BRANDS,Grupo Bimbo — Brands,https://grupobimbo.com/en/brands,2026-04-28,"v0.3 source-harvested brand under Grupo Bimbo, S.A.B. de C.V. from Grupo Bimb...",
B0416,7UP,7UP,P0036,Keurig Dr Pepper Inc.,global_brand,reviewed,official_parent_brand_page,SRC_KDP_BRANDS,Keurig Dr Pepper — Brands,https://www.keurigdrpepper.com/brands/,2026-04-28,v0.3 source-harvested brand under Keurig Dr Pepper Inc. from Keurig Dr Pepper...,
B0418,A&W,A&W,P0036,Keurig Dr Pepper Inc.,global_brand,reviewed,official_parent_brand_page,SRC_KDP_BRANDS,Keurig Dr Pepper — Brands,https://www.keurigdrpepper.com/brands/,2026-04-28,v0.3 source-harvested brand under Keurig Dr Pepper Inc. from Keurig Dr Pepper...,
B0415,Canada Dry,Canada Dry,P0036,Keurig Dr Pepper Inc.,global_brand,reviewed,official_parent_brand_page,SRC_KDP_BRANDS,Keurig Dr Pepper — Brands,https://www.keurigdrpepper.com/brands/,2026-04-28,v0.3 source-harvested brand under Keurig Dr Pepper Inc. from Keurig Dr Pepper...,
B0413,Dr Pepper,Dr Pepper,P0036,Keurig Dr Pepper Inc.,global_brand,reviewed,official_parent_brand_page,SRC_KDP_BRANDS,Keurig Dr Pepper — Brands,https://www.keurigdrpepper.com/brands/,2026-04-28,v0.3 source-harvested brand under Keurig Dr Pepper Inc. from Keurig Dr Pepper...,
B0422,Green Mountain Coffee,Green Mountain Coffee,P0036,Keurig Dr Pepper Inc.,global_brand,reviewed,official_parent_brand_page,SRC_KDP_BRANDS,Keurig Dr Pepper — Brands,https://www.keurigdrpepper.com/brands/,2026-04-28,v0.3 source-harvested brand under Keurig Dr Pepper Inc. from Keurig Dr Pepper...,
B0419,Hawaiian Punch,Hawaiian Punch,P0036,Keurig Dr Pepper Inc.,global_brand,reviewed,official_parent_brand_page,SRC_KDP_BRANDS,Keurig Dr Pepper — Brands,https://www.keurigdrpepper.com/brands/,2026-04-28,v0.3 source-harvested brand under Keurig Dr Pepper Inc. from Keurig Dr Pepper...,
B0423,Keurig,Keurig,P0036,Keurig Dr Pepper Inc.,global_brand,reviewed,official_parent_brand_page,SRC_KDP_BRANDS,Keurig Dr Pepper — Brands,https://www.keurigdrpepper.com/brands/,2026-04-28,v0.3 source-harvested brand under Keurig Dr Pepper Inc. from Keurig Dr Pepper...,
B0421,Mott's,Mott's,P0036,Keurig Dr Pepper Inc.,global_brand,reviewed,official_parent_brand_page,SRC_KDP_BRANDS,Keurig Dr Pepper — Brands,https://www.keurigdrpepper.com/brands/,2026-04-28,v0.3 source-harvested brand under Keurig Dr Pepper Inc. from Keurig Dr Pepper...,
B0414,Schweppes,Schweppes,P0036,Keurig Dr Pepper Inc.,global_brand,archived,official_parent_brand_page,SRC_KDP_BRANDS,Keurig Dr Pepper — Brands,https://www.keurigdrpepper.com/brands/,2026-04-28,v0.3 source-harvested brand under Keurig Dr Pepper Inc. from Keurig Dr Pepper...,SUPPRESS_CURRENT 2026-08-16: competing or stale AU/NZ current-chain mapping; retain reviewed counterpart or fail closed
B0420,Snapple,Snapple,P0036,Keurig Dr Pepper Inc.,global_brand,reviewed,official_parent_brand_page,SRC_KDP_BRANDS,Keurig Dr Pepper — Brands,https://www.keurigdrpepper.com/brands/,2026-04-28,v0.3 source-harvested brand under Keurig Dr Pepper Inc. from Keurig Dr Pepper...,
B0417,Sunkist,Sunkist,P0036,Keurig Dr Pepper Inc.,global_brand,archived,official_parent_brand_page,SRC_KDP_BRANDS,Keurig Dr Pepper — Brands,https://www.keurigdrpepper.com/brands/,2026-04-28,v0.3 source-harvested brand under Keurig Dr Pepper Inc. from Keurig Dr Pepper...,SUPPRESS_CURRENT 2026-08-16: competing or stale AU/NZ current-chain mapping; retain reviewed counterpart or fail closed
B0429,Fresh Up,Fresh Up,P0037,Suntory Holdings Limited,global_brand,reviewed,official_parent_brand_page,SRC_SUNTORY_OCEANIA_BRANDS,Suntory Oceania — Brands,https://www.suntoryoceania.com/brands/,2026-04-28,v0.3 source-harvested brand under Suntory Holdings Limited from Suntory Ocean...,
B0433,G-Force,G-Force,P0037,Suntory Holdings Limited,global_brand,reviewed,official_parent_brand_page,SRC_SUNTORY_OCEANIA_BRANDS,Suntory Oceania — Brands,https://www.suntoryoceania.com/brands/,2026-04-28,v0.3 source-harvested brand under Suntory Holdings Limited from Suntory Ocean...,
B0430,h2go,h2go,P0037,Suntory Holdings Limited,global_brand,reviewed,official_parent_brand_page,SRC_SUNTORY_OCEANIA_BRANDS,Suntory Oceania — Brands,https://www.suntoryoceania.com/brands/,2026-04-28,v0.3 source-harvested brand under Suntory Holdings Limited from Suntory Ocean...,
B0428,Just Juice,Just Juice,P0037,Suntory Holdings Limited,global_brand,reviewed,official_parent_brand_page,SRC_SUNTORY_OCEANIA_BRANDS,Suntory Oceania — Brands,https://www.suntoryoceania.com/brands/,2026-04-28,v0.3 source-harvested brand under Suntory Holdings Limited from Suntory Ocean...,
B0432,Lucozade,Lucozade,P0037,Suntory Holdings Limited,global_brand,reviewed,official_parent_brand_page,SRC_SUNTORY_OCEANIA_BRANDS,Suntory Oceania — Brands,https://www.suntoryoceania.com/brands/,2026-04-28,v0.3 source-harvested brand under Suntory Holdings Limited from Suntory Ocean...,
B0426,Maximus,Maximus,P0037,Suntory Holdings Limited,global_brand,reviewed,official_parent_brand_page,SRC_SUNTORY_OCEANIA_BRANDS,Suntory Oceania — Brands,https://www.suntoryoceania.com/brands/,2026-04-28,v0.3 source-harvested brand under Suntory Holdings Limited from Suntory Ocean...,
B0427,Mizone,Mizone,P0037,Suntory Holdings Limited,global_brand,reviewed,official_parent_brand_page,SRC_SUNTORY_OCEANIA_BRANDS,Suntory Oceania — Brands,https://www.suntoryoceania.com/brands/,2026-04-28,v0.3 source-harvested brand under Suntory Holdings Limited from Suntory Ocean...,
B0434,NZ Natural,NZ Natural,P0037,Suntory Holdings Limited,global_brand,reviewed,official_parent_brand_page,SRC_SUNTORY_OCEANIA_BRANDS,Suntory Oceania — Brands,https://www.suntoryoceania.com/brands/,2026-04-28,v0.3 source-harvested brand under Suntory Holdings Limited from Suntory Ocean...,
B0431,Ribena,Ribena,P0037,Suntory Holdings Limited,global_brand,reviewed,official_parent_brand_page,SRC_SUNTORY_OCEANIA_BRANDS,Suntory Oceania — Brands,https://www.suntoryoceania.com/brands/,2026-04-28,v0.3 source-harvested brand under Suntory Holdings Limited from Suntory Ocean...,
B0425,Suntory BOSS Coffee,Suntory BOSS Coffee,P0037,Suntory Holdings Limited,global_brand,reviewed,official_parent_brand_page,SRC_SUNTORY_OCEANIA_BRANDS,Suntory Oceania — Brands,https://www.suntoryoceania.com/brands/,2026-04-28,v0.3 source-harvested brand under Suntory Holdings Limited from Suntory Ocean...,
B0424,V Energy,V Energy,P0037,Suntory Holdings Limited,global_brand,reviewed,official_parent_brand_page,SRC_SUNTORY_OCEANIA_BRANDS,Suntory Oceania — Brands,https://www.suntoryoceania.com/brands/,2026-04-28,v0.3 source-harvested brand under Suntory Holdings Limited from Suntory Ocean...,
B0440,Allpress Espresso,Allpress Espresso,P0038,"Asahi Group Holdings, Ltd.",global_brand,reviewed,official_parent_brand_page,SRC_ASAHI_BEVERAGES_BRANDS,Asahi Beverages — About/Brands,https://www.asahibeverages.com/about-us,2026-04-28,"v0.3 source-harvested brand under Asahi Group Holdings, Ltd. from Asahi Bever...",
B0437,Cool Ridge,Cool Ridge,P0038,"Asahi Group Holdings, Ltd.",global_brand,reviewed,official_parent_brand_page,SRC_ASAHI_BEVERAGES_BRANDS,Asahi Beverages — About/Brands,https://www.asahibeverages.com/about-us,2026-04-28,"v0.3 source-harvested brand under Asahi Group Holdings, Ltd. from Asahi Bever...",
B0438,Cottee's,Cottee's,P0038,"Asahi Group Holdings, Ltd.",global_brand,reviewed,official_parent_brand_page,SRC_ASAHI_BEVERAGES_BRANDS,Asahi Beverages — About/Brands,https://www.asahibeverages.com/about-us,2026-04-28,"v0.3 source-harvested brand under Asahi Group Holdings, Ltd. from Asahi Bever...",
B0443,Gatorade,Gatorade,P0038,"Asahi Group Holdings, Ltd.",global_brand,archived,official_parent_brand_page,SRC_ASAHI_BEVERAGES_BRANDS,Asahi Beverages — About/Brands,https://www.asahibeverages.com/about-us,2026-04-28,"v0.3 source-harvested brand under Asahi Group Holdings, Ltd. from Asahi Bever...",SUPPRESS_CURRENT 2026-08-16: competing or stale AU/NZ current-chain mapping; retain reviewed counterpart or fail closed
B0444,Lipton Iced Tea,Lipton Iced Tea,P0038,"Asahi Group Holdings, Ltd.",global_brand,archived,official_parent_brand_page,SRC_ASAHI_BEVERAGES_BRANDS,Asahi Beverages — About/Brands,https://www.asahibeverages.com/about-us,2026-04-28,"v0.3 source-harvested brand under Asahi Group Holdings, Ltd. from Asahi Bever...",SUPPRESS_CURRENT 2026-08-16: competing or stale AU/NZ current-chain mapping; retain reviewed counterpart or fail closed
B0442,Pepsi,Pepsi,P0038,"Asahi Group Holdings, Ltd.",global_brand,archived,official_parent_brand_page,SRC_ASAHI_BEVERAGES_BRANDS,Asahi Beverages — About/Brands,https://www.asahibeverages.com/about-us,2026-04-28,"v0.3 source-harvested brand under Asahi Group Holdings, Ltd. from Asahi Bever...",SUPPRESS_CURRENT 2026-08-16: competing or stale AU/NZ current-chain mapping; retain reviewed counterpart or fail closed
B0435,Schweppes,Schweppes,P0038,"Asahi Group Holdings, Ltd.",global_brand,reviewed,official_parent_brand_page,SRC_ASAHI_BEVERAGES_BRANDS,Asahi Beverages — About/Brands,https://www.asahibeverages.com/about-us,2026-04-28,"v0.3 source-harvested brand under Asahi Group Holdings, Ltd. from Asahi Bever...",
B0436,Solo,Solo,P0038,"Asahi Group Holdings, Ltd.",global_brand,reviewed,official_parent_brand_page,SRC_ASAHI_BEVERAGES_BRANDS,Asahi Beverages — About/Brands,https://www.asahibeverages.com/about-us,2026-04-28,"v0.3 source-harvested brand under Asahi Group Holdings, Ltd. from Asahi Bever...",
B0439,Spring Valley,Spring Valley,P0038,"Asahi Group Holdings, Ltd.",global_brand,reviewed,official_parent_brand_page,SRC_ASAHI_BEVERAGES_BRANDS,Asahi Beverages — About/Brands,https://www.asahibeverages.com/about-us,2026-04-28,"v0.3 source-harvested brand under Asahi Group Holdings, Ltd. from Asahi Bever...",
B0441,StrangeLove,StrangeLove,P0038,"Asahi Group Holdings, Ltd.",global_brand,reviewed,official_parent_brand_page,SRC_ASAHI_BEVERAGES_BRANDS,Asahi Beverages — About/Brands,https://www.asahibeverages.com/about-us,2026-04-28,"v0.3 source-harvested brand under Asahi Group Holdings, Ltd. from Asahi Bever...",
B0446,Sunkist,Sunkist,P0038,"Asahi Group Holdings, Ltd.",global_brand,archived,official_parent_brand_page,SRC_ASAHI_BEVERAGES_BRANDS,Asahi Beverages — About/Brands,https://www.asahibeverages.com/about-us,2026-04-28,"v0.3 source-harvested brand under Asahi Group Holdings, Ltd. from Asahi Bever...",SUPPRESS_CURRENT 2026-08-16: competing or stale AU/NZ current-chain mapping; retain reviewed counterpart or fail closed
B0445,T2 Iced Tea,T2 Iced Tea,P0038,"Asahi Group Holdings, Ltd.",global_brand,archived,official_parent_brand_page,SRC_ASAHI_BEVERAGES_BRANDS,Asahi Beverages — About/Brands,https://www.asahibeverages.com/about-us,2026-04-28,"v0.3 source-harvested brand under Asahi Group Holdings, Ltd. from Asahi Bever...",SUPPRESS_CURRENT 2026-08-16: competing or stale AU/NZ current-chain mapping; retain reviewed counterpart or fail closed
B0449,Afternoon Tea,Afternoon Tea,P0039,"Kirin Holdings Company, Limited",global_brand,reviewed,manual_stewardship,SRC_KIRIN_BRANDS,Kirin non-alcohol shelf relevance seed,https://www.kirinholdings.com/en/,2026-04-28,"v0.3 source-harvested brand under Kirin Holdings Company, Limited from Kirin ...",
B0447,Kirin,Kirin,P0039,"Kirin Holdings Company, Limited",global_brand,reviewed,manual_stewardship,SRC_KIRIN_BRANDS,Kirin non-alcohol shelf relevance seed,https://www.kirinholdings.com/en/,2026-04-28,"v0.3 source-harvested brand under Kirin Holdings Company, Limited from Kirin ...",
B0448,Kirin Beverage,Kirin Beverage,P0039,"Kirin Holdings Company, Limited",global_brand,reviewed,manual_stewardship,SRC_KIRIN_BRANDS,Kirin non-alcohol shelf relevance seed,https://www.kirinholdings.com/en/,2026-04-28,"v0.3 source-harvested brand under Kirin Holdings Company, Limited from Kirin ...",
B0457,Chelsea Sugar,Chelsea Sugar,P0040,Goodman Fielder Pty Limited,local_brand,reviewed,official_parent_brand_page,SRC_GOODMAN_FIELDER_BRANDS,Goodman Fielder — Brands,https://goodmanfielder.com/brands/,2026-04-28,v0.3 source-harvested brand under Goodman Fielder Pty Limited from Goodman Fi...,
B0455,Cornwell's,Cornwell's,P0040,Goodman Fielder Pty Limited,local_brand,reviewed,official_parent_brand_page,SRC_GOODMAN_FIELDER_BRANDS,Goodman Fielder — Brands,https://goodmanfielder.com/brands/,2026-04-28,v0.3 source-harvested brand under Goodman Fielder Pty Limited from Goodman Fi...,
B0461,Crest,Crest,P0040,Goodman Fielder Pty Limited,local_brand,reviewed,official_parent_brand_page,SRC_GOODMAN_FIELDER_BRANDS,Goodman Fielder — Brands,https://goodmanfielder.com/brands/,2026-04-28,v0.3 source-harvested brand under Goodman Fielder Pty Limited from Goodman Fi...,
B0453,Crisco,Crisco,P0040,Goodman Fielder Pty Limited,local_brand,reviewed,official_parent_brand_page,SRC_GOODMAN_FIELDER_BRANDS,Goodman Fielder — Brands,https://goodmanfielder.com/brands/,2026-04-28,v0.3 source-harvested brand under Goodman Fielder Pty Limited from Goodman Fi...,
B0451,CSR Sugar,CSR Sugar,P0040,Goodman Fielder Pty Limited,local_brand,reviewed,official_parent_brand_page,SRC_GOODMAN_FIELDER_BRANDS,Goodman Fielder — Brands,https://goodmanfielder.com/brands/,2026-04-28,v0.3 source-harvested brand under Goodman Fielder Pty Limited from Goodman Fi...,
B0458,Edmonds,Edmonds,P0040,Goodman Fielder Pty Limited,local_brand,reviewed,official_parent_brand_page,SRC_GOODMAN_FIELDER_BRANDS,Goodman Fielder — Brands,https://goodmanfielder.com/brands/,2026-04-28,v0.3 source-harvested brand under Goodman Fielder Pty Limited from Goodman Fi...,
B0460,Flame,Flame,P0040,Goodman Fielder Pty Limited,local_brand,reviewed,official_parent_brand_page,SRC_GOODMAN_FIELDER_BRANDS,Goodman Fielder — Brands,https://goodmanfielder.com/brands/,2026-04-28,v0.3 source-harvested brand under Goodman Fielder Pty Limited from Goodman Fi...,
B0454,Fortune,Fortune,P0040,Goodman Fielder Pty Limited,local_brand,reviewed,official_parent_brand_page,SRC_GOODMAN_FIELDER_BRANDS,Goodman Fielder — Brands,https://goodmanfielder.com/brands/,2026-04-28,v0.3 source-harvested brand under Goodman Fielder Pty Limited from Goodman Fi...,
B0171,Helga's,Helga's,P0040,Goodman Fielder Pty Limited,local_brand,reviewed,official_parent_brand_page,SRC_GOODMAN_FIELDER_BRANDS,Goodman Fielder — Brands,https://goodmanfielder.com/brands/,2026-04-28,v0.3 source-harvested brand under Goodman Fielder Pty Limited from Goodman Fi...,
B0456,Meadow Fresh,Meadow Fresh,P0040,Goodman Fielder Pty Limited,local_brand,reviewed,official_parent_brand_page,SRC_GOODMAN_FIELDER_BRANDS,Goodman Fielder — Brands,https://goodmanfielder.com/brands/,2026-04-28,v0.3 source-harvested brand under Goodman Fielder Pty Limited from Goodman Fi...,
B0172,MeadowLea,MeadowLea,P0040,Goodman Fielder Pty Limited,local_brand,reviewed,official_parent_brand_page,SRC_GOODMAN_FIELDER_BRANDS,Goodman Fielder — Brands,https://goodmanfielder.com/brands/,2026-04-28,v0.3 source-harvested brand under Goodman Fielder Pty Limited from Goodman Fi...,
B0452,Pampas,Pampas,P0040,Goodman Fielder Pty Limited,local_brand,reviewed,official_parent_brand_page,SRC_GOODMAN_FIELDER_BRANDS,Goodman Fielder — Brands,https://goodmanfielder.com/brands/,2026-04-28,v0.3 source-harvested brand under Goodman Fielder Pty Limited from Goodman Fi...,
B0173,Praise,Praise,P0040,Goodman Fielder Pty Limited,local_brand,reviewed,official_parent_brand_page,SRC_GOODMAN_FIELDER_BRANDS,Goodman Fielder — Brands,https://goodmanfielder.com/brands/,2026-04-28,v0.3 source-harvested brand under Goodman Fielder Pty Limited from Goodman Fi...,
B0459,Puhoi Valley,Puhoi Valley,P0040,Goodman Fielder Pty Limited,local_brand,reviewed,official_parent_brand_page,SRC_GOODMAN_FIELDER_BRANDS,Goodman Fielder — Brands,https://goodmanfielder.com/brands/,2026-04-28,v0.3 source-harvested brand under Goodman Fielder Pty Limited from Goodman Fi...,
B0175,Vogel's,Vogel's,P0040,Goodman Fielder Pty Limited,local_brand,reviewed,official_parent_brand_page,SRC_GOODMAN_FIELDER_BRANDS,Goodman Fielder — Brands,https://goodmanfielder.com/brands/,2026-04-28,v0.3 source-harvested brand under Goodman Fielder Pty Limited from Goodman Fi...,
B0174,White Wings,White Wings,P0040,Goodman Fielder Pty Limited,local_brand,reviewed,official_parent_brand_page,SRC_GOODMAN_FIELDER_BRANDS,Goodman Fielder — Brands,https://goodmanfielder.com/brands/,2026-04-28,v0.3 source-harvested brand under Goodman Fielder Pty Limited from Goodman Fi...,
B0450,Wonder,Wonder,P0040,Goodman Fielder Pty Limited,local_brand,reviewed,official_parent_brand_page,SRC_GOODMAN_FIELDER_BRANDS,Goodman Fielder — Brands,https://goodmanfielder.com/brands/,2026-04-28,v0.3 source-harvested brand under Goodman Fielder Pty Limited from Goodman Fi...,
B0176,Birds Eye,Birds Eye,P0041,Simplot Australia Pty Limited,local_brand,reviewed,official_parent_brand_page,SRC_SIMPLOT_BRANDS,Simplot Australia — Brands,https://simplot.com.au/brands,2026-04-28,v0.3 source-harvested brand under Simplot Australia Pty Limited from Simplot ...,
B0466,Chicken Tonight,Chicken Tonight,P0041,Simplot Australia Pty Limited,local_brand,reviewed,official_parent_brand_page,SRC_SIMPLOT_BRANDS,Simplot Australia — Brands,https://simplot.com.au/brands,2026-04-28,v0.3 source-harvested brand under Simplot Australia Pty Limited from Simplot ...,
B0180,Chiko,Chiko,P0041,Simplot Australia Pty Limited,local_brand,reviewed,official_parent_brand_page,SRC_SIMPLOT_BRANDS,Simplot Australia — Brands,https://simplot.com.au/brands,2026-04-28,v0.3 source-harvested brand under Simplot Australia Pty Limited from Simplot ...,
B0177,Edgell,Edgell,P0041,Simplot Australia Pty Limited,local_brand,reviewed,official_parent_brand_page,SRC_SIMPLOT_BRANDS,Simplot Australia — Brands,https://simplot.com.au/brands,2026-04-28,v0.3 source-harvested brand under Simplot Australia Pty Limited from Simplot ...,
B0465,Five Brothers,Five Brothers,P0041,Simplot Australia Pty Limited,local_brand,reviewed,official_parent_brand_page,SRC_SIMPLOT_BRANDS,Simplot Australia — Brands,https://simplot.com.au/brands,2026-04-28,v0.3 source-harvested brand under Simplot Australia Pty Limited from Simplot ...,
B0463,Harvest,Harvest,P0041,Simplot Australia Pty Limited,local_brand,reviewed,official_parent_brand_page,SRC_SIMPLOT_BRANDS,Simplot Australia — Brands,https://simplot.com.au/brands,2026-04-28,v0.3 source-harvested brand under Simplot Australia Pty Limited from Simplot ...,
B0462,I&J,I&J,P0041,Simplot Australia Pty Limited,local_brand,reviewed,official_parent_brand_page,SRC_SIMPLOT_BRANDS,Simplot Australia — Brands,https://simplot.com.au/brands,2026-04-28,v0.3 source-harvested brand under Simplot Australia Pty Limited from Simplot ...,
B0178,John West,John West,P0041,Simplot Australia Pty Limited,local_brand,reviewed,official_parent_brand_page,SRC_SIMPLOT_BRANDS,Simplot Australia — Brands,https://simplot.com.au/brands,2026-04-28,v0.3 source-harvested brand under Simplot Australia Pty Limited from Simplot ...,
B0179,Leggo's,Leggo's,P0041,Simplot Australia Pty Limited,local_brand,reviewed,official_parent_brand_page,SRC_SIMPLOT_BRANDS,Simplot Australia — Brands,https://simplot.com.au/brands,2026-04-28,v0.3 source-harvested brand under Simplot Australia Pty Limited from Simplot ...,
B0464,Raguletto,Raguletto,P0041,Simplot Australia Pty Limited,local_brand,reviewed,official_parent_brand_page,SRC_SIMPLOT_BRANDS,Simplot Australia — Brands,https://simplot.com.au/brands,2026-04-28,v0.3 source-harvested brand under Simplot Australia Pty Limited from Simplot ...,
B0467,Seakist,Seakist,P0041,Simplot Australia Pty Limited,local_brand,reviewed,official_parent_brand_page,SRC_SIMPLOT_BRANDS,Simplot Australia — Brands,https://simplot.com.au/brands,2026-04-28,v0.3 source-harvested brand under Simplot Australia Pty Limited from Simplot ...,
B0469,Boscastle,Boscastle,P0042,Patties Food Group Pty Limited,local_brand,reviewed,official_parent_brand_page,SRC_PATTIES_BRANDS,Patties Food Group — Brands,https://pattiesfoodgroup.com/brands,2026-04-28,v0.3 source-harvested brand under Patties Food Group Pty Limited from Patties...,
B0181,Four'N Twenty,Four'N Twenty,P0042,Patties Food Group Pty Limited,local_brand,reviewed,official_parent_brand_page,SRC_PATTIES_BRANDS,Patties Food Group — Brands,https://pattiesfoodgroup.com/brands,2026-04-28,v0.3 source-harvested brand under Patties Food Group Pty Limited from Patties...,
B0183,Herbert Adams,Herbert Adams,P0042,Patties Food Group Pty Limited,local_brand,reviewed,official_parent_brand_page,SRC_PATTIES_BRANDS,Patties Food Group — Brands,https://pattiesfoodgroup.com/brands,2026-04-28,v0.3 source-harvested brand under Patties Food Group Pty Limited from Patties...,
B0184,Nanna's,Nanna's,P0042,Patties Food Group Pty Limited,local_brand,reviewed,official_parent_brand_page,SRC_PATTIES_BRANDS,Patties Food Group — Brands,https://pattiesfoodgroup.com/brands,2026-04-28,v0.3 source-harvested brand under Patties Food Group Pty Limited from Patties...,
B0468,On The Menu,On The Menu,P0042,Patties Food Group Pty Limited,local_brand,reviewed,official_parent_brand_page,SRC_PATTIES_BRANDS,Patties Food Group — Brands,https://pattiesfoodgroup.com/brands,2026-04-28,v0.3 source-harvested brand under Patties Food Group Pty Limited from Patties...,
B0182,Patties,Patties,P0042,Patties Food Group Pty Limited,local_brand,reviewed,official_parent_brand_page,SRC_PATTIES_BRANDS,Patties Food Group — Brands,https://pattiesfoodgroup.com/brands,2026-04-28,v0.3 source-harvested brand under Patties Food Group Pty Limited from Patties...,
B0471,Sargents,Sargents,P0042,Patties Food Group Pty Limited,local_brand,reviewed,official_parent_brand_page,SRC_PATTIES_BRANDS,Patties Food Group — Brands,https://pattiesfoodgroup.com/brands,2026-04-28,v0.3 source-harvested brand under Patties Food Group Pty Limited from Patties...,
B0470,SuperNature,SuperNature,P0042,Patties Food Group Pty Limited,local_brand,reviewed,official_parent_brand_page,SRC_PATTIES_BRANDS,Patties Food Group — Brands,https://pattiesfoodgroup.com/brands,2026-04-28,v0.3 source-harvested brand under Patties Food Group Pty Limited from Patties...,
B0483,180 Degrees,180 Degrees,P0043,The Arnott's Group,local_brand,reviewed,official_brand_page,SRC_ARNOTTS_BRANDS,Arnott's — Our Brands,https://www.arnotts.com/,2026-04-28,v0.3 source-harvested brand under The Arnott's Group from Arnott's — Our Bran...,
B0185,Arnott's,Arnott's,P0043,The Arnott's Group,local_brand,reviewed,official_brand_page,SRC_ARNOTTS_BRANDS,Arnott's — Our Brands,https://www.arnotts.com/,2026-04-28,v0.3 source-harvested brand under The Arnott's Group from Arnott's — Our Bran...,
B0189,Campbell's Real Stock,Campbell's Real Stock,P0043,The Arnott's Group,local_brand,reviewed,official_brand_page,SRC_ARNOTTS_BRANDS,Arnott's — Our Brands,https://www.arnotts.com/,2026-04-28,v0.3 source-harvested brand under The Arnott's Group from Arnott's — Our Bran...,
B0482,Freedom Cereals,Freedom Cereals,P0043,The Arnott's Group,local_brand,reviewed,official_brand_page,SRC_ARNOTTS_BRANDS,Arnott's — Our Brands,https://www.arnotts.com/,2026-04-28,v0.3 source-harvested brand under The Arnott's Group from Arnott's — Our Bran...,
B0478,Iced VoVo,Iced VoVo,P0043,The Arnott's Group,local_brand,reviewed,official_brand_page,SRC_ARNOTTS_BRANDS,Arnott's — Our Brands,https://www.arnotts.com/,2026-04-28,v0.3 source-harvested brand under The Arnott's Group from Arnott's — Our Bran...,
B0472,Jatz,Jatz,P0043,The Arnott's Group,local_brand,reviewed,official_brand_page,SRC_ARNOTTS_BRANDS,Arnott's — Our Brands,https://www.arnotts.com/,2026-04-28,v0.3 source-harvested brand under The Arnott's Group from Arnott's — Our Bran...,
B0484,Messy Monkeys,Messy Monkeys,P0043,The Arnott's Group,local_brand,reviewed,official_brand_page,SRC_ARNOTTS_BRANDS,Arnott's — Our Brands,https://www.arnotts.com/,2026-04-28,v0.3 source-harvested brand under The Arnott's Group from Arnott's — Our Bran...,
B0479,Milk Arrowroot,Milk Arrowroot,P0043,The Arnott's Group,local_brand,reviewed,official_brand_page,SRC_ARNOTTS_BRANDS,Arnott's — Our Brands,https://www.arnotts.com/,2026-04-28,v0.3 source-harvested brand under The Arnott's Group from Arnott's — Our Bran...,
B0476,Monte Carlo,Monte Carlo,P0043,The Arnott's Group,local_brand,reviewed,official_brand_page,SRC_ARNOTTS_BRANDS,Arnott's — Our Brands,https://www.arnotts.com/,2026-04-28,v0.3 source-harvested brand under The Arnott's Group from Arnott's — Our Bran...,
B0480,Nice,Nice,P0043,The Arnott's Group,local_brand,reviewed,official_brand_page,SRC_ARNOTTS_BRANDS,Arnott's — Our Brands,https://www.arnotts.com/,2026-04-28,v0.3 source-harvested brand under The Arnott's Group from Arnott's — Our Bran...,
B0475,Salada,Salada,P0043,The Arnott's Group,local_brand,reviewed,official_brand_page,SRC_ARNOTTS_BRANDS,Arnott's — Our Brands,https://www.arnotts.com/,2026-04-28,v0.3 source-harvested brand under The Arnott's Group from Arnott's — Our Bran...,
B0474,SAO,SAO,P0043,The Arnott's Group,local_brand,reviewed,official_brand_page,SRC_ARNOTTS_BRANDS,Arnott's — Our Brands,https://www.arnotts.com/,2026-04-28,v0.3 source-harvested brand under The Arnott's Group from Arnott's — Our Bran...,
B0477,Scotch Finger,Scotch Finger,P0043,The Arnott's Group,local_brand,reviewed,official_brand_page,SRC_ARNOTTS_BRANDS,Arnott's — Our Brands,https://www.arnotts.com/,2026-04-28,v0.3 source-harvested brand under The Arnott's Group from Arnott's — Our Bran...,
B0186,Shapes,Shapes,P0043,The Arnott's Group,local_brand,reviewed,official_brand_page,SRC_ARNOTTS_BRANDS,Arnott's — Our Brands,https://www.arnotts.com/,2026-04-28,v0.3 source-harvested brand under The Arnott's Group from Arnott's — Our Bran...,
B0481,TeeVee Snacks,TeeVee Snacks,P0043,The Arnott's Group,local_brand,reviewed,official_brand_page,SRC_ARNOTTS_BRANDS,Arnott's — Our Brands,https://www.arnotts.com/,2026-04-28,v0.3 source-harvested brand under The Arnott's Group from Arnott's — Our Bran...,
B0187,Tim Tam,Tim Tam,P0043,The Arnott's Group,local_brand,reviewed,official_brand_page,SRC_ARNOTTS_BRANDS,Arnott's — Our Brands,https://www.arnotts.com/,2026-04-28,v0.3 source-harvested brand under The Arnott's Group from Arnott's — Our Bran...,
B0473,Tiny Teddy,Tiny Teddy,P0043,The Arnott's Group,local_brand,reviewed,official_brand_page,SRC_ARNOTTS_BRANDS,Arnott's — Our Brands,https://www.arnotts.com/,2026-04-28,v0.3 source-harvested brand under The Arnott's Group from Arnott's — Our Bran...,
B0485,V8,V8,P0043,The Arnott's Group,local_brand,archived,official_brand_page,SRC_ARNOTTS_BRANDS,Arnott's — Our Brands,https://www.arnotts.com/,2026-04-28,v0.3 source-harvested brand under The Arnott's Group from Arnott's — Our Bran...,SUPPRESS_CURRENT 2026-08-16: competing or stale AU/NZ current-chain mapping; retain reviewed counterpart or fail closed
B0188,Vita-Weat,Vita-Weat,P0043,The Arnott's Group,local_brand,reviewed,official_brand_page,SRC_ARNOTTS_BRANDS,Arnott's — Our Brands,https://www.arnotts.com/,2026-04-28,v0.3 source-harvested brand under The Arnott's Group from Arnott's — Our Bran...,
B0191,Dr. Oetker,Dr. Oetker,P0044,Dr. August Oetker KG,global_brand,reviewed,official_brand_page,SRC_OETKER_AU_BRANDS,Dr. Oetker Australia,https://www.oetker.com.au/,2026-04-28,v0.3 source-harvested brand under Dr. August Oetker KG from Dr. Oetker Austra...,
B0487,Papa Giuseppi,Papa Giuseppi,P0044,Dr. August Oetker KG,global_brand,reviewed,official_brand_page,SRC_OETKER_AU_BRANDS,Dr. Oetker Australia,https://www.oetker.com.au/,2026-04-28,v0.3 source-harvested brand under Dr. August Oetker KG from Dr. Oetker Austra...,
B0190,Queen,Queen,P0044,Dr. August Oetker KG,global_brand,reviewed,official_brand_page,SRC_OETKER_AU_BRANDS,Dr. Oetker Australia,https://www.oetker.com.au/,2026-04-28,v0.3 source-harvested brand under Dr. August Oetker KG from Dr. Oetker Austra...,
B0486,Ristorante,Ristorante,P0044,Dr. August Oetker KG,global_brand,reviewed,official_brand_page,SRC_OETKER_AU_BRANDS,Dr. Oetker Australia,https://www.oetker.com.au/,2026-04-28,v0.3 source-harvested brand under Dr. August Oetker KG from Dr. Oetker Austra...,
B0192,McCain,McCain,P0045,McCain Foods Limited,global_brand,reviewed,official_brand_page,SRC_MCCAIN_AU_BRANDS,McCain Australia,https://mccain.com.au/,2026-04-28,v0.3 source-harvested brand under McCain Foods Limited from McCain Australia;...,
B0488,Sara Lee,Sara Lee,P0045,McCain Foods Limited,global_brand,archived,official_brand_page,SRC_MCCAIN_AU_BRANDS,McCain Australia,https://mccain.com.au/,2026-04-28,v0.3 source-harvested brand under McCain Foods Limited from McCain Australia;...,SUPPRESS_CURRENT 2026-08-16: competing or stale AU/NZ current-chain mapping; retain reviewed counterpart or fail closed
B0497,Caboolture,Caboolture,P0046,Saputo Inc.,global_brand,reviewed,official_parent_brand_page,SRC_SAPUTO_AU_BRANDS,Saputo Dairy Australia — Consumer Brands,https://www.saputodairyaustralia.com.au/en/our-products/consumer-brands,2026-04-28,v0.3 source-harvested brand under Saputo Inc. from Saputo Dairy Australia — C...,
B0195,CHEER,CHEER,P0046,Saputo Inc.,global_brand,reviewed,official_parent_brand_page,SRC_SAPUTO_AU_BRANDS,Saputo Dairy Australia — Consumer Brands,https://www.saputodairyaustralia.com.au/en/our-products/consumer-brands,2026-04-28,v0.3 source-harvested brand under Saputo Inc. from Saputo Dairy Australia — C...,
B0194,Cracker Barrel,Cracker Barrel,P0046,Saputo Inc.,global_brand,reviewed,official_parent_brand_page,SRC_SAPUTO_AU_BRANDS,Saputo Dairy Australia — Consumer Brands,https://www.saputodairyaustralia.com.au/en/our-products/consumer-brands,2026-04-28,v0.3 source-harvested brand under Saputo Inc. from Saputo Dairy Australia — C...,
B0196,Dairy Farmers,Dairy Farmers,P0046,Saputo Inc.,global_brand,archived,official_parent_brand_page,SRC_SAPUTO_AU_BRANDS,Saputo Dairy Australia — Consumer Brands,https://www.saputodairyaustralia.com.au/en/our-products/consumer-brands,2026-04-28,v0.3 source-harvested brand under Saputo Inc. from Saputo Dairy Australia — C...,SUPPRESS_CURRENT 2026-08-16: competing or stale AU/NZ current-chain mapping; retain reviewed counterpart or fail closed
B0193,Devondale,Devondale,P0046,Saputo Inc.,global_brand,reviewed,official_parent_brand_page,SRC_SAPUTO_AU_BRANDS,Saputo Dairy Australia — Consumer Brands,https://www.saputodairyaustralia.com.au/en/our-products/consumer-brands,2026-04-28,v0.3 source-harvested brand under Saputo Inc. from Saputo Dairy Australia — C...,
B0489,Great Ocean Road,Great Ocean Road,P0046,Saputo Inc.,global_brand,reviewed,official_parent_brand_page,SRC_SAPUTO_AU_BRANDS,Saputo Dairy Australia — Consumer Brands,https://www.saputodairyaustralia.com.au/en/our-products/consumer-brands,2026-04-28,v0.3 source-harvested brand under Saputo Inc. from Saputo Dairy Australia — C...,
B0496,King Island Dairy,King Island Dairy,P0046,Saputo Inc.,global_brand,reviewed,official_parent_brand_page,SRC_SAPUTO_AU_BRANDS,Saputo Dairy Australia — Consumer Brands,https://www.saputodairyaustralia.com.au/en/our-products/consumer-brands,2026-04-28,v0.3 source-harvested brand under Saputo Inc. from Saputo Dairy Australia — C...,
B0490,Liddells,Liddells,P0046,Saputo Inc.,global_brand,reviewed,official_parent_brand_page,SRC_SAPUTO_AU_BRANDS,Saputo Dairy Australia — Consumer Brands,https://www.saputodairyaustralia.com.au/en/our-products/consumer-brands,2026-04-28,v0.3 source-harvested brand under Saputo Inc. from Saputo Dairy Australia — C...,
B0491,Mersey Valley,Mersey Valley,P0046,Saputo Inc.,global_brand,reviewed,official_parent_brand_page,SRC_SAPUTO_AU_BRANDS,Saputo Dairy Australia — Consumer Brands,https://www.saputodairyaustralia.com.au/en/our-products/consumer-brands,2026-04-28,v0.3 source-harvested brand under Saputo Inc. from Saputo Dairy Australia — C...,
B0492,Mil Lel,Mil Lel,P0046,Saputo Inc.,global_brand,reviewed,official_parent_brand_page,SRC_SAPUTO_AU_BRANDS,Saputo Dairy Australia — Consumer Brands,https://www.saputodairyaustralia.com.au/en/our-products/consumer-brands,2026-04-28,v0.3 source-harvested brand under Saputo Inc. from Saputo Dairy Australia — C...,
B0493,South Cape,South Cape,P0046,Saputo Inc.,global_brand,reviewed,official_parent_brand_page,SRC_SAPUTO_AU_BRANDS,Saputo Dairy Australia — Consumer Brands,https://www.saputodairyaustralia.com.au/en/our-products/consumer-brands,2026-04-28,v0.3 source-harvested brand under Saputo Inc. from Saputo Dairy Australia — C...,
B0494,Sungold,Sungold,P0046,Saputo Inc.,global_brand,reviewed,official_parent_brand_page,SRC_SAPUTO_AU_BRANDS,Saputo Dairy Australia — Consumer Brands,https://www.saputodairyaustralia.com.au/en/our-products/consumer-brands,2026-04-28,v0.3 source-harvested brand under Saputo Inc. from Saputo Dairy Australia — C...,
B0495,Tasmanian Heritage,Tasmanian Heritage,P0046,Saputo Inc.,global_brand,reviewed,official_parent_brand_page,SRC_SAPUTO_AU_BRANDS,Saputo Dairy Australia — Consumer Brands,https://www.saputodairyaustralia.com.au/en/our-products/consumer-brands,2026-04-28,v0.3 source-harvested brand under Saputo Inc. from Saputo Dairy Australia — C...,
B0499,Chelsea Sugar,Chelsea Sugar,P0047,Wilmar International Limited,global_brand,reviewed,official_parent_brand_page,SRC_WILMAR_SUGAR_BRANDS,Wilmar Sugar ANZ — Consumer Products,https://www.wilmarsugar-anz.com/what-we-do/consumer-products,2026-04-28,v0.3 source-harvested brand under Wilmar International Limited from Wilmar Su...,
B0498,CSR Sugar,CSR Sugar,P0047,Wilmar International Limited,global_brand,reviewed,official_parent_brand_page,SRC_WILMAR_SUGAR_BRANDS,Wilmar Sugar ANZ — Consumer Products,https://www.wilmarsugar-anz.com/what-we-do/consumer-products,2026-04-28,v0.3 source-harvested brand under Wilmar International Limited from Wilmar Su...,
B0500,Equal,Equal,P0047,Wilmar International Limited,global_brand,reviewed,official_parent_brand_page,SRC_WILMAR_SUGAR_BRANDS,Wilmar Sugar ANZ — Consumer Products,https://www.wilmarsugar-anz.com/what-we-do/consumer-products,2026-04-28,v0.3 source-harvested brand under Wilmar International Limited from Wilmar Su...,
B0503,Colin the Caterpillar,Colin the Caterpillar,P0048,Marks & Spencer plc,retailer_own_label,reviewed,retailer_own_brand_page,SRC_M_AND_S_FOOD,M&S Food,https://www.marksandspencer.com/food,2026-04-28,v0.3 source-harvested brand under Marks & Spencer plc from M&S Food; F&B rele...,
B0501,M&S Food,M&S Food,P0048,Marks & Spencer plc,brand_family,reviewed,retailer_own_brand_page,SRC_M_AND_S_FOOD,M&S Food,https://www.marksandspencer.com/food,2026-04-28,v0.3 source-harvested brand under Marks & Spencer plc from M&S Food; F&B rele...,
B0505,M&S Remarksable,M&S Remarksable,P0048,Marks & Spencer plc,retailer_own_label,reviewed,retailer_own_brand_page,SRC_M_AND_S_FOOD,M&S Food,https://www.marksandspencer.com/food,2026-04-28,v0.3 source-harvested brand under Marks & Spencer plc from M&S Food; F&B rele...,
B0502,Marks & Spencer Food,Marks & Spencer Food,P0048,Marks & Spencer plc,brand_family,reviewed,retailer_own_brand_page,SRC_M_AND_S_FOOD,M&S Food,https://www.marksandspencer.com/food,2026-04-28,v0.3 source-harvested brand under Marks & Spencer plc from M&S Food; F&B rele...,
B0504,Percy Pig,Percy Pig,P0048,Marks & Spencer plc,retailer_own_label,reviewed,retailer_own_brand_page,SRC_M_AND_S_FOOD,M&S Food,https://www.marksandspencer.com/food,2026-04-28,v0.3 source-harvested brand under Marks & Spencer plc from M&S Food; F&B rele...,
B0508,Essential Waitrose,Essential Waitrose,P0049,Waitrose,retailer_own_label,reviewed,retailer_own_brand_page,SRC_WAITROSE_DUCHY,Waitrose Duchy Organic,https://www.waitrose.com/ecom/shop/browse/groceries/organic_shop/duchy_organic,2026-04-28,v0.3 source-harvested brand under Waitrose from Waitrose Duchy Organic; F&B r...,
B0509,No.1 Waitrose,No.1 Waitrose,P0049,Waitrose,retailer_own_label,reviewed,retailer_own_brand_page,SRC_WAITROSE_DUCHY,Waitrose Duchy Organic,https://www.waitrose.com/ecom/shop/browse/groceries/organic_shop/duchy_organic,2026-04-28,v0.3 source-harvested brand under Waitrose from Waitrose Duchy Organic; F&B r...,
B0506,Waitrose,Waitrose,P0049,Waitrose,brand_family,reviewed,retailer_own_brand_page,SRC_WAITROSE_DUCHY,Waitrose Duchy Organic,https://www.waitrose.com/ecom/shop/browse/groceries/organic_shop/duchy_organic,2026-04-28,v0.3 source-harvested brand under Waitrose from Waitrose Duchy Organic; F&B r...,
B0507,Waitrose Duchy Organic,Waitrose Duchy Organic,P0049,Waitrose,retailer_own_label,reviewed,retailer_own_brand_page,SRC_WAITROSE_DUCHY,Waitrose Duchy Organic,https://www.waitrose.com/ecom/shop/browse/groceries/organic_shop/duchy_organic,2026-04-28,v0.3 source-harvested brand under Waitrose from Waitrose Duchy Organic; F&B r...,
B0512,Grower's Harvest,Grower's Harvest,P0050,Tesco PLC,retailer_own_label,reviewed,retailer_own_brand_page,SRC_TESCO_OWN_LABEL,Tesco own-label product ranges,https://www.tesco.com/shop/en-GB/zone/tesco-finest,2026-04-28,v0.3 source-harvested brand under Tesco PLC from Tesco own-label product rang...,
B0513,Stockwell & Co.,Stockwell & Co.,P0050,Tesco PLC,retailer_own_label,reviewed,retailer_own_brand_page,SRC_TESCO_OWN_LABEL,Tesco own-label product ranges,https://www.tesco.com/shop/en-GB/zone/tesco-finest,2026-04-28,v0.3 source-harvested brand under Tesco PLC from Tesco own-label product rang...,
B0510,Tesco,Tesco,P0050,Tesco PLC,brand_family,reviewed,retailer_own_brand_page,SRC_TESCO_OWN_LABEL,Tesco own-label product ranges,https://www.tesco.com/shop/en-GB/zone/tesco-finest,2026-04-28,v0.3 source-harvested brand under Tesco PLC from Tesco own-label product rang...,
B0511,Tesco Finest,Tesco Finest,P0050,Tesco PLC,retailer_own_label,reviewed,retailer_own_brand_page,SRC_TESCO_OWN_LABEL,Tesco own-label product ranges,https://www.tesco.com/shop/en-GB/zone/tesco-finest,2026-04-28,v0.3 source-harvested brand under Tesco PLC from Tesco own-label product rang...,
B0514,Tesco Free From,Tesco Free From,P0050,Tesco PLC,retailer_own_label,reviewed,retailer_own_brand_page,SRC_TESCO_OWN_LABEL,Tesco own-label product ranges,https://www.tesco.com/shop/en-GB/zone/tesco-finest,2026-04-28,v0.3 source-harvested brand under Tesco PLC from Tesco own-label product rang...,
B0515,Tesco Plant Chef,Tesco Plant Chef,P0050,Tesco PLC,retailer_own_label,reviewed,retailer_own_brand_page,SRC_TESCO_OWN_LABEL,Tesco own-label product ranges,https://www.tesco.com/shop/en-GB/zone/tesco-finest,2026-04-28,v0.3 source-harvested brand under Tesco PLC from Tesco own-label product rang...,
B0519,by Sainsbury's,by Sainsbury's,P0051,J Sainsbury plc,retailer_own_label,reviewed,retailer_own_brand_page,SRC_SAINSBURYS_OWN_LABEL,Sainsbury's own-label stewardship seed,https://www.sainsburys.co.uk/,2026-04-28,v0.3 source-harvested brand under J Sainsbury plc from Sainsbury's own-label ...,
B0516,Sainsbury's,Sainsbury's,P0051,J Sainsbury plc,brand_family,reviewed,retailer_own_brand_page,SRC_SAINSBURYS_OWN_LABEL,Sainsbury's own-label stewardship seed,https://www.sainsburys.co.uk/,2026-04-28,v0.3 source-harvested brand under J Sainsbury plc from Sainsbury's own-label ...,
B0520,Sainsbury's SO Organic,Sainsbury's SO Organic,P0051,J Sainsbury plc,retailer_own_label,reviewed,retailer_own_brand_page,SRC_SAINSBURYS_OWN_LABEL,Sainsbury's own-label stewardship seed,https://www.sainsburys.co.uk/,2026-04-28,v0.3 source-harvested brand under J Sainsbury plc from Sainsbury's own-label ...,
B0518,Stamford Street,Stamford Street,P0051,J Sainsbury plc,retailer_own_label,reviewed,retailer_own_brand_page,SRC_SAINSBURYS_OWN_LABEL,Sainsbury's own-label stewardship seed,https://www.sainsburys.co.uk/,2026-04-28,v0.3 source-harvested brand under J Sainsbury plc from Sainsbury's own-label ...,
B0517,Taste the Difference,Taste the Difference,P0051,J Sainsbury plc,retailer_own_label,reviewed,retailer_own_brand_page,SRC_SAINSBURYS_OWN_LABEL,Sainsbury's own-label stewardship seed,https://www.sainsburys.co.uk/,2026-04-28,v0.3 source-harvested brand under J Sainsbury plc from Sainsbury's own-label ...,
B0521,Ahold Delhaize,Ahold Delhaize,P0052,Ahold Delhaize,brand_family,reviewed,official_parent_brand_page,SRC_AHOLD_DELHAIZE_BRANDS,Ahold Delhaize — Brands,https://www.aholddelhaize.com/brands/,2026-04-28,v0.3 source-harvested brand under Ahold Delhaize from Ahold Delhaize — Brands...,
B0523,Albert Heijn,Albert Heijn,P0052,Ahold Delhaize,brand_family,reviewed,official_parent_brand_page,SRC_AHOLD_DELHAIZE_BRANDS,Ahold Delhaize — Brands,https://www.aholddelhaize.com/brands/,2026-04-28,v0.3 source-harvested brand under Ahold Delhaize from Ahold Delhaize — Brands...,
B0522,Delhaize,Delhaize,P0052,Ahold Delhaize,brand_family,reviewed,official_parent_brand_page,SRC_AHOLD_DELHAIZE_BRANDS,Ahold Delhaize — Brands,https://www.aholddelhaize.com/brands/,2026-04-28,v0.3 source-harvested brand under Ahold Delhaize from Ahold Delhaize — Brands...,
B0524,Food Lion,Food Lion,P0052,Ahold Delhaize,brand_family,reviewed,official_parent_brand_page,SRC_AHOLD_DELHAIZE_BRANDS,Ahold Delhaize — Brands,https://www.aholddelhaize.com/brands/,2026-04-28,v0.3 source-harvested brand under Ahold Delhaize from Ahold Delhaize — Brands...,
B0527,Giant,Giant,P0052,Ahold Delhaize,brand_family,reviewed,official_parent_brand_page,SRC_AHOLD_DELHAIZE_BRANDS,Ahold Delhaize — Brands,https://www.aholddelhaize.com/brands/,2026-04-28,v0.3 source-harvested brand under Ahold Delhaize from Ahold Delhaize — Brands...,
B0525,Hannaford,Hannaford,P0052,Ahold Delhaize,brand_family,reviewed,official_parent_brand_page,SRC_AHOLD_DELHAIZE_BRANDS,Ahold Delhaize — Brands,https://www.aholddelhaize.com/brands/,2026-04-28,v0.3 source-harvested brand under Ahold Delhaize from Ahold Delhaize — Brands...,
B0526,Stop & Shop,Stop & Shop,P0052,Ahold Delhaize,brand_family,reviewed,official_parent_brand_page,SRC_AHOLD_DELHAIZE_BRANDS,Ahold Delhaize — Brands,https://www.aholddelhaize.com/brands/,2026-04-28,v0.3 source-harvested brand under Ahold Delhaize from Ahold Delhaize — Brands...,
B0532,Bettergoods,Bettergoods,P0053,Walmart Inc.,retailer_own_label,reviewed,retailer_own_brand_page,SRC_WALMART_PRIVATE_BRANDS,Walmart private brands stewardship seed,https://www.walmart.com/cp/food/976759,2026-04-28,v0.3 source-harvested brand under Walmart Inc. from Walmart private brands st...,
B0529,Great Value,Great Value,P0053,Walmart Inc.,retailer_own_label,reviewed,retailer_own_brand_page,SRC_WALMART_PRIVATE_BRANDS,Walmart private brands stewardship seed,https://www.walmart.com/cp/food/976759,2026-04-28,v0.3 source-harvested brand under Walmart Inc. from Walmart private brands st...,
B0530,Marketside,Marketside,P0053,Walmart Inc.,retailer_own_label,reviewed,retailer_own_brand_page,SRC_WALMART_PRIVATE_BRANDS,Walmart private brands stewardship seed,https://www.walmart.com/cp/food/976759,2026-04-28,v0.3 source-harvested brand under Walmart Inc. from Walmart private brands st...,
B0531,Sam's Choice,Sam's Choice,P0053,Walmart Inc.,retailer_own_label,reviewed,retailer_own_brand_page,SRC_WALMART_PRIVATE_BRANDS,Walmart private brands stewardship seed,https://www.walmart.com/cp/food/976759,2026-04-28,v0.3 source-harvested brand under Walmart Inc. from Walmart private brands st...,
B0528,Walmart,Walmart,P0053,Walmart Inc.,brand_family,reviewed,retailer_own_brand_page,SRC_WALMART_PRIVATE_BRANDS,Walmart private brands stewardship seed,https://www.walmart.com/cp/food/976759,2026-04-28,v0.3 source-harvested brand under Walmart Inc. from Walmart private brands st...,
B0533,Carrefour,Carrefour,P0054,Carrefour S.A.,brand_family,reviewed,retailer_own_brand_page,SRC_CARREFOUR_BRANDS,Carrefour private-label stewardship seed,https://www.carrefour.com/en/group/food-transition,2026-04-28,v0.3 source-harvested brand under Carrefour S.A. from Carrefour private-label...,
B0534,Carrefour Bio,Carrefour Bio,P0054,Carrefour S.A.,retailer_own_label,reviewed,retailer_own_brand_page,SRC_CARREFOUR_BRANDS,Carrefour private-label stewardship seed,https://www.carrefour.com/en/group/food-transition,2026-04-28,v0.3 source-harvested brand under Carrefour S.A. from Carrefour private-label...,
B0535,Carrefour Classic,Carrefour Classic,P0054,Carrefour S.A.,retailer_own_label,reviewed,retailer_own_brand_page,SRC_CARREFOUR_BRANDS,Carrefour private-label stewardship seed,https://www.carrefour.com/en/group/food-transition,2026-04-28,v0.3 source-harvested brand under Carrefour S.A. from Carrefour private-label...,
B0536,Carrefour Extra,Carrefour Extra,P0054,Carrefour S.A.,retailer_own_label,reviewed,retailer_own_brand_page,SRC_CARREFOUR_BRANDS,Carrefour private-label stewardship seed,https://www.carrefour.com/en/group/food-transition,2026-04-28,v0.3 source-harvested brand under Carrefour S.A. from Carrefour private-label...,
B0537,Carrefour Selection,Carrefour Selection,P0054,Carrefour S.A.,retailer_own_label,reviewed,retailer_own_brand_page,SRC_CARREFOUR_BRANDS,Carrefour private-label stewardship seed,https://www.carrefour.com/en/group/food-transition,2026-04-28,v0.3 source-harvested brand under Carrefour S.A. from Carrefour private-label...,
B0197,Jalna,Jalna,P0055,Jalna Dairy Foods Pty Ltd,local_brand,archived,official_brand_page,SRC_JALNA_SOURCE,Jalna Dairy Foods,https://jalna.com.au/,2026-04-28,v0.3 source-harvested brand under Jalna Dairy Foods Pty Ltd from Jalna Dairy ...,SUPPRESS_CURRENT 2026-08-16: competing or stale AU/NZ current-chain mapping; retain reviewed counterpart or fail closed
B0198,Chobani,Chobani,P0056,"Chobani, LLC",global_brand,reviewed,official_brand_page,SRC_CHOBANI_SOURCE,Chobani Australia,https://www.chobani.com.au/,2026-04-28,"v0.3 source-harvested brand under Chobani, LLC from Chobani Australia; F&B re...",
B0559,Maggie Beer,Maggie Beer,P0057,Maggie Beer Holdings Limited,local_brand,reviewed,official_parent_brand_page,SRC_MAGGIE_BEER_HOLDINGS_BRAND,Maggie Beer Holdings — Maggie Beer brand,https://www.maggiebeerholdings.com.au/our-brands/maggie-beer/,2026-04-28,Coles catalogue audit surfaced the brand; official source identifies Maggie B...,
B0560,Savoy,Savoy,P0043,The Arnott's Group,local_brand,reviewed,official_brand_page,SRC_ARNOTTS_SAVOY,Arnott's — Savoy brand page,https://www.arnotts.com/brands/savoy,2026-04-28,Coles catalogue audit surfaced Savoy; Arnott's source confirms Savoy as an Ar...,
B0561,Gippsland Dairy,Gippsland Dairy,P0056,"Chobani, LLC",local_brand,reviewed,official_brand_page,SRC_CHOBANI_GIPPSLAND_DAIRY,Chobani Australia — Gippsland Dairy product page,https://www.chobani.com.au/our-products/,2026-04-28,Coles catalogue audit surfaced Gippsland Dairy; Chobani Australia product source lists Gippsland Dairy.,
B0562,Val Verde,Val Verde,P0058,Conga Foods Pty Ltd,local_brand,reviewed,official_brand_page,SRC_VAL_VERDE_CONGA,Val Verde — Privacy & Disclaimer,https://www.discovervalverde.com.au/privacy-disclaimer/,2026-04-28,Coles catalogue audit surfaced Val Verde; Val Verde source states Conga Foods is brand owner.,
B0563,Tilda,Tilda,P0059,Ebro Foods S.A.,global_brand,reviewed,official_parent_brand_page,SRC_EBRO_TILDA,Ebro Foods — Tilda acquisition announcement,https://www.ebrofoods.es/en/news/ebro-foods-buys-the-premium-rice-brand-tilda/,2026-04-28,Coles catalogue audit surfaced Tilda; Ebro Foods announced acquisition of Tilda.,
B0564,SPC,SPC,P0060,SPC Global Limited,local_brand,reviewed,official_parent_brand_page,SRC_SPC_GLOBAL,SPC Global / SPC Australia,https://spcglobalgroup.com/,2026-04-28,Coles canned-meal audit surfaced SPC; SPC Global official source supports current parent/brand row creation.,
B0565,Indomie,Indomie,P0061,PT Indofood Sukses Makmur Tbk,global_brand,reviewed,official_brand_page,SRC_INDOMIE_AU,Indomie Australia — About,https://indomie.com.au/about/,2026-04-28,Coles noodle audit surfaced Indomie; Indomie official source confirms brand presence and Indofood production.,
B0566,Fantastic,Fantastic,P0062,San Remo Macaroni Company Pty Ltd,local_brand,reviewed,official_brand_page,SRC_FANTASTIC_SNACKS,Fantastic Snacks — About,https://fantasticsnacks.com.au/about-us,2026-04-28,Founder exception review approved Fantastic Snacks as brand/subsidiary of San Remo Macaroni Company Pty Ltd.,Founder-approved San Remo ownership; local brand/subsidiary treatment accepted for Wave 1.
B0567,My Muscle Chef,My Muscle Chef,P0063,My Muscle Chef Pty Ltd,local_brand,reviewed,official_brand_page,SRC_MY_MUSCLE_CHEF_OFFICIAL,My Muscle Chef — About Us,https://www.mymusclechef.com/about-us,2026-04-28,Coles ready-meals audit surfaced My Muscle Chef; official source confirms brand and ready-meal business.,Founder-approved operating company treatment for MVP; ultimate owner graph deferred.
B0568,Norco,Norco,P0151,Norco Co-operative Limited,local_brand,reviewed,official_brand_page,SRC_NORCO_OFFICIAL,Norco official site,https://norcofoods.com.au/,2026-04-29,Strong UAT AU food/drink candidate promoted in v0.9; source confirms/observes Norco.,
B0569,Red Bull,Red Bull,P0152,Red Bull GmbH,global_brand,reviewed,official_brand_page,SRC_REDBULL_AU,Red Bull Australia energy drink page,https://www.redbull.com/au-en/energydrink,2026-04-29,Strong UAT AU food/drink candidate promoted in v0.9; source confirms/observes Red Bull.,
B0570,Yakult,Yakult,P0150,"Yakult Honsha Co., Ltd.",global_brand,reviewed,official_brand_page,SRC_YAKULT_AU_HISTORY,Yakult Australia history and parent company page,https://www.yakult.com.au/our-story/yakult-history-and-timeline/,2026-04-29,Strong UAT AU food/drink candidate promoted in v0.9; source confirms/observes Yakult.,
B0571,Vitasoy,Vitasoy,P0153,Vitasoy International Holdings Limited,global_brand,reviewed,official_brand_page,SRC_VITASOY_AU,Vitasoy Australia official site,https://soy.com.au/,2026-04-29,Strong UAT AU food/drink candidate promoted in v0.9; source confirms/observes Vitasoy.,
B0572,Capilano,Capilano,P0154,Hive + Wellness Australia Pty Ltd,local_brand,reviewed,official_brand_page,SRC_HIVE_WELLNESS_BRANDS,Hive + Wellness Australia brands page,https://hiveandwellness.com/brands/,2026-04-29,Strong UAT AU food/drink candidate promoted in v0.9; source confirms/observes Capilano.,
B0573,Kikkoman,Kikkoman,P0146,Kikkoman Corporation,global_brand,reviewed,official_brand_page,SRC_KIKKOMAN_AU,Kikkoman Australia official site,https://kikkoman.com.au/,2026-04-29,Strong UAT AU food/drink candidate promoted in v0.9; source confirms/observes Kikkoman.,
B0574,McKenzie's,McKenzie's,P0155,Ward McKenzie Pty Ltd,local_brand,reviewed,official_brand_page,SRC_MCKENZIES_FOODS,McKenzie's Foods official site,https://www.mckenziesfoods.com.au/,2026-04-29,Strong UAT AU food/drink candidate promoted in v0.9; source confirms/observes McKenzie's.,
B0575,Saxa,Saxa,P0016,The Kraft Heinz Company,global_brand,provisional,official_brand_page,SRC_SAXA_UAT_REVIEW,Saxa UAT ownership review source,Tru_Score_Engine_Detailed_Specification_20260417.xlsx#MaG_UAT_AU_Test_Pack,2026-04-29,Strong UAT AU food/drink candidate promoted in v0.9; source confirms/observes Saxa.,Keep provisional under Kraft Heinz for AU/NZ due to regional brand-rights caveat.
B0576,Tesco Value,Tesco Value,P0050,Tesco PLC,retailer_own_label,reviewed,imported_seed,SRC_KTC_2026_PARENT_MAPPING_FILE,KTC 2026 parent-brand-alias mapping file,KTC_2026_Parent_Brand_Alias_Mapping.xlsx#Brand_Alias_Map,2026-04-29,KTC v0.9 seed brand row where benchmark current_parent_company aligns as same: Tesco PLC. Current ownership still review-state seeded/provisional.,
B0577,Nature's Promise,Nature's Promise,P0052,Ahold Delhaize,retailer_own_label,reviewed,imported_seed,SRC_KTC_2026_PARENT_MAPPING_FILE,KTC 2026 parent-brand-alias mapping file,KTC_2026_Parent_Brand_Alias_Mapping.xlsx#Brand_Alias_Map,2026-04-29,KTC v0.9 seed brand row where benchmark current_parent_company aligns as same: Koninklijke Ahold Delhaize NV. Current ownership still review-state seeded/provisional.,
B0578,Topvalu,Topvalu,P0106,"Aeon Co., Ltd.",retailer_own_label,reviewed,imported_seed,SRC_KTC_2026_PARENT_MAPPING_FILE,KTC 2026 parent-brand-alias mapping file,KTC_2026_Parent_Brand_Alias_Mapping.xlsx#Brand_Alias_Map,2026-04-29,"KTC v0.9 seed brand row where benchmark current_parent_company aligns as same: Aeon Co., Ltd.. Current ownership still review-state seeded/provisional.",
B0579,Seven Premium,Seven Premium,P0131,"Seven & i Holdings Co., Ltd.",retailer_own_label,reviewed,imported_seed,SRC_KTC_2026_PARENT_MAPPING_FILE,KTC 2026 parent-brand-alias mapping file,KTC_2026_Parent_Brand_Alias_Mapping.xlsx#Brand_Alias_Map,2026-04-29,KTC v0.9 seed brand row where benchmark current_parent_company aligns as same: Seven & i Holdings Co Ltd. Current ownership still review-state seeded/provisional.,
B0580,President's Choice,President's Choice,P0123,Loblaw Companies Limited,retailer_own_label,reviewed,imported_seed,SRC_KTC_2026_PARENT_MAPPING_FILE,KTC 2026 parent-brand-alias mapping file,KTC_2026_Parent_Brand_Alias_Mapping.xlsx#Brand_Alias_Map,2026-04-29,KTC v0.9 seed brand row where benchmark current_parent_company aligns as same: Loblaw Companies Limited. Current ownership still review-state seeded/provisional.,
B0581,No Name,No Name,P0123,Loblaw Companies Limited,retailer_own_label,reviewed,imported_seed,SRC_KTC_2026_PARENT_MAPPING_FILE,KTC 2026 parent-brand-alias mapping file,KTC_2026_Parent_Brand_Alias_Mapping.xlsx#Brand_Alias_Map,2026-04-29,KTC v0.9 seed brand row where benchmark current_parent_company aligns as same: Loblaw Companies Limited. Current ownership still review-state seeded/provisional.,
B0582,Kroger,Kroger,P0074,The Kroger Co.,retailer_own_label,reviewed,imported_seed,SRC_KTC_2026_PARENT_MAPPING_FILE,KTC 2026 parent-brand-alias mapping file,KTC_2026_Parent_Brand_Alias_Mapping.xlsx#Brand_Alias_Map,2026-04-29,KTC v0.9 seed brand row where benchmark current_parent_company aligns as same: The Kroger Co.. Current ownership still review-state seeded/provisional.,
B0583,Simple Truth,Simple Truth,P0074,The Kroger Co.,retailer_own_label,reviewed,imported_seed,SRC_KTC_2026_PARENT_MAPPING_FILE,KTC 2026 parent-brand-alias mapping file,KTC_2026_Parent_Brand_Alias_Mapping.xlsx#Brand_Alias_Map,2026-04-29,KTC v0.9 seed brand row where benchmark current_parent_company aligns as same: The Kroger Co.. Current ownership still review-state seeded/provisional.,
B0584,Private Selection,Private Selection,P0074,The Kroger Co.,retailer_own_label,reviewed,imported_seed,SRC_KTC_2026_PARENT_MAPPING_FILE,KTC 2026 parent-brand-alias mapping file,KTC_2026_Parent_Brand_Alias_Mapping.xlsx#Brand_Alias_Map,2026-04-29,KTC v0.9 seed brand row where benchmark current_parent_company aligns as same: The Kroger Co.. Current ownership still review-state seeded/provisional.,
B0585,Irresistibles,Irresistibles,P0096,Metro Inc.,retailer_own_label,reviewed,imported_seed,SRC_KTC_2026_PARENT_MAPPING_FILE,KTC 2026 parent-brand-alias mapping file,KTC_2026_Parent_Brand_Alias_Mapping.xlsx#Brand_Alias_Map,2026-04-29,KTC v0.9 seed brand row where benchmark current_parent_company aligns as same: Metro Inc.. Current ownership still review-state seeded/provisional.,
B0586,Selection,Selection,P0096,Metro Inc.,retailer_own_label,reviewed,imported_seed,SRC_KTC_2026_PARENT_MAPPING_FILE,KTC 2026 parent-brand-alias mapping file,KTC_2026_Parent_Brand_Alias_Mapping.xlsx#Brand_Alias_Map,2026-04-29,KTC v0.9 seed brand row where benchmark current_parent_company aligns as same: Metro Inc.. Current ownership still review-state seeded/provisional.,
B0587,Compliments,Compliments,P0144,Empire Company Limited,retailer_own_label,reviewed,imported_seed,SRC_KTC_2026_PARENT_MAPPING_FILE,KTC 2026 parent-brand-alias mapping file,KTC_2026_Parent_Brand_Alias_Mapping.xlsx#Brand_Alias_Map,2026-04-29,KTC v0.9 seed brand row where benchmark current_parent_company aligns as same: Empire Co. Ltd.. Current ownership still review-state seeded/provisional.,
B0588,Panache,Panache,P0144,Empire Company Limited,retailer_own_label,reviewed,imported_seed,SRC_KTC_2026_PARENT_MAPPING_FILE,KTC 2026 parent-brand-alias mapping file,KTC_2026_Parent_Brand_Alias_Mapping.xlsx#Brand_Alias_Map,2026-04-29,KTC v0.9 seed brand row where benchmark current_parent_company aligns as same: Empire Co. Ltd.. Current ownership still review-state seeded/provisional.,
B0589,Ben & Jerry's,Ben & Jerry's,P0013,Unilever PLC,global_brand,archived,imported_seed,SRC_KTC_2026_PARENT_MAPPING_FILE,KTC 2026 parent-brand-alias mapping file,KTC_2026_Parent_Brand_Alias_Mapping.xlsx#Brand_Alias_Map,2026-04-29,KTC v0.9 seed brand row where benchmark current_parent_company aligns as same: Unilever plc. Current ownership still review-state seeded/provisional.,SUPPRESS_CURRENT 2026-08-16: competing or stale AU/NZ current-chain mapping; retain reviewed counterpart or fail closed
B0590,Colman's,Colman's,P0013,Unilever PLC,global_brand,reviewed,imported_seed,SRC_KTC_2026_PARENT_MAPPING_FILE,KTC 2026 parent-brand-alias mapping file,KTC_2026_Parent_Brand_Alias_Mapping.xlsx#Brand_Alias_Map,2026-04-29,KTC v0.9 seed brand row where benchmark current_parent_company aligns as same: Unilever plc. Current ownership still review-state seeded/provisional.,
B0591,Kisses,Kisses,P0033,The Hershey Company,global_brand,reviewed,imported_seed,SRC_KTC_2026_PARENT_MAPPING_FILE,KTC 2026 parent-brand-alias mapping file,KTC_2026_Parent_Brand_Alias_Mapping.xlsx#Brand_Alias_Map,2026-04-29,KTC v0.9 seed brand row where benchmark current_parent_company aligns as same: The Hershey Company. Current ownership still review-state seeded/provisional.,
B0592,Smucker's,Smucker's,P0148,The J. M. Smucker Company,global_brand,reviewed,imported_seed,SRC_KTC_2026_PARENT_MAPPING_FILE,KTC 2026 parent-brand-alias mapping file,KTC_2026_Parent_Brand_Alias_Mapping.xlsx#Brand_Alias_Map,2026-04-29,KTC v0.9 seed brand row where benchmark current_parent_company aligns as same: The J. M. Smucker Company. Current ownership still review-state seeded/provisional.,
B0593,Jif,Jif,P0148,The J. M. Smucker Company,global_brand,reviewed,imported_seed,SRC_KTC_2026_PARENT_MAPPING_FILE,KTC 2026 parent-brand-alias mapping file,KTC_2026_Parent_Brand_Alias_Mapping.xlsx#Brand_Alias_Map,2026-04-29,KTC v0.9 seed brand row where benchmark current_parent_company aligns as same: The J. M. Smucker Company. Current ownership still review-state seeded/provisional.,
B0594,Folgers,Folgers,P0148,The J. M. Smucker Company,global_brand,reviewed,imported_seed,SRC_KTC_2026_PARENT_MAPPING_FILE,KTC 2026 parent-brand-alias mapping file,KTC_2026_Parent_Brand_Alias_Mapping.xlsx#Brand_Alias_Map,2026-04-29,KTC v0.9 seed brand row where benchmark current_parent_company aligns as same: The J. M. Smucker Company. Current ownership still review-state seeded/provisional.,
B0595,Uncrustables,Uncrustables,P0148,The J. M. Smucker Company,global_brand,reviewed,imported_seed,SRC_KTC_2026_PARENT_MAPPING_FILE,KTC 2026 parent-brand-alias mapping file,KTC_2026_Parent_Brand_Alias_Mapping.xlsx#Brand_Alias_Map,2026-04-29,KTC v0.9 seed brand row where benchmark current_parent_company aligns as same: The J. M. Smucker Company. Current ownership still review-state seeded/provisional.,
B0596,Milk-Bone,Milk-Bone,P0148,The J. M. Smucker Company,global_brand,reviewed,imported_seed,SRC_KTC_2026_PARENT_MAPPING_FILE,KTC 2026 parent-brand-alias mapping file,KTC_2026_Parent_Brand_Alias_Mapping.xlsx#Brand_Alias_Map,2026-04-29,KTC v0.9 seed brand row where benchmark current_parent_company aligns as same: The J. M. Smucker Company. Current ownership still review-state seeded/provisional.,
B0597,Meow Mix,Meow Mix,P0148,The J. M. Smucker Company,global_brand,reviewed,imported_seed,SRC_KTC_2026_PARENT_MAPPING_FILE,KTC 2026 parent-brand-alias mapping file,KTC_2026_Parent_Brand_Alias_Mapping.xlsx#Brand_Alias_Map,2026-04-29,KTC v0.9 seed brand row where benchmark current_parent_company aligns as same: The J. M. Smucker Company. Current ownership still review-state seeded/provisional.,
B0598,Trident,Trident,P0009,"Mondelez International, Inc.",global_brand,reviewed,imported_seed,SRC_KTC_2026_PARENT_MAPPING_FILE,KTC 2026 parent-brand-alias mapping file,KTC_2026_Parent_Brand_Alias_Mapping.xlsx#Brand_Alias_Map,2026-04-29,"KTC v0.9 seed brand row where benchmark current_parent_company aligns as same: Mondelēz International, Inc.. Current ownership still review-state seeded/provisional.",
B0599,Halls,Halls,P0009,"Mondelez International, Inc.",global_brand,reviewed,imported_seed,SRC_KTC_2026_PARENT_MAPPING_FILE,KTC 2026 parent-brand-alias mapping file,KTC_2026_Parent_Brand_Alias_Mapping.xlsx#Brand_Alias_Map,2026-04-29,"KTC v0.9 seed brand row where benchmark current_parent_company aligns as same: Mondelēz International, Inc.. Current ownership still review-state seeded/provisional.",
B0600,Purina,Purina,P0008,Nestlé S.A.,global_brand,reviewed,imported_seed,SRC_KTC_2026_PARENT_MAPPING_FILE,KTC 2026 parent-brand-alias mapping file,KTC_2026_Parent_Brand_Alias_Mapping.xlsx#Brand_Alias_Map,2026-04-29,KTC v0.9 seed brand row where benchmark current_parent_company aligns as same: Nestlé S.A.. Current ownership still review-state seeded/provisional.,
B0601,Smarties,Smarties,P0008,Nestlé S.A.,global_brand,reviewed,imported_seed,SRC_KTC_2026_PARENT_MAPPING_FILE,KTC 2026 parent-brand-alias mapping file,KTC_2026_Parent_Brand_Alias_Mapping.xlsx#Brand_Alias_Map,2026-04-29,KTC v0.9 seed brand row where benchmark current_parent_company aligns as same: Nestlé S.A.. Current ownership still review-state seeded/provisional.,
B0602,CSR,CSR,P0047,Wilmar International Limited,global_brand,reviewed,imported_seed,SRC_KTC_2026_PARENT_MAPPING_FILE,KTC 2026 parent-brand-alias mapping file,KTC_2026_Parent_Brand_Alias_Mapping.xlsx#Brand_Alias_Map,2026-04-29,KTC v0.9 seed brand row where benchmark current_parent_company aligns as same: Wilmar International Limited. Current ownership still review-state seeded/provisional.,
B0603,Chelsea,Chelsea,P0047,Wilmar International Limited,global_brand,reviewed,imported_seed,SRC_KTC_2026_PARENT_MAPPING_FILE,KTC 2026 parent-brand-alias mapping file,KTC_2026_Parent_Brand_Alias_Mapping.xlsx#Brand_Alias_Map,2026-04-29,KTC v0.9 seed brand row where benchmark current_parent_company aligns as same: Wilmar International Limited. Current ownership still review-state seeded/provisional.,
B0604,Meadow Fresh,Meadow Fresh,P0047,Wilmar International Limited,global_brand,reviewed,imported_seed,SRC_KTC_2026_PARENT_MAPPING_FILE,KTC 2026 parent-brand-alias mapping file,KTC_2026_Parent_Brand_Alias_Mapping.xlsx#Brand_Alias_Map,2026-04-29,KTC v0.9 seed brand row where benchmark current_parent_company aligns as same: Wilmar International Limited. Current ownership still review-state seeded/provisional.,
B0605,Praise,Praise,P0047,Wilmar International Limited,global_brand,reviewed,imported_seed,SRC_KTC_2026_PARENT_MAPPING_FILE,KTC 2026 parent-brand-alias mapping file,KTC_2026_Parent_Brand_Alias_Mapping.xlsx#Brand_Alias_Map,2026-04-29,KTC v0.9 seed brand row where benchmark current_parent_company aligns as same: Wilmar International Limited. Current ownership still review-state seeded/provisional.,
B0606,Helga's,Helga's,P0047,Wilmar International Limited,global_brand,reviewed,imported_seed,SRC_KTC_2026_PARENT_MAPPING_FILE,KTC 2026 parent-brand-alias mapping file,KTC_2026_Parent_Brand_Alias_Mapping.xlsx#Brand_Alias_Map,2026-04-29,KTC v0.9 seed brand row where benchmark current_parent_company aligns as same: Wilmar International Limited. Current ownership still review-state seeded/provisional.,
B0607,Vogel's,Vogel's,P0047,Wilmar International Limited,global_brand,reviewed,imported_seed,SRC_KTC_2026_PARENT_MAPPING_FILE,KTC 2026 parent-brand-alias mapping file,KTC_2026_Parent_Brand_Alias_Mapping.xlsx#Brand_Alias_Map,2026-04-29,KTC v0.9 seed brand row where benchmark current_parent_company aligns as same: Wilmar International Limited. Current ownership still review-state seeded/provisional.,
B0608,Activia,Activia,P0143,Danone,global_brand,archived,imported_seed,SRC_KTC_2026_PARENT_MAPPING_FILE,KTC 2026 parent-brand-alias mapping file,KTC_2026_Parent_Brand_Alias_Mapping.xlsx#Brand_Alias_Map,2026-04-29,KTC v0.9 seed brand row where benchmark current_parent_company aligns as same: Danone. Current ownership still review-state seeded/provisional.,SUPPRESS_CURRENT 2026-08-16: competing or stale AU/NZ current-chain mapping; retain reviewed counterpart or fail closed
B0609,Actimel,Actimel,P0143,Danone,global_brand,archived,imported_seed,SRC_KTC_2026_PARENT_MAPPING_FILE,KTC 2026 parent-brand-alias mapping file,KTC_2026_Parent_Brand_Alias_Mapping.xlsx#Brand_Alias_Map,2026-04-29,KTC v0.9 seed brand row where benchmark current_parent_company aligns as same: Danone. Current ownership still review-state seeded/provisional.,SUPPRESS_CURRENT 2026-08-16: competing or stale AU/NZ current-chain mapping; retain reviewed counterpart or fail closed
B0610,Aptamil,Aptamil,P0143,Danone,global_brand,archived,imported_seed,SRC_KTC_2026_PARENT_MAPPING_FILE,KTC 2026 parent-brand-alias mapping file,KTC_2026_Parent_Brand_Alias_Mapping.xlsx#Brand_Alias_Map,2026-04-29,KTC v0.9 seed brand row where benchmark current_parent_company aligns as same: Danone. Current ownership still review-state seeded/provisional.,SUPPRESS_CURRENT 2026-08-16: competing or stale AU/NZ current-chain mapping; retain reviewed counterpart or fail closed
B0611,Nutricia,Nutricia,P0143,Danone,global_brand,archived,imported_seed,SRC_KTC_2026_PARENT_MAPPING_FILE,KTC 2026 parent-brand-alias mapping file,KTC_2026_Parent_Brand_Alias_Mapping.xlsx#Brand_Alias_Map,2026-04-29,KTC v0.9 seed brand row where benchmark current_parent_company aligns as same: Danone. Current ownership still review-state seeded/provisional.,SUPPRESS_CURRENT 2026-08-16: competing or stale AU/NZ current-chain mapping; retain reviewed counterpart or fail closed
B0612,Alpro,Alpro,P0143,Danone,global_brand,archived,imported_seed,SRC_KTC_2026_PARENT_MAPPING_FILE,KTC 2026 parent-brand-alias mapping file,KTC_2026_Parent_Brand_Alias_Mapping.xlsx#Brand_Alias_Map,2026-04-29,KTC v0.9 seed brand row where benchmark current_parent_company aligns as same: Danone. Current ownership still review-state seeded/provisional.,SUPPRESS_CURRENT 2026-08-16: competing or stale AU/NZ current-chain mapping; retain reviewed counterpart or fail closed
B0613,Silk,Silk,P0143,Danone,global_brand,reviewed,imported_seed,SRC_KTC_2026_PARENT_MAPPING_FILE,KTC 2026 parent-brand-alias mapping file,KTC_2026_Parent_Brand_Alias_Mapping.xlsx#Brand_Alias_Map,2026-04-29,KTC v0.9 seed brand row where benchmark current_parent_company aligns as same: Danone. Current ownership still review-state seeded/provisional.,
B0614,Cheerios,Cheerios,P0015,"General Mills, Inc.",global_brand,archived,imported_seed,SRC_KTC_2026_PARENT_MAPPING_FILE,KTC 2026 parent-brand-alias mapping file,KTC_2026_Parent_Brand_Alias_Mapping.xlsx#Brand_Alias_Map,2026-04-29,"KTC v0.9 seed brand row where benchmark current_parent_company aligns as same: General Mills, Inc.. Current ownership still review-state seeded/provisional.",SUPPRESS_CURRENT 2026-08-16: competing or stale AU/NZ current-chain mapping; retain reviewed counterpart or fail closed
B0615,Ajinomoto,Ajinomoto,P0139,"Ajinomoto Co., Inc.",global_brand,reviewed,imported_seed,SRC_KTC_2026_PARENT_MAPPING_FILE,KTC 2026 parent-brand-alias mapping file,KTC_2026_Parent_Brand_Alias_Mapping.xlsx#Brand_Alias_Map,2026-04-29,"KTC v0.9 seed brand row where benchmark current_parent_company aligns as same: Ajinomoto Co., Inc.. Current ownership still review-state seeded/provisional.",
B0616,Lindt,Lindt,P0141,Chocoladefabriken Lindt & Sprüngli AG,global_brand,reviewed,imported_seed,SRC_KTC_2026_PARENT_MAPPING_FILE,KTC 2026 parent-brand-alias mapping file,KTC_2026_Parent_Brand_Alias_Mapping.xlsx#Brand_Alias_Map,2026-04-29,KTC v0.9 seed brand row where benchmark current_parent_company aligns as same: Chocoladefabriken Lindt & Sprüngli AG. Current ownership still review-state seeded/provisional.,
B0617,Lindor,Lindor,P0141,Chocoladefabriken Lindt & Sprüngli AG,global_brand,reviewed,imported_seed,SRC_KTC_2026_PARENT_MAPPING_FILE,KTC 2026 parent-brand-alias mapping file,KTC_2026_Parent_Brand_Alias_Mapping.xlsx#Brand_Alias_Map,2026-04-29,KTC v0.9 seed brand row where benchmark current_parent_company aligns as same: Chocoladefabriken Lindt & Sprüngli AG. Current ownership still review-state seeded/provisional.,
B0618,Ghirardelli,Ghirardelli,P0141,Chocoladefabriken Lindt & Sprüngli AG,global_brand,reviewed,imported_seed,SRC_KTC_2026_PARENT_MAPPING_FILE,KTC 2026 parent-brand-alias mapping file,KTC_2026_Parent_Brand_Alias_Mapping.xlsx#Brand_Alias_Map,2026-04-29,KTC v0.9 seed brand row where benchmark current_parent_company aligns as same: Chocoladefabriken Lindt & Sprüngli AG. Current ownership still review-state seeded/provisional.,
B0619,Russell Stover,Russell Stover,P0141,Chocoladefabriken Lindt & Sprüngli AG,global_brand,reviewed,imported_seed,SRC_KTC_2026_PARENT_MAPPING_FILE,KTC 2026 parent-brand-alias mapping file,KTC_2026_Parent_Brand_Alias_Mapping.xlsx#Brand_Alias_Map,2026-04-29,KTC v0.9 seed brand row where benchmark current_parent_company aligns as same: Chocoladefabriken Lindt & Sprüngli AG. Current ownership still review-state seeded/provisional.,
B0620,Kingsmill,Kingsmill,P0018,Associated British Foods plc,global_brand,reviewed,imported_seed,SRC_KTC_2026_PARENT_MAPPING_FILE,KTC 2026 parent-brand-alias mapping file,KTC_2026_Parent_Brand_Alias_Mapping.xlsx#Brand_Alias_Map,2026-04-29,KTC v0.9 seed brand row where benchmark current_parent_company aligns as same: Associated British Foods plc. Current ownership still review-state seeded/provisional.,
B0621,Arnott's,Arnott's,P0032,Campbell's Company,global_brand,archived,imported_seed,SRC_KTC_2026_PARENT_MAPPING_FILE,KTC 2026 parent-brand-alias mapping file,KTC_2026_Parent_Brand_Alias_Mapping.xlsx#Brand_Alias_Map,2026-04-29,KTC v0.9 seed brand row where benchmark current_parent_company aligns as same: Campbell Soup Company. Current ownership still review-state seeded/provisional.,SUPPRESS_CURRENT 2026-08-16: competing or stale AU/NZ current-chain mapping; retain reviewed counterpart or fail closed
B0622,Pepperidge Farm,Pepperidge Farm,P0032,Campbell's Company,global_brand,reviewed,imported_seed,SRC_KTC_2026_PARENT_MAPPING_FILE,KTC 2026 parent-brand-alias mapping file,KTC_2026_Parent_Brand_Alias_Mapping.xlsx#Brand_Alias_Map,2026-04-29,KTC v0.9 seed brand row where benchmark current_parent_company aligns as same: Campbell Soup Company. Current ownership still review-state seeded/provisional.,
B0623,Meiji,Meiji,P0147,"Meiji Holdings Co., Ltd.",global_brand,reviewed,imported_seed,SRC_KTC_2026_PARENT_MAPPING_FILE,KTC 2026 parent-brand-alias mapping file,KTC_2026_Parent_Brand_Alias_Mapping.xlsx#Brand_Alias_Map,2026-04-29,"KTC v0.9 seed brand row where benchmark current_parent_company aligns as same: Meiji Holdings Co., Ltd.. Current ownership still review-state seeded/provisional.",
B0624,Hello Panda,Hello Panda,P0147,"Meiji Holdings Co., Ltd.",global_brand,reviewed,imported_seed,SRC_KTC_2026_PARENT_MAPPING_FILE,KTC 2026 parent-brand-alias mapping file,KTC_2026_Parent_Brand_Alias_Mapping.xlsx#Brand_Alias_Map,2026-04-29,"KTC v0.9 seed brand row where benchmark current_parent_company aligns as same: Meiji Holdings Co., Ltd.. Current ownership still review-state seeded/provisional.",
B0625,Yan Yan,Yan Yan,P0147,"Meiji Holdings Co., Ltd.",global_brand,reviewed,imported_seed,SRC_KTC_2026_PARENT_MAPPING_FILE,KTC 2026 parent-brand-alias mapping file,KTC_2026_Parent_Brand_Alias_Mapping.xlsx#Brand_Alias_Map,2026-04-29,"KTC v0.9 seed brand row where benchmark current_parent_company aligns as same: Meiji Holdings Co., Ltd.. Current ownership still review-state seeded/provisional.",
B0626,Spam,Spam,P0092,Hormel Foods Corporation,global_brand,reviewed,imported_seed,SRC_KTC_2026_PARENT_MAPPING_FILE,KTC 2026 parent-brand-alias mapping file,KTC_2026_Parent_Brand_Alias_Mapping.xlsx#Brand_Alias_Map,2026-04-29,KTC v0.9 seed brand row where benchmark current_parent_company aligns as same: Hormel Foods Corporation. Current ownership still review-state seeded/provisional.,
B0627,Skippy,Skippy,P0092,Hormel Foods Corporation,global_brand,reviewed,imported_seed,SRC_KTC_2026_PARENT_MAPPING_FILE,KTC 2026 parent-brand-alias mapping file,KTC_2026_Parent_Brand_Alias_Mapping.xlsx#Brand_Alias_Map,2026-04-29,KTC v0.9 seed brand row where benchmark current_parent_company aligns as same: Hormel Foods Corporation. Current ownership still review-state seeded/provisional.,
B0628,Applegate,Applegate,P0092,Hormel Foods Corporation,global_brand,reviewed,imported_seed,SRC_KTC_2026_PARENT_MAPPING_FILE,KTC 2026 parent-brand-alias mapping file,KTC_2026_Parent_Brand_Alias_Mapping.xlsx#Brand_Alias_Map,2026-04-29,KTC v0.9 seed brand row where benchmark current_parent_company aligns as same: Hormel Foods Corporation. Current ownership still review-state seeded/provisional.,
B0629,Planters,Planters,P0092,Hormel Foods Corporation,global_brand,reviewed,imported_seed,SRC_KTC_2026_PARENT_MAPPING_FILE,KTC 2026 parent-brand-alias mapping file,KTC_2026_Parent_Brand_Alias_Mapping.xlsx#Brand_Alias_Map,2026-04-29,KTC v0.9 seed brand row where benchmark current_parent_company aligns as same: Hormel Foods Corporation. Current ownership still review-state seeded/provisional.,
B0630,Gravox,Gravox,P0016,The Kraft Heinz Company,global_brand,reviewed,imported_seed,SRC_KTC_2026_PARENT_MAPPING_FILE,KTC 2026 parent-brand-alias mapping file,KTC_2026_Parent_Brand_Alias_Mapping.xlsx#Brand_Alias_Map,2026-04-29,KTC v0.9 seed brand row where benchmark current_parent_company aligns as same: The Kraft Heinz Company. Current ownership still review-state seeded/provisional.,
B0631,Healthy Choice,Healthy Choice,P0142,"Conagra Brands, Inc.",global_brand,archived,imported_seed,SRC_KTC_2026_PARENT_MAPPING_FILE,KTC 2026 parent-brand-alias mapping file,KTC_2026_Parent_Brand_Alias_Mapping.xlsx#Brand_Alias_Map,2026-04-29,"KTC v0.9 seed brand row where benchmark current_parent_company aligns as same: Conagra Brands, Inc.. Current ownership still review-state seeded/provisional.",Conagra Healthy Choice retained as non-AU/benchmark-context brand; AU/NZ McCain Healthy Choice is separately mapped to McCain Foods. | SUPPRESS_CURRENT 2026-08-16: competing or stale AU/NZ current-chain mapping; retain reviewed counterpart or fail closed
B0632,Birds Eye,Birds Eye,P0142,"Conagra Brands, Inc.",global_brand,archived,imported_seed,SRC_KTC_2026_PARENT_MAPPING_FILE,KTC 2026 parent-brand-alias mapping file,KTC_2026_Parent_Brand_Alias_Mapping.xlsx#Brand_Alias_Map,2026-04-29,"KTC v0.9 seed brand row where benchmark current_parent_company aligns as same: Conagra Brands, Inc.. Current ownership still review-state seeded/provisional.",SUPPRESS_CURRENT 2026-08-16: competing or stale AU/NZ current-chain mapping; retain reviewed counterpart or fail closed
B0633,Hunt's,Hunt's,P0142,"Conagra Brands, Inc.",global_brand,reviewed,imported_seed,SRC_KTC_2026_PARENT_MAPPING_FILE,KTC 2026 parent-brand-alias mapping file,KTC_2026_Parent_Brand_Alias_Mapping.xlsx#Brand_Alias_Map,2026-04-29,"KTC v0.9 seed brand row where benchmark current_parent_company aligns as same: Conagra Brands, Inc.. Current ownership still review-state seeded/provisional.",
B0634,Marie Callender's,Marie Callender's,P0142,"Conagra Brands, Inc.",global_brand,reviewed,imported_seed,SRC_KTC_2026_PARENT_MAPPING_FILE,KTC 2026 parent-brand-alias mapping file,KTC_2026_Parent_Brand_Alias_Mapping.xlsx#Brand_Alias_Map,2026-04-29,"KTC v0.9 seed brand row where benchmark current_parent_company aligns as same: Conagra Brands, Inc.. Current ownership still review-state seeded/provisional.",
B0635,Slim Jim,Slim Jim,P0142,"Conagra Brands, Inc.",global_brand,reviewed,imported_seed,SRC_KTC_2026_PARENT_MAPPING_FILE,KTC 2026 parent-brand-alias mapping file,KTC_2026_Parent_Brand_Alias_Mapping.xlsx#Brand_Alias_Map,2026-04-29,"KTC v0.9 seed brand row where benchmark current_parent_company aligns as same: Conagra Brands, Inc.. Current ownership still review-state seeded/provisional.",
B0636,Schwartz,Schwartz,P0034,"McCormick & Company, Inc.",global_brand,reviewed,imported_seed,SRC_KTC_2026_PARENT_MAPPING_FILE,KTC 2026 parent-brand-alias mapping file,KTC_2026_Parent_Brand_Alias_Mapping.xlsx#Brand_Alias_Map,2026-04-29,KTC v0.9 seed brand row where benchmark current_parent_company aligns as same: McCormick & Co Inc. Current ownership still review-state seeded/provisional.,
B0637,Lawry's,Lawry's,P0034,"McCormick & Company, Inc.",global_brand,reviewed,imported_seed,SRC_KTC_2026_PARENT_MAPPING_FILE,KTC 2026 parent-brand-alias mapping file,KTC_2026_Parent_Brand_Alias_Mapping.xlsx#Brand_Alias_Map,2026-04-29,KTC v0.9 seed brand row where benchmark current_parent_company aligns as same: McCormick & Co Inc. Current ownership still review-state seeded/provisional.,
B0638,Mengniu,Mengniu,P0140,China Mengniu Dairy Co Ltd,global_brand,reviewed,imported_seed,SRC_KTC_2026_PARENT_MAPPING_FILE,KTC 2026 parent-brand-alias mapping file,KTC_2026_Parent_Brand_Alias_Mapping.xlsx#Brand_Alias_Map,2026-04-29,KTC v0.9 seed brand row where benchmark current_parent_company aligns as same: China Mengniu Dairy Co Ltd. Current ownership still review-state seeded/provisional.,
B0639,Beehive,Beehive,P0027,JBS S.A.,global_brand,reviewed,imported_seed,SRC_KTC_2026_PARENT_MAPPING_FILE,KTC 2026 parent-brand-alias mapping file,KTC_2026_Parent_Brand_Alias_Mapping.xlsx#Brand_Alias_Map,2026-04-29,KTC v0.9 seed brand row where benchmark current_parent_company aligns as same: JBS S.A.. Current ownership still review-state seeded/provisional.,
B0640,Seara,Seara,P0027,JBS S.A.,global_brand,reviewed,imported_seed,SRC_KTC_2026_PARENT_MAPPING_FILE,KTC 2026 parent-brand-alias mapping file,KTC_2026_Parent_Brand_Alias_Mapping.xlsx#Brand_Alias_Map,2026-04-29,KTC v0.9 seed brand row where benchmark current_parent_company aligns as same: JBS S.A.. Current ownership still review-state seeded/provisional.,
B0641,Friboi,Friboi,P0027,JBS S.A.,global_brand,reviewed,imported_seed,SRC_KTC_2026_PARENT_MAPPING_FILE,KTC 2026 parent-brand-alias mapping file,KTC_2026_Parent_Brand_Alias_Mapping.xlsx#Brand_Alias_Map,2026-04-29,KTC v0.9 seed brand row where benchmark current_parent_company aligns as same: JBS S.A.. Current ownership still review-state seeded/provisional.,
B0642,Mowi,Mowi,P0097,Mowi ASA,global_brand,reviewed,imported_seed,SRC_KTC_2026_PARENT_MAPPING_FILE,KTC 2026 parent-brand-alias mapping file,KTC_2026_Parent_Brand_Alias_Mapping.xlsx#Brand_Alias_Map,2026-04-29,KTC v0.9 seed brand row where benchmark current_parent_company aligns as same: Mowi ASA. Current ownership still review-state seeded/provisional.,
B0643,Yili,Yili,P0136,"Inner Mongolia Yili Industrial Group Co., Ltd",global_brand,reviewed,imported_seed,SRC_KTC_2026_PARENT_MAPPING_FILE,KTC 2026 parent-brand-alias mapping file,KTC_2026_Parent_Brand_Alias_Mapping.xlsx#Brand_Alias_Map,2026-04-29,"KTC v0.9 seed brand row where benchmark current_parent_company aligns as same: Inner Mongolia Yili Industrial Group Co., Ltd. Current ownership still review-state seeded/provisional.",
B0644,Haitian,Haitian,P0145,Foshan Haitian Flavouring and Food Co Ltd,global_brand,reviewed,imported_seed,SRC_KTC_2026_PARENT_MAPPING_FILE,KTC 2026 parent-brand-alias mapping file,KTC_2026_Parent_Brand_Alias_Mapping.xlsx#Brand_Alias_Map,2026-04-29,KTC v0.9 seed brand row where benchmark current_parent_company aligns as same: Foshan Haitian Flavouring and Food Co Ltd. Current ownership still review-state seeded/provisional.,
B0645,Want Want,Want Want,P0149,Want Want China Holdings Limited,global_brand,reviewed,imported_seed,SRC_KTC_2026_PARENT_MAPPING_FILE,KTC 2026 parent-brand-alias mapping file,KTC_2026_Parent_Brand_Alias_Mapping.xlsx#Brand_Alias_Map,2026-04-29,KTC v0.9 seed brand row where benchmark current_parent_company aligns as same: Want Want China Holdings Limited. Current ownership still review-state seeded/provisional.,
B0646,Smithfield,Smithfield,P0135,WH Group Limited,global_brand,reviewed,imported_seed,SRC_KTC_2026_PARENT_MAPPING_FILE,KTC 2026 parent-brand-alias mapping file,KTC_2026_Parent_Brand_Alias_Mapping.xlsx#Brand_Alias_Map,2026-04-29,KTC v0.9 seed brand row where benchmark current_parent_company aligns as same: WH Group Limited. Current ownership still review-state seeded/provisional.,
B0647,John Morrell,John Morrell,P0135,WH Group Limited,global_brand,reviewed,imported_seed,SRC_KTC_2026_PARENT_MAPPING_FILE,KTC 2026 parent-brand-alias mapping file,KTC_2026_Parent_Brand_Alias_Mapping.xlsx#Brand_Alias_Map,2026-04-29,KTC v0.9 seed brand row where benchmark current_parent_company aligns as same: WH Group Limited. Current ownership still review-state seeded/provisional.,
B0648,Eckrich,Eckrich,P0135,WH Group Limited,global_brand,reviewed,imported_seed,SRC_KTC_2026_PARENT_MAPPING_FILE,KTC 2026 parent-brand-alias mapping file,KTC_2026_Parent_Brand_Alias_Mapping.xlsx#Brand_Alias_Map,2026-04-29,KTC v0.9 seed brand row where benchmark current_parent_company aligns as same: WH Group Limited. Current ownership still review-state seeded/provisional.,
B0649,Farmland,Farmland,P0135,WH Group Limited,global_brand,reviewed,imported_seed,SRC_KTC_2026_PARENT_MAPPING_FILE,KTC 2026 parent-brand-alias mapping file,KTC_2026_Parent_Brand_Alias_Mapping.xlsx#Brand_Alias_Map,2026-04-29,KTC v0.9 seed brand row where benchmark current_parent_company aligns as same: WH Group Limited. Current ownership still review-state seeded/provisional.,
B0651,McCain Healthy Choice,McCain Healthy Choice,P0045,McCain Foods Limited,brand_family,reviewed,official_brand_page,SRC_MCCAIN_HEALTHY_CHOICE,McCain Australia — Products,https://mccain.com.au/products/,2026-04-29,Founder exception review approved AU/NZ treatment: McCain Foods retains Healthy Choice rights in Australia; Conagra owns Healthy Choice in US/Canada only.,AU/NZ rights exception: founder-approved treatment under McCain Foods; Conagra Healthy Choice retained only for US/Canada/benchmark context.
B0652,Wall's,Wall's,P0014,The Magnum Ice Cream Company N.V.,global_brand,reviewed,official_parent_brand_page,SRC_TMICC_BRANDS,The Magnum Ice Cream Company — Brands,https://corporate.magnumicecream.com/en/brands.html,2026-04-29,Founder exception review approved TMICC as current owner after Unilever demerger; Wall's promoted from KTC ownership-change candidate.,Founder-approved TMICC current ownership after Unilever ice-cream demerger.
B0656,Yoplait (NZ / Goodman Fielder-Wilmar licence),Yoplait (NZ),P0040,Goodman Fielder Pty Limited,local_brand,reviewed,official_parent_brand_page,SRC_CHAINING_REFRESH_20260816,Chaining refresh 20260816,CHAT_Cursor_Chaining_Asset_Refresh_Instruction_20260816,2026-08-16,AU/NZ current-chain refresh 20260816 from founder governed Chaining instruction; runtime consumes review_state=reviewed only.,
B0657,Kellogg's,Kellogg's,P0007,"Mars, Incorporated",brand_family,reviewed,official_parent_brand_page,SRC_CHAINING_REFRESH_20260816,Chaining refresh 20260816,CHAT_Cursor_Chaining_Asset_Refresh_Instruction_20260816,2026-08-16,AU/NZ current-chain refresh 20260816 from founder governed Chaining instruction; runtime consumes review_state=reviewed only.,
B0658,Picnic,Picnic,P0009,"Mondelez International, Inc.",local_brand,reviewed,official_parent_brand_page,SRC_CHAINING_REFRESH_20260816,Chaining refresh 20260816,CHAT_Cursor_Chaining_Asset_Refresh_Instruction_20260816,2026-08-16,AU/NZ current-chain refresh 20260816 from founder governed Chaining instruction; runtime consumes review_state=reviewed only.,
B0659,Cherry Ripe,Cherry Ripe,P0009,"Mondelez International, Inc.",local_brand,reviewed,official_parent_brand_page,SRC_CHAINING_REFRESH_20260816,Chaining refresh 20260816,CHAT_Cursor_Chaining_Asset_Refresh_Instruction_20260816,2026-08-16,AU/NZ current-chain refresh 20260816 from founder governed Chaining instruction; runtime consumes review_state=reviewed only.,
B0660,Time Out,Time Out,P0009,"Mondelez International, Inc.",local_brand,reviewed,official_parent_brand_page,SRC_CHAINING_REFRESH_20260816,Chaining refresh 20260816,CHAT_Cursor_Chaining_Asset_Refresh_Instruction_20260816,2026-08-16,AU/NZ current-chain refresh 20260816 from founder governed Chaining instruction; runtime consumes review_state=reviewed only.,
B0661,Twirl,Twirl,P0009,"Mondelez International, Inc.",local_brand,reviewed,official_parent_brand_page,SRC_CHAINING_REFRESH_20260816,Chaining refresh 20260816,CHAT_Cursor_Chaining_Asset_Refresh_Instruction_20260816,2026-08-16,AU/NZ current-chain refresh 20260816 from founder governed Chaining instruction; runtime consumes review_state=reviewed only.,
B0662,Old Gold,Old Gold,P0009,"Mondelez International, Inc.",local_brand,reviewed,official_parent_brand_page,SRC_CHAINING_REFRESH_20260816,Chaining refresh 20260816,CHAT_Cursor_Chaining_Asset_Refresh_Instruction_20260816,2026-08-16,AU/NZ current-chain refresh 20260816 from founder governed Chaining instruction; runtime consumes review_state=reviewed only.,
B0663,Marvellous Creations,Marvellous Creations,P0009,"Mondelez International, Inc.",local_brand,reviewed,official_parent_brand_page,SRC_CHAINING_REFRESH_20260816,Chaining refresh 20260816,CHAT_Cursor_Chaining_Asset_Refresh_Instruction_20260816,2026-08-16,AU/NZ current-chain refresh 20260816 from founder governed Chaining instruction; runtime consumes review_state=reviewed only.,
B0664,Favourites,Favourites,P0009,"Mondelez International, Inc.",local_brand,reviewed,official_parent_brand_page,SRC_CHAINING_REFRESH_20260816,Chaining refresh 20260816,CHAT_Cursor_Chaining_Asset_Refresh_Instruction_20260816,2026-08-16,AU/NZ current-chain refresh 20260816 from founder governed Chaining instruction; runtime consumes review_state=reviewed only.,
B0665,Roses,Roses,P0009,"Mondelez International, Inc.",local_brand,reviewed,official_parent_brand_page,SRC_CHAINING_REFRESH_20260816,Chaining refresh 20260816,CHAT_Cursor_Chaining_Asset_Refresh_Instruction_20260816,2026-08-16,AU/NZ current-chain refresh 20260816 from founder governed Chaining instruction; runtime consumes review_state=reviewed only.,
B0666,Milk Tray,Milk Tray,P0009,"Mondelez International, Inc.",local_brand,reviewed,official_parent_brand_page,SRC_CHAINING_REFRESH_20260816,Chaining refresh 20260816,CHAT_Cursor_Chaining_Asset_Refresh_Instruction_20260816,2026-08-16,AU/NZ current-chain refresh 20260816 from founder governed Chaining instruction; runtime consumes review_state=reviewed only.,
B0667,Dream,Dream,P0009,"Mondelez International, Inc.",local_brand,reviewed,official_parent_brand_page,SRC_CHAINING_REFRESH_20260816,Chaining refresh 20260816,CHAT_Cursor_Chaining_Asset_Refresh_Instruction_20260816,2026-08-16,AU/NZ current-chain refresh 20260816 from founder governed Chaining instruction; runtime consumes review_state=reviewed only.,
B0668,Breakaway,Breakaway,P0009,"Mondelez International, Inc.",local_brand,reviewed,official_parent_brand_page,SRC_CHAINING_REFRESH_20260816,Chaining refresh 20260816,CHAT_Cursor_Chaining_Asset_Refresh_Instruction_20260816,2026-08-16,AU/NZ current-chain refresh 20260816 from founder governed Chaining instruction; runtime consumes review_state=reviewed only.,
B0669,Crunchy Dark,Crunchy Dark,P0009,"Mondelez International, Inc.",local_brand,reviewed,official_parent_brand_page,SRC_CHAINING_REFRESH_20260816,Chaining refresh 20260816,CHAT_Cursor_Chaining_Asset_Refresh_Instruction_20260816,2026-08-16,AU/NZ current-chain refresh 20260816 from founder governed Chaining instruction; runtime consumes review_state=reviewed only.,
B0670,Snack,Snack,P0009,"Mondelez International, Inc.",local_brand,reviewed,official_parent_brand_page,SRC_CHAINING_REFRESH_20260816,Chaining refresh 20260816,CHAT_Cursor_Chaining_Asset_Refresh_Instruction_20260816,2026-08-16,AU/NZ current-chain refresh 20260816 from founder governed Chaining instruction; runtime consumes review_state=reviewed only.,
B0671,Energy,Energy,P0009,"Mondelez International, Inc.",local_brand,reviewed,official_parent_brand_page,SRC_CHAINING_REFRESH_20260816,Chaining refresh 20260816,CHAT_Cursor_Chaining_Asset_Refresh_Instruction_20260816,2026-08-16,AU/NZ current-chain refresh 20260816 from founder governed Chaining instruction; runtime consumes review_state=reviewed only.,
B0672,Pinky,Pinky,P0009,"Mondelez International, Inc.",local_brand,reviewed,official_parent_brand_page,SRC_CHAINING_REFRESH_20260816,Chaining refresh 20260816,CHAT_Cursor_Chaining_Asset_Refresh_Instruction_20260816,2026-08-16,AU/NZ current-chain refresh 20260816 from founder governed Chaining instruction; runtime consumes review_state=reviewed only.,
B0673,Moro,Moro,P0009,"Mondelez International, Inc.",local_brand,reviewed,official_parent_brand_page,SRC_CHAINING_REFRESH_20260816,Chaining refresh 20260816,CHAT_Cursor_Chaining_Asset_Refresh_Instruction_20260816,2026-08-16,AU/NZ current-chain refresh 20260816 from founder governed Chaining instruction; runtime consumes review_state=reviewed only.,
B0674,Peppermint,Peppermint,P0009,"Mondelez International, Inc.",local_brand,reviewed,official_parent_brand_page,SRC_CHAINING_REFRESH_20260816,Chaining refresh 20260816,CHAT_Cursor_Chaining_Asset_Refresh_Instruction_20260816,2026-08-16,AU/NZ current-chain refresh 20260816 from founder governed Chaining instruction; runtime consumes review_state=reviewed only.,
B0675,Cadbury Turkish Delight,Cadbury Turkish Delight,P0009,"Mondelez International, Inc.",local_brand,reviewed,official_parent_brand_page,SRC_CHAINING_REFRESH_20260816,Chaining refresh 20260816,CHAT_Cursor_Chaining_Asset_Refresh_Instruction_20260816,2026-08-16,AU/NZ current-chain refresh 20260816 from founder governed Chaining instruction; runtime consumes review_state=reviewed only.,
B0676,Chocolate Fish,Chocolate Fish,P0009,"Mondelez International, Inc.",local_brand,reviewed,official_parent_brand_page,SRC_CHAINING_REFRESH_20260816,Chaining refresh 20260816,CHAT_Cursor_Chaining_Asset_Refresh_Instruction_20260816,2026-08-16,AU/NZ current-chain refresh 20260816 from founder governed Chaining instruction; runtime consumes review_state=reviewed only.,
B0677,Cocoas,Cocoas,P0009,"Mondelez International, Inc.",local_brand,reviewed,official_parent_brand_page,SRC_CHAINING_REFRESH_20260816,Chaining refresh 20260816,CHAT_Cursor_Chaining_Asset_Refresh_Instruction_20260816,2026-08-16,AU/NZ current-chain refresh 20260816 from founder governed Chaining instruction; runtime consumes review_state=reviewed only.,
B0678,Fry's Turkish Delight,Fry's Turkish Delight,P0009,"Mondelez International, Inc.",local_brand,reviewed,official_parent_brand_page,SRC_CHAINING_REFRESH_20260816,Chaining refresh 20260816,CHAT_Cursor_Chaining_Asset_Refresh_Instruction_20260816,2026-08-16,AU/NZ current-chain refresh 20260816 from founder governed Chaining instruction; runtime consumes review_state=reviewed only.,
B0679,Olina's,Olina's,P0009,"Mondelez International, Inc.",local_brand,reviewed,official_parent_brand_page,SRC_CHAINING_REFRESH_20260816,Chaining refresh 20260816,CHAT_Cursor_Chaining_Asset_Refresh_Instruction_20260816,2026-08-16,AU/NZ current-chain refresh 20260816 from founder governed Chaining instruction; runtime consumes review_state=reviewed only.,
B0680,Cadbury Baking,Cadbury Baking,P0009,"Mondelez International, Inc.",local_brand,reviewed,official_parent_brand_page,SRC_CHAINING_REFRESH_20260816,Chaining refresh 20260816,CHAT_Cursor_Chaining_Asset_Refresh_Instruction_20260816,2026-08-16,AU/NZ current-chain refresh 20260816 from founder governed Chaining instruction; runtime consumes review_state=reviewed only.,
B0681,Super 2,Super 2,P0008,Nestlé S.A.,local_brand,reviewed,official_parent_brand_page,SRC_CHAINING_REFRESH_20260816,Chaining refresh 20260816,CHAT_Cursor_Chaining_Asset_Refresh_Instruction_20260816,2026-08-16,AU/NZ current-chain refresh 20260816 from founder governed Chaining instruction; runtime consumes review_state=reviewed only.,
B0682,Red Tulip,Red Tulip,P0008,Nestlé S.A.,local_brand,reviewed,official_parent_brand_page,SRC_CHAINING_REFRESH_20260816,Chaining refresh 20260816,CHAT_Cursor_Chaining_Asset_Refresh_Instruction_20260816,2026-08-16,AU/NZ current-chain refresh 20260816 from founder governed Chaining instruction; runtime consumes review_state=reviewed only.,
B0683,Plaistowe,Plaistowe,P0008,Nestlé S.A.,local_brand,reviewed,official_parent_brand_page,SRC_CHAINING_REFRESH_20260816,Chaining refresh 20260816,CHAT_Cursor_Chaining_Asset_Refresh_Instruction_20260816,2026-08-16,AU/NZ current-chain refresh 20260816 from founder governed Chaining instruction; runtime consumes review_state=reviewed only.,
B0684,Magnum Classic,Magnum Classic,P0014,The Magnum Ice Cream Company N.V.,local_brand,reviewed,official_parent_brand_page,SRC_CHAINING_REFRESH_20260816,Chaining refresh 20260816,CHAT_Cursor_Chaining_Asset_Refresh_Instruction_20260816,2026-08-16,AU/NZ current-chain refresh 20260816 from founder governed Chaining instruction; runtime consumes review_state=reviewed only.,
B0685,Magnum Almond,Magnum Almond,P0014,The Magnum Ice Cream Company N.V.,local_brand,reviewed,official_parent_brand_page,SRC_CHAINING_REFRESH_20260816,Chaining refresh 20260816,CHAT_Cursor_Chaining_Asset_Refresh_Instruction_20260816,2026-08-16,AU/NZ current-chain refresh 20260816 from founder governed Chaining instruction; runtime consumes review_state=reviewed only.,
B0686,Magnum Double,Magnum Double,P0014,The Magnum Ice Cream Company N.V.,local_brand,reviewed,official_parent_brand_page,SRC_CHAINING_REFRESH_20260816,Chaining refresh 20260816,CHAT_Cursor_Chaining_Asset_Refresh_Instruction_20260816,2026-08-16,AU/NZ current-chain refresh 20260816 from founder governed Chaining instruction; runtime consumes review_state=reviewed only.,
B0687,Magnum White,Magnum White,P0014,The Magnum Ice Cream Company N.V.,local_brand,reviewed,official_parent_brand_page,SRC_CHAINING_REFRESH_20260816,Chaining refresh 20260816,CHAT_Cursor_Chaining_Asset_Refresh_Instruction_20260816,2026-08-16,AU/NZ current-chain refresh 20260816 from founder governed Chaining instruction; runtime consumes review_state=reviewed only.,
B0688,Maxibon,Maxibon,P0014,The Magnum Ice Cream Company N.V.,local_brand,reviewed,official_parent_brand_page,SRC_CHAINING_REFRESH_20260816,Chaining refresh 20260816,CHAT_Cursor_Chaining_Asset_Refresh_Instruction_20260816,2026-08-16,AU/NZ current-chain refresh 20260816 from founder governed Chaining instruction; runtime consumes review_state=reviewed only.,
B0689,Continental Cup a Soup,Continental Cup a Soup,P0013,Unilever PLC,local_brand,reviewed,official_parent_brand_page,SRC_CHAINING_REFRESH_20260816,Chaining refresh 20260816,CHAT_Cursor_Chaining_Asset_Refresh_Instruction_20260816,2026-08-16,AU/NZ current-chain refresh 20260816 from founder governed Chaining instruction; runtime consumes review_state=reviewed only.,
B0690,Continental Recipe Bases,Continental Recipe Bases,P0013,Unilever PLC,local_brand,reviewed,official_parent_brand_page,SRC_CHAINING_REFRESH_20260816,Chaining refresh 20260816,CHAT_Cursor_Chaining_Asset_Refresh_Instruction_20260816,2026-08-16,AU/NZ current-chain refresh 20260816 from founder governed Chaining instruction; runtime consumes review_state=reviewed only.,
B0691,Continental Gravies,Continental Gravies,P0013,Unilever PLC,local_brand,reviewed,official_parent_brand_page,SRC_CHAINING_REFRESH_20260816,Chaining refresh 20260816,CHAT_Cursor_Chaining_Asset_Refresh_Instruction_20260816,2026-08-16,AU/NZ current-chain refresh 20260816 from founder governed Chaining instruction; runtime consumes review_state=reviewed only.,
B0692,Continental Sides,Continental Sides,P0013,Unilever PLC,local_brand,reviewed,official_parent_brand_page,SRC_CHAINING_REFRESH_20260816,Chaining refresh 20260816,CHAT_Cursor_Chaining_Asset_Refresh_Instruction_20260816,2026-08-16,AU/NZ current-chain refresh 20260816 from founder governed Chaining instruction; runtime consumes review_state=reviewed only.,
B0693,Continental Stock,Continental Stock,P0013,Unilever PLC,local_brand,reviewed,official_parent_brand_page,SRC_CHAINING_REFRESH_20260816,Chaining refresh 20260816,CHAT_Cursor_Chaining_Asset_Refresh_Instruction_20260816,2026-08-16,AU/NZ current-chain refresh 20260816 from founder governed Chaining instruction; runtime consumes review_state=reviewed only.,
B0694,Danone Dairy Australia,Danone Dairy Australia,P0012,Danone S.A.,local_brand,reviewed,official_parent_brand_page,SRC_CHAINING_REFRESH_20260816,Chaining refresh 20260816,CHAT_Cursor_Chaining_Asset_Refresh_Instruction_20260816,2026-08-16,AU/NZ current-chain refresh 20260816 from founder governed Chaining instruction; runtime consumes review_state=reviewed only.,
B0695,Pauls Farmhouse Gold,Pauls Farmhouse Gold,P0020,Lactalis Group,local_brand,reviewed,official_parent_brand_page,SRC_CHAINING_REFRESH_20260816,Chaining refresh 20260816,CHAT_Cursor_Chaining_Asset_Refresh_Instruction_20260816,2026-08-16,AU/NZ current-chain refresh 20260816 from founder governed Chaining instruction; runtime consumes review_state=reviewed only.,
B0696,Oak Thickshake,Oak Thickshake,P0020,Lactalis Group,local_brand,reviewed,official_parent_brand_page,SRC_CHAINING_REFRESH_20260816,Chaining refresh 20260816,CHAT_Cursor_Chaining_Asset_Refresh_Instruction_20260816,2026-08-16,AU/NZ current-chain refresh 20260816 from founder governed Chaining instruction; runtime consumes review_state=reviewed only.,
B0697,Oak Plus,Oak Plus,P0020,Lactalis Group,local_brand,reviewed,official_parent_brand_page,SRC_CHAINING_REFRESH_20260816,Chaining refresh 20260816,CHAT_Cursor_Chaining_Asset_Refresh_Instruction_20260816,2026-08-16,AU/NZ current-chain refresh 20260816 from founder governed Chaining instruction; runtime consumes review_state=reviewed only.,
B0698,Ice Break Extra Shot,Ice Break Extra Shot,P0020,Lactalis Group,local_brand,reviewed,official_parent_brand_page,SRC_CHAINING_REFRESH_20260816,Chaining refresh 20260816,CHAT_Cursor_Chaining_Asset_Refresh_Instruction_20260816,2026-08-16,AU/NZ current-chain refresh 20260816 from founder governed Chaining instruction; runtime consumes review_state=reviewed only.,
B0699,Vaalia Kids,Vaalia Kids,P0020,Lactalis Group,local_brand,reviewed,official_parent_brand_page,SRC_CHAINING_REFRESH_20260816,Chaining refresh 20260816,CHAT_Cursor_Chaining_Asset_Refresh_Instruction_20260816,2026-08-16,AU/NZ current-chain refresh 20260816 from founder governed Chaining instruction; runtime consumes review_state=reviewed only.,
B0700,Tamar Valley No Added Sugar,Tamar Valley No Added Sugar,P0020,Lactalis Group,local_brand,reviewed,official_parent_brand_page,SRC_CHAINING_REFRESH_20260816,Chaining refresh 20260816,CHAT_Cursor_Chaining_Asset_Refresh_Instruction_20260816,2026-08-16,AU/NZ current-chain refresh 20260816 from founder governed Chaining instruction; runtime consumes review_state=reviewed only.,
B0701,Président Brie,Président Brie,P0020,Lactalis Group,local_brand,reviewed,official_parent_brand_page,SRC_CHAINING_REFRESH_20260816,Chaining refresh 20260816,CHAT_Cursor_Chaining_Asset_Refresh_Instruction_20260816,2026-08-16,AU/NZ current-chain refresh 20260816 from founder governed Chaining instruction; runtime consumes review_state=reviewed only.,
B0702,Galbani Baby Bocconcini,Galbani Baby Bocconcini,P0020,Lactalis Group,local_brand,reviewed,official_parent_brand_page,SRC_CHAINING_REFRESH_20260816,Chaining refresh 20260816,CHAT_Cursor_Chaining_Asset_Refresh_Instruction_20260816,2026-08-16,AU/NZ current-chain refresh 20260816 from founder governed Chaining instruction; runtime consumes review_state=reviewed only.,
B0703,Jindi Camembert,Jindi Camembert,P0020,Lactalis Group,local_brand,reviewed,official_parent_brand_page,SRC_CHAINING_REFRESH_20260816,Chaining refresh 20260816,CHAT_Cursor_Chaining_Asset_Refresh_Instruction_20260816,2026-08-16,AU/NZ current-chain refresh 20260816 from founder governed Chaining instruction; runtime consumes review_state=reviewed only.,
B0704,Lemnos Haloumi,Lemnos Haloumi,P0020,Lactalis Group,local_brand,reviewed,official_parent_brand_page,SRC_CHAINING_REFRESH_20260816,Chaining refresh 20260816,CHAT_Cursor_Chaining_Asset_Refresh_Instruction_20260816,2026-08-16,AU/NZ current-chain refresh 20260816 from founder governed Chaining instruction; runtime consumes review_state=reviewed only.,
B0705,Lactalis Professional,Lactalis Professional,P0020,Lactalis Group,local_brand,reviewed,official_parent_brand_page,SRC_CHAINING_REFRESH_20260816,Chaining refresh 20260816,CHAT_Cursor_Chaining_Asset_Refresh_Instruction_20260816,2026-08-16,AU/NZ current-chain refresh 20260816 from founder governed Chaining instruction; runtime consumes review_state=reviewed only.,
B0706,Pauls Professional,Pauls Professional,P0020,Lactalis Group,local_brand,reviewed,official_parent_brand_page,SRC_CHAINING_REFRESH_20260816,Chaining refresh 20260816,CHAT_Cursor_Chaining_Asset_Refresh_Instruction_20260816,2026-08-16,AU/NZ current-chain refresh 20260816 from founder governed Chaining instruction; runtime consumes review_state=reviewed only.,
B0707,Galbani Professional,Galbani Professional,P0020,Lactalis Group,local_brand,reviewed,official_parent_brand_page,SRC_CHAINING_REFRESH_20260816,Chaining refresh 20260816,CHAT_Cursor_Chaining_Asset_Refresh_Instruction_20260816,2026-08-16,AU/NZ current-chain refresh 20260816 from founder governed Chaining instruction; runtime consumes review_state=reviewed only.,
B0708,Bega Peanut Butter,Bega Peanut Butter,P0023,Bega Group Limited,local_brand,reviewed,official_parent_brand_page,SRC_CHAINING_REFRESH_20260816,Chaining refresh 20260816,CHAT_Cursor_Chaining_Asset_Refresh_Instruction_20260816,2026-08-16,AU/NZ current-chain refresh 20260816 from founder governed Chaining instruction; runtime consumes review_state=reviewed only.,
B0709,Farmers Union Iced Coffee,Farmers Union Iced Coffee,P0023,Bega Group Limited,local_brand,reviewed,official_parent_brand_page,SRC_CHAINING_REFRESH_20260816,Chaining refresh 20260816,CHAT_Cursor_Chaining_Asset_Refresh_Instruction_20260816,2026-08-16,AU/NZ current-chain refresh 20260816 from founder governed Chaining instruction; runtime consumes review_state=reviewed only.,
B0710,Dairy Farmers Thick & Creamy,Dairy Farmers Thick & Creamy,P0023,Bega Group Limited,local_brand,reviewed,official_parent_brand_page,SRC_CHAINING_REFRESH_20260816,Chaining refresh 20260816,CHAT_Cursor_Chaining_Asset_Refresh_Instruction_20260816,2026-08-16,AU/NZ current-chain refresh 20260816 from founder governed Chaining instruction; runtime consumes review_state=reviewed only.,
B0711,Dairy Farmers Greek Style,Dairy Farmers Greek Style,P0023,Bega Group Limited,local_brand,reviewed,official_parent_brand_page,SRC_CHAINING_REFRESH_20260816,Chaining refresh 20260816,CHAT_Cursor_Chaining_Asset_Refresh_Instruction_20260816,2026-08-16,AU/NZ current-chain refresh 20260816 from founder governed Chaining instruction; runtime consumes review_state=reviewed only.,
B0712,Vegemite Cheesybite,Vegemite Cheesybite,P0023,Bega Group Limited,local_brand,reviewed,official_parent_brand_page,SRC_CHAINING_REFRESH_20260816,Chaining refresh 20260816,CHAT_Cursor_Chaining_Asset_Refresh_Instruction_20260816,2026-08-16,AU/NZ current-chain refresh 20260816 from founder governed Chaining instruction; runtime consumes review_state=reviewed only.,
B0713,Bega Super Slim,Bega Super Slim,P0023,Bega Group Limited,local_brand,reviewed,official_parent_brand_page,SRC_CHAINING_REFRESH_20260816,Chaining refresh 20260816,CHAT_Cursor_Chaining_Asset_Refresh_Instruction_20260816,2026-08-16,AU/NZ current-chain refresh 20260816 from founder governed Chaining instruction; runtime consumes review_state=reviewed only.,
B0714,Bega Extra Tasty,Bega Extra Tasty,P0023,Bega Group Limited,local_brand,reviewed,official_parent_brand_page,SRC_CHAINING_REFRESH_20260816,Chaining refresh 20260816,CHAT_Cursor_Chaining_Asset_Refresh_Instruction_20260816,2026-08-16,AU/NZ current-chain refresh 20260816 from founder governed Chaining instruction; runtime consumes review_state=reviewed only.,
B0715,Bega Stringers,Bega Stringers,P0023,Bega Group Limited,local_brand,reviewed,official_parent_brand_page,SRC_CHAINING_REFRESH_20260816,Chaining refresh 20260816,CHAT_Cursor_Chaining_Asset_Refresh_Instruction_20260816,2026-08-16,AU/NZ current-chain refresh 20260816 from founder governed Chaining instruction; runtime consumes review_state=reviewed only.,
B0716,Bega Super Slices,Bega Super Slices,P0023,Bega Group Limited,local_brand,reviewed,official_parent_brand_page,SRC_CHAINING_REFRESH_20260816,Chaining refresh 20260816,CHAT_Cursor_Chaining_Asset_Refresh_Instruction_20260816,2026-08-16,AU/NZ current-chain refresh 20260816 from founder governed Chaining instruction; runtime consumes review_state=reviewed only.,
B0717,Bega Country Light,Bega Country Light,P0023,Bega Group Limited,local_brand,reviewed,official_parent_brand_page,SRC_CHAINING_REFRESH_20260816,Chaining refresh 20260816,CHAT_Cursor_Chaining_Asset_Refresh_Instruction_20260816,2026-08-16,AU/NZ current-chain refresh 20260816 from founder governed Chaining instruction; runtime consumes review_state=reviewed only.,
B0718,Primo (dairy),Primo Dairy,P0020,Lactalis Group,local_brand,reviewed,official_parent_brand_page,SRC_CHAINING_REFRESH_20260816,Chaining refresh 20260816,CHAT_Cursor_Chaining_Asset_Refresh_Instruction_20260816,2026-08-16,AU/NZ current-chain refresh 20260816; dairy Primo under Lactalis (P0020). JBS Primo meat B0351 remains separate. No bare Primo alias.,
B0719,Fresh 'n Fruity,Fresh 'n Fruity,P0022,Fonterra Co-operative Group Limited,local_brand,reviewed,official_parent_brand_page,SRC_CHAINING_REFRESH_20260816,Chaining refresh 20260816,CHAT_Cursor_Chaining_Asset_Refresh_Instruction_20260816,2026-08-16,AU/NZ current-chain refresh 20260816 from founder governed Chaining instruction; runtime consumes review_state=reviewed only.,
B0720,Anchor Blue,Anchor Blue,P0022,Fonterra Co-operative Group Limited,local_brand,reviewed,official_parent_brand_page,SRC_CHAINING_REFRESH_20260816,Chaining refresh 20260816,CHAT_Cursor_Chaining_Asset_Refresh_Instruction_20260816,2026-08-16,AU/NZ current-chain refresh 20260816 from founder governed Chaining instruction; runtime consumes review_state=reviewed only.,
B0721,Anchor Calci+,Anchor Calci+,P0022,Fonterra Co-operative Group Limited,local_brand,reviewed,official_parent_brand_page,SRC_CHAINING_REFRESH_20260816,Chaining refresh 20260816,CHAT_Cursor_Chaining_Asset_Refresh_Instruction_20260816,2026-08-16,AU/NZ current-chain refresh 20260816 from founder governed Chaining instruction; runtime consumes review_state=reviewed only.,
B0722,Anchor Mega Joule,Anchor Mega Joule,P0022,Fonterra Co-operative Group Limited,local_brand,reviewed,official_parent_brand_page,SRC_CHAINING_REFRESH_20260816,Chaining refresh 20260816,CHAT_Cursor_Chaining_Asset_Refresh_Instruction_20260816,2026-08-16,AU/NZ current-chain refresh 20260816 from founder governed Chaining instruction; runtime consumes review_state=reviewed only.,
B0723,Anchor Protein+,Anchor Protein+,P0022,Fonterra Co-operative Group Limited,local_brand,reviewed,official_parent_brand_page,SRC_CHAINING_REFRESH_20260816,Chaining refresh 20260816,CHAT_Cursor_Chaining_Asset_Refresh_Instruction_20260816,2026-08-16,AU/NZ current-chain refresh 20260816 from founder governed Chaining instruction; runtime consumes review_state=reviewed only.,
B0724,Anchor Unsalted,Anchor Unsalted,P0022,Fonterra Co-operative Group Limited,local_brand,reviewed,official_parent_brand_page,SRC_CHAINING_REFRESH_20260816,Chaining refresh 20260816,CHAT_Cursor_Chaining_Asset_Refresh_Instruction_20260816,2026-08-16,AU/NZ current-chain refresh 20260816 from founder governed Chaining instruction; runtime consumes review_state=reviewed only.,
B0725,Mainland Special Reserve,Mainland Special Reserve,P0022,Fonterra Co-operative Group Limited,local_brand,reviewed,official_parent_brand_page,SRC_CHAINING_REFRESH_20260816,Chaining refresh 20260816,CHAT_Cursor_Chaining_Asset_Refresh_Instruction_20260816,2026-08-16,AU/NZ current-chain refresh 20260816 from founder governed Chaining instruction; runtime consumes review_state=reviewed only.,
B0726,Mainland Tasty,Mainland Tasty,P0022,Fonterra Co-operative Group Limited,local_brand,reviewed,official_parent_brand_page,SRC_CHAINING_REFRESH_20260816,Chaining refresh 20260816,CHAT_Cursor_Chaining_Asset_Refresh_Instruction_20260816,2026-08-16,AU/NZ current-chain refresh 20260816 from founder governed Chaining instruction; runtime consumes review_state=reviewed only.,
B0727,Western Star Spreadable,Western Star Spreadable,P0022,Fonterra Co-operative Group Limited,local_brand,reviewed,official_parent_brand_page,SRC_CHAINING_REFRESH_20260816,Chaining refresh 20260816,CHAT_Cursor_Chaining_Asset_Refresh_Instruction_20260816,2026-08-16,AU/NZ current-chain refresh 20260816 from founder governed Chaining instruction; runtime consumes review_state=reviewed only.,
B0728,Perfect Italiano Parmesan,Perfect Italiano Parmesan,P0022,Fonterra Co-operative Group Limited,local_brand,reviewed,official_parent_brand_page,SRC_CHAINING_REFRESH_20260816,Chaining refresh 20260816,CHAT_Cursor_Chaining_Asset_Refresh_Instruction_20260816,2026-08-16,AU/NZ current-chain refresh 20260816 from founder governed Chaining instruction; runtime consumes review_state=reviewed only.,
B0729,Perfect Italiano Ricotta,Perfect Italiano Ricotta,P0022,Fonterra Co-operative Group Limited,local_brand,reviewed,official_parent_brand_page,SRC_CHAINING_REFRESH_20260816,Chaining refresh 20260816,CHAT_Cursor_Chaining_Asset_Refresh_Instruction_20260816,2026-08-16,AU/NZ current-chain refresh 20260816 from founder governed Chaining instruction; runtime consumes review_state=reviewed only.,
B0730,Kapiti Kikorangi,Kapiti Kikorangi,P0022,Fonterra Co-operative Group Limited,local_brand,reviewed,official_parent_brand_page,SRC_CHAINING_REFRESH_20260816,Chaining refresh 20260816,CHAT_Cursor_Chaining_Asset_Refresh_Instruction_20260816,2026-08-16,AU/NZ current-chain refresh 20260816 from founder governed Chaining instruction; runtime consumes review_state=reviewed only.,
B0731,Kapiti Kahurangi,Kapiti Kahurangi,P0022,Fonterra Co-operative Group Limited,local_brand,reviewed,official_parent_brand_page,SRC_CHAINING_REFRESH_20260816,Chaining refresh 20260816,CHAT_Cursor_Chaining_Asset_Refresh_Instruction_20260816,2026-08-16,AU/NZ current-chain refresh 20260816 from founder governed Chaining instruction; runtime consumes review_state=reviewed only.,
B0732,Birds Eye SteamFresh,Birds Eye SteamFresh,P0041,Simplot Australia Pty Limited,local_brand,reviewed,official_parent_brand_page,SRC_CHAINING_REFRESH_20260816,Chaining refresh 20260816,CHAT_Cursor_Chaining_Asset_Refresh_Instruction_20260816,2026-08-16,AU/NZ current-chain refresh 20260816 from founder governed Chaining instruction; runtime consumes review_state=reviewed only.,
B0733,Birds Eye Oven Bake,Birds Eye Oven Bake,P0041,Simplot Australia Pty Limited,local_brand,reviewed,official_parent_brand_page,SRC_CHAINING_REFRESH_20260816,Chaining refresh 20260816,CHAT_Cursor_Chaining_Asset_Refresh_Instruction_20260816,2026-08-16,AU/NZ current-chain refresh 20260816 from founder governed Chaining instruction; runtime consumes review_state=reviewed only.,
B0734,Edgell Chickpeas,Edgell Chickpeas,P0041,Simplot Australia Pty Limited,local_brand,reviewed,official_parent_brand_page,SRC_CHAINING_REFRESH_20260816,Chaining refresh 20260816,CHAT_Cursor_Chaining_Asset_Refresh_Instruction_20260816,2026-08-16,AU/NZ current-chain refresh 20260816 from founder governed Chaining instruction; runtime consumes review_state=reviewed only.,
B0735,Edgell Corn Kernels,Edgell Corn Kernels,P0041,Simplot Australia Pty Limited,local_brand,reviewed,official_parent_brand_page,SRC_CHAINING_REFRESH_20260816,Chaining refresh 20260816,CHAT_Cursor_Chaining_Asset_Refresh_Instruction_20260816,2026-08-16,AU/NZ current-chain refresh 20260816 from founder governed Chaining instruction; runtime consumes review_state=reviewed only.,
B0736,Leggo's Pasta Bake,Leggo's Pasta Bake,P0041,Simplot Australia Pty Limited,local_brand,reviewed,official_parent_brand_page,SRC_CHAINING_REFRESH_20260816,Chaining refresh 20260816,CHAT_Cursor_Chaining_Asset_Refresh_Instruction_20260816,2026-08-16,AU/NZ current-chain refresh 20260816 from founder governed Chaining instruction; runtime consumes review_state=reviewed only.,
B0737,John West Tuna Tempters,John West Tuna Tempters,P0041,Simplot Australia Pty Limited,local_brand,reviewed,official_parent_brand_page,SRC_CHAINING_REFRESH_20260816,Chaining refresh 20260816,CHAT_Cursor_Chaining_Asset_Refresh_Instruction_20260816,2026-08-16,AU/NZ current-chain refresh 20260816 from founder governed Chaining instruction; runtime consumes review_state=reviewed only.,
B0738,John West Salmon,John West Salmon,P0041,Simplot Australia Pty Limited,local_brand,reviewed,official_parent_brand_page,SRC_CHAINING_REFRESH_20260816,Chaining refresh 20260816,CHAT_Cursor_Chaining_Asset_Refresh_Instruction_20260816,2026-08-16,AU/NZ current-chain refresh 20260816 from founder governed Chaining instruction; runtime consumes review_state=reviewed only.,
B0739,I&J Fish Fillets,I&J Fish Fillets,P0041,Simplot Australia Pty Limited,local_brand,reviewed,official_parent_brand_page,SRC_CHAINING_REFRESH_20260816,Chaining refresh 20260816,CHAT_Cursor_Chaining_Asset_Refresh_Instruction_20260816,2026-08-16,AU/NZ current-chain refresh 20260816 from founder governed Chaining instruction; runtime consumes review_state=reviewed only.,
B0740,Harvest Sliced Beetroot,Harvest Sliced Beetroot,P0041,Simplot Australia Pty Limited,local_brand,reviewed,official_parent_brand_page,SRC_CHAINING_REFRESH_20260816,Chaining refresh 20260816,CHAT_Cursor_Chaining_Asset_Refresh_Instruction_20260816,2026-08-16,AU/NZ current-chain refresh 20260816 from founder governed Chaining instruction; runtime consumes review_state=reviewed only.,
B0741,Chiko Roll,Chiko Roll,P0041,Simplot Australia Pty Limited,local_brand,reviewed,official_parent_brand_page,SRC_CHAINING_REFRESH_20260816,Chaining refresh 20260816,CHAT_Cursor_Chaining_Asset_Refresh_Instruction_20260816,2026-08-16,AU/NZ current-chain refresh 20260816 from founder governed Chaining instruction; runtime consumes review_state=reviewed only.,
B0742,Weet-Bix Gluten Free,Weet-Bix Gluten Free,P0025,Sanitarium Health Food Company,local_brand,reviewed,official_parent_brand_page,SRC_CHAINING_REFRESH_20260816,Chaining refresh 20260816,CHAT_Cursor_Chaining_Asset_Refresh_Instruction_20260816,2026-08-16,AU/NZ current-chain refresh 20260816 from founder governed Chaining instruction; runtime consumes review_state=reviewed only.,
B0743,Weet-Bix Collagen,Weet-Bix Collagen,P0025,Sanitarium Health Food Company,local_brand,reviewed,official_parent_brand_page,SRC_CHAINING_REFRESH_20260816,Chaining refresh 20260816,CHAT_Cursor_Chaining_Asset_Refresh_Instruction_20260816,2026-08-16,AU/NZ current-chain refresh 20260816 from founder governed Chaining instruction; runtime consumes review_state=reviewed only.,
B0744,So Good Almond Milk,So Good Almond Milk,P0025,Sanitarium Health Food Company,local_brand,reviewed,official_parent_brand_page,SRC_CHAINING_REFRESH_20260816,Chaining refresh 20260816,CHAT_Cursor_Chaining_Asset_Refresh_Instruction_20260816,2026-08-16,AU/NZ current-chain refresh 20260816 from founder governed Chaining instruction; runtime consumes review_state=reviewed only.,
B0745,So Good Oat Milk,So Good Oat Milk,P0025,Sanitarium Health Food Company,local_brand,reviewed,official_parent_brand_page,SRC_CHAINING_REFRESH_20260816,Chaining refresh 20260816,CHAT_Cursor_Chaining_Asset_Refresh_Instruction_20260816,2026-08-16,AU/NZ current-chain refresh 20260816 from founder governed Chaining instruction; runtime consumes review_state=reviewed only.,
B0746,Sanitarium Peanut Butter,Sanitarium Peanut Butter,P0025,Sanitarium Health Food Company,local_brand,reviewed,official_parent_brand_page,SRC_CHAINING_REFRESH_20260816,Chaining refresh 20260816,CHAT_Cursor_Chaining_Asset_Refresh_Instruction_20260816,2026-08-16,AU/NZ current-chain refresh 20260816 from founder governed Chaining instruction; runtime consumes review_state=reviewed only.,
B0747,V8 Fusion,V8 Fusion,P0032,Campbell's Company,local_brand,reviewed,official_parent_brand_page,SRC_CHAINING_REFRESH_20260816,Chaining refresh 20260816,CHAT_Cursor_Chaining_Asset_Refresh_Instruction_20260816,2026-08-16,AU/NZ current-chain refresh 20260816 from founder governed Chaining instruction; runtime consumes review_state=reviewed only.,
B0748,V8 Storm,V8 Storm,P0032,Campbell's Company,local_brand,reviewed,official_parent_brand_page,SRC_CHAINING_REFRESH_20260816,Chaining refresh 20260816,CHAT_Cursor_Chaining_Asset_Refresh_Instruction_20260816,2026-08-16,AU/NZ current-chain refresh 20260816 from founder governed Chaining instruction; runtime consumes review_state=reviewed only.,
B0749,Campbell's Chunky,Campbell's Chunky,P0032,Campbell's Company,local_brand,reviewed,official_parent_brand_page,SRC_CHAINING_REFRESH_20260816,Chaining refresh 20260816,CHAT_Cursor_Chaining_Asset_Refresh_Instruction_20260816,2026-08-16,AU/NZ current-chain refresh 20260816 from founder governed Chaining instruction; runtime consumes review_state=reviewed only.,
B0750,Gravox Traditional,Gravox Traditional,P0032,Campbell's Company,local_brand,reviewed,official_parent_brand_page,SRC_CHAINING_REFRESH_20260816,Chaining refresh 20260816,CHAT_Cursor_Chaining_Asset_Refresh_Instruction_20260816,2026-08-16,AU/NZ current-chain refresh 20260816 from founder governed Chaining instruction; runtime consumes review_state=reviewed only.,
B0751,Gravox Supreme,Gravox Supreme,P0032,Campbell's Company,local_brand,reviewed,official_parent_brand_page,SRC_CHAINING_REFRESH_20260816,Chaining refresh 20260816,CHAT_Cursor_Chaining_Asset_Refresh_Instruction_20260816,2026-08-16,AU/NZ current-chain refresh 20260816 from founder governed Chaining instruction; runtime consumes review_state=reviewed only.,
B0752,Mint Slice,Mint Slice,P0043,The Arnott's Group,local_brand,reviewed,official_parent_brand_page,SRC_CHAINING_REFRESH_20260816,Chaining refresh 20260816,CHAT_Cursor_Chaining_Asset_Refresh_Instruction_20260816,2026-08-16,AU/NZ current-chain refresh 20260816 from founder governed Chaining instruction; runtime consumes review_state=reviewed only.,
B0753,Wagon Wheels,Wagon Wheels,P0043,The Arnott's Group,local_brand,reviewed,official_parent_brand_page,SRC_CHAINING_REFRESH_20260816,Chaining refresh 20260816,CHAT_Cursor_Chaining_Asset_Refresh_Instruction_20260816,2026-08-16,AU/NZ current-chain refresh 20260816 from founder governed Chaining instruction; runtime consumes review_state=reviewed only.,
B0754,Cruskits,Cruskits,P0043,The Arnott's Group,local_brand,reviewed,official_parent_brand_page,SRC_CHAINING_REFRESH_20260816,Chaining refresh 20260816,CHAT_Cursor_Chaining_Asset_Refresh_Instruction_20260816,2026-08-16,AU/NZ current-chain refresh 20260816 from founder governed Chaining instruction; runtime consumes review_state=reviewed only.,
B0755,Rice Cookies,Rice Cookies,P0043,The Arnott's Group,local_brand,reviewed,official_parent_brand_page,SRC_CHAINING_REFRESH_20260816,Chaining refresh 20260816,CHAT_Cursor_Chaining_Asset_Refresh_Instruction_20260816,2026-08-16,AU/NZ current-chain refresh 20260816 from founder governed Chaining instruction; runtime consumes review_state=reviewed only.,
B0756,Cheds,Cheds,P0043,The Arnott's Group,local_brand,reviewed,official_parent_brand_page,SRC_CHAINING_REFRESH_20260816,Chaining refresh 20260816,CHAT_Cursor_Chaining_Asset_Refresh_Instruction_20260816,2026-08-16,AU/NZ current-chain refresh 20260816 from founder governed Chaining instruction; runtime consumes review_state=reviewed only.,
B0757,BBQ Shapes,BBQ Shapes,P0043,The Arnott's Group,local_brand,reviewed,official_parent_brand_page,SRC_CHAINING_REFRESH_20260816,Chaining refresh 20260816,CHAT_Cursor_Chaining_Asset_Refresh_Instruction_20260816,2026-08-16,AU/NZ current-chain refresh 20260816 from founder governed Chaining instruction; runtime consumes review_state=reviewed only.,
B0758,Pizza Shapes,Pizza Shapes,P0043,The Arnott's Group,local_brand,reviewed,official_parent_brand_page,SRC_CHAINING_REFRESH_20260816,Chaining refresh 20260816,CHAT_Cursor_Chaining_Asset_Refresh_Instruction_20260816,2026-08-16,AU/NZ current-chain refresh 20260816 from founder governed Chaining instruction; runtime consumes review_state=reviewed only.,
B0759,Chicken Crimpys,Chicken Crimpys,P0043,The Arnott's Group,local_brand,reviewed,official_parent_brand_page,SRC_CHAINING_REFRESH_20260816,Chaining refresh 20260816,CHAT_Cursor_Chaining_Asset_Refresh_Instruction_20260816,2026-08-16,AU/NZ current-chain refresh 20260816 from founder governed Chaining instruction; runtime consumes review_state=reviewed only.,
B0760,Tiny Teddy Chocolate,Tiny Teddy Chocolate,P0043,The Arnott's Group,local_brand,reviewed,official_parent_brand_page,SRC_CHAINING_REFRESH_20260816,Chaining refresh 20260816,CHAT_Cursor_Chaining_Asset_Refresh_Instruction_20260816,2026-08-16,AU/NZ current-chain refresh 20260816 from founder governed Chaining instruction; runtime consumes review_state=reviewed only.,
B0761,Tim Tam White,Tim Tam White,P0043,The Arnott's Group,local_brand,reviewed,official_parent_brand_page,SRC_CHAINING_REFRESH_20260816,Chaining refresh 20260816,CHAT_Cursor_Chaining_Asset_Refresh_Instruction_20260816,2026-08-16,AU/NZ current-chain refresh 20260816 from founder governed Chaining instruction; runtime consumes review_state=reviewed only.,
B0762,Tim Tam Dark,Tim Tam Dark,P0043,The Arnott's Group,local_brand,reviewed,official_parent_brand_page,SRC_CHAINING_REFRESH_20260816,Chaining refresh 20260816,CHAT_Cursor_Chaining_Asset_Refresh_Instruction_20260816,2026-08-16,AU/NZ current-chain refresh 20260816 from founder governed Chaining instruction; runtime consumes review_state=reviewed only.,
B0763,Pepsi Next,Pepsi Next,P0010,"PepsiCo, Inc.",local_brand,reviewed,official_parent_brand_page,SRC_CHAINING_REFRESH_20260816,Chaining refresh 20260816,CHAT_Cursor_Chaining_Asset_Refresh_Instruction_20260816,2026-08-16,AU/NZ current-chain refresh 20260816 from founder governed Chaining instruction; runtime consumes review_state=reviewed only.,
B0764,Diet Pepsi,Diet Pepsi,P0010,"PepsiCo, Inc.",local_brand,reviewed,official_parent_brand_page,SRC_CHAINING_REFRESH_20260816,Chaining refresh 20260816,CHAT_Cursor_Chaining_Asset_Refresh_Instruction_20260816,2026-08-16,AU/NZ current-chain refresh 20260816 from founder governed Chaining instruction; runtime consumes review_state=reviewed only.,
B0765,Gatorade Fierce,Gatorade Fierce,P0010,"PepsiCo, Inc.",local_brand,reviewed,official_parent_brand_page,SRC_CHAINING_REFRESH_20260816,Chaining refresh 20260816,CHAT_Cursor_Chaining_Asset_Refresh_Instruction_20260816,2026-08-16,AU/NZ current-chain refresh 20260816 from founder governed Chaining instruction; runtime consumes review_state=reviewed only.,
B0766,Gatorade Endurance,Gatorade Endurance,P0010,"PepsiCo, Inc.",local_brand,reviewed,official_parent_brand_page,SRC_CHAINING_REFRESH_20260816,Chaining refresh 20260816,CHAT_Cursor_Chaining_Asset_Refresh_Instruction_20260816,2026-08-16,AU/NZ current-chain refresh 20260816 from founder governed Chaining instruction; runtime consumes review_state=reviewed only.,
B0767,Smith's Crinkle Cut,Smith's Crinkle Cut,P0010,"PepsiCo, Inc.",local_brand,reviewed,official_parent_brand_page,SRC_CHAINING_REFRESH_20260816,Chaining refresh 20260816,CHAT_Cursor_Chaining_Asset_Refresh_Instruction_20260816,2026-08-16,AU/NZ current-chain refresh 20260816 from founder governed Chaining instruction; runtime consumes review_state=reviewed only.,
B0768,Smith's Thinly Cut,Smith's Thinly Cut,P0010,"PepsiCo, Inc.",local_brand,reviewed,official_parent_brand_page,SRC_CHAINING_REFRESH_20260816,Chaining refresh 20260816,CHAT_Cursor_Chaining_Asset_Refresh_Instruction_20260816,2026-08-16,AU/NZ current-chain refresh 20260816 from founder governed Chaining instruction; runtime consumes review_state=reviewed only.,
B0769,Doritos Supreme,Doritos Supreme,P0010,"PepsiCo, Inc.",local_brand,reviewed,official_parent_brand_page,SRC_CHAINING_REFRESH_20260816,Chaining refresh 20260816,CHAT_Cursor_Chaining_Asset_Refresh_Instruction_20260816,2026-08-16,AU/NZ current-chain refresh 20260816 from founder governed Chaining instruction; runtime consumes review_state=reviewed only.,
B0770,Twisties Cheese,Twisties Cheese,P0010,"PepsiCo, Inc.",local_brand,reviewed,official_parent_brand_page,SRC_CHAINING_REFRESH_20260816,Chaining refresh 20260816,CHAT_Cursor_Chaining_Asset_Refresh_Instruction_20260816,2026-08-16,AU/NZ current-chain refresh 20260816 from founder governed Chaining instruction; runtime consumes review_state=reviewed only.,
B0771,Red Rock Deli Sea Salt,Red Rock Deli Sea Salt,P0010,"PepsiCo, Inc.",local_brand,reviewed,official_parent_brand_page,SRC_CHAINING_REFRESH_20260816,Chaining refresh 20260816,CHAT_Cursor_Chaining_Asset_Refresh_Instruction_20260816,2026-08-16,AU/NZ current-chain refresh 20260816 from founder governed Chaining instruction; runtime consumes review_state=reviewed only.,
B0772,Natural Chip Co Crinkle Cut,Natural Chip Co Crinkle Cut,P0010,"PepsiCo, Inc.",local_brand,reviewed,official_parent_brand_page,SRC_CHAINING_REFRESH_20260816,Chaining refresh 20260816,CHAT_Cursor_Chaining_Asset_Refresh_Instruction_20260816,2026-08-16,AU/NZ current-chain refresh 20260816 from founder governed Chaining instruction; runtime consumes review_state=reviewed only.,
B0773,Coca-Cola No Sugar,Coca-Cola No Sugar,P0011,The Coca-Cola Company,local_brand,reviewed,official_parent_brand_page,SRC_CHAINING_REFRESH_20260816,Chaining refresh 20260816,CHAT_Cursor_Chaining_Asset_Refresh_Instruction_20260816,2026-08-16,AU/NZ current-chain refresh 20260816 from founder governed Chaining instruction; runtime consumes review_state=reviewed only.,
B0774,Coca-Cola Vanilla,Coca-Cola Vanilla,P0011,The Coca-Cola Company,local_brand,reviewed,official_parent_brand_page,SRC_CHAINING_REFRESH_20260816,Chaining refresh 20260816,CHAT_Cursor_Chaining_Asset_Refresh_Instruction_20260816,2026-08-16,AU/NZ current-chain refresh 20260816 from founder governed Chaining instruction; runtime consumes review_state=reviewed only.,
B0775,Sprite Zero,Sprite Zero,P0011,The Coca-Cola Company,local_brand,reviewed,official_parent_brand_page,SRC_CHAINING_REFRESH_20260816,Chaining refresh 20260816,CHAT_Cursor_Chaining_Asset_Refresh_Instruction_20260816,2026-08-16,AU/NZ current-chain refresh 20260816 from founder governed Chaining instruction; runtime consumes review_state=reviewed only.,
B0776,Fanta Raspberry,Fanta Raspberry,P0011,The Coca-Cola Company,local_brand,reviewed,official_parent_brand_page,SRC_CHAINING_REFRESH_20260816,Chaining refresh 20260816,CHAT_Cursor_Chaining_Asset_Refresh_Instruction_20260816,2026-08-16,AU/NZ current-chain refresh 20260816 from founder governed Chaining instruction; runtime consumes review_state=reviewed only.,
B0777,Lift Plus,Lift Plus,P0011,The Coca-Cola Company,local_brand,reviewed,official_parent_brand_page,SRC_CHAINING_REFRESH_20260816,Chaining refresh 20260816,CHAT_Cursor_Chaining_Asset_Refresh_Instruction_20260816,2026-08-16,AU/NZ current-chain refresh 20260816 from founder governed Chaining instruction; runtime consumes review_state=reviewed only.,
B0778,Kirks Pasito,Kirks Pasito,P0011,The Coca-Cola Company,local_brand,reviewed,official_parent_brand_page,SRC_CHAINING_REFRESH_20260816,Chaining refresh 20260816,CHAT_Cursor_Chaining_Asset_Refresh_Instruction_20260816,2026-08-16,AU/NZ current-chain refresh 20260816 from founder governed Chaining instruction; runtime consumes review_state=reviewed only.,
B0779,Kirks Creaming Soda,Kirks Creaming Soda,P0011,The Coca-Cola Company,local_brand,reviewed,official_parent_brand_page,SRC_CHAINING_REFRESH_20260816,Chaining refresh 20260816,CHAT_Cursor_Chaining_Asset_Refresh_Instruction_20260816,2026-08-16,AU/NZ current-chain refresh 20260816 from founder governed Chaining instruction; runtime consumes review_state=reviewed only.,
B0780,Pump Alkaline,Pump Alkaline,P0011,The Coca-Cola Company,local_brand,reviewed,official_parent_brand_page,SRC_CHAINING_REFRESH_20260816,Chaining refresh 20260816,CHAT_Cursor_Chaining_Asset_Refresh_Instruction_20260816,2026-08-16,AU/NZ current-chain refresh 20260816 from founder governed Chaining instruction; runtime consumes review_state=reviewed only.,
B0781,Mount Franklin Lightly Sparkling,Mount Franklin Lightly Sparkling,P0011,The Coca-Cola Company,local_brand,reviewed,official_parent_brand_page,SRC_CHAINING_REFRESH_20260816,Chaining refresh 20260816,CHAT_Cursor_Chaining_Asset_Refresh_Instruction_20260816,2026-08-16,AU/NZ current-chain refresh 20260816 from founder governed Chaining instruction; runtime consumes review_state=reviewed only.,
B0782,Powerade Mountain Blast,Powerade Mountain Blast,P0011,The Coca-Cola Company,local_brand,reviewed,official_parent_brand_page,SRC_CHAINING_REFRESH_20260816,Chaining refresh 20260816,CHAT_Cursor_Chaining_Asset_Refresh_Instruction_20260816,2026-08-16,AU/NZ current-chain refresh 20260816 from founder governed Chaining instruction; runtime consumes review_state=reviewed only.,
B0783,Fuze Tea Peach,Fuze Tea Peach,P0011,The Coca-Cola Company,local_brand,reviewed,official_parent_brand_page,SRC_CHAINING_REFRESH_20260816,Chaining refresh 20260816,CHAT_Cursor_Chaining_Asset_Refresh_Instruction_20260816,2026-08-16,AU/NZ current-chain refresh 20260816 from founder governed Chaining instruction; runtime consumes review_state=reviewed only.,
B0784,Schweppes Agrum,Schweppes Agrum,P0038,"Asahi Group Holdings, Ltd.",local_brand,reviewed,official_parent_brand_page,SRC_CHAINING_REFRESH_20260816,Chaining refresh 20260816,CHAT_Cursor_Chaining_Asset_Refresh_Instruction_20260816,2026-08-16,AU/NZ current-chain refresh 20260816 from founder governed Chaining instruction; runtime consumes review_state=reviewed only.,
B0785,Schweppes Lemonade,Schweppes Lemonade,P0038,"Asahi Group Holdings, Ltd.",local_brand,reviewed,official_parent_brand_page,SRC_CHAINING_REFRESH_20260816,Chaining refresh 20260816,CHAT_Cursor_Chaining_Asset_Refresh_Instruction_20260816,2026-08-16,AU/NZ current-chain refresh 20260816 from founder governed Chaining instruction; runtime consumes review_state=reviewed only.,
B0786,Schweppes Mineral Water,Schweppes Mineral Water,P0038,"Asahi Group Holdings, Ltd.",local_brand,reviewed,official_parent_brand_page,SRC_CHAINING_REFRESH_20260816,Chaining refresh 20260816,CHAT_Cursor_Chaining_Asset_Refresh_Instruction_20260816,2026-08-16,AU/NZ current-chain refresh 20260816 from founder governed Chaining instruction; runtime consumes review_state=reviewed only.,
B0787,Solo Origin,Solo Origin,P0038,"Asahi Group Holdings, Ltd.",local_brand,reviewed,official_parent_brand_page,SRC_CHAINING_REFRESH_20260816,Chaining refresh 20260816,CHAT_Cursor_Chaining_Asset_Refresh_Instruction_20260816,2026-08-16,AU/NZ current-chain refresh 20260816 from founder governed Chaining instruction; runtime consumes review_state=reviewed only.,
B0788,Cool Ridge Still,Cool Ridge Still,P0038,"Asahi Group Holdings, Ltd.",local_brand,reviewed,official_parent_brand_page,SRC_CHAINING_REFRESH_20260816,Chaining refresh 20260816,CHAT_Cursor_Chaining_Asset_Refresh_Instruction_20260816,2026-08-16,AU/NZ current-chain refresh 20260816 from founder governed Chaining instruction; runtime consumes review_state=reviewed only.,
B0789,Waterfords Sparkling,Waterfords Sparkling,P0038,"Asahi Group Holdings, Ltd.",local_brand,reviewed,official_parent_brand_page,SRC_CHAINING_REFRESH_20260816,Chaining refresh 20260816,CHAT_Cursor_Chaining_Asset_Refresh_Instruction_20260816,2026-08-16,AU/NZ current-chain refresh 20260816 from founder governed Chaining instruction; runtime consumes review_state=reviewed only.,
B0790,Cascade Ginger Beer,Cascade Ginger Beer,P0038,"Asahi Group Holdings, Ltd.",local_brand,reviewed,official_parent_brand_page,SRC_CHAINING_REFRESH_20260816,Chaining refresh 20260816,CHAT_Cursor_Chaining_Asset_Refresh_Instruction_20260816,2026-08-16,AU/NZ current-chain refresh 20260816 from founder governed Chaining instruction; runtime consumes review_state=reviewed only.,
B0791,Sunkist,Sunkist,P0162,"Sunkist Growers, Inc.",local_brand,reviewed,official_parent_brand_page,SRC_CHAINING_REFRESH_20260816,Chaining refresh 20260816,CHAT_Cursor_Chaining_Asset_Refresh_Instruction_20260816,2026-08-16,AU/NZ current-chain refresh 20260816 from founder governed Chaining instruction; runtime consumes review_state=reviewed only.,
B0792,Peters,Peters,P0160,Froneri International Limited,local_brand,reviewed,official_parent_brand_page,SRC_CHAINING_REFRESH_20260816,Chaining refresh 20260816,CHAT_Cursor_Chaining_Asset_Refresh_Instruction_20260816,2026-08-16,AU/NZ current-chain refresh 20260816 from founder governed Chaining instruction; runtime consumes review_state=reviewed only.,
B0793,Tip Top Ice Cream,Tip Top Ice Cream,P0160,Froneri International Limited,local_brand,reviewed,official_parent_brand_page,SRC_CHAINING_REFRESH_20260816,Chaining refresh 20260816,CHAT_Cursor_Chaining_Asset_Refresh_Instruction_20260816,2026-08-16,AU/NZ current-chain refresh 20260816 from founder governed Chaining instruction; runtime consumes review_state=reviewed only.,
B0794,New Zealand Natural,New Zealand Natural,P0160,Froneri International Limited,local_brand,reviewed,official_parent_brand_page,SRC_CHAINING_REFRESH_20260816,Chaining refresh 20260816,CHAT_Cursor_Chaining_Asset_Refresh_Instruction_20260816,2026-08-16,AU/NZ current-chain refresh 20260816 from founder governed Chaining instruction; runtime consumes review_state=reviewed only.,
B0795,Moccona,Moccona,P0161,JDE Peet's N.V.,local_brand,reviewed,official_parent_brand_page,SRC_CHAINING_REFRESH_20260816,Chaining refresh 20260816,CHAT_Cursor_Chaining_Asset_Refresh_Instruction_20260816,2026-08-16,AU/NZ current-chain refresh 20260816 from founder governed Chaining instruction; runtime consumes review_state=reviewed only.,
B0796,International Roast,International Roast,P0161,JDE Peet's N.V.,local_brand,reviewed,official_parent_brand_page,SRC_CHAINING_REFRESH_20260816,Chaining refresh 20260816,CHAT_Cursor_Chaining_Asset_Refresh_Instruction_20260816,2026-08-16,AU/NZ current-chain refresh 20260816 from founder governed Chaining instruction; runtime consumes review_state=reviewed only.,
B0797,Harris,Harris,P0161,JDE Peet's N.V.,local_brand,reviewed,official_parent_brand_page,SRC_CHAINING_REFRESH_20260816,Chaining refresh 20260816,CHAT_Cursor_Chaining_Asset_Refresh_Instruction_20260816,2026-08-16,AU/NZ current-chain refresh 20260816 from founder governed Chaining instruction; runtime consumes review_state=reviewed only.,
B0798,Casa Master,Casa Master,P0161,JDE Peet's N.V.,local_brand,reviewed,official_parent_brand_page,SRC_CHAINING_REFRESH_20260816,Chaining refresh 20260816,CHAT_Cursor_Chaining_Asset_Refresh_Instruction_20260816,2026-08-16,AU/NZ current-chain refresh 20260816 from founder governed Chaining instruction; runtime consumes review_state=reviewed only.,
B0799,Piazza D'Oro,Piazza D'Oro,P0161,JDE Peet's N.V.,local_brand,reviewed,official_parent_brand_page,SRC_CHAINING_REFRESH_20260816,Chaining refresh 20260816,CHAT_Cursor_Chaining_Asset_Refresh_Instruction_20260816,2026-08-16,AU/NZ current-chain refresh 20260816 from founder governed Chaining instruction; runtime consumes review_state=reviewed only.,
B0800,Senseo,Senseo,P0161,JDE Peet's N.V.,local_brand,reviewed,official_parent_brand_page,SRC_CHAINING_REFRESH_20260816,Chaining refresh 20260816,CHAT_Cursor_Chaining_Asset_Refresh_Instruction_20260816,2026-08-16,AU/NZ current-chain refresh 20260816 from founder governed Chaining instruction; runtime consumes review_state=reviewed only.,
B0801,L'OR,L'OR,P0161,JDE Peet's N.V.,local_brand,reviewed,official_parent_brand_page,SRC_CHAINING_REFRESH_20260816,Chaining refresh 20260816,CHAT_Cursor_Chaining_Asset_Refresh_Instruction_20260816,2026-08-16,AU/NZ current-chain refresh 20260816 from founder governed Chaining instruction; runtime consumes review_state=reviewed only.,
B0802,San Remo,San Remo,P0062,San Remo Macaroni Company Pty Ltd,brand_family,reviewed,official_parent_brand_page,SRC_CHAINING_REFRESH_20260816,Chaining refresh 20260816,CHAT_Cursor_Chaining_Asset_Refresh_Instruction_20260816,2026-08-16,AU/NZ current-chain refresh 20260816 from founder governed Chaining instruction; runtime consumes review_state=reviewed only.,
B0803,San Remo Pasta,San Remo Pasta,P0062,San Remo Macaroni Company Pty Ltd,local_brand,reviewed,official_parent_brand_page,SRC_CHAINING_REFRESH_20260816,Chaining refresh 20260816,CHAT_Cursor_Chaining_Asset_Refresh_Instruction_20260816,2026-08-16,AU/NZ current-chain refresh 20260816 from founder governed Chaining instruction; runtime consumes review_state=reviewed only.,
B0804,San Remo Pulse Pasta,San Remo Pulse Pasta,P0062,San Remo Macaroni Company Pty Ltd,local_brand,reviewed,official_parent_brand_page,SRC_CHAINING_REFRESH_20260816,Chaining refresh 20260816,CHAT_Cursor_Chaining_Asset_Refresh_Instruction_20260816,2026-08-16,AU/NZ current-chain refresh 20260816 from founder governed Chaining instruction; runtime consumes review_state=reviewed only.,
B0805,San Remo Gluten Free,San Remo Gluten Free,P0062,San Remo Macaroni Company Pty Ltd,local_brand,reviewed,official_parent_brand_page,SRC_CHAINING_REFRESH_20260816,Chaining refresh 20260816,CHAT_Cursor_Chaining_Asset_Refresh_Instruction_20260816,2026-08-16,AU/NZ current-chain refresh 20260816 from founder governed Chaining instruction; runtime consumes review_state=reviewed only.,
B0806,San Remo Lasagne Sheets,San Remo Lasagne Sheets,P0062,San Remo Macaroni Company Pty Ltd,local_brand,reviewed,official_parent_brand_page,SRC_CHAINING_REFRESH_20260816,Chaining refresh 20260816,CHAT_Cursor_Chaining_Asset_Refresh_Instruction_20260816,2026-08-16,AU/NZ current-chain refresh 20260816 from founder governed Chaining instruction; runtime consumes review_state=reviewed only.,
B0807,Deep South,Deep South,P0163,Open Country Dairy Limited,local_brand,reviewed,official_parent_brand_page,SRC_CHAINING_REFRESH_20260816,Chaining refresh 20260816,CHAT_Cursor_Chaining_Asset_Refresh_Instruction_20260816,2026-08-16,AU/NZ current-chain refresh 20260816 from founder governed Chaining instruction; runtime consumes review_state=reviewed only.,
B0808,Motueka Creamery,Motueka Creamery,P0163,Open Country Dairy Limited,local_brand,reviewed,official_parent_brand_page,SRC_CHAINING_REFRESH_20260816,Chaining refresh 20260816,CHAT_Cursor_Chaining_Asset_Refresh_Instruction_20260816,2026-08-16,AU/NZ current-chain refresh 20260816 from founder governed Chaining instruction; runtime consumes review_state=reviewed only.,
B0809,Thursday Plantation,Thursday Plantation,P0154,Hive + Wellness Australia Pty Ltd,local_brand,reviewed,official_parent_brand_page,SRC_CHAINING_REFRESH_20260816,Chaining refresh 20260816,CHAT_Cursor_Chaining_Asset_Refresh_Instruction_20260816,2026-08-16,AU/NZ current-chain refresh 20260816 from founder governed Chaining instruction; runtime consumes review_state=reviewed only.,
B0810,Bosisto's,Bosisto's,P0154,Hive + Wellness Australia Pty Ltd,local_brand,reviewed,official_parent_brand_page,SRC_CHAINING_REFRESH_20260816,Chaining refresh 20260816,CHAT_Cursor_Chaining_Asset_Refresh_Instruction_20260816,2026-08-16,AU/NZ current-chain refresh 20260816 from founder governed Chaining instruction; runtime consumes review_state=reviewed only.,
B0811,Natural Instinct,Natural Instinct,P0154,Hive + Wellness Australia Pty Ltd,local_brand,reviewed,official_parent_brand_page,SRC_CHAINING_REFRESH_20260816,Chaining refresh 20260816,CHAT_Cursor_Chaining_Asset_Refresh_Instruction_20260816,2026-08-16,AU/NZ current-chain refresh 20260816 from founder governed Chaining instruction; runtime consumes review_state=reviewed only.,
B0812,A'kin,A'kin,P0154,Hive + Wellness Australia Pty Ltd,local_brand,reviewed,official_parent_brand_page,SRC_CHAINING_REFRESH_20260816,Chaining refresh 20260816,CHAT_Cursor_Chaining_Asset_Refresh_Instruction_20260816,2026-08-16,AU/NZ current-chain refresh 20260816 from founder governed Chaining instruction; runtime consumes review_state=reviewed only.,
B0813,Sukin,Sukin,P0154,Hive + Wellness Australia Pty Ltd,local_brand,reviewed,official_parent_brand_page,SRC_CHAINING_REFRESH_20260816,Chaining refresh 20260816,CHAT_Cursor_Chaining_Asset_Refresh_Instruction_20260816,2026-08-16,AU/NZ current-chain refresh 20260816 from founder governed Chaining instruction; runtime consumes review_state=reviewed only.,
B0814,Gaia,Gaia,P0154,Hive + Wellness Australia Pty Ltd,local_brand,reviewed,official_parent_brand_page,SRC_CHAINING_REFRESH_20260816,Chaining refresh 20260816,CHAT_Cursor_Chaining_Asset_Refresh_Instruction_20260816,2026-08-16,AU/NZ current-chain refresh 20260816 from founder governed Chaining instruction; runtime consumes review_state=reviewed only.,
B0815,Health Care,Health Care,P0154,Hive + Wellness Australia Pty Ltd,local_brand,reviewed,official_parent_brand_page,SRC_CHAINING_REFRESH_20260816,Chaining refresh 20260816,CHAT_Cursor_Chaining_Asset_Refresh_Instruction_20260816,2026-08-16,AU/NZ current-chain refresh 20260816 from founder governed Chaining instruction; runtime consumes review_state=reviewed only.,
B0816,DON,DON,P0164,George Weston Foods Limited,local_brand,reviewed,official_parent_brand_page,SRC_CHAINING_REFRESH_20260816,Chaining refresh 20260816,CHAT_Cursor_Chaining_Asset_Refresh_Instruction_20260816,2026-08-16,AU/NZ current-chain refresh 20260816 from founder governed Chaining instruction; runtime consumes review_state=reviewed only.,
B0817,Jarrah,Jarrah,P0164,George Weston Foods Limited,local_brand,reviewed,official_parent_brand_page,SRC_CHAINING_REFRESH_20260816,Chaining refresh 20260816,CHAT_Cursor_Chaining_Asset_Refresh_Instruction_20260816,2026-08-16,AU/NZ current-chain refresh 20260816 from founder governed Chaining instruction; runtime consumes review_state=reviewed only.,
B0818,KR Castlemaine,KR Castlemaine,P0164,George Weston Foods Limited,local_brand,reviewed,official_parent_brand_page,SRC_CHAINING_REFRESH_20260816,Chaining refresh 20260816,CHAT_Cursor_Chaining_Asset_Refresh_Instruction_20260816,2026-08-16,AU/NZ current-chain refresh 20260816 from founder governed Chaining instruction; runtime consumes review_state=reviewed only.,
B0819,Woolworths Odd Bunch,Woolworths Odd Bunch,P0001,Woolworths Group Limited,retailer_own_label,reviewed,official_parent_brand_page,SRC_CHAINING_REFRESH_20260816,Chaining refresh 20260816,CHAT_Cursor_Chaining_Asset_Refresh_Instruction_20260816,2026-08-16,AU/NZ current-chain refresh 20260816 from founder governed Chaining instruction; runtime consumes review_state=reviewed only.,
B0820,Woolworths Organic,Woolworths Organic,P0001,Woolworths Group Limited,retailer_own_label,reviewed,official_parent_brand_page,SRC_CHAINING_REFRESH_20260816,Chaining refresh 20260816,CHAT_Cursor_Chaining_Asset_Refresh_Instruction_20260816,2026-08-16,AU/NZ current-chain refresh 20260816 from founder governed Chaining instruction; runtime consumes review_state=reviewed only.,
B0821,Woolworths Delicious,Woolworths Delicious,P0001,Woolworths Group Limited,retailer_own_label,reviewed,official_parent_brand_page,SRC_CHAINING_REFRESH_20260816,Chaining refresh 20260816,CHAT_Cursor_Chaining_Asset_Refresh_Instruction_20260816,2026-08-16,AU/NZ current-chain refresh 20260816 from founder governed Chaining instruction; runtime consumes review_state=reviewed only.,
B0822,Woolworths Heart Smart,Woolworths Heart Smart,P0001,Woolworths Group Limited,retailer_own_label,reviewed,official_parent_brand_page,SRC_CHAINING_REFRESH_20260816,Chaining refresh 20260816,CHAT_Cursor_Chaining_Asset_Refresh_Instruction_20260816,2026-08-16,AU/NZ current-chain refresh 20260816 from founder governed Chaining instruction; runtime consumes review_state=reviewed only.,
B0823,Woolworths Select,Woolworths Select,P0001,Woolworths Group Limited,retailer_own_label,reviewed,official_parent_brand_page,SRC_CHAINING_REFRESH_20260816,Chaining refresh 20260816,CHAT_Cursor_Chaining_Asset_Refresh_Instruction_20260816,2026-08-16,AU/NZ current-chain refresh 20260816 from founder governed Chaining instruction; runtime consumes review_state=reviewed only.,
B0824,Coles Bakehouse,Coles Bakehouse,P0002,Coles Group Limited,retailer_own_label,reviewed,official_parent_brand_page,SRC_CHAINING_REFRESH_20260816,Chaining refresh 20260816,CHAT_Cursor_Chaining_Asset_Refresh_Instruction_20260816,2026-08-16,AU/NZ current-chain refresh 20260816 from founder governed Chaining instruction; runtime consumes review_state=reviewed only.,
B0825,Coles Bakery,Coles Bakery,P0002,Coles Group Limited,retailer_own_label,reviewed,official_parent_brand_page,SRC_CHAINING_REFRESH_20260816,Chaining refresh 20260816,CHAT_Cursor_Chaining_Asset_Refresh_Instruction_20260816,2026-08-16,AU/NZ current-chain refresh 20260816 from founder governed Chaining instruction; runtime consumes review_state=reviewed only.,
B0826,Coles Deli,Coles Deli,P0002,Coles Group Limited,retailer_own_label,reviewed,official_parent_brand_page,SRC_CHAINING_REFRESH_20260816,Chaining refresh 20260816,CHAT_Cursor_Chaining_Asset_Refresh_Instruction_20260816,2026-08-16,AU/NZ current-chain refresh 20260816 from founder governed Chaining instruction; runtime consumes review_state=reviewed only.,
B0827,Coles Butcher,Coles Butcher,P0002,Coles Group Limited,retailer_own_label,reviewed,official_parent_brand_page,SRC_CHAINING_REFRESH_20260816,Chaining refresh 20260816,CHAT_Cursor_Chaining_Asset_Refresh_Instruction_20260816,2026-08-16,AU/NZ current-chain refresh 20260816 from founder governed Chaining instruction; runtime consumes review_state=reviewed only.,
B0828,Coles Seafood,Coles Seafood,P0002,Coles Group Limited,retailer_own_label,reviewed,official_parent_brand_page,SRC_CHAINING_REFRESH_20260816,Chaining refresh 20260816,CHAT_Cursor_Chaining_Asset_Refresh_Instruction_20260816,2026-08-16,AU/NZ current-chain refresh 20260816 from founder governed Chaining instruction; runtime consumes review_state=reviewed only.,
B0829,Coles Dairy,Coles Dairy,P0002,Coles Group Limited,retailer_own_label,reviewed,official_parent_brand_page,SRC_CHAINING_REFRESH_20260816,Chaining refresh 20260816,CHAT_Cursor_Chaining_Asset_Refresh_Instruction_20260816,2026-08-16,AU/NZ current-chain refresh 20260816 from founder governed Chaining instruction; runtime consumes review_state=reviewed only.,
B0830,Coles Pantry,Coles Pantry,P0002,Coles Group Limited,retailer_own_label,reviewed,official_parent_brand_page,SRC_CHAINING_REFRESH_20260816,Chaining refresh 20260816,CHAT_Cursor_Chaining_Asset_Refresh_Instruction_20260816,2026-08-16,AU/NZ current-chain refresh 20260816 from founder governed Chaining instruction; runtime consumes review_state=reviewed only.,
B0831,Coles Frozen,Coles Frozen,P0002,Coles Group Limited,retailer_own_label,reviewed,official_parent_brand_page,SRC_CHAINING_REFRESH_20260816,Chaining refresh 20260816,CHAT_Cursor_Chaining_Asset_Refresh_Instruction_20260816,2026-08-16,AU/NZ current-chain refresh 20260816 from founder governed Chaining instruction; runtime consumes review_state=reviewed only.,
B0832,Coles Drinks,Coles Drinks,P0002,Coles Group Limited,retailer_own_label,reviewed,official_parent_brand_page,SRC_CHAINING_REFRESH_20260816,Chaining refresh 20260816,CHAT_Cursor_Chaining_Asset_Refresh_Instruction_20260816,2026-08-16,AU/NZ current-chain refresh 20260816 from founder governed Chaining instruction; runtime consumes review_state=reviewed only.,
B0833,Pams Organic,Pams Organic,P0003,Foodstuffs New Zealand,retailer_own_label,reviewed,official_parent_brand_page,SRC_CHAINING_REFRESH_20260816,Chaining refresh 20260816,CHAT_Cursor_Chaining_Asset_Refresh_Instruction_20260816,2026-08-16,AU/NZ current-chain refresh 20260816 from founder governed Chaining instruction; runtime consumes review_state=reviewed only.,
B0834,Pams Gluten Free,Pams Gluten Free,P0003,Foodstuffs New Zealand,retailer_own_label,reviewed,official_parent_brand_page,SRC_CHAINING_REFRESH_20260816,Chaining refresh 20260816,CHAT_Cursor_Chaining_Asset_Refresh_Instruction_20260816,2026-08-16,AU/NZ current-chain refresh 20260816 from founder governed Chaining instruction; runtime consumes review_state=reviewed only.,
B0835,Pams Free Range,Pams Free Range,P0003,Foodstuffs New Zealand,retailer_own_label,reviewed,official_parent_brand_page,SRC_CHAINING_REFRESH_20260816,Chaining refresh 20260816,CHAT_Cursor_Chaining_Asset_Refresh_Instruction_20260816,2026-08-16,AU/NZ current-chain refresh 20260816 from founder governed Chaining instruction; runtime consumes review_state=reviewed only.,
