foodatlas_id	foodon
e1	['fruit']
e2	['seafood']
e3	['mammalian meat']
e4	['plant seed or nut']
e5	['legume']
e6	['fruit']
e7	['other plant']
e8	['other plant']
e9	['other plant']
e10	['mammalian meat']
e11	['mammalian meat']
e12	['mammalian meat']
e13	['mammalian meat']
e14	['mammalian meat']
e15	['dairy']
e16	['dairy']
e17	['dairy']
e18	['dairy']
e19	['other plant']
e20	['vegetable']
e21	['dairy']
e22	['unclassified']
e23	['other plant']
e24	['other plant']
e25	['other plant']
e26	['dairy']
e27	['dairy']
e28	['vegetable']
e29	['dairy']
e30	['dairy']
e31	['dairy']
e32	['dairy']
e33	['dairy']
e34	['dairy']
e35	['dairy']
e36	['dairy']
e37	['dairy']
e38	['dairy']
e39	['dairy']
e40	['dairy']
e41	['mammalian meat']
e42	['mammalian meat']
e43	['avian']
e44	['mammalian meat']
e45	['dairy']
e46	['dairy']
e47	['dairy']
e48	['dairy']
e49	['seafood']
e50	['dairy']
e51	['mammalian meat']
e52	['legume']
e53	['other plant']
e54	['other plant']
e55	['dairy']
e56	['seafood']
e57	['seafood']
e58	['other plant']
e59	['fruit']
e60	['fruit']
e61	['fruit']
e62	['other plant']
e63	['mammalian meat']
e64	['other plant']
e65	['other plant']
e66	['other plant']
e67	['dairy']
e68	['fruit']
e69	['dairy']
e70	['legume']
e71	['fruit']
e72	['plant seed or nut']
e73	['dairy']
e74	['other plant']
e75	['mammalian meat']
e76	['legume']
e77	['other plant']
e78	['dairy']
e79	['dairy']
e80	['dairy']
e81	['dairy']
e82	['other plant']
e83	['plant seed or nut']
e84	['other plant']
e85	['dairy']
e86	['dairy']
e87	['other animal']
e88	['plant seed or nut']
e89	['fruit']
e90	['other plant']
e91	['other plant']
e92	['fruit']
e93	['fruit']
e94	['fruit']
e95	['fruit']
e96	['other plant']
e97	['other plant']
e98	['seafood']
e99	['avian']
e100	['dairy']
e101	['dairy']
e102	['dairy']
e103	['dairy']
e104	['dairy']
e105	['dairy']
e106	['dairy']
e107	['dairy']
e108	['dairy']
e109	['dairy']
e110	['dairy']
e111	['dairy']
e112	['dairy']
e113	['dairy']
e114	['dairy']
e115	['dairy']
e116	['dairy']
e117	['dairy']
e118	['dairy']
e119	['dairy']
e120	['dairy']
e121	['dairy']
e122	['dairy']
e123	['dairy']
e124	['dairy']
e125	['avian']
e126	['mammalian meat']
e127	['mammalian meat']
e128	['other plant']
e129	['other plant']
e130	['other plant']
e131	['other plant']
e132	['fruit']
e133	['plant seed or nut']
e134	['other plant']
e135	['unclassified']
e136	['unclassified']
e137	['unclassified']
e138	['other plant']
e139	['other plant']
e140	['other plant']
e141	['fruit']
e142	['fruit']
e143	['fruit']
e144	['fruit']
e145	['fruit']
e146	['fruit']
e147	['fruit']
e148	['fruit']
e149	['fruit']
e150	['fruit']
e151	['fruit']
e152	['fruit']
e153	['fruit']
e154	['fruit']
e155	['other plant']
e156	['other plant']
e157	['other plant']
e158	['other plant']
e159	['fruit']
e160	['other plant']
e161	['plant seed or nut']
e162	['plant seed or nut']
e163	['other plant']
e164	['other plant']
e165	['other animal']
e166	['other animal']
e167	['other animal']
e168	['other plant']
e169	['vegetable']
e170	['unclassified']
e171	['plant seed or nut']
e172	['plant seed or nut']
e173	['plant seed or nut']
e174	['plant seed or nut']
e175	['plant seed or nut']
e176	['plant seed or nut']
e177	['plant seed or nut']
e178	['plant seed or nut']
e179	['legume']
e180	['legume']
e181	['legume']
e182	['legume']
e183	['legume']
e184	['legume']
e185	['legume']
e186	['legume']
e187	['legume']
e188	['legume']
e189	['legume']
e190	['legume']
e191	['legume']
e192	['legume']
e193	['legume']
e194	['plant seed or nut']
e195	['plant seed or nut']
e196	['dairy']
e197	['dairy']
e198	['other animal']
e199	['mammalian meat']
e200	['mammalian meat']
e201	['mammalian meat']
e202	['mammalian meat']
e203	['mammalian meat']
e204	['mammalian meat']
e205	['mammalian meat']
e206	['fruit']
e207	['fruit']
e208	['dairy']
e209	['plant seed or nut']
e210	['other plant']
e211	['legume']
e212	['seafood']
e213	['other animal']
e214	['unclassified']
e215	['other plant']
e216	['mammalian meat']
e217	['other plant']
e218	['other animal']
e219	['other plant']
e220	['other plant']
e221	['other plant']
e222	['other plant']
e223	['seafood']
e224	['seafood']
e225	['seafood']
e226	['avian']
e227	['other animal']
e228	['other plant']
e229	['other plant']
e230	['other plant']
e231	['dairy']
e232	['dairy']
e233	['other plant']
e234	['vegetable']
e235	['other plant']
e236	['seafood']
e237	['legume']
e238	['dairy']
e239	['dairy']
e240	['dairy']
e241	['dairy']
e242	['dairy']
e243	['dairy']
e244	['dairy']
e245	['dairy']
e246	['other animal']
e247	['avian']
e248	['fruit']
e249	['fruit']
e250	['plant seed or nut']
e251	['dairy']
e252	['mammalian meat']
e253	['avian']
e254	['avian']
e255	['avian']
e256	['avian']
e257	['fruit']
e258	['seafood']
e259	['seafood']
e260	['seafood']
e261	['dairy']
e262	['dairy']
e263	['dairy']
e264	['dairy']
e265	['dairy']
e266	['dairy']
e267	['dairy']
e268	['seafood']
e269	['seafood']
e270	['seafood']
e271	['seafood']
e272	['seafood']
e273	['vegetable']
e274	['vegetable']
e275	['vegetable']
e276	['vegetable']
e277	['vegetable']
e278	['vegetable']
e279	['vegetable']
e280	['seafood']
e281	['seafood']
e282	['seafood']
e283	['seafood']
e284	['seafood']
e285	['seafood']
e286	['legume']
e287	['plant seed or nut']
e288	['other animal']
e289	['mammalian meat']
e290	['mammalian meat']
e291	['plant seed or nut']
e292	['seafood']
e293	['fruit']
e294	['seafood']
e295	['seafood']
e296	['legume']
e297	['plant seed or nut']
e298	['vegetable']
e299	['plant seed or nut']
e300	['plant seed or nut']
e301	['fruit']
e302	['seafood']
e303	['other plant']
e304	['other animal']
e305	['other animal']
e306	['other animal']
e307	['other animal']
e308	['other animal']
e309	['mammalian meat']
e310	['other animal']
e311	['fruit']
e312	['fruit']
e313	['fruit']
e314	['fruit']
e315	['fruit']
e316	['fruit']
e317	['vegetable']
e318	['mammalian meat']
e319	['vegetable']
e320	['seafood']
e321	['seafood']
e322	['seafood']
e323	['fruit']
e324	['vegetable']
e325	['fruit']
e326	['fruit']
e327	['plant seed or nut']
e328	['vegetable']
e329	['seafood']
e330	['legume']
e331	['other animal']
e332	['vegetable']
e333	['vegetable']
e334	['vegetable']
e335	['fruit']
e336	['fruit']
e337	['plant seed or nut']
e338	['fruit']
e339	['fruit']
e340	['other plant']
e341	['other plant']
e342	['fruit']
e343	['plant seed or nut']
e344	['fruit']
e345	['vegetable']
e346	['seafood']
e347	['fruit']
e348	['fruit']
e349	['seafood']
e350	['seafood']
e351	['seafood']
e352	['seafood']
e353	['fruit']
e354	['plant seed or nut']
e355	['legume']
e356	['vegetable']
e357	['avian']
e358	['seafood']
e359	['vegetable']
e360	['mammalian meat']
e361	['seafood']
e362	['seafood']
e363	['vegetable']
e364	['vegetable']
e365	['mammalian meat']
e366	['seafood']
e367	['seafood']
e368	['other plant']
e369	['other plant']
e370	['seafood']
e371	['seafood']
e372	['vegetable']
e373	['vegetable']
e374	['plant seed or nut']
e375	['vegetable']
e376	['vegetable']
e377	['plant seed or nut']
e378	['mammalian meat']
e379	['other animal']
e380	['mammalian meat']
e381	['vegetable']
e382	['vegetable']
e383	['vegetable']
e384	['vegetable']
e385	['seafood']
e386	['plant seed or nut']
e387	['plant seed or nut']
e388	['other plant']
e389	['seafood']
e390	['fruit']
e391	['fruit']
e392	['fruit']
e393	['unclassified']
e394	['fruit']
e395	['plant seed or nut']
e396	['other animal']
e397	['plant seed or nut']
e398	['other animal']
e399	['vegetable']
e400	['seafood']
e401	['other plant']
e402	['seafood']
e403	['seafood']
e404	['seafood']
e405	['other plant']
e406	['fruit']
e407	['fruit']
e408	['fruit']
e409	['fruit']
e410	['fruit']
e411	['other plant']
e412	['seafood']
e413	['plant seed or nut']
e414	['plant seed or nut']
e415	['seafood']
e416	['seafood']
e417	['seafood']
e418	['plant seed or nut']
e419	['dairy']
e420	['vegetable']
e421	['fruit']
e422	['legume']
e423	['plant seed or nut']
e424	['plant seed or nut']
e425	['other plant']
e426	['plant seed or nut']
e427	['seafood']
e428	['plant seed or nut']
e429	['dairy']
e430	['dairy']
e431	['dairy']
e432	['dairy']
e433	['dairy']
e434	['dairy']
e435	['dairy']
e436	['dairy']
e437	['plant seed or nut']
e438	['other animal']
e439	['dairy']
e440	['dairy']
e441	['vegetable']
e442	['dairy']
e443	['fruit']
e444	['fruit']
e445	['seafood']
e446	['other animal']
e447	['seafood']
e448	['vegetable']
e449	['fruit']
e450	['dairy']
e451	['seafood']
e452	['seafood']
e453	['dairy']
e454	['other animal']
e455	['fruit']
e456	['seafood']
e457	['mammalian meat']
e458	['seafood']
e459	['vegetable']
e460	['other plant']
e461	['fruit']
e462	['fruit']
e463	['fruit']
e464	['fruit']
e465	['fruit']
e466	['seafood']
e467	['seafood']
e468	['plant seed or nut']
e469	['avian']
e470	['plant seed or nut']
e471	['plant seed or nut']
e472	['seafood']
e473	['fruit']
e474	['dairy']
e475	['plant seed or nut']
e476	['fruit']
e477	['fruit']
e478	['plant seed or nut']
e479	['other plant']
e480	['other plant']
e481	['vegetable']
e482	['plant seed or nut']
e483	['plant seed or nut']
e484	['plant seed or nut']
e485	['plant seed or nut']
e486	['legume']
e487	['fruit']
e488	['fruit']
e489	['other animal']
e490	['seafood']
e491	['plant seed or nut']
e492	['plant seed or nut']
e493	['seafood']
e494	['seafood']
e495	['dairy']
e496	['seafood']
e497	['seafood']
e498	['dairy']
e499	['dairy']
e500	['dairy']
e501	['fruit']
e502	['fruit']
e503	['fruit']
e504	['plant seed or nut']
e505	['fruit']
e506	['fruit']
e507	['unclassified']
e508	['other plant']
e509	['legume']
e510	['other plant']
e511	['fruit']
e512	['other plant']
e513	['other plant']
e514	['other plant']
e515	['dairy']
e516	['dairy']
e517	['dairy']
e518	['dairy']
e519	['dairy']
e520	['fruit']
e521	['fruit']
e522	['plant seed or nut']
e523	['fruit']
e524	['fruit']
e525	['fruit']
e526	['fruit']
e527	['fruit']
e528	['seafood']
e529	['legume']
e530	['legume']
e531	['fruit']
e532	['fruit']
e533	['seafood']
e534	['seafood']
e535	['avian']
e536	['fruit']
e537	['seafood']
e538	['seafood']
e539	['other animal']
e540	['dairy']
e541	['dairy']
e542	['plant seed or nut']
e543	['plant seed or nut']
e544	['seafood']
e545	['mammalian meat']
e546	['vegetable']
e547	['fruit']
e548	['fruit']
e549	['fruit']
e550	['dairy']
e551	['other plant']
e552	['vegetable']
e553	['dairy']
e554	['dairy']
e555	['dairy']
e556	['fruit']
e557	['seafood']
e558	['other animal']
e559	['seafood']
e560	['fruit']
e561	['vegetable']
e562	['seafood']
e563	['vegetable']
e564	['mammalian meat']
e565	['seafood']
e566	['unclassified']
e567	['legume']
e568	['seafood']
e569	['unclassified']
e570	['seafood']
e571	['fruit']
e572	['seafood']
e573	['mammalian meat']
e574	['seafood']
e575	['legume']
e576	['fruit']
e577	['plant seed or nut']
e578	['vegetable']
e579	['legume']
e580	['fruit']
e581	['fruit']
e582	['fruit']
e583	['fruit']
e584	['fruit']
e585	['seafood']
e586	['fruit']
e587	['seafood']
e588	['seafood']
e589	['legume']
e590	['plant seed or nut']
e591	['other plant']
e592	['seafood']
e593	['seafood']
e594	['fruit']
e595	['fruit']
e596	['fruit']
e597	['fruit']
e598	['other plant']
e599	['seafood']
e600	['other plant']
e601	['other animal']
e602	['fruit']
e603	['unclassified']
e604	['dairy']
e605	['other animal']
e606	['seafood']
e607	['plant seed or nut']
e608	['fruit']
e609	['fruit']
e610	['seafood']
e611	['other plant']
e612	['legume']
e613	['vegetable']
e614	['other plant']
e615	['vegetable']
e616	['seafood']
e617	['vegetable']
e618	['fruit']
e619	['legume']
e620	['other plant']
e621	['seafood']
e622	['plant seed or nut']
e623	['other plant']
e624	['plant seed or nut']
e625	['fruit']
e626	['other plant']
e627	['fruit']
e628	['vegetable']
e629	['vegetable']
e630	['vegetable']
e631	['fruit']
e632	['fruit']
e633	['fruit']
e634	['other plant']
e635	['seafood']
e636	['seafood']
e637	['seafood']
e638	['seafood']
e639	['other plant']
e640	['vegetable']
e641	['plant seed or nut']
e642	['fruit']
e643	['fruit']
e644	['fruit']
e645	['other plant']
e646	['vegetable']
e647	['fruit']
e648	['fruit']
e649	['dairy']
e650	['dairy']
e651	['dairy']
e652	['dairy']
e653	['dairy']
e654	['other plant']
e655	['fruit']
e656	['fruit']
e657	['fruit']
e658	['legume']
e659	['other plant']
e660	['legume']
e661	['fruit']
e662	['fruit']
e663	['fruit']
e664	['fruit']
e665	['fruit']
e666	['plant seed or nut']
e667	['plant seed or nut']
e668	['plant seed or nut']
e669	['fruit']
e670	['fruit']
e671	['fruit']
e672	['other plant']
e673	['seafood']
e674	['plant seed or nut']
e675	['legume']
e676	['seafood']
e677	['fruit']
e678	['fruit']
e679	['fruit']
e680	['fruit']
e681	['legume']
e682	['other plant']
e683	['other plant']
e684	['vegetable']
e685	['fruit']
e686	['vegetable']
e687	['vegetable']
e688	['vegetable']
e689	['plant seed or nut']
e690	['plant seed or nut']
e691	['plant seed or nut']
e692	['other plant']
e693	['other plant']
e694	['vegetable']
e695	['fruit']
e696	['seafood']
e697	['fruit']
e698	['seafood']
e699	['seafood']
e700	['seafood']
e701	['mammalian meat']
e702	['other plant']
e703	['avian']
e704	['other animal']
e705	['other animal']
e706	['dairy']
e707	['dairy']
e708	['avian']
e709	['fruit']
e710	['fruit']
e711	['dairy']
e712	['seafood']
e713	['fruit']
e714	['avian']
e715	['fruit']
e716	['mammalian meat']
e717	['vegetable']
e718	['seafood']
e719	['other plant']
e720	['plant seed or nut']
e721	['fruit']
e722	['fruit']
e723	['fruit']
e724	['fruit']
e725	['fruit']
e726	['other plant']
e727	['seafood']
e728	['seafood']
e729	['mammalian meat']
e730	['other animal']
e731	['other animal']
e732	['other animal']
e733	['fruit']
e734	['legume']
e735	['plant seed or nut']
e736	['plant seed or nut']
e737	['seafood']
e738	['avian']
e739	['fruit']
e740	['other plant']
e741	['plant seed or nut']
e742	['plant seed or nut']
e743	['seafood']
e744	['other plant']
e745	['seafood']
e746	['seafood']
e747	['seafood']
e748	['seafood']
e749	['seafood']
e750	['seafood']
e751	['seafood']
e752	['seafood']
e753	['dairy']
e754	['dairy']
e755	['plant seed or nut']
e756	['vegetable']
e757	['seafood']
e758	['mammalian meat']
e759	['dairy']
e760	['plant seed or nut']
e761	['seafood']
e762	['seafood']
e763	['seafood']
e764	['seafood']
e765	['plant seed or nut']
e766	['seafood']
e767	['other animal']
e768	['seafood']
e769	['seafood']
e770	['seafood']
e771	['dairy']
e772	['plant seed or nut']
e773	['seafood']
e774	['legume']
e775	['other plant']
e776	['plant seed or nut']
e777	['legume']
e778	['vegetable']
e779	['seafood']
e780	['fruit']
e781	['seafood']
e782	['seafood']
e783	['other plant']
e784	['fruit']
e785	['fruit']
e786	['plant seed or nut']
e787	['fruit']
e788	['fruit']
e789	['fruit']
e790	['seafood']
e791	['other plant']
e792	['vegetable']
e793	['plant seed or nut']
e794	['seafood']
e795	['legume']
e796	['other plant']
e797	['plant seed or nut']
e798	['mammalian meat']
e799	['other animal']
e800	['mammalian meat']
e801	['mammalian meat']
e802	['seafood']
e803	['fruit']
e804	['vegetable']
e805	['other plant']
e806	['other plant']
e807	['fruit']
e808	['other plant']
e809	['fruit']
e810	['seafood']
e811	['seafood']
e812	['seafood']
e813	['plant seed or nut']
e814	['other plant']
e815	['vegetable']
e816	['other animal']
e817	['dairy']
e818	['dairy']
e819	['other plant']
e820	['vegetable']
e821	['other plant']
e822	['plant seed or nut']
e823	['vegetable']
e824	['fruit']
e825	['legume']
e826	['seafood']
e827	['mammalian meat']
e828	['plant seed or nut']
e829	['plant seed or nut']
e830	['plant seed or nut']
e831	['plant seed or nut']
e832	['plant seed or nut']
e833	['dairy']
e834	['dairy']
e835	['vegetable']
e836	['other plant']
e837	['seafood']
e838	['seafood']
e839	['seafood']
e840	['fruit']
e841	['vegetable']
e842	['seafood']
e843	['seafood']
e844	['fruit']
e845	['unclassified']
e846	['vegetable']
e847	['vegetable']
e848	['vegetable']
e849	['vegetable']
e850	['fruit']
e851	['seafood']
e852	['dairy']
e853	['dairy']
e854	['other plant']
e855	['other plant']
e856	['legume']
e857	['unclassified']
e858	['plant seed or nut']
e859	['legume']
e860	['fruit']
e861	['dairy']
e862	['dairy']
e863	['other plant']
e864	['dairy']
e865	['dairy']
e866	['vegetable']
e867	['legume']
e868	['vegetable']
e869	['fruit']
e870	['vegetable']
e871	['other plant']
e872	['vegetable']
e873	['fruit']
e874	['mammalian meat']
e875	['vegetable']
e876	['seafood']
e877	['seafood']
e878	['seafood']
e879	['other animal']
e880	['seafood']
e881	['seafood']
e882	['mammalian meat']
e883	['other plant']
e884	['fruit']
e885	['mammalian meat']
e886	['other animal']
e887	['fruit']
e888	['fruit']
e889	['fruit']
e890	['fruit']
e891	['avian']
e892	['seafood']
e893	['seafood']
e894	['seafood']
e895	['seafood']
e896	['fruit']
e897	['fruit']
e898	['dairy']
e899	['unclassified']
e900	['plant seed or nut']
e901	['other animal']
e902	['fruit']
e903	['fruit']
e904	['fruit']
e905	['fruit']
e906	['fruit']
e907	['fruit']
e908	['fruit']
e909	['fruit']
e910	['fruit']
e911	['fruit']
e912	['avian']
e913	['vegetable']
e914	['seafood']
e915	['other plant']
e916	['other plant']
e917	['fruit']
e918	['fruit']
e919	['other plant']
e920	['fruit']
e921	['vegetable']
e922	['plant seed or nut']
e923	['other plant']
e924	['mammalian meat']
e925	['plant seed or nut']
e926	['other animal']
e927	['dairy']
e928	['fruit']
e929	['fruit']
e930	['plant seed or nut']
e931	['plant seed or nut']
e932	['vegetable']
e933	['seafood']
e934	['mammalian meat']
e935	['plant seed or nut']
e936	['mammalian meat']
e937	['plant seed or nut']
e938	['plant seed or nut']
e939	['other plant']
e940	['dairy']
e941	['dairy']
e942	['dairy']
e943	['dairy']
e944	['mammalian meat']
e945	['mammalian meat']
e946	['legume']
e947	['plant seed or nut']
e948	['plant seed or nut']
e949	['fruit']
e950	['mammalian meat']
e951	['mammalian meat']
e952	['plant seed or nut']
e953	['fruit']
e954	['plant seed or nut']
e955	['fruit']
e956	['fruit']
e957	['other animal']
e958	['fruit']
e959	['other plant']
e960	['mammalian meat']
e961	['fruit']
e962	['plant seed or nut']
e963	['legume']
e964	['fruit']
e965	['fruit']
e966	['other plant']
e967	['fruit']
e968	['fruit']
e969	['fruit']
e970	['fruit']
e971	['fruit']
e972	['fruit']
e973	['fruit']
e974	['fruit']
e975	['fruit']
e976	['fruit']
e977	['fruit']
e978	['fruit']
e979	['fruit']
e980	['fruit']
e981	['fruit']
e982	['fruit']
e983	['fruit']
e984	['fruit']
e985	['fruit']
e986	['fruit']
e987	['fruit']
e988	['fruit']
e989	['fruit']
e990	['fruit']
e991	['fruit']
e992	['fruit']
e993	['fruit']
e994	['other plant']
e995	['mammalian meat']
e996	['plant seed or nut']
e997	['other plant']
e998	['other animal']
e999	['seafood']
e1000	['vegetable']
e1001	['other animal']
e1002	['avian']
e1003	['avian']
e1004	['avian']
e1005	['seafood']
e1006	['seafood']
e1007	['seafood']
e1008	['seafood']
e1009	['seafood']
e1010	['dairy']
e1011	['vegetable']
e1012	['legume']
e1013	['seafood']
e1014	['vegetable']
e1015	['fruit']
e1016	['avian']
e1017	['legume']
e1018	['legume']
e1019	['plant seed or nut']
e1020	['vegetable']
e1021	['mammalian meat']
e1022	['seafood']
e1023	['seafood']
e1024	['seafood']
e1025	['plant seed or nut']
e1026	['other plant']
e1027	['avian']
e1028	['seafood']
e1029	['mammalian meat']
e1030	['plant seed or nut']
e1031	['avian']
e1032	['seafood']
e1033	['avian']
e1034	['mammalian meat']
e1035	['mammalian meat']
e1036	['avian']
e1037	['seafood']
e1038	['mammalian meat']
e1039	['seafood']
e1040	['fruit']
e1041	['mammalian meat']
e1042	['seafood']
e1043	['avian']
e1044	['seafood']
e1045	['fruit']
e1046	['legume']
e1047	['legume']
e1048	['legume']
e1049	['legume']
e1050	['legume']
e1051	['legume']
e1052	['legume']
e1053	['legume']
e1054	['legume']
e1055	['legume']
e1056	['legume']
e1057	['legume']
e1058	['legume']
e1059	['legume']
e1060	['legume']
e1061	['legume']
e1062	['legume']
e1063	['legume']
e1064	['legume']
e1065	['legume']
e1066	['legume']
e1067	['legume']
e1068	['legume']
e1069	['legume']
e1070	['legume']
e1071	['legume']
e1072	['legume']
e1073	['legume']
e1074	['legume']
e1075	['legume']
e1076	['legume']
e1077	['legume']
e1078	['legume']
e1079	['plant seed or nut']
e1080	['legume']
e1081	['legume']
e1082	['legume']
e1083	['legume']
e1084	['other plant']
e1085	['fruit']
e1086	['other plant']
e1087	['other plant']
e1088	['other plant']
e1089	['avian']
e1090	['avian']
e1091	['avian']
e1092	['avian']
e1093	['avian']
e1094	['fruit']
e1095	['legume']
e1096	['avian']
e1097	['legume']
e1098	['legume']
e1099	['other plant']
e1100	['legume']
e1101	['legume']
e1102	['legume']
e1103	['legume']
e1104	['legume']
e1105	['dairy']
e1106	['legume']
e1107	['legume']
e1108	['legume']
e1109	['mammalian meat']
e1110	['legume']
e1111	['mammalian meat']
e1112	['mammalian meat']
e1113	['mammalian meat']
e1114	['mammalian meat']
e1115	['mammalian meat']
e1116	['mammalian meat']
e1117	['mammalian meat']
e1118	['mammalian meat']
e1119	['mammalian meat']
e1120	['other plant']
e1121	['other plant']
e1122	['fruit']
e1123	['other plant']
e1124	['plant seed or nut']
e1125	['fruit']
e1126	['other plant']
e1127	['other plant']
e1128	['other plant']
e1129	['fruit']
e1130	['fruit']
e1131	['legume']
e1132	['fruit']
e1133	['fruit']
e1134	['legume']
e1135	['fruit']
e1136	['fruit']
e1137	['legume']
e1138	['plant seed or nut']
e1139	['other plant']
e1140	['plant seed or nut']
e1141	['plant seed or nut']
e1142	['mammalian meat']
e1143	['seafood']
e1144	['other plant']
e1145	['seafood']
e1146	['legume']
e1147	['legume']
e1148	['avian']
e1149	['avian']
e1150	['seafood']
e1151	['seafood']
e1152	['seafood']
e1153	['mammalian meat']
e1154	['mammalian meat']
e1155	['legume']
e1156	['dairy']
e1157	['vegetable']
e1158	['vegetable']
e1159	['other plant']
e1160	['other plant']
e1161	['fruit']
e1162	['mammalian meat']
e1163	['mammalian meat']
e1164	['plant seed or nut']
e1165	['plant seed or nut']
e1166	['mammalian meat']
e1167	['other plant']
e1168	['fruit']
e1169	['plant seed or nut']
e1170	['other plant']
e1171	['vegetable']
e1172	['mammalian meat']
e1173	['vegetable']
e1174	['vegetable']
e1175	['mammalian meat']
e1176	['other animal']
e1177	['plant seed or nut']
e1178	['mammalian meat']
e1179	['plant seed or nut']
e1180	['other plant']
e1181	['seafood']
e1182	['vegetable']
e1183	['vegetable']
e1184	['fruit']
e1185	['vegetable']
e1186	['fruit']
e1187	['seafood']
e1188	['seafood']
e1189	['seafood']
e1190	['vegetable']
e1191	['mammalian meat']
e1192	['mammalian meat']
e1193	['fruit']
e1194	['fruit']
e1195	['other plant']
e1196	['plant seed or nut']
e1197	['vegetable']
e1198	['fruit']
e1199	['fruit']
e1200	['fruit']
e1201	['legume']
e1202	['fruit']
e1203	['fruit']
e1204	['fruit']
e1205	['fruit']
e1206	['fruit']
e1207	['other animal']
e1208	['vegetable']
e1209	['other plant']
e1210	['other plant']
e1211	['other plant']
e1212	['other plant']
e1213	['other plant']
e1214	['fruit']
e1215	['fruit']
e1216	['fruit']
e1217	['fruit']
e1218	['mammalian meat']
e1219	['other plant']
e1220	['vegetable']
e1221	['fruit']
e1222	['fruit']
e1223	['other plant']
e1224	['other plant']
e1225	['vegetable']
e1226	['other plant']
e1227	['fruit']
e1228	['other plant']
e1229	['other plant']
e1230	['other plant']
e1231	['other plant']
e1232	['other plant']
e1233	['other plant']
e1234	['legume']
e1235	['plant seed or nut']
e1236	['plant seed or nut']
e1237	['plant seed or nut']
e1238	['plant seed or nut']
e1239	['other plant']
e1240	['other plant']
e1241	['vegetable']
e1242	['fruit']
e1243	['fruit']
e1244	['other plant']
e1245	['fruit']
e1246	['fruit']
e1247	['fruit']
e1248	['other plant']
e1249	['fruit']
e1250	['vegetable']
e1251	['vegetable']
e1252	['plant seed or nut']
e1253	['other plant']
e1254	['vegetable']
e1255	['vegetable']
e1256	['mammalian meat']
e1257	['plant seed or nut']
e1258	['fruit']
e1259	['fruit']
e1260	['fruit']
e1261	['vegetable']
e1262	['plant seed or nut']
e1263	['other plant']
e1264	['other plant']
e1265	['other plant']
e1266	['other plant']
e1267	['other plant']
e1268	['other plant']
e1269	['other plant']
e1270	['fruit']
e1271	['fruit']
e1272	['fruit']
e1273	['fruit']
e1274	['fruit']
e1275	['fruit']
e1276	['fruit']
e1277	['other plant']
e1278	['other plant']
e1279	['plant seed or nut']
e1280	['other plant']
e1281	['fruit']
e1282	['fruit']
e1283	['fruit']
e1284	['other plant']
e1285	['plant seed or nut']
e1286	['plant seed or nut']
e1287	['fruit']
e1288	['plant seed or nut']
e1289	['fruit']
e1290	['fruit']
e1291	['other plant']
e1292	['fruit']
e1293	['fruit']
e1294	['legume']
e1295	['vegetable']
e1296	['plant seed or nut']
e1297	['fruit']
e1298	['fruit']
e1299	['fruit']
e1300	['fruit']
e1301	['vegetable']
e1302	['dairy']
e1303	['plant seed or nut']
e1304	['other plant']
e1305	['mammalian meat']
e1306	['mammalian meat']
e1307	['mammalian meat']
e1308	['mammalian meat']
e1309	['plant seed or nut']
e1310	['mammalian meat']
e1311	['mammalian meat']
e1312	['plant seed or nut']
e1313	['other animal']
e1314	['legume']
e1315	['legume']
e1316	['fruit']
e1317	['fruit']
e1318	['fruit']
e1319	['other plant']
e1320	['vegetable']
e1321	['vegetable']
e1322	['plant seed or nut']
e1323	['other plant']
e1324	['fruit']
e1325	['fruit']
e1326	['plant seed or nut']
e1327	['plant seed or nut']
e1328	['dairy']
e1329	['plant seed or nut']
e1330	['fruit']
e1331	['legume']
e1332	['unclassified']
e1333	['fruit']
e1334	['fruit']
e1335	['fruit']
e1336	['fruit']
e1337	['legume']
e1338	['mammalian meat']
e1339	['legume']
e1340	['legume']
e1341	['legume']
e1342	['legume']
e1343	['plant seed or nut']
e1344	['plant seed or nut']
e1345	['other plant']
e1346	['other plant']
e1347	['plant seed or nut']
e1348	['other plant']
e1349	['plant seed or nut']
e1350	['fruit']
e1351	['plant seed or nut']
e1352	['fruit']
e1353	['plant seed or nut']
e1354	['fruit']
e1355	['fruit']
e1356	['other plant']
e1357	['other plant']
e1358	['plant seed or nut']
e1359	['plant seed or nut']
e1360	['plant seed or nut']
e1361	['fruit']
e1362	['plant seed or nut']
e1363	['plant seed or nut']
e1364	['mammalian meat']
e1365	['dairy']
e1366	['avian']
e1367	['mammalian meat']
e1368	['dairy']
e1369	['mammalian meat']
e1370	['avian']
e1371	['plant seed or nut']
e1372	['dairy']
e1373	['other plant']
e1374	['other plant']
e1375	['dairy']
e1376	['dairy']
e1377	['dairy']
e1378	['fruit']
e1379	['mammalian meat']
e1380	['plant seed or nut']
e1381	['other plant']
e1382	['other plant']
e1383	['vegetable']
e1384	['fruit']
e1385	['fruit']
e1386	['other plant']
e1387	['other plant']
e1388	['legume']
e1389	['fruit']
e1390	['fruit']
e1391	['fruit']
e1392	['avian']
e1393	['plant seed or nut']
e1394	['fruit']
e1395	['mammalian meat']
e1396	['mammalian meat']
e1397	['mammalian meat']
e1398	['mammalian meat']
e1399	['mammalian meat']
e1400	['plant seed or nut']
e1401	['legume']
e1402	['fruit']
e1403	['legume']
e1404	['plant seed or nut']
e1405	['seafood']
e1406	['seafood']
e1407	['fruit']
e1408	['fruit']
e1409	['fruit']
e1410	['fruit']
e1411	['avian']
e1412	['avian']
e1413	['avian']
e1414	['avian']
e1415	['avian']
e1416	['avian']
e1417	['other plant']
e1418	['vegetable']
e1419	['fruit']
e1420	['fruit']
e1421	['vegetable']
e1422	['vegetable']
e1423	['plant seed or nut']
e1424	['plant seed or nut']
e1425	['plant seed or nut']
e1426	['plant seed or nut']
e1427	['plant seed or nut']
e1428	['avian']
e1429	['avian']
e1430	['avian']
e1431	['avian']
e1432	['avian']
e1433	['avian']
e1434	['plant seed or nut']
e1435	['other plant']
e1436	['plant seed or nut']
e1437	['other plant']
e1438	['other plant']
e1439	['other plant']
e1440	['legume']
e1441	['legume']
e1442	['vegetable']
e1443	['vegetable']
e1444	['plant seed or nut']
e1445	['vegetable']
e1446	['vegetable']
e1447	['vegetable']
e1448	['vegetable']
e1449	['vegetable']
e1450	['fruit']
e1451	['legume']
e1452	['fruit']
e1453	['plant seed or nut']
e1454	['fruit']
e1455	['plant seed or nut']
e1456	['plant seed or nut']
e1457	['plant seed or nut']
e1458	['vegetable']
e1459	['vegetable']
e1460	['plant seed or nut']
e1461	['plant seed or nut']
e1462	['other plant']
e1463	['other plant']
e1464	['plant seed or nut']
e1465	['plant seed or nut']
e1466	['vegetable']
e1467	['fruit']
e1468	['fruit']
e1469	['plant seed or nut']
e1470	['plant seed or nut']
e1471	['plant seed or nut']
e1472	['vegetable']
e1473	['vegetable']
e1474	['other plant']
e1475	['vegetable']
e1476	['fruit']
e1477	['other plant']
e1478	['vegetable']
e1479	['vegetable']
e1480	['plant seed or nut']
e1481	['fruit']
e1482	['fruit']
e1483	['vegetable']
e1484	['fruit']
e1485	['vegetable']
e1486	['vegetable']
e1487	['vegetable']
e1488	['vegetable']
e1489	['vegetable']
e1490	['mammalian meat']
e1491	['mammalian meat']
e1492	['avian']
e1493	['other plant']
e1494	['other plant']
e1495	['other plant']
e1496	['seafood']
e1497	['fruit']
e1498	['fruit']
e1499	['fruit']
e1500	['fruit']
e1501	['fruit']
e1502	['fruit']
e1503	['fruit']
e1504	['fruit']
e1505	['fruit']
e1506	['fruit']
e1507	['fruit']
e1508	['fruit']
e1509	['fruit']
e1510	['fruit']
e1511	['fruit']
e1512	['legume']
e1513	['other plant']
e1514	['fruit']
e1515	['vegetable']
e1516	['vegetable']
e1517	['vegetable']
e1518	['vegetable']
e1519	['vegetable']
e1520	['vegetable']
e1521	['other plant']
e1522	['vegetable']
e1523	['vegetable']
e1524	['vegetable']
e1525	['vegetable']
e1526	['vegetable']
e1527	['vegetable']
e1528	['vegetable']
e1529	['vegetable']
e1530	['vegetable']
e1531	['vegetable']
e1532	['vegetable']
e1533	['vegetable']
e1534	['vegetable']
e1535	['vegetable']
e1536	['fruit']
e1537	['fruit']
e1538	['fruit']
e1539	['vegetable']
e1540	['plant seed or nut']
e1541	['vegetable']
e1542	['vegetable']
e1543	['vegetable']
e1544	['vegetable']
e1545	['vegetable']
e1546	['vegetable']
e1547	['vegetable']
e1548	['vegetable']
e1549	['vegetable']
e1550	['fruit']
e1551	['fruit']
e1552	['fruit']
e1553	['fruit']
e1554	['fruit']
e1555	['fruit']
e1556	['fruit']
e1557	['fruit']
e1558	['fruit']
e1559	['fruit']
e1560	['fruit']
e1561	['fruit']
e1562	['fruit']
e1563	['fruit']
e1564	['fruit']
e1565	['fruit']
e1566	['vegetable']
e1567	['vegetable']
e1568	['vegetable']
e1569	['fruit']
e1570	['fruit']
e1571	['fruit']
e1572	['fruit']
e1573	['other plant']
e1574	['other plant']
e1575	['legume']
e1576	['legume']
e1577	['plant seed or nut']
e1578	['plant seed or nut']
e1579	['fruit']
e1580	['fruit']
e1581	['fruit']
e1582	['fruit']
e1583	['fruit']
e1584	['vegetable']
e1585	['vegetable']
e1586	['vegetable']
e1587	['other animal']
e1588	['fruit']
e1589	['fruit']
e1590	['fruit']
e1591	['fruit']
e1592	['fruit']
e1593	['fruit']
e1594	['plant seed or nut']
e1595	['other plant']
e1596	['other plant']
e1597	['other plant']
e1598	['fruit']
e1599	['legume']
e1600	['legume']
e1601	['fruit']
e1602	['vegetable']
e1603	['vegetable']
e1604	['fruit']
e1605	['seafood']
e1606	['avian']
e1607	['fruit']
e1608	['fruit']
e1609	['fruit']
e1610	['fruit']
e1611	['fruit']
e1612	['other plant']
e1613	['other plant']
e1614	['vegetable']
e1615	['vegetable']
e1616	['fruit']
e1617	['fruit']
e1618	['fruit']
e1619	['fruit']
e1620	['fruit']
e1621	['fruit']
e1622	['plant seed or nut']
e1623	['vegetable']
e1624	['plant seed or nut']
e1625	['plant seed or nut']
e1626	['plant seed or nut']
e1627	['fruit']
e1628	['fruit']
e1629	['fruit']
e1630	['fruit']
e1631	['other plant']
e1632	['other plant']
e1633	['fruit']
e1634	['vegetable']
e1635	['vegetable']
e1636	['vegetable']
e1637	['fruit']
e1638	['plant seed or nut']
e1639	['fruit']
e1640	['other plant']
e1641	['vegetable']
e1642	['vegetable']
e1643	['vegetable']
e1644	['vegetable']
e1645	['vegetable']
e1646	['vegetable']
e1647	['vegetable']
e1648	['fruit']
e1649	['fruit']
e1650	['vegetable']
e1651	['vegetable']
e1652	['vegetable']
e1653	['fruit']
e1654	['vegetable']
e1655	['other plant']
e1656	['fruit']
e1657	['vegetable']
e1658	['vegetable']
e1659	['other plant']
e1660	['vegetable']
e1661	['vegetable']
e1662	['fruit']
e1663	['fruit']
e1664	['plant seed or nut']
e1665	['fruit']
e1666	['fruit']
e1667	['fruit']
e1668	['fruit']
e1669	['fruit']
e1670	['fruit']
e1671	['vegetable']
e1672	['vegetable']
e1673	['vegetable']
e1674	['fruit']
e1675	['vegetable']
e1676	['plant seed or nut']
e1677	['plant seed or nut']
e1678	['plant seed or nut']
e1679	['vegetable']
e1680	['fruit']
e1681	['fruit']
e1682	['unclassified']
e1683	['fruit']
e1684	['fruit']
e1685	['fruit']
e1686	['fruit']
e1687	['fruit']
e1688	['fruit']
e1689	['fruit']
e1690	['fruit']
e1691	['plant seed or nut']
e1692	['vegetable']
e1693	['vegetable']
e1694	['fruit']
e1695	['fruit']
e1696	['fruit']
e1697	['fruit']
e1698	['plant seed or nut']
e1699	['plant seed or nut']
e1700	['fruit']
e1701	['vegetable']
e1702	['plant seed or nut']
e1703	['plant seed or nut']
e1704	['vegetable']
e1705	['vegetable']
e1706	['plant seed or nut']
e1707	['legume']
e1708	['legume']
e1709	['legume']
e1710	['legume']
e1711	['legume']
e1712	['legume']
e1713	['vegetable']
e1714	['fruit']
e1715	['fruit']
e1716	['fruit']
e1717	['fruit']
e1718	['vegetable']
e1719	['plant seed or nut']
e1720	['fruit']
e1721	['vegetable']
e1722	['other plant']
e1723	['other plant']
e1724	['other plant']
e1725	['other plant']
e1726	['fruit']
e1727	['fruit']
e1728	['fruit']
e1729	['plant seed or nut']
e1730	['fruit']
e1731	['fruit']
e1732	['vegetable']
e1733	['vegetable']
e1734	['other plant']
e1735	['fruit']
e1736	['fruit']
e1737	['fruit']
e1738	['fruit']
e1739	['other plant']
e1740	['other plant']
e1741	['legume']
e1742	['fruit']
e1743	['legume']
e1744	['legume']
e1745	['vegetable']
e1746	['legume']
e1747	['other plant']
e1748	['vegetable']
e1749	['plant seed or nut']
e1750	['fruit']
e1751	['fruit']
e1752	['fruit']
e1753	['fruit']
e1754	['vegetable']
e1755	['fruit']
e1756	['fruit']
e1757	['vegetable']
e1758	['other plant']
e1759	['fruit']
e1760	['fruit']
e1761	['fruit']
e1762	['legume']
e1763	['other plant']
e1764	['other plant']
e1765	['other plant']
e1766	['other plant']
e1767	['other plant']
e1768	['other plant']
e1769	['fruit']
e1770	['fruit']
e1771	['fruit']
e1772	['vegetable']
e1773	['vegetable']
e1774	['other plant']
e1775	['vegetable']
e1776	['other plant']
e1777	['fruit']
e1778	['fruit']
e1779	['plant seed or nut']
e1780	['fruit']
e1781	['fruit']
e1782	['fruit']
e1783	['fruit']
e1784	['legume']
e1785	['fruit']
e1786	['plant seed or nut']
e1787	['other plant']
e1788	['other plant']
e1789	['fruit']
e1790	['other plant']
e1791	['plant seed or nut']
e1792	['plant seed or nut']
e1793	['other plant']
e1794	['fruit']
e1795	['legume']
e1796	['other plant']
e1797	['other plant']
e1798	['other plant']
e1799	['other plant']
e1800	['plant seed or nut']
e1801	['other plant']
e1802	['plant seed or nut']
e1803	['fruit']
e1804	['fruit']
e1805	['unclassified']
e1806	['other plant']
e1807	['other plant']
e1808	['other plant']
e1809	['other plant']
e1810	['other plant']
e1811	['other plant']
e1812	['other plant']
e1813	['other plant']
e1814	['other plant']
e1815	['other plant']
e1816	['other plant']
e1817	['fruit']
e1818	['other plant']
e1819	['unclassified']
e1820	['vegetable']
e1821	['vegetable']
e1822	['vegetable']
e1823	['vegetable']
e1824	['vegetable']
e1825	['vegetable']
e1826	['vegetable']
e1827	['vegetable']
e1828	['vegetable']
e1829	['vegetable']
e1830	['vegetable']
e1831	['vegetable']
e1832	['vegetable']
e1833	['other plant']
e1834	['vegetable']
e1835	['fruit']
e1836	['plant seed or nut']
e1837	['unclassified']
e1838	['other plant']
e1839	['other plant']
e1840	['legume']
e1841	['legume']
e1842	['vegetable']
e1843	['vegetable']
e1844	['vegetable']
e1845	['dairy']
e1846	['mammalian meat']
e1847	['mammalian meat']
e1848	['legume']
e1849	['plant seed or nut']
e1850	['plant seed or nut']
e1851	['dairy']
e1852	['dairy']
e1853	['dairy']
e1854	['dairy']
e1855	['plant seed or nut']
e1856	['plant seed or nut']
e1857	['plant seed or nut']
e1858	['plant seed or nut']
e1859	['plant seed or nut']
e1860	['plant seed or nut']
e1861	['plant seed or nut']
e1862	['fruit']
e1863	['fruit']
e1864	['mammalian meat']
e1865	['mammalian meat']
e1866	['other plant']
e1867	['plant seed or nut']
e1868	['other plant']
e1869	['mammalian meat']
e1870	['mammalian meat']
e1871	['other plant']
e1872	['other plant']
e1873	['vegetable']
e1874	['vegetable']
e1875	['vegetable']
e1876	['vegetable']
e1877	['fruit']
e1878	['fruit']
e1879	['legume']
e1880	['vegetable']
e1881	['plant seed or nut']
e1882	['mammalian meat']
e1883	['mammalian meat']
e1884	['fruit']
e1885	['fruit']
e1886	['other plant']
e1887	['other plant']
e1888	['other plant']
e1889	['plant seed or nut']
e1890	['plant seed or nut']
e1891	['plant seed or nut']
e1892	['mammalian meat']
e1893	['plant seed or nut']
e1894	['other plant']
e1895	['other plant']
e1896	['other plant']
e1897	['other plant']
e1898	['dairy']
e1899	['fruit']
e1900	['seafood']
e1901	['fruit']
e1902	['fruit']
e1903	['fruit']
e1904	['fruit']
e1905	['fruit']
e1906	['fruit']
e1907	['fruit']
e1908	['fruit']
e1909	['fruit']
e1910	['fruit']
e1911	['fruit']
e1912	['other plant']
e1913	['other plant']
e1914	['plant seed or nut']
e1915	['mammalian meat']
e1916	['plant seed or nut']
e1917	['other plant']
e1918	['dairy']
e1919	['dairy']
e1920	['dairy']
e1921	['dairy']
e1922	['vegetable']
e1923	['other plant']
e1924	['other plant']
e1925	['other plant']
e1926	['vegetable']
e1927	['vegetable']
e1928	['mammalian meat']
e1929	['mammalian meat']
e1930	['vegetable']
e1931	['vegetable']
e1932	['vegetable']
e1933	['vegetable']
e1934	['seafood']
e1935	['seafood']
e1936	['vegetable']
e1937	['vegetable']
e1938	['fruit']
e1939	['fruit']
e1940	['other plant']
e1941	['other plant']
e1942	['vegetable']
e1943	['fruit']
e1944	['avian']
e1945	['seafood']
e1946	['fruit']
e1947	['plant seed or nut']
e1948	['fruit']
e1949	['fruit']
e1950	['fruit']
e1951	['fruit']
e1952	['fruit']
e1953	['other plant']
e1954	['other plant']
e1955	['legume']
e1956	['legume']
e1957	['mammalian meat']
e1958	['mammalian meat']
e1959	['other plant']
e1960	['other plant']
e1961	['fruit']
e1962	['other plant']
e1963	['mammalian meat']
e1964	['avian']
e1965	['fruit']
e1966	['seafood']
e1967	['other plant']
e1968	['other plant']
e1969	['other plant']
e1970	['seafood']
e1971	['fruit']
e1972	['fruit']
e1973	['fruit']
e1974	['fruit']
e1975	['fruit']
e1976	['fruit']
e1977	['fruit']
e1978	['fruit']
e1979	['fruit']
e1980	['plant seed or nut']
e1981	['other plant']
e1982	['other plant']
e1983	['other plant']
e1984	['other plant']
e1985	['other plant']
e1986	['other plant']
e1987	['other plant']
e1988	['other plant']
e1989	['other plant']
e1990	['fruit']
e1991	['fruit']
e1992	['fruit']
e1993	['fruit']
e1994	['fruit']
e1995	['fruit']
e1996	['fruit']
e1997	['fruit']
e1998	['fruit']
e1999	['other plant']
e2000	['fruit']
e2001	['fruit']
e2002	['fruit']
e2003	['fruit']
e2004	['fruit']
e2005	['fruit']
e2006	['fruit']
e2007	['fruit']
e2008	['other plant']
e2009	['fruit']
e2010	['plant seed or nut']
e2011	['plant seed or nut']
e2012	['fruit']
e2013	['fruit']
e2014	['fruit']
e2015	['fruit']
e2016	['fruit']
e2017	['fruit']
e2018	['fruit']
e2019	['fruit']
e2020	['fruit']
e2021	['fruit']
e2022	['fruit']
e2023	['fruit']
e2024	['fruit']
e2025	['plant seed or nut']
e2026	['dairy']
e2027	['legume']
e2028	['avian']
e2029	['fruit']
e2030	['fruit']
e2031	['fruit']
e2032	['other animal']
e2033	['other plant']
e2034	['other plant']
e2035	['other plant']
e2036	['other plant']
e2037	['other plant']
e2038	['other plant']
e2039	['other plant']
e2040	['fruit']
e2041	['fruit']
e2042	['vegetable']
e2043	['vegetable']
e2044	['vegetable']
e2045	['vegetable']
e2046	['plant seed or nut']
e2047	['vegetable']
e2048	['vegetable']
e2049	['vegetable']
e2050	['plant seed or nut']
e2051	['plant seed or nut']
e2052	['other plant']
e2053	['plant seed or nut']
e2054	['fruit']
e2055	['vegetable']
e2056	['vegetable']
e2057	['mammalian meat']
e2058	['fruit']
e2059	['seafood']
e2060	['seafood']
e2061	['mammalian meat']
e2062	['other animal']
e2063	['other animal']
e2064	['other animal']
e2065	['other plant']
e2066	['plant seed or nut']
e2067	['vegetable']
e2068	['plant seed or nut']
e2069	['vegetable']
e2070	['vegetable']
e2071	['plant seed or nut']
e2072	['plant seed or nut']
e2073	['plant seed or nut']
e2074	['plant seed or nut']
e2075	['avian']
e2076	['other plant']
e2077	['plant seed or nut']
e2078	['dairy']
e2079	['other plant']
e2080	['fruit']
e2081	['plant seed or nut']
e2082	['legume']
e2083	['legume']
e2084	['legume']
e2085	['legume']
e2086	['plant seed or nut']
e2087	['plant seed or nut']
e2088	['vegetable']
e2089	['vegetable']
e2090	['vegetable']
e2091	['unclassified']
e2092	['fruit']
e2093	['fruit']
e2094	['vegetable']
e2095	['plant seed or nut']
e2096	['plant seed or nut']
e2097	['plant seed or nut']
e2098	['plant seed or nut']
e2099	['plant seed or nut']
e2100	['other plant']
e2101	['other plant']
e2102	['other plant']
e2103	['vegetable']
e2104	['fruit']
e2105	['plant seed or nut']
e2106	['plant seed or nut']
e2107	['legume']
e2108	['legume']
e2109	['legume']
e2110	['other plant']
e2111	['other plant']
e2112	['other plant']
e2113	['other plant']
e2114	['other plant']
e2115	['other plant']
e2116	['fruit']
e2117	['other plant']
e2118	['fruit']
e2119	['fruit']
e2120	['fruit']
e2121	['dairy']
e2122	['legume']
e2123	['legume']
e2124	['fruit']
e2125	['fruit']
e2126	['fruit']
e2127	['fruit']
e2128	['fruit']
e2129	['fruit']
e2130	['fruit']
e2131	['fruit']
e2132	['plant seed or nut']
e2133	['plant seed or nut']
e2134	['plant seed or nut']
e2135	['fruit']
e2136	['fruit']
e2137	['plant seed or nut']
e2138	['other plant']
e2139	['dairy']
e2140	['dairy']
e2141	['mammalian meat']
e2142	['mammalian meat']
e2143	['mammalian meat']
e2144	['mammalian meat']
e2145	['mammalian meat']
e2146	['avian']
e2147	['seafood']
e2148	['seafood']
e2149	['mammalian meat']
e2150	['mammalian meat']
e2151	['mammalian meat']
e2152	['other animal']
e2153	['mammalian meat']
e2154	['mammalian meat']
e2155	['avian']
e2156	['avian']
e2157	['avian']
e2158	['other plant']
e2159	['plant seed or nut']
e2160	['legume']
e2161	['legume']
e2162	['plant seed or nut']
e2163	['plant seed or nut']
e2164	['vegetable']
e2165	['plant seed or nut']
e2166	['seafood']
e2167	['fruit']
e2168	['fruit']
e2169	['fruit']
e2170	['fruit']
e2171	['fruit']
e2172	['fruit']
e2173	['fruit']
e2174	['fruit']
e2175	['vegetable']
e2176	['vegetable']
e2177	['vegetable']
e2178	['vegetable']
e2179	['vegetable']
e2180	['vegetable']
e2181	['other plant']
e2182	['other plant']
e2183	['fruit']
e2184	['other plant']
e2185	['other animal']
e2186	['fruit']
e2187	['mammalian meat']
e2188	['other animal']
e2189	['mammalian meat']
e2190	['other animal']
e2191	['mammalian meat']
e2192	['other animal']
e2193	['mammalian meat']
e2194	['mammalian meat']
e2195	['other animal']
e2196	['mammalian meat']
e2197	['mammalian meat']
e2198	['mammalian meat']
e2199	['dairy']
e2200	['dairy']
e2201	['dairy']
e2202	['dairy']
e2203	['dairy']
e2204	['plant seed or nut']
e2205	['plant seed or nut']
e2206	['seafood']
e2207	['other plant']
e2208	['other plant']
e2209	['plant seed or nut']
e2210	['plant seed or nut']
e2211	['plant seed or nut']
e2212	['plant seed or nut']
e2213	['plant seed or nut']
e2214	['legume']
e2215	['legume']
e2216	['legume']
e2217	['legume']
e2218	['mammalian meat']
e2219	['avian']
e2220	['avian']
e2221	['mammalian meat']
e2222	['plant seed or nut']
e2223	['dairy']
e2224	['plant seed or nut']
e2225	['mammalian meat']
e2226	['other plant']
e2227	['other plant']
e2228	['other plant']
e2229	['vegetable']
e2230	['mammalian meat']
e2231	['mammalian meat']
e2232	['plant seed or nut']
e2233	['fruit']
e2234	['fruit']
e2235	['vegetable']
e2236	['vegetable']
e2237	['fruit']
e2238	['plant seed or nut']
e2239	['plant seed or nut']
e2240	['plant seed or nut']
e2241	['fruit']
e2242	['fruit']
e2243	['fruit']
e2244	['other plant']
e2245	['other plant']
e2246	['plant seed or nut']
e2247	['plant seed or nut']
e2248	['other plant']
e2249	['other plant']
e2250	['other plant']
e2251	['fruit']
e2252	['fruit']
e2253	['fruit']
e2254	['fruit']
e2255	['fruit']
e2256	['fruit']
e2257	['fruit']
e2258	['fruit']
e2259	['fruit']
e2260	['fruit']
e2261	['fruit']
e2262	['fruit']
e2263	['fruit']
e2264	['fruit']
e2265	['fruit']
e2266	['fruit']
e2267	['fruit']
e2268	['fruit']
e2269	['fruit']
e2270	['fruit']
e2271	['other plant']
e2272	['other plant']
e2273	['fruit']
e2274	['fruit']
e2275	['fruit']
e2276	['fruit']
e2277	['fruit']
e2278	['fruit']
e2279	['fruit']
e2280	['fruit']
e2281	['fruit']
e2282	['fruit']
e2283	['fruit']
e2284	['fruit']
e2285	['fruit']
e2286	['fruit']
e2287	['fruit']
e2288	['fruit']
e2289	['fruit']
e2290	['fruit']
e2291	['fruit']
e2292	['fruit']
e2293	['fruit']
e2294	['legume']
e2295	['legume']
e2296	['legume']
e2297	['legume']
e2298	['fruit']
e2299	['plant seed or nut']
e2300	['plant seed or nut']
e2301	['fruit']
e2302	['fruit']
e2303	['vegetable']
e2304	['vegetable']
e2305	['fruit']
e2306	['fruit']
e2307	['fruit']
e2308	['vegetable']
e2309	['vegetable']
e2310	['vegetable']
e2311	['vegetable']
e2312	['other plant']
e2313	['other plant']
e2314	['other plant']
e2315	['other plant']
e2316	['other plant']
e2317	['other plant']
e2318	['other plant']
e2319	['other plant']
e2320	['vegetable']
e2321	['vegetable']
e2322	['other plant']
e2323	['other plant']
e2324	['other plant']
e2325	['vegetable']
e2326	['other plant']
e2327	['other plant']
e2328	['other plant']
e2329	['fruit']
e2330	['fruit']
e2331	['fruit']
e2332	['vegetable']
e2333	['vegetable']
e2334	['legume']
e2335	['legume']
e2336	['legume']
e2337	['plant seed or nut']
e2338	['plant seed or nut']
e2339	['plant seed or nut']
e2340	['plant seed or nut']
e2341	['unclassified']
e2342	['unclassified']
e2343	['unclassified']
e2344	['unclassified']
e2345	['unclassified']
e2346	['unclassified']
e2347	['unclassified']
e2348	['unclassified']
e2349	['unclassified']
e2350	['unclassified']
e2351	['unclassified']
e2352	['unclassified']
e2353	['unclassified']
e2354	['unclassified']
e2355	['unclassified']
e2356	['legume']
e2357	['legume']
e2358	['legume']
e2359	['legume']
e2360	['legume']
e2361	['plant seed or nut']
e2362	['plant seed or nut']
e2363	['plant seed or nut']
e2364	['other animal']
e2365	['other animal']
e2366	['dairy']
e2367	['vegetable']
e2368	['other animal']
e2369	['vegetable']
e2370	['other animal']
e2371	['other animal']
e2372	['other animal']
e2373	['fruit']
e2374	['unclassified']
e2375	['plant seed or nut']
e2376	['fruit']
e2377	['other plant']
e2378	['plant seed or nut']
e2379	['plant seed or nut']
e2380	['mammalian meat']
e2381	['mammalian meat']
e2382	['mammalian meat']
e2383	['mammalian meat']
e2384	['mammalian meat']
e2385	['mammalian meat']
e2386	['mammalian meat']
e2387	['mammalian meat']
e2388	['mammalian meat']
e2389	['mammalian meat']
e2390	['mammalian meat']
e2391	['mammalian meat']
e2392	['mammalian meat']
e2393	['mammalian meat']
e2394	['mammalian meat']
e2395	['mammalian meat']
e2396	['mammalian meat']
e2397	['mammalian meat']
e2398	['mammalian meat']
e2399	['mammalian meat']
e2400	['mammalian meat']
e2401	['mammalian meat']
e2402	['mammalian meat']
e2403	['mammalian meat']
e2404	['mammalian meat']
e2405	['mammalian meat']
e2406	['mammalian meat']
e2407	['mammalian meat']
e2408	['mammalian meat']
e2409	['mammalian meat']
e2410	['mammalian meat']
e2411	['mammalian meat']
e2412	['mammalian meat']
e2413	['mammalian meat']
e2414	['mammalian meat']
e2415	['mammalian meat']
e2416	['mammalian meat']
e2417	['mammalian meat']
e2418	['mammalian meat']
e2419	['mammalian meat']
e2420	['mammalian meat']
e2421	['mammalian meat']
e2422	['mammalian meat']
e2423	['mammalian meat']
e2424	['mammalian meat']
e2425	['mammalian meat']
e2426	['mammalian meat']
e2427	['mammalian meat']
e2428	['mammalian meat']
e2429	['mammalian meat']
e2430	['mammalian meat']
e2431	['mammalian meat']
e2432	['mammalian meat']
e2433	['mammalian meat']
e2434	['mammalian meat']
e2435	['mammalian meat']
e2436	['mammalian meat']
e2437	['mammalian meat']
e2438	['mammalian meat']
e2439	['mammalian meat']
e2440	['mammalian meat']
e2441	['mammalian meat']
e2442	['mammalian meat']
e2443	['mammalian meat']
e2444	['mammalian meat']
e2445	['mammalian meat']
e2446	['mammalian meat']
e2447	['mammalian meat']
e2448	['mammalian meat']
e2449	['mammalian meat']
e2450	['mammalian meat']
e2451	['mammalian meat']
e2452	['mammalian meat']
e2453	['mammalian meat']
e2454	['mammalian meat']
e2455	['mammalian meat']
e2456	['mammalian meat']
e2457	['mammalian meat']
e2458	['mammalian meat']
e2459	['mammalian meat']
e2460	['mammalian meat']
e2461	['mammalian meat']
e2462	['mammalian meat']
e2463	['mammalian meat']
e2464	['mammalian meat']
e2465	['mammalian meat']
e2466	['mammalian meat']
e2467	['mammalian meat']
e2468	['mammalian meat']
e2469	['mammalian meat']
e2470	['mammalian meat']
e2471	['mammalian meat']
e2472	['mammalian meat']
e2473	['mammalian meat']
e2474	['mammalian meat']
e2475	['mammalian meat']
e2476	['mammalian meat']
e2477	['mammalian meat']
e2478	['mammalian meat']
e2479	['mammalian meat']
e2480	['mammalian meat']
e2481	['mammalian meat']
e2482	['mammalian meat']
e2483	['mammalian meat']
e2484	['mammalian meat']
e2485	['mammalian meat']
e2486	['mammalian meat']
e2487	['mammalian meat']
e2488	['mammalian meat']
e2489	['mammalian meat']
e2490	['mammalian meat']
e2491	['mammalian meat']
e2492	['mammalian meat']
e2493	['mammalian meat']
e2494	['mammalian meat']
e2495	['mammalian meat']
e2496	['mammalian meat']
e2497	['mammalian meat']
e2498	['mammalian meat']
e2499	['mammalian meat']
e2500	['mammalian meat']
e2501	['mammalian meat']
e2502	['mammalian meat']
e2503	['mammalian meat']
e2504	['mammalian meat']
e2505	['mammalian meat']
e2506	['mammalian meat']
e2507	['mammalian meat']
e2508	['mammalian meat']
e2509	['mammalian meat']
e2510	['mammalian meat']
e2511	['mammalian meat']
e2512	['mammalian meat']
e2513	['mammalian meat']
e2514	['mammalian meat']
e2515	['mammalian meat']
e2516	['mammalian meat']
e2517	['mammalian meat']
e2518	['mammalian meat']
e2519	['mammalian meat']
e2520	['mammalian meat']
e2521	['mammalian meat']
e2522	['mammalian meat']
e2523	['mammalian meat']
e2524	['mammalian meat']
e2525	['mammalian meat']
e2526	['mammalian meat']
e2527	['mammalian meat']
e2528	['mammalian meat']
e2529	['other animal']
e2530	['other animal']
e2531	['other animal']
e2532	['other animal']
e2533	['other animal']
e2534	['other animal']
e2535	['other animal']
e2536	['mammalian meat']
e2537	['other animal']
e2538	['other animal']
e2539	['other animal']
e2540	['other animal']
e2541	['other animal']
e2542	['mammalian meat']
e2543	['other animal']
e2544	['other animal']
e2545	['other animal']
e2546	['other animal']
e2547	['other animal']
e2548	['other animal']
e2549	['other animal']
e2550	['other animal']
e2551	['other animal']
e2552	['other animal']
e2553	['other animal']
e2554	['other animal']
e2555	['mammalian meat']
e2556	['other animal']
e2557	['mammalian meat']
e2558	['other animal']
e2559	['other animal']
e2560	['other animal']
e2561	['other animal']
e2562	['other animal']
e2563	['other animal']
e2564	['other animal']
e2565	['other animal']
e2566	['other animal']
e2567	['other animal']
e2568	['other animal']
e2569	['other animal']
e2570	['other animal']
e2571	['mammalian meat']
e2572	['mammalian meat']
e2573	['mammalian meat']
e2574	['mammalian meat']
e2575	['mammalian meat']
e2576	['mammalian meat']
e2577	['mammalian meat']
e2578	['mammalian meat']
e2579	['mammalian meat']
e2580	['mammalian meat']
e2581	['mammalian meat']
e2582	['mammalian meat']
e2583	['mammalian meat']
e2584	['mammalian meat']
e2585	['mammalian meat']
e2586	['mammalian meat']
e2587	['mammalian meat']
e2588	['mammalian meat']
e2589	['mammalian meat']
e2590	['mammalian meat']
e2591	['mammalian meat']
e2592	['mammalian meat']
e2593	['mammalian meat']
e2594	['mammalian meat']
e2595	['mammalian meat']
e2596	['mammalian meat']
e2597	['mammalian meat']
e2598	['mammalian meat']
e2599	['mammalian meat']
e2600	['mammalian meat']
e2601	['mammalian meat']
e2602	['mammalian meat']
e2603	['mammalian meat']
e2604	['mammalian meat']
e2605	['mammalian meat']
e2606	['mammalian meat']
e2607	['mammalian meat']
e2608	['mammalian meat']
e2609	['mammalian meat']
e2610	['mammalian meat']
e2611	['mammalian meat']
e2612	['mammalian meat']
e2613	['mammalian meat']
e2614	['mammalian meat']
e2615	['mammalian meat']
e2616	['mammalian meat']
e2617	['mammalian meat']
e2618	['mammalian meat']
e2619	['mammalian meat']
e2620	['mammalian meat']
e2621	['mammalian meat']
e2622	['mammalian meat']
e2623	['mammalian meat']
e2624	['mammalian meat']
e2625	['mammalian meat']
e2626	['mammalian meat']
e2627	['mammalian meat']
e2628	['mammalian meat']
e2629	['mammalian meat']
e2630	['mammalian meat']
e2631	['mammalian meat']
e2632	['other animal']
e2633	['other animal']
e2634	['mammalian meat']
e2635	['mammalian meat']
e2636	['other animal']
e2637	['other animal']
e2638	['other animal']
e2639	['other animal']
e2640	['other animal']
e2641	['other animal']
e2642	['other animal']
e2643	['other animal']
e2644	['other animal']
e2645	['avian']
e2646	['avian']
e2647	['avian']
e2648	['avian']
e2649	['avian']
e2650	['avian']
e2651	['avian']
e2652	['avian']
e2653	['avian']
e2654	['mammalian meat']
e2655	['mammalian meat']
e2656	['mammalian meat']
e2657	['mammalian meat']
e2658	['mammalian meat']
e2659	['mammalian meat']
e2660	['mammalian meat']
e2661	['mammalian meat']
e2662	['other animal']
e2663	['other animal']
e2664	['other animal']
e2665	['mammalian meat']
e2666	['dairy']
e2667	['dairy']
e2668	['other animal']
e2669	['other animal']
e2670	['other animal']
e2671	['avian']
e2672	['avian']
e2673	['avian']
e2674	['other animal']
e2675	['avian']
e2676	['avian']
e2677	['avian']
e2678	['other animal']
e2679	['other animal']
e2680	['other animal']
e2681	['other animal']
e2682	['other animal']
e2683	['other animal']
e2684	['other animal']
e2685	['other animal']
e2686	['other animal']
e2687	['other animal']
e2688	['other animal']
e2689	['other animal']
e2690	['other animal']
e2691	['other animal']
e2692	['other animal']
e2693	['other animal']
e2694	['other animal']
e2695	['other animal']
e2696	['avian']
e2697	['avian']
e2698	['avian']
e2699	['other animal']
e2700	['other animal']
e2701	['other animal']
e2702	['other animal']
e2703	['avian']
e2704	['avian']
e2705	['avian']
e2706	['other animal']
e2707	['other animal']
e2708	['mammalian meat']
e2709	['avian']
e2710	['avian']
e2711	['mammalian meat']
e2712	['mammalian meat']
e2713	['mammalian meat']
e2714	['mammalian meat']
e2715	['mammalian meat']
e2716	['mammalian meat']
e2717	['mammalian meat']
e2718	['mammalian meat']
e2719	['mammalian meat']
e2720	['mammalian meat']
e2721	['mammalian meat']
e2722	['mammalian meat']
e2723	['mammalian meat']
e2724	['mammalian meat']
e2725	['mammalian meat']
e2726	['mammalian meat']
e2727	['mammalian meat']
e2728	['mammalian meat']
e2729	['mammalian meat']
e2730	['avian']
e2731	['avian']
e2732	['avian']
e2733	['avian']
e2734	['avian']
e2735	['avian']
e2736	['avian']
e2737	['avian']
e2738	['avian']
e2739	['avian']
e2740	['avian']
e2741	['avian']
e2742	['avian']
e2743	['avian']
e2744	['avian']
e2745	['avian']
e2746	['avian']
e2747	['avian']
e2748	['avian']
e2749	['avian']
e2750	['avian']
e2751	['avian']
e2752	['avian']
e2753	['avian']
e2754	['avian']
e2755	['avian']
e2756	['avian']
e2757	['avian']
e2758	['avian']
e2759	['avian']
e2760	['avian']
e2761	['avian']
e2762	['avian']
e2763	['avian']
e2764	['avian']
e2765	['avian']
e2766	['avian']
e2767	['avian']
e2768	['avian']
e2769	['avian']
e2770	['avian']
e2771	['avian']
e2772	['avian']
e2773	['avian']
e2774	['avian']
e2775	['avian']
e2776	['avian']
e2777	['avian']
e2778	['avian']
e2779	['avian']
e2780	['avian']
e2781	['avian']
e2782	['avian']
e2783	['avian']
e2784	['avian']
e2785	['avian']
e2786	['avian']
e2787	['avian']
e2788	['avian']
e2789	['avian']
e2790	['avian']
e2791	['avian']
e2792	['avian']
e2793	['avian']
e2794	['avian']
e2795	['avian']
e2796	['avian']
e2797	['avian']
e2798	['avian']
e2799	['avian']
e2800	['avian']
e2801	['avian']
e2802	['avian']
e2803	['avian']
e2804	['avian']
e2805	['avian']
e2806	['avian']
e2807	['avian']
e2808	['avian']
e2809	['avian']
e2810	['avian']
e2811	['avian']
e2812	['avian']
e2813	['avian']
e2814	['avian']
e2815	['avian']
e2816	['avian']
e2817	['avian']
e2818	['avian']
e2819	['avian']
e2820	['avian']
e2821	['avian']
e2822	['avian']
e2823	['avian']
e2824	['avian']
e2825	['avian']
e2826	['avian']
e2827	['avian']
e2828	['avian']
e2829	['avian']
e2830	['other animal']
e2831	['other animal']
e2832	['other animal']
e2833	['other animal']
e2834	['avian']
e2835	['avian']
e2836	['avian']
e2837	['avian']
e2838	['avian']
e2839	['avian']
e2840	['avian']
e2841	['avian']
e2842	['avian']
e2843	['avian']
e2844	['avian']
e2845	['avian']
e2846	['avian']
e2847	['avian']
e2848	['avian']
e2849	['avian']
e2850	['avian']
e2851	['avian']
e2852	['avian']
e2853	['avian']
e2854	['avian']
e2855	['avian']
e2856	['avian']
e2857	['avian']
e2858	['avian']
e2859	['avian']
e2860	['avian']
e2861	['avian']
e2862	['other animal']
e2863	['other animal']
e2864	['avian']
e2865	['avian']
e2866	['avian']
e2867	['avian']
e2868	['avian']
e2869	['avian']
e2870	['avian']
e2871	['avian']
e2872	['avian']
e2873	['avian']
e2874	['avian']
e2875	['avian']
e2876	['avian']
e2877	['avian']
e2878	['avian']
e2879	['avian']
e2880	['avian']
e2881	['avian']
e2882	['avian']
e2883	['avian']
e2884	['avian']
e2885	['avian']
e2886	['avian']
e2887	['avian']
e2888	['avian']
e2889	['avian']
e2890	['avian']
e2891	['avian']
e2892	['avian']
e2893	['avian']
e2894	['other animal']
e2895	['avian']
e2896	['avian']
e2897	['avian']
e2898	['avian']
e2899	['other animal']
e2900	['seafood']
e2901	['seafood']
e2902	['seafood']
e2903	['seafood']
e2904	['seafood']
e2905	['other animal']
e2906	['other animal']
e2907	['other animal']
e2908	['dairy']
e2909	['mammalian meat']
e2910	['other animal']
e2911	['other animal']
e2912	['other animal']
e2913	['other animal']
e2914	['other animal']
e2915	['mammalian meat']
e2916	['mammalian meat']
e2917	['mammalian meat']
e2918	['mammalian meat']
e2919	['other animal']
e2920	['other animal']
e2921	['dairy']
e2922	['other animal']
e2923	['dairy']
e2924	['mammalian meat']
e2925	['mammalian meat']
e2926	['other animal']
e2927	['other animal']
e2928	['other animal']
e2929	['other animal']
e2930	['other animal']
e2931	['other animal']
e2932	['other animal']
e2933	['other animal']
e2934	['other animal']
e2935	['other animal']
e2936	['other animal']
e2937	['other animal']
e2938	['other animal']
e2939	['other animal']
e2940	['other animal']
e2941	['mammalian meat']
e2942	['mammalian meat']
e2943	['mammalian meat']
e2944	['mammalian meat']
e2945	['mammalian meat']
e2946	['mammalian meat']
e2947	['other animal']
e2948	['other animal']
e2949	['other animal']
e2950	['other animal']
e2951	['other animal']
e2952	['other animal']
e2953	['other animal']
e2954	['other animal']
e2955	['other animal']
e2956	['other animal']
e2957	['other animal']
e2958	['other animal']
e2959	['other animal']
e2960	['other animal']
e2961	['mammalian meat']
e2962	['other animal']
e2963	['mammalian meat']
e2964	['other animal']
e2965	['other animal']
e2966	['other animal']
e2967	['other animal']
e2968	['other animal']
e2969	['other animal']
e2970	['other animal']
e2971	['other animal']
e2972	['other animal']
e2973	['other animal']
e2974	['other animal']
e2975	['other animal']
e2976	['other animal']
e2977	['other animal']
e2978	['other animal']
e2979	['other animal']
e2980	['other animal']
e2981	['other animal']
e2982	['other animal']
e2983	['other animal']
e2984	['other animal']
e2985	['other animal']
e2986	['other animal']
e2987	['other animal']
e2988	['other animal']
e2989	['other animal']
e2990	['other animal']
e2991	['other animal']
e2992	['mammalian meat']
e2993	['other animal']
e2994	['mammalian meat']
e2995	['other animal']
e2996	['other animal']
e2997	['mammalian meat']
e2998	['other animal']
e2999	['other animal']
e3000	['other animal']
e3001	['other animal']
e3002	['other animal']
e3003	['other animal']
e3004	['other animal']
e3005	['other animal']
e3006	['mammalian meat']
e3007	['other animal']
e3008	['other animal']
e3009	['other animal']
e3010	['other animal']
e3011	['other animal']
e3012	['mammalian meat']
e3013	['other animal']
e3014	['other animal']
e3015	['other animal']
e3016	['other animal']
e3017	['other animal']
e3018	['other animal']
e3019	['other animal']
e3020	['other animal']
e3021	['other animal']
e3022	['other animal']
e3023	['other animal']
e3024	['other animal']
e3025	['other animal']
e3026	['other animal']
e3027	['other animal']
e3028	['other animal']
e3029	['other animal']
e3030	['other animal']
e3031	['other animal']
e3032	['other animal']
e3033	['other animal']
e3034	['other animal']
e3035	['other animal']
e3036	['other animal']
e3037	['other animal']
e3038	['other animal']
e3039	['other animal']
e3040	['other animal']
e3041	['other animal']
e3042	['other animal']
e3043	['other animal']
e3044	['other animal']
e3045	['other animal']
e3046	['other animal']
e3047	['other animal']
e3048	['other animal']
e3049	['other animal']
e3050	['mammalian meat']
e3051	['other animal']
e3052	['dairy']
e3053	['mammalian meat']
e3054	['other animal']
e3055	['mammalian meat']
e3056	['mammalian meat']
e3057	['other animal']
e3058	['other animal']
e3059	['other animal']
e3060	['seafood']
e3061	['other animal']
e3062	['other animal']
e3063	['other animal']
e3064	['other animal']
e3065	['other animal']
e3066	['other animal']
e3067	['dairy']
e3068	['dairy']
e3069	['other animal']
e3070	['dairy']
e3071	['dairy']
e3072	['other animal']
e3073	['mammalian meat']
e3074	['other animal']
e3075	['other animal']
e3076	['other animal']
e3077	['other animal']
e3078	['other animal']
e3079	['other animal']
e3080	['mammalian meat']
e3081	['mammalian meat']
e3082	['mammalian meat']
e3083	['mammalian meat']
e3084	['mammalian meat']
e3085	['mammalian meat']
e3086	['mammalian meat']
e3087	['mammalian meat']
e3088	['mammalian meat']
e3089	['mammalian meat']
e3090	['mammalian meat']
e3091	['mammalian meat']
e3092	['mammalian meat']
e3093	['mammalian meat']
e3094	['mammalian meat']
e3095	['mammalian meat']
e3096	['mammalian meat']
e3097	['mammalian meat']
e3098	['mammalian meat']
e3099	['mammalian meat']
e3100	['mammalian meat']
e3101	['mammalian meat']
e3102	['mammalian meat']
e3103	['mammalian meat']
e3104	['mammalian meat']
e3105	['mammalian meat']
e3106	['mammalian meat']
e3107	['mammalian meat']
e3108	['mammalian meat']
e3109	['mammalian meat']
e3110	['mammalian meat']
e3111	['mammalian meat']
e3112	['mammalian meat']
e3113	['mammalian meat']
e3114	['mammalian meat']
e3115	['mammalian meat']
e3116	['mammalian meat']
e3117	['mammalian meat']
e3118	['mammalian meat']
e3119	['mammalian meat']
e3120	['mammalian meat']
e3121	['mammalian meat']
e3122	['mammalian meat']
e3123	['mammalian meat']
e3124	['mammalian meat']
e3125	['mammalian meat']
e3126	['mammalian meat']
e3127	['mammalian meat']
e3128	['mammalian meat']
e3129	['mammalian meat']
e3130	['mammalian meat']
e3131	['mammalian meat']
e3132	['mammalian meat']
e3133	['mammalian meat']
e3134	['mammalian meat']
e3135	['mammalian meat']
e3136	['mammalian meat']
e3137	['mammalian meat']
e3138	['mammalian meat']
e3139	['mammalian meat']
e3140	['mammalian meat']
e3141	['mammalian meat']
e3142	['mammalian meat']
e3143	['mammalian meat']
e3144	['mammalian meat']
e3145	['mammalian meat']
e3146	['mammalian meat']
e3147	['mammalian meat']
e3148	['mammalian meat']
e3149	['mammalian meat']
e3150	['mammalian meat']
e3151	['mammalian meat']
e3152	['mammalian meat']
e3153	['mammalian meat']
e3154	['mammalian meat']
e3155	['mammalian meat']
e3156	['mammalian meat']
e3157	['mammalian meat']
e3158	['mammalian meat']
e3159	['mammalian meat']
e3160	['mammalian meat']
e3161	['mammalian meat']
e3162	['mammalian meat']
e3163	['mammalian meat']
e3164	['mammalian meat']
e3165	['mammalian meat']
e3166	['mammalian meat']
e3167	['mammalian meat']
e3168	['mammalian meat']
e3169	['mammalian meat']
e3170	['mammalian meat']
e3171	['mammalian meat']
e3172	['mammalian meat']
e3173	['mammalian meat']
e3174	['mammalian meat']
e3175	['mammalian meat']
e3176	['mammalian meat']
e3177	['mammalian meat']
e3178	['mammalian meat']
e3179	['mammalian meat']
e3180	['mammalian meat']
e3181	['mammalian meat']
e3182	['mammalian meat']
e3183	['mammalian meat']
e3184	['mammalian meat']
e3185	['mammalian meat']
e3186	['mammalian meat']
e3187	['mammalian meat']
e3188	['mammalian meat']
e3189	['mammalian meat']
e3190	['mammalian meat']
e3191	['mammalian meat']
e3192	['mammalian meat']
e3193	['mammalian meat']
e3194	['mammalian meat']
e3195	['mammalian meat']
e3196	['mammalian meat']
e3197	['mammalian meat']
e3198	['mammalian meat']
e3199	['mammalian meat']
e3200	['mammalian meat']
e3201	['mammalian meat']
e3202	['other animal']
e3203	['dairy']
e3204	['dairy']
e3205	['other animal']
e3206	['other animal']
e3207	['mammalian meat']
e3208	['mammalian meat']
e3209	['mammalian meat']
e3210	['mammalian meat']
e3211	['mammalian meat']
e3212	['mammalian meat']
e3213	['mammalian meat']
e3214	['mammalian meat']
e3215	['mammalian meat']
e3216	['mammalian meat']
e3217	['mammalian meat']
e3218	['seafood']
e3219	['seafood']
e3220	['seafood']
e3221	['seafood']
e3222	['seafood']
e3223	['seafood']
e3224	['seafood']
e3225	['seafood']
e3226	['seafood']
e3227	['seafood']
e3228	['seafood']
e3229	['seafood']
e3230	['seafood']
e3231	['seafood']
e3232	['seafood']
e3233	['seafood']
e3234	['seafood']
e3235	['seafood']
e3236	['seafood']
e3237	['seafood']
e3238	['seafood']
e3239	['seafood']
e3240	['seafood']
e3241	['seafood']
e3242	['seafood']
e3243	['seafood']
e3244	['seafood']
e3245	['seafood']
e3246	['seafood']
e3247	['seafood']
e3248	['seafood']
e3249	['seafood']
e3250	['seafood']
e3251	['seafood']
e3252	['seafood']
e3253	['seafood']
e3254	['seafood']
e3255	['seafood']
e3256	['seafood']
e3257	['seafood']
e3258	['seafood']
e3259	['seafood']
e3260	['seafood']
e3261	['seafood']
e3262	['seafood']
e3263	['seafood']
e3264	['seafood']
e3265	['seafood']
e3266	['seafood']
e3267	['seafood']
e3268	['seafood']
e3269	['seafood']
e3270	['seafood']
e3271	['seafood']
e3272	['other plant']
e3273	['legume']
e3274	['vegetable']
e3275	['unclassified']
e3276	['unclassified']
e3277	['other plant']
e3278	['other plant']
e3279	['other plant']
e3280	['other plant']
e3281	['other plant']
e3282	['other plant']
e3283	['other plant']
e3284	['vegetable']
e3285	['vegetable']
e3286	['vegetable']
e3287	['vegetable']
e3288	['legume']
e3289	['fruit']
e3290	['other plant']
e3291	['other plant']
e3292	['other plant']
e3293	['plant seed or nut']
e3294	['vegetable']
e3295	['vegetable']
e3296	['vegetable']
e3297	['vegetable']
e3298	['vegetable']
e3299	['vegetable']
e3300	['legume']
e3301	['other plant']
e3302	['other plant']
e3303	['vegetable']
e3304	['vegetable']
e3305	['vegetable']
e3306	['vegetable']
e3307	['vegetable']
e3308	['vegetable']
e3309	['vegetable']
e3310	['vegetable']
e3311	['vegetable']
e3312	['vegetable']
e3313	['vegetable']
e3314	['vegetable']
e3315	['vegetable']
e3316	['vegetable']
e3317	['vegetable']
e3318	['vegetable']
e3319	['other plant']
e3320	['other plant']
e3321	['vegetable']
e3322	['vegetable']
e3323	['vegetable']
e3324	['vegetable']
e3325	['vegetable']
e3326	['vegetable']
e3327	['vegetable']
e3328	['other plant']
e3329	['other plant']
e3330	['other plant']
e3331	['other plant']
e3332	['other plant']
e3333	['fruit']
e3334	['fruit']
e3335	['fruit']
e3336	['fruit']
e3337	['fruit']
e3338	['fruit']
e3339	['fruit']
e3340	['fruit']
e3341	['vegetable']
e3342	['vegetable']
e3343	['vegetable']
e3344	['legume']
e3345	['legume']
e3346	['legume']
e3347	['legume']
e3348	['legume']
e3349	['legume']
e3350	['legume']
e3351	['legume']
e3352	['legume']
e3353	['fruit']
e3354	['legume']
e3355	['legume']
e3356	['legume']
e3357	['fruit']
e3358	['vegetable']
e3359	['other plant']
e3360	['vegetable']
e3361	['vegetable']
e3362	['vegetable']
e3363	['vegetable']
e3364	['legume']
e3365	['legume']
e3366	['legume']
e3367	['legume']
e3368	['other plant']
e3369	['other plant']
e3370	['legume']
e3371	['vegetable']
e3372	['vegetable']
e3373	['fruit']
e3374	['fruit']
e3375	['fruit']
e3376	['fruit']
e3377	['other plant']
e3378	['other plant']
e3379	['vegetable']
e3380	['vegetable']
e3381	['other plant']
e3382	['fruit']
e3383	['vegetable']
e3384	['vegetable']
e3385	['fruit']
e3386	['fruit']
e3387	['fruit']
e3388	['fruit']
e3389	['vegetable']
e3390	['vegetable']
e3391	['vegetable']
e3392	['vegetable']
e3393	['vegetable']
e3394	['vegetable']
e3395	['vegetable']
e3396	['legume']
e3397	['legume']
e3398	['legume']
e3399	['legume']
e3400	['legume']
e3401	['vegetable']
e3402	['vegetable']
e3403	['vegetable']
e3404	['vegetable']
e3405	['other plant']
e3406	['other plant']
e3407	['vegetable']
e3408	['other plant']
e3409	['plant seed or nut']
e3410	['plant seed or nut']
e3411	['legume']
e3412	['plant seed or nut']
e3413	['legume']
e3414	['legume']
e3415	['legume']
e3416	['legume']
e3417	['legume']
e3418	['legume']
e3419	['legume']
e3420	['legume']
e3421	['legume']
e3422	['legume']
e3423	['legume']
e3424	['legume']
e3425	['legume']
e3426	['legume']
e3427	['legume']
e3428	['legume']
e3429	['legume']
e3430	['legume']
e3431	['legume']
e3432	['legume']
e3433	['legume']
e3434	['legume']
e3435	['plant seed or nut']
e3436	['legume']
e3437	['legume']
e3438	['legume']
e3439	['legume']
e3440	['legume']
e3441	['legume']
e3442	['vegetable']
e3443	['fruit']
e3444	['plant seed or nut']
e3445	['other plant']
e3446	['other plant']
e3447	['vegetable']
e3448	['other plant']
e3449	['other plant']
e3450	['other plant']
e3451	['other plant']
e3452	['other plant']
e3453	['fruit']
e3454	['fruit']
e3455	['other plant']
e3456	['other plant']
e3457	['fruit']
e3458	['other plant']
e3459	['other plant']
e3460	['vegetable']
e3461	['vegetable']
e3462	['vegetable']
e3463	['vegetable']
e3464	['vegetable']
e3465	['other plant']
e3466	['plant seed or nut']
e3467	['other plant']
e3468	['fruit']
e3469	['vegetable']
e3470	['other plant']
e3471	['other plant']
e3472	['fruit']
e3473	['vegetable']
e3474	['other plant']
e3475	['plant seed or nut']
e3476	['plant seed or nut']
e3477	['plant seed or nut']
e3478	['plant seed or nut']
e3479	['plant seed or nut']
e3480	['plant seed or nut']
e3481	['plant seed or nut']
e3482	['plant seed or nut']
e3483	['plant seed or nut']
e3484	['plant seed or nut']
e3485	['plant seed or nut']
e3486	['plant seed or nut']
e3487	['plant seed or nut']
e3488	['plant seed or nut']
e3489	['plant seed or nut']
e3490	['plant seed or nut']
e3491	['plant seed or nut']
e3492	['plant seed or nut']
e3493	['plant seed or nut']
e3494	['plant seed or nut']
e3495	['unclassified']
e3496	['unclassified']
e3497	['unclassified']
e3498	['unclassified']
e3499	['plant seed or nut']
e3500	['plant seed or nut']
e3501	['legume']
e3502	['dairy']
e3503	['dairy']
e3504	['dairy']
e3505	['dairy']
e3506	['dairy']
e3507	['dairy']
e3508	['dairy']
e3509	['dairy']
e3510	['dairy']
e3511	['dairy']
e3512	['dairy']
e3513	['dairy']
e3514	['other animal']
e3515	['vegetable']
e3516	['plant seed or nut']
e3517	['other plant']
e3518	['fruit']
e3519	['fruit']
e3520	['legume']
e3521	['unclassified']
e3522	['vegetable']
e3523	['other plant']
e3524	['seafood']
e3525	['seafood']
e3526	['seafood']
e3527	['seafood']
e3528	['dairy']
e3529	['dairy']
e3530	['other plant']
e3531	['dairy']
e3532	['dairy']
e3533	['dairy']
e3534	['dairy']
e3535	['dairy']
e3536	['dairy']
e3537	['dairy']
e3538	['dairy']
e3539	['dairy']
e3540	['dairy']
e3541	['dairy']
e3542	['dairy']
e3543	['dairy']
e3544	['dairy']
e3545	['dairy']
e3546	['dairy']
e3547	['dairy']
e3548	['dairy']
e3549	['dairy']
e3550	['dairy']
e3551	['other plant']
e3552	['plant seed or nut']
e3553	['fruit']
e3554	['plant seed or nut']
e3555	['other plant']
e3556	['other animal']
e3557	['fruit']
e3558	['plant seed or nut']
e3559	['other animal']
e3560	['plant seed or nut']
e3561	['other animal']
e3562	['other animal']
e3563	['other animal']
e3564	['other animal']
e3565	['other animal']
e3566	['other animal']
e3567	['other animal']
e3568	['other animal']
e3569	['other animal']
e3570	['other animal']
e3571	['unclassified']
e3572	['other plant']
e3573	['other plant']
e3574	['dairy']
e3575	['dairy']
e3576	['fruit']
e3577	['other plant']
e3578	['other plant']
e3579	['other plant']
e3580	['plant seed or nut']
e3581	['other plant']
e3582	['other animal']
e3583	['dairy']
e3584	['fruit']
e3585	['plant seed or nut']
e3586	['plant seed or nut']
e3587	['plant seed or nut']
e3588	['avian']
e3589	['seafood']
e3590	['unclassified']
e3591	['seafood']
e3592	['seafood']
e3593	['seafood']
e3594	['seafood']
e3595	['seafood']
e3596	['seafood']
e3597	['seafood']
e3598	['seafood']
e3599	['seafood']
e3600	['seafood']
e3601	['seafood']
e3602	['seafood']
e3603	['seafood']
e3604	['fruit']
e3605	['fruit']
e3606	['fruit']
e3607	['fruit']
e3608	['fruit']
e3609	['fruit']
e3610	['fruit']
e3611	['fruit']
e3612	['mammalian meat']
e3613	['plant seed or nut']
e3614	['plant seed or nut']
e3615	['avian']
e3616	['fruit']
e3617	['fruit']
e3618	['fruit']
e3619	['fruit']
e3620	['fruit']
e3621	['fruit']
e3622	['fruit']
e3623	['fruit']
e3624	['fruit']
e3625	['plant seed or nut']
e3626	['fruit']
e3627	['other animal']
e3628	['fruit']
e3629	['vegetable']
e3630	['fruit']
e3631	['plant seed or nut']
e3632	['seafood']
e3633	['plant seed or nut']
e3634	['seafood']
e3635	['seafood']
e3636	['seafood']
e3637	['seafood']
e3638	['seafood']
e3639	['seafood']
e3640	['seafood']
e3641	['seafood']
e3642	['seafood']
e3643	['seafood']
e3644	['fruit']
e3645	['seafood']
e3646	['seafood']
e3647	['seafood']
e3648	['other plant']
e3649	['fruit']
e3650	['other plant']
e3651	['other plant']
e3652	['other plant']
e3653	['mammalian meat']
e3654	['mammalian meat']
e3655	['other plant']
e3656	['other plant']
e3657	['other plant']
e3658	['vegetable']
e3659	['vegetable']
e3660	['other plant']
e3661	['seafood']
e3662	['unclassified']
e3663	['dairy']
e3664	['vegetable']
e3665	['fruit']
e3666	['other plant']
e3667	['other plant']
e3668	['other plant']
e3669	['other plant']
e3670	['other plant']
e3671	['vegetable']
e3672	['other plant']
e3673	['other plant']
e3674	['vegetable']
e3675	['other plant']
e3676	['other plant']
e3677	['other plant']
e3678	['other plant']
e3679	['fruit']
e3680	['vegetable']
e3681	['other plant']
e3682	['other plant']
e3683	['plant seed or nut']
e3684	['legume']
e3685	['legume']
e3686	['fruit']
e3687	['fruit']
e3688	['fruit']
e3689	['fruit']
e3690	['fruit']
e3691	['fruit']
e3692	['fruit']
e3693	['fruit']
e3694	['fruit']
e3695	['fruit']
e3696	['fruit']
e3697	['fruit']
e3698	['fruit']
e3699	['fruit']
e3700	['fruit']
e3701	['fruit']
e3702	['fruit']
e3703	['fruit']
e3704	['fruit']
e3705	['fruit']
e3706	['fruit']
e3707	['fruit']
e3708	['fruit']
e3709	['fruit']
e3710	['fruit']
e3711	['fruit']
e3712	['fruit']
e3713	['fruit']
e3714	['fruit']
e3715	['fruit']
e3716	['fruit']
e3717	['fruit']
e3718	['fruit']
e3719	['fruit']
e3720	['legume']
e3721	['fruit']
e3722	['plant seed or nut']
e3723	['fruit']
e3724	['fruit']
e3725	['fruit']
e3726	['fruit']
e3727	['fruit']
e3728	['fruit']
e3729	['fruit']
e3730	['fruit']
e3731	['fruit']
e3732	['fruit']
e3733	['fruit']
e3734	['vegetable']
e3735	['fruit']
e3736	['fruit']
e3737	['fruit']
e3738	['mammalian meat']
e3739	['plant seed or nut']
e3740	['legume']
e3741	['legume']
e3742	['vegetable']
e3743	['legume']
e3744	['legume']
e3745	['vegetable']
e3746	['plant seed or nut']
e3747	['seafood']
e3748	['legume']
e3749	['mammalian meat']
e3750	['vegetable']
e3751	['vegetable']
e3752	['vegetable']
e3753	['plant seed or nut']
e3754	['other plant']
e3755	['plant seed or nut']
e3756	['fruit']
e3757	['plant seed or nut']
e3758	['plant seed or nut']
e3759	['vegetable']
e3760	['seafood']
e3761	['legume']
e3762	['legume']
e3763	['plant seed or nut']
e3764	['plant seed or nut']
e3765	['plant seed or nut']
e3766	['plant seed or nut']
e3767	['plant seed or nut']
e3768	['fruit']
e3769	['mammalian meat']
e3770	['vegetable']
e3771	['plant seed or nut']
e3772	['vegetable']
e3773	['plant seed or nut']
e3774	['vegetable']
e3775	['vegetable']
e3776	['vegetable']
e3777	['legume']
e3778	['vegetable']
e3779	['vegetable']
e3780	['legume']
e3781	['vegetable']
e3782	['fruit']
e3783	['fruit']
e3784	['legume']
e3785	['vegetable']
e3786	['vegetable']
e3787	['other plant']
e3788	['other plant']
e3789	['other plant']
e3790	['vegetable']
e3791	['vegetable']
e3792	['unclassified']
e3793	['vegetable']
e3794	['vegetable']
e3795	['fruit']
e3796	['vegetable']
e3797	['other plant']
e3798	['other plant']
e3799	['legume']
e3800	['seafood']
e3801	['vegetable']
e3802	['avian']
e3803	['fruit']
e3804	['plant seed or nut']
e3805	['fruit']
e3806	['legume']
e3807	['fruit']
e3808	['unclassified']
e3809	['fruit']
e3810	['legume']
e3811	['other plant']
e3812	['dairy']
e3813	['dairy']
e3814	['plant seed or nut']
e3815	['avian']
e3816	['avian']
e3817	['avian']
e3818	['fruit']
e3819	['legume']
e3820	['other plant']
e3821	['legume']
e3822	['avian']
e3823	['other plant']
e3824	['other plant']
e3825	['other plant']
e3826	['fruit']
e3827	['fruit']
e3828	['fruit']
e3829	['fruit']
e3830	['fruit']
e3831	['fruit']
e3832	['fruit']
e3833	['fruit']
e3834	['legume']
e3835	['plant seed or nut']
e3836	['other plant']
e3837	['seafood']
e3838	['seafood']
e3839	['other plant']
e3840	['dairy']
e3841	['dairy']
e3842	['dairy']
e3843	['other plant']
e3844	['other plant']
e3845	['other plant']
e3846	['dairy']
e3847	['dairy']
e3848	['other animal']
e3849	['dairy']
e3850	['dairy']
e3851	['dairy']
e3852	['dairy']
e3853	['dairy']
e3854	['dairy']
e3855	['dairy']
e3856	['other plant']
e3857	['dairy']
e3858	['dairy']
e3859	['fruit']
e3860	['dairy']
e3861	['avian']
e3862	['dairy']
e3863	['dairy']
e3864	['other plant']
e3865	['other plant']
e3866	['fruit']
e3867	['vegetable']
e3868	['other plant']
e3869	['other plant']
e3870	['plant seed or nut']
e3871	['other plant']
e3872	['other plant']
e3873	['fruit']
e3874	['fruit']
e3875	['fruit']
e3876	['fruit']
e3877	['plant seed or nut']
e3878	['fruit']
e3879	['fruit']
e3880	['fruit']
e3881	['other plant']
e3882	['seafood']
e3883	['fruit']
e3884	['other plant']
e3885	['vegetable']
e3886	['other plant']
e3887	['other plant']
e3888	['other plant']
e3889	['other plant']
e3890	['other plant']
e3891	['vegetable']
e3892	['other plant']
e3893	['legume']
e3894	['legume']
e3895	['vegetable']
e3896	['vegetable']
e3897	['fruit']
e3898	['plant seed or nut']
e3899	['fruit']
e3900	['vegetable']
e3901	['vegetable']
e3902	['fruit']
e3903	['other plant']
e3904	['plant seed or nut']
e3905	['plant seed or nut']
e3906	['fruit']
e3907	['fruit']
e3908	['vegetable']
e3909	['fruit']
e3910	['seafood']
e3911	['fruit']
e3912	['legume']
e3913	['plant seed or nut']
e3914	['other plant']
e3915	['plant seed or nut']
e3916	['other plant']
e3917	['dairy']
e3918	['vegetable']
e3919	['vegetable']
e3920	['vegetable']
e3921	['fruit']
e3922	['dairy']
e3923	['vegetable']
e3924	['seafood']
e3925	['fruit']
e3926	['other plant']
e3927	['seafood']
e3928	['plant seed or nut']
e3929	['fruit']
e3930	['other plant']
e3931	['other animal']
e3932	['dairy']
e3933	['fruit']
e3934	['other plant']
e3935	['other plant']
e3936	['other animal']
e3937	['plant seed or nut']
e3938	['legume']
e3939	['dairy']
e3940	['plant seed or nut']
e3941	['other plant']
e3942	['fruit']
e3943	['dairy']
e3944	['dairy']
e3945	['dairy']
e3946	['dairy']
e3947	['seafood']
e3948	['seafood']
e3949	['dairy']
e3950	['plant seed or nut']
e3951	['seafood']
e3952	['seafood']
e3953	['other plant']
e3954	['fruit']
e3955	['seafood']
e3956	['legume']
e3957	['seafood']
e3958	['fruit']
e3959	['fruit']
e3960	['plant seed or nut']
e3961	['other plant']
e3962	['other plant']
e3963	['dairy']
e3964	['dairy']
e3965	['dairy']
e3966	['plant seed or nut']
e3967	['seafood']
e3968	['fruit']
e3969	['fruit']
e3970	['fruit']
e3971	['seafood']
e3972	['vegetable']
e3973	['seafood']
e3974	['fruit']
e3975	['vegetable']
e3976	['vegetable']
e3977	['fruit']
e3978	['vegetable']
e3979	['other plant']
e3980	['fruit']
e3981	['fruit']
e3982	['fruit']
e3983	['fruit']
e3984	['fruit']
e3985	['vegetable']
e3986	['dairy']
e3987	['dairy']
e3988	['dairy']
e3989	['dairy']
e3990	['dairy']
e3991	['dairy']
e3992	['dairy']
e3993	['dairy']
e3994	['dairy']
e3995	['dairy']
e3996	['dairy']
e3997	['seafood']
e3998	['other animal']
e3999	['seafood']
e4000	['plant seed or nut']
e4001	['plant seed or nut']
e4002	['fruit']
e4003	['plant seed or nut']
e4004	['fruit']
e4005	['plant seed or nut']
e4006	['plant seed or nut']
e4007	['plant seed or nut']
e4008	['fruit']
e4009	['mammalian meat']
e4010	['fruit']
e4011	['vegetable']
e4012	['legume']
e4013	['dairy']
e4014	['dairy']
e4015	['dairy']
e4016	['fruit']
e4017	['vegetable']
e4018	['dairy']
e4019	['dairy']
e4020	['dairy']
e4021	['fruit']
e4022	['dairy']
e4023	['fruit']
e4024	['seafood']
e4025	['fruit']
e4026	['fruit']
e4027	['fruit']
e4028	['dairy']
e4029	['dairy']
e4030	['dairy']
e4031	['plant seed or nut']
e4032	['plant seed or nut']
e4033	['plant seed or nut']
e4034	['plant seed or nut']
e4035	['plant seed or nut']
e4036	['other plant']
e4037	['fruit']
e4038	['fruit']
e4039	['fruit']
e4040	['fruit']
e4041	['other plant']
e4042	['seafood']
e4043	['seafood']
e4044	['seafood']
e4045	['seafood']
e4046	['legume']
e4047	['other plant']
e4048	['other plant']
e4049	['other plant']
e4050	['vegetable']
e4051	['plant seed or nut']
e4052	['vegetable']
e4053	['fruit']
e4054	['fruit']
e4055	['fruit']
e4056	['fruit']
e4057	['vegetable']
e4058	['other plant']
e4059	['plant seed or nut']
e4060	['avian']
e4061	['mammalian meat']
e4062	['mammalian meat']
e4063	['fruit']
e4064	['other plant']
e4065	['mammalian meat']
e4066	['dairy']
e4067	['seafood']
e4068	['other plant']
e4069	['vegetable']
e4070	['other plant']
e4071	['plant seed or nut']
e4072	['other plant']
e4073	['seafood']
e4074	['fruit']
e4075	['fruit']
e4076	['fruit']
e4077	['seafood']
e4078	['plant seed or nut']
e4079	['plant seed or nut']
e4080	['plant seed or nut']
e4081	['plant seed or nut']
e4082	['plant seed or nut']
e4083	['plant seed or nut']
e4084	['plant seed or nut']
e4085	['avian']
e4086	['legume']
e4087	['legume']
e4088	['fruit']
e4089	['fruit']
e4090	['fruit']
e4091	['plant seed or nut']
e4092	['mammalian meat']
e4093	['fruit']
e4094	['fruit']
e4095	['other plant']
e4096	['mammalian meat']
e4097	['fruit']
e4098	['fruit']
e4099	['plant seed or nut']
e4100	['plant seed or nut']
e4101	['avian']
e4102	['legume']
e4103	['legume']
e4104	['seafood']
e4105	['other animal']
e4106	['fruit']
e4107	['vegetable']
e4108	['mammalian meat']
e4109	['avian']
e4110	['fruit']
e4111	['dairy']
e4112	['fruit']
e4113	['mammalian meat']
e4114	['vegetable']
e4115	['vegetable']
e4116	['vegetable']
e4117	['fruit']
e4118	['fruit']
e4119	['vegetable']
e4120	['vegetable']
e4121	['vegetable']
e4122	['dairy']
e4123	['fruit']
e4124	['fruit']
e4125	['fruit']
e4126	['fruit']
e4127	['fruit']
e4128	['fruit']
e4129	['fruit']
e4130	['fruit']
e4131	['other animal']
e4132	['legume']
e4133	['legume']
e4134	['legume']
e4135	['legume']
e4136	['legume']
e4137	['legume']
e4138	['legume']
e4139	['legume']
e4140	['legume']
e4141	['legume']
e4142	['legume']
e4143	['legume']
e4144	['legume']
e4145	['legume']
e4146	['other animal']
e4147	['seafood']
e4148	['vegetable']
e4149	['legume']
e4150	['plant seed or nut']
e4151	['mammalian meat']
e4152	['vegetable']
e4153	['mammalian meat']
e4154	['other animal']
e4155	['plant seed or nut']
e4156	['mammalian meat']
e4157	['mammalian meat']
e4158	['mammalian meat']
e4159	['mammalian meat']
e4160	['plant seed or nut']
e4161	['other plant']
e4162	['other plant']
e4163	['other plant']
e4164	['other plant']
e4165	['other plant']
e4166	['other plant']
e4167	['other plant']
e4168	['other plant']
e4169	['dairy']
e4170	['fruit']
e4171	['fruit']
e4172	['unclassified']
e4173	['other plant']
e4174	['plant seed or nut']
e4175	['plant seed or nut']
e4176	['plant seed or nut']
e4177	['avian']
e4178	['seafood']
e4179	['other plant']
e4180	['other plant']
e4181	['other plant']
e4182	['other plant']
e4183	['other plant']
e4184	['other plant']
e4185	['other plant']
e4186	['other animal']
e4187	['fruit']
e4188	['seafood']
e4189	['mammalian meat']
e4190	['mammalian meat']
e4191	['fruit']
e4192	['avian']
e4193	['fruit']
e4194	['vegetable']
e4195	['seafood']
e4196	['fruit']
e4197	['fruit']
e4198	['other plant']
e4199	['other plant']
e4200	['fruit']
e4201	['plant seed or nut']
e4202	['plant seed or nut']
e4203	['plant seed or nut']
e4204	['fruit']
e4205	['other plant']
e4206	['vegetable']
e4207	['vegetable']
e4208	['vegetable']
e4209	['vegetable']
e4210	['vegetable']
e4211	['vegetable']
e4212	['fruit']
e4213	['fruit']
e4214	['other plant']
e4215	['fruit']
e4216	['fruit']
e4217	['other animal']
e4218	['fruit']
e4219	['fruit']
e4220	['fruit']
e4221	['fruit']
e4222	['other plant']
e4223	['other plant']
e4224	['dairy']
e4225	['dairy']
e4226	['other plant']
e4227	['other plant']
e4228	['other plant']
e4229	['fruit']
e4230	['other plant']
e4231	['mammalian meat']
e4232	['mammalian meat']
e4233	['vegetable']
e4234	['seafood']
e4235	['seafood']
e4236	['seafood']
e4237	['plant seed or nut']
e4238	['plant seed or nut']
e4239	['plant seed or nut']
e4240	['plant seed or nut']
e4241	['plant seed or nut']
e4242	['plant seed or nut']
e4243	['seafood']
e4244	['seafood']
e4245	['plant seed or nut']
e4246	['fruit']
e4247	['dairy']
e4248	['other plant']
e4249	['plant seed or nut']
e4250	['plant seed or nut']
e4251	['avian']
e4252	['plant seed or nut']
e4253	['seafood']
e4254	['other plant']
e4255	['fruit']
e4256	['fruit']
e4257	['fruit']
e4258	['fruit']
e4259	['other plant']
e4260	['other plant']
e4261	['other plant']
e4262	['fruit']
e4263	['other plant']
e4264	['other plant']
e4265	['other plant']
e4266	['other plant']
e4267	['other plant']
e4268	['fruit']
e4269	['fruit']
e4270	['fruit']
e4271	['fruit']
e4272	['plant seed or nut']
e4273	['plant seed or nut']
e4274	['fruit']
e4275	['dairy']
e4276	['dairy']
e4277	['dairy']
e4278	['plant seed or nut']
e4279	['dairy']
e4280	['plant seed or nut']
e4281	['plant seed or nut']
e4282	['plant seed or nut']
e4283	['dairy']
e4284	['dairy']
e4285	['fruit']
e4286	['other plant']
e4287	['dairy']
e4288	['fruit']
e4289	['dairy']
e4290	['plant seed or nut']
e4291	['dairy']
e4292	['dairy']
e4293	['dairy']
e4294	['plant seed or nut']
e4295	['plant seed or nut']
e4296	['dairy']
e4297	['dairy']
e4298	['plant seed or nut']
e4299	['plant seed or nut']
e4300	['dairy']
e4301	['dairy']
e4302	['dairy']
e4303	['other plant']
e4304	['fruit']
e4305	['fruit']
e4306	['dairy']
e4307	['seafood']
e4308	['other plant']
e4309	['fruit']
e4310	['other plant']
e4311	['other plant']
e4312	['other plant']
e4313	['other plant']
e4314	['dairy']
e4315	['dairy']
e4316	['dairy']
e4317	['plant seed or nut']
e4318	['dairy']
e4319	['fruit']
e4320	['fruit']
e4321	['other plant']
e4322	['plant seed or nut']
e4323	['plant seed or nut']
e4324	['dairy']
e4325	['vegetable']
e4326	['fruit']
e4327	['vegetable']
e4328	['plant seed or nut']
e4329	['other plant']
e4330	['other plant']
e4331	['dairy']
e4332	['dairy']
e4333	['dairy']
e4334	['dairy']
e4335	['plant seed or nut']
e4336	['dairy']
e4337	['dairy']
e4338	['plant seed or nut']
e4339	['dairy']
e4340	['unclassified']
e4341	['plant seed or nut']
e4342	['dairy']
e4343	['dairy']
e4344	['dairy']
e4345	['other plant']
e4346	['dairy']
e4347	['other plant']
e4348	['dairy']
e4349	['plant seed or nut']
e4350	['other plant']
e4351	['other plant']
e4352	['other plant']
e4353	['other plant']
e4354	['other plant']
e4355	['fruit']
e4356	['fruit']
e4357	['other plant']
e4358	['dairy']
e4359	['dairy']
e4360	['dairy']
e4361	['plant seed or nut']
e4362	['dairy']
e4363	['other plant']
e4364	['other plant']
e4365	['plant seed or nut']
e4366	['other plant']
e4367	['fruit']
e4368	['avian']
e4369	['fruit']
e4370	['vegetable']
e4371	['other plant']
e4372	['vegetable']
e4373	['other plant']
e4374	['mammalian meat']
e4375	['mammalian meat']
e4376	['legume']
e4377	['mammalian meat']
e4378	['mammalian meat']
e4379	['fruit']
e4380	['plant seed or nut']
e4381	['fruit']
e4382	['dairy']
e4383	['legume']
e4384	['fruit']
e4385	['vegetable']
e4386	['plant seed or nut']
e4387	['seafood']
e4388	['plant seed or nut']
e4389	['other plant']
e4390	['dairy']
e4391	['plant seed or nut']
e4392	['fruit']
e4393	['dairy']
e4394	['fruit']
e4395	['dairy']
e4396	['plant seed or nut']
e4397	['plant seed or nut']
e4398	['plant seed or nut']
e4399	['other plant']
e4400	['plant seed or nut']
e4401	['plant seed or nut']
e4402	['plant seed or nut']
e4403	['vegetable']
e4404	['plant seed or nut']
e4405	['plant seed or nut']
e4406	['plant seed or nut']
e4407	['fruit']
e4408	['legume']
e4409	['dairy']
e4410	['plant seed or nut']
e4411	['plant seed or nut']
e4412	['plant seed or nut']
e4413	['fruit']
e4414	['plant seed or nut']
e4415	['plant seed or nut']
e4416	['plant seed or nut']
e4417	['plant seed or nut']
e4418	['seafood']
e4419	['seafood']
e4420	['legume']
e4421	['seafood']
e4422	['dairy']
e4423	['plant seed or nut']
e4424	['plant seed or nut']
e4425	['dairy']
e4426	['plant seed or nut']
e4427	['fruit']
e4428	['plant seed or nut']
e4429	['plant seed or nut']
e4430	['plant seed or nut']
e4431	['plant seed or nut']
e4432	['plant seed or nut']
e4433	['dairy']
e4434	['dairy']
e4435	['dairy']
e4436	['dairy']
e4437	['dairy']
e4438	['other plant']
e4439	['dairy']
e4440	['vegetable']
e4441	['mammalian meat']
e4442	['seafood']
e4443	['seafood']
e4444	['plant seed or nut']
e4445	['fruit']
e4446	['other plant']
e4447	['vegetable']
e4448	['legume']
e4449	['dairy']
e4450	['dairy']
e4451	['fruit']
e4452	['fruit']
e4453	['fruit']
e4454	['fruit']
e4455	['fruit']
e4456	['fruit']
e4457	['fruit']
e4458	['seafood']
e4459	['seafood']
e4460	['plant seed or nut']
e4461	['plant seed or nut']
e4462	['plant seed or nut']
e4463	['seafood']
e4464	['plant seed or nut']
e4465	['vegetable']
e4466	['dairy']
e4467	['dairy']
e4468	['dairy']
e4469	['dairy']
e4470	['dairy']
e4471	['fruit']
e4472	['dairy']
e4473	['dairy']
e4474	['dairy']
e4475	['dairy']
e4476	['seafood']
e4477	['dairy']
e4478	['seafood']
e4479	['dairy']
e4480	['dairy']
e4481	['vegetable']
e4482	['dairy']
e4483	['dairy']
e4484	['dairy']
e4485	['dairy']
e4486	['dairy']
e4487	['dairy']
e4488	['dairy']
e4489	['seafood']
e4490	['avian']
e4491	['plant seed or nut']
e4492	['avian']
e4493	['mammalian meat']
e4494	['avian']
e4495	['plant seed or nut']
e4496	['avian']
e4497	['mammalian meat']
e4498	['avian']
e4499	['avian']
e4500	['mammalian meat']
e4501	['avian']
e4502	['mammalian meat']
e4503	['avian']
e4504	['avian']
e4505	['other plant']
e4506	['avian']
e4507	['avian']
e4508	['avian']
e4509	['plant seed or nut']
e4510	['mammalian meat']
e4511	['seafood']
e4512	['legume']
e4513	['dairy']
e4514	['vegetable']
e4515	['fruit']
e4516	['fruit']
e4517	['fruit']
e4518	['fruit']
e4519	['fruit']
e4520	['fruit']
e4521	['fruit']
e4522	['fruit']
e4523	['fruit']
e4524	['fruit']
e4525	['fruit']
e4526	['fruit']
e4527	['fruit']
e4528	['plant seed or nut']
e4529	['plant seed or nut']
e4530	['plant seed or nut']
e4531	['plant seed or nut']
e4532	['plant seed or nut']
e4533	['other plant']
e4534	['other plant']
e4535	['other plant']
e4536	['mammalian meat']
e4537	['other plant']
e4538	['other plant']
e4539	['other plant']
e4540	['other plant']
e4541	['other plant']
e4542	['other plant']
e4543	['plant seed or nut']
e4544	['other plant']
e4545	['plant seed or nut']
e4546	['other plant']
e4547	['other plant']
e4548	['other plant']
e4549	['fruit']
e4550	['fruit']
e4551	['plant seed or nut']
e4552	['fruit']
e4553	['fruit']
e4554	['fruit']
e4555	['seafood']
e4556	['dairy']
e4557	['fruit']
e4558	['plant seed or nut']
e4559	['plant seed or nut']
e4560	['other plant']
e4561	['plant seed or nut']
e4562	['fruit']
e4563	['seafood']
e4564	['fruit']
e4565	['plant seed or nut']
e4566	['plant seed or nut']
e4567	['plant seed or nut']
e4568	['other plant']
e4569	['plant seed or nut']
e4570	['plant seed or nut']
e4571	['plant seed or nut']
e4572	['plant seed or nut']
e4573	['other plant']
e4574	['plant seed or nut']
e4575	['other plant']
e4576	['other plant']
e4577	['other plant']
e4578	['plant seed or nut']
e4579	['plant seed or nut']
e4580	['plant seed or nut']
e4581	['plant seed or nut']
e4582	['plant seed or nut']
e4583	['plant seed or nut']
e4584	['plant seed or nut']
e4585	['plant seed or nut']
e4586	['plant seed or nut']
e4587	['plant seed or nut']
e4588	['fruit']
e4589	['seafood']
e4590	['dairy']
e4591	['dairy']
e4592	['vegetable']
e4593	['seafood']
e4594	['plant seed or nut']
e4595	['other plant']
e4596	['plant seed or nut']
e4597	['plant seed or nut']
e4598	['fruit']
e4599	['fruit']
e4600	['fruit']
e4601	['plant seed or nut']
e4602	['other plant']
e4603	['vegetable']
e4604	['plant seed or nut']
e4605	['vegetable']
e4606	['other plant']
e4607	['plant seed or nut']
e4608	['seafood']
e4609	['fruit']
e4610	['vegetable']
e4611	['other plant']
e4612	['fruit']
e4613	['other plant']
e4614	['fruit']
e4615	['fruit']
e4616	['fruit']
e4617	['plant seed or nut']
e4618	['fruit']
e4619	['dairy']
e4620	['fruit']
e4621	['legume']
e4622	['mammalian meat']
e4623	['mammalian meat']
e4624	['seafood']
e4625	['seafood']
e4626	['fruit']
e4627	['seafood']
e4628	['seafood']
e4629	['seafood']
e4630	['seafood']
e4631	['seafood']
e4632	['dairy']
e4633	['dairy']
e4634	['dairy']
e4635	['dairy']
e4636	['dairy']
e4637	['dairy']
e4638	['dairy']
e4639	['dairy']
e4640	['dairy']
e4641	['dairy']
e4642	['dairy']
e4643	['dairy']
e4644	['dairy']
e4645	['legume']
e4646	['legume']
e4647	['dairy']
e4648	['dairy']
e4649	['dairy']
e4650	['dairy']
e4651	['dairy']
e4652	['dairy']
e4653	['dairy']
e4654	['dairy']
e4655	['dairy']
e4656	['dairy']
e4657	['dairy']
e4658	['dairy']
e4659	['dairy']
e4660	['dairy']
e4661	['dairy']
e4662	['dairy']
e4663	['dairy']
e4664	['dairy']
e4665	['dairy']
e4666	['dairy']
e4667	['dairy']
e4668	['dairy']
e4669	['dairy']
e4670	['dairy']
e4671	['legume']
e4672	['legume']
e4673	['legume']
e4674	['legume']
e4675	['fruit']
e4676	['fruit']
e4677	['dairy']
e4678	['fruit']
e4679	['fruit']
e4680	['fruit']
e4681	['mammalian meat']
e4682	['mammalian meat']
e4683	['fruit']
e4684	['fruit']
e4685	['fruit']
e4686	['dairy']
e4687	['dairy']
e4688	['dairy']
e4689	['dairy']
e4690	['dairy']
e4691	['dairy']
e4692	['dairy']
e4693	['dairy']
e4694	['dairy']
e4695	['dairy']
e4696	['plant seed or nut']
e4697	['dairy']
e4698	['dairy']
e4699	['other plant']
e4700	['plant seed or nut']
e4701	['plant seed or nut']
e4702	['other plant']
e4703	['other plant']
e4704	['plant seed or nut']
e4705	['other plant']
e4706	['plant seed or nut']
e4707	['other plant']
e4708	['fruit']
e4709	['fruit']
e4710	['fruit']
e4711	['dairy']
e4712	['dairy']
e4713	['dairy']
e4714	['dairy']
e4715	['dairy']
e4716	['dairy']
e4717	['dairy']
e4718	['dairy']
e4719	['dairy']
e4720	['dairy']
e4721	['dairy']
e4722	['dairy']
e4723	['dairy']
e4724	['dairy']
e4725	['dairy']
e4726	['dairy']
e4727	['dairy']
e4728	['dairy']
e4729	['dairy']
e4730	['dairy']
e4731	['dairy']
e4732	['dairy']
e4733	['dairy']
e4734	['dairy']
e4735	['dairy']
e4736	['dairy']
e4737	['dairy']
e4738	['dairy']
e4739	['dairy']
e4740	['dairy']
e4741	['dairy']
e4742	['dairy']
e4743	['dairy']
e4744	['dairy']
e4745	['mammalian meat']
e4746	['dairy']
e4747	['dairy']
e4748	['dairy']
e4749	['fruit']
e4750	['fruit']
e4751	['fruit']
e4752	['dairy']
e4753	['dairy']
e4754	['plant seed or nut']
e4755	['plant seed or nut']
e4756	['plant seed or nut']
e4757	['plant seed or nut']
e4758	['fruit']
e4759	['fruit']
e4760	['fruit']
e4761	['dairy']
e4762	['dairy']
e4763	['dairy']
e4764	['dairy']
e4765	['dairy']
e4766	['fruit']
e4767	['fruit']
e4768	['other plant']
e4769	['plant seed or nut']
e4770	['dairy']
e4771	['dairy']
e4772	['dairy']
e4773	['dairy']
e4774	['dairy']
e4775	['dairy']
e4776	['dairy']
e4777	['dairy']
e4778	['dairy']
e4779	['dairy']
e4780	['dairy']
e4781	['dairy']
e4782	['other animal']
e4783	['dairy']
e4784	['dairy']
e4785	['dairy']
e4786	['plant seed or nut']
e4787	['dairy']
e4788	['dairy']
e4789	['dairy']
e4790	['dairy']
e4791	['dairy']
e4792	['fruit']
e4793	['mammalian meat']
e4794	['seafood']
e4795	['other plant']
e4796	['seafood']
e4797	['avian']
e4798	['other plant']
e4799	['other plant']
e4800	['dairy']
e4801	['dairy']
e4802	['dairy']
e4803	['dairy']
e4804	['dairy']
e4805	['fruit']
e4806	['fruit']
e4807	['plant seed or nut']
e4808	['dairy']
e4809	['vegetable']
e4810	['other plant']
e4811	['other plant']
e4812	['legume']
e4813	['other plant']
e4814	['plant seed or nut']
e4815	['plant seed or nut']
e4816	['fruit']
e4817	['legume']
e4818	['fruit']
e4819	['plant seed or nut']
e4820	['fruit']
e4821	['legume']
e4822	['seafood']
e4823	['dairy']
e4824	['dairy']
e4825	['dairy']
e4826	['other plant']
e4827	['fruit']
e4828	['vegetable']
e4829	['plant seed or nut']
e4830	['other plant']
e4831	['dairy']
e4832	['avian']
e4833	['plant seed or nut']
e4834	['plant seed or nut']
e4835	['seafood']
e4836	['seafood']
e4837	['other plant']
e4838	['other animal']
e4839	['other plant']
e4840	['other plant']
e4841	['mammalian meat']
e4842	['other plant']
e4843	['fruit']
e4844	['fruit']
e4845	['other plant']
e4846	['fruit']
e4847	['seafood']
e4848	['avian']
e4849	['vegetable']
e4850	['seafood']
e4851	['other plant']
e4852	['other plant']
e4853	['other plant']
e4854	['plant seed or nut']
e4855	['plant seed or nut']
e4856	['seafood']
e4857	['other animal']
e4858	['plant seed or nut']
e4859	['plant seed or nut']
e4860	['other animal']
e4861	['other animal']
e4862	['seafood']
e4863	['seafood']
e4864	['seafood']
e4865	['seafood']
e4866	['seafood']
e4867	['vegetable']
e4868	['other plant']
e4869	['other plant']
e4870	['other plant']
e4871	['seafood']
e4872	['seafood']
e4873	['other animal']
e4874	['other animal']
e4875	['other animal']
e4876	['seafood']
e4877	['fruit']
e4878	['seafood']
e4879	['dairy']
e4880	['fruit']
e4881	['mammalian meat']
e4882	['plant seed or nut']
e4883	['avian']
e4884	['seafood']
e4885	['seafood']
e4886	['seafood']
e4887	['seafood']
e4888	['plant seed or nut']
e4889	['legume']
e4890	['seafood']
e4891	['other animal']
e4892	['other plant']
e4893	['mammalian meat']
e4894	['seafood']
e4895	['other animal']
e4896	['other plant']
e4897	['other plant']
e4898	['seafood']
e4899	['other animal']
e4900	['seafood']
e4901	['seafood']
e4902	['other plant']
e4903	['plant seed or nut']
e4904	['fruit']
e4905	['fruit']
e4906	['fruit']
e4907	['fruit']
e4908	['fruit']
e4909	['other plant']
e4910	['other plant']
e4911	['plant seed or nut']
e4912	['plant seed or nut']
e4913	['dairy']
e4914	['other plant']
e4915	['other plant']
e4916	['other plant']
e4917	['other plant']
e4918	['other plant']
e4919	['other plant']
e4920	['other plant']
e4921	['other plant']
e4922	['dairy']
e4923	['mammalian meat']
e4924	['avian']
e4925	['seafood']
e4926	['seafood']
e4927	['seafood']
e4928	['seafood']
e4929	['seafood']
e4930	['fruit']
e4931	['fruit']
e4932	['fruit']
e4933	['fruit']
e4934	['fruit']
e4935	['fruit']
e4936	['fruit']
e4937	['dairy']
e4938	['dairy']
e4939	['dairy']
e4940	['dairy']
e4941	['dairy']
e4942	['dairy']
e4943	['dairy']
e4944	['dairy']
e4945	['dairy']
e4946	['other animal']
e4947	['dairy']
e4948	['dairy']
e4949	['dairy']
e4950	['dairy']
e4951	['dairy']
e4952	['dairy']
e4953	['dairy']
e4954	['dairy']
e4955	['dairy']
e4956	['seafood']
e4957	['fruit']
e4958	['dairy']
e4959	['plant seed or nut']
e4960	['plant seed or nut']
e4961	['fruit']
e4962	['dairy']
e4963	['dairy']
e4964	['mammalian meat']
e4965	['plant seed or nut']
e4966	['legume']
e4967	['fruit']
e4968	['fruit']
e4969	['fruit']
e4970	['dairy']
e4971	['dairy']
e4972	['dairy']
e4973	['plant seed or nut']
e4974	['vegetable']
e4975	['fruit']
e4976	['plant seed or nut']
e4977	['plant seed or nut']
e4978	['other plant']
e4979	['plant seed or nut']
e4980	['plant seed or nut']
e4981	['plant seed or nut']
e4982	['seafood']
e4983	['plant seed or nut']
e4984	['plant seed or nut']
e4985	['fruit']
e4986	['other plant']
e4987	['other plant']
e4988	['plant seed or nut']
e4989	['plant seed or nut']
e4990	['dairy']
e4991	['plant seed or nut']
e4992	['plant seed or nut']
e4993	['mammalian meat']
e4994	['fruit']
e4995	['fruit']
e4996	['dairy']
e4997	['fruit']
e4998	['other plant']
e4999	['other plant']
e5000	['seafood']
e5001	['mammalian meat']
e5002	['other plant']
e5003	['mammalian meat']
e5004	['mammalian meat']
e5005	['plant seed or nut']
e5006	['mammalian meat']
e5007	['plant seed or nut']
e5008	['seafood']
e5009	['dairy']
e5010	['plant seed or nut']
e5011	['plant seed or nut']
e5012	['plant seed or nut']
e5013	['plant seed or nut']
e5014	['legume']
e5015	['legume']
e5016	['plant seed or nut']
e5017	['mammalian meat']
e5018	['avian']
e5019	['avian']
e5020	['other plant']
e5021	['other plant']
e5022	['plant seed or nut']
e5023	['plant seed or nut']
e5024	['other animal']
e5025	['plant seed or nut']
e5026	['plant seed or nut']
e5027	['plant seed or nut']
e5028	['plant seed or nut']
e5029	['plant seed or nut']
e5030	['fruit']
e5031	['fruit']
e5032	['fruit']
e5033	['fruit']
e5034	['fruit']
e5035	['other plant']
e5036	['fruit']
e5037	['plant seed or nut']
e5038	['seafood']
e5039	['seafood']
e5040	['dairy']
e5041	['vegetable']
e5042	['vegetable']
e5043	['mammalian meat']
e5044	['fruit']
e5045	['vegetable']
e5046	['plant seed or nut']
e5047	['dairy']
e5048	['dairy']
e5049	['dairy']
e5050	['vegetable']
e5051	['avian']
e5052	['avian']
e5053	['fruit']
e5054	['fruit']
e5055	['avian']
e5056	['avian']
e5057	['avian']
e5058	['other animal']
e5059	['avian']
e5060	['dairy']
e5061	['avian']
e5062	['plant seed or nut']
e5063	['fruit']
e5064	['vegetable']
e5065	['other plant']
e5066	['other animal']
e5067	['other plant']
e5068	['other plant']
e5069	['plant seed or nut']
e5070	['fruit']
e5071	['seafood']
e5072	['fruit']
e5073	['vegetable']
e5074	['other plant']
e5075	['vegetable']
e5076	['mammalian meat']
e5077	['mammalian meat']
e5078	['fruit']
e5079	['other plant']
e5080	['other plant']
e5081	['other plant']
e5082	['other plant']
e5083	['dairy']
e5084	['other plant']
e5085	['other plant']
e5086	['vegetable']
e5087	['other plant']
e5088	['vegetable']
e5089	['vegetable']
e5090	['vegetable']
e5091	['other plant']
e5092	['fruit']
e5093	['dairy']
e5094	['dairy']
e5095	['dairy']
e5096	['dairy']
e5097	['dairy']
e5098	['dairy']
e5099	['other plant']
e5100	['other animal']
e5101	['vegetable']
e5102	['avian']
e5103	['fruit']
e5104	['vegetable']
e5105	['vegetable']
e5106	['other plant']
e5107	['plant seed or nut']
e5108	['other plant']
e5109	['seafood']
e5110	['avian']
e5111	['other plant']
e5112	['fruit']
e5113	['dairy']
e5114	['dairy']
e5115	['vegetable']
e5116	['legume']
e5117	['plant seed or nut']
e5118	['other plant']
e5119	['vegetable']
e5120	['fruit']
e5121	['seafood']
e5122	['mammalian meat']
e5123	['other plant']
e5124	['other plant']
e5125	['other plant']
e5126	['other plant']
e5127	['other plant']
e5128	['other plant']
e5129	['other plant']
e5130	['other plant']
e5131	['avian']
e5132	['other plant']
e5133	['dairy']
e5134	['fruit']
e5135	['fruit']
e5136	['avian']
e5137	['avian']
e5138	['avian']
e5139	['avian']
e5140	['dairy']
e5141	['plant seed or nut']
e5142	['other plant']
e5143	['dairy']
e5144	['fruit']
e5145	['seafood']
e5146	['seafood']
e5147	['fruit']
e5148	['dairy']
e5149	['unclassified']
e5150	['unclassified']
e5151	['unclassified']
e5152	['unclassified']
e5153	['vegetable']
e5154	['other plant']
e5155	['plant seed or nut']
e5156	['other plant']
e5157	['fruit']
e5158	['avian']
e5159	['avian']
e5160	['avian']
e5161	['dairy']
e5162	['avian']
e5163	['dairy']
e5164	['other animal']
e5165	['avian']
e5166	['dairy']
e5167	['fruit']
e5168	['fruit']
e5169	['fruit']
e5170	['fruit']
e5171	['fruit']
e5172	['fruit']
e5173	['other plant']
e5174	['avian']
e5175	['vegetable']
e5176	['vegetable']
e5177	['fruit']
e5178	['fruit']
e5179	['other plant']
e5180	['fruit']
e5181	['fruit']
e5182	['plant seed or nut']
e5183	['unclassified']
e5184	['other plant']
e5185	['fruit']
e5186	['plant seed or nut']
e5187	['plant seed or nut']
e5188	['plant seed or nut']
e5189	['other plant']
e5190	['other plant']
e5191	['other plant']
e5192	['fruit']
e5193	['other plant']
e5194	['fruit']
e5195	['fruit']
e5196	['fruit']
e5197	['fruit']
e5198	['fruit']
e5199	['fruit']
e5200	['fruit']
e5201	['fruit']
e5202	['seafood']
e5203	['dairy']
e5204	['plant seed or nut']
e5205	['fruit']
e5206	['other plant']
e5207	['fruit']
e5208	['vegetable']
e5209	['other plant']
e5210	['other plant']
e5211	['other plant']
e5212	['other plant']
e5213	['vegetable']
e5214	['fruit']
e5215	['other animal']
e5216	['other animal']
e5217	['other animal']
e5218	['other animal']
e5219	['other animal']
e5220	['other plant']
e5221	['other plant']
e5222	['other plant']
e5223	['other plant']
e5224	['other animal']
e5225	['other animal']
e5226	['other animal']
e5227	['vegetable']
e5228	['other plant']
e5229	['other plant']
e5230	['other plant']
e5231	['seafood']
e5232	['other plant']
e5233	['fruit']
e5234	['dairy']
e5235	['plant seed or nut']
e5236	['dairy']
e5237	['fruit']
e5238	['fruit']
e5239	['legume']
e5240	['legume']
e5241	['mammalian meat']
e5242	['legume']
e5243	['mammalian meat']
e5244	['fruit']
e5245	['fruit']
e5246	['unclassified']
e5247	['legume']
e5248	['fruit']
e5249	['dairy']
e5250	['dairy']
e5251	['seafood']
e5252	['dairy']
e5253	['fruit']
e5254	['other plant']
e5255	['avian']
e5256	['unclassified']
e5257	['other plant']
e5258	['legume']
e5259	['avian']
e5260	['seafood']
e5261	['dairy']
e5262	['other animal']
e5263	['other plant']
e5264	['seafood']
e5265	['dairy']
e5266	['vegetable']
e5267	['other plant']
e5268	['fruit']
e5269	['dairy']
e5270	['fruit']
e5271	['fruit']
e5272	['other plant']
e5273	['avian']
e5274	['other animal']
e5275	['vegetable']
e5276	['mammalian meat']
e5277	['other plant']
e5278	['mammalian meat']
e5279	['fruit']
e5280	['fruit']
e5281	['vegetable']
e5282	['other plant']
e5283	['other plant']
e5284	['dairy']
e5285	['dairy']
e5286	['plant seed or nut']
e5287	['plant seed or nut']
e5288	['avian']
e5289	['seafood']
e5290	['seafood']
e5291	['fruit']
e5292	['fruit']
e5293	['fruit']
e5294	['fruit']
e5295	['fruit']
e5296	['fruit']
e5297	['other plant']
e5298	['fruit']
e5299	['plant seed or nut']
e5300	['other plant']
e5301	['fruit']
e5302	['dairy']
e5303	['fruit']
e5304	['vegetable']
e5305	['other animal']
e5306	['other animal']
e5307	['plant seed or nut']
e5308	['fruit']
e5309	['fruit']
e5310	['fruit']
e5311	['fruit']
e5312	['other plant']
e5313	['plant seed or nut']
e5314	['plant seed or nut']
e5315	['plant seed or nut']
e5316	['other plant']
e5317	['other plant']
e5318	['other plant']
e5319	['other plant']
e5320	['other plant']
e5321	['fruit']
e5322	['avian']
e5323	['avian']
e5324	['other plant']
e5325	['other plant']
e5326	['other plant']
e5327	['other plant']
e5328	['fruit']
e5329	['fruit']
e5330	['fruit']
e5331	['fruit']
e5332	['dairy']
e5333	['plant seed or nut']
e5334	['fruit']
e5335	['fruit']
e5336	['fruit']
e5337	['fruit']
e5338	['fruit']
e5339	['fruit']
e5340	['fruit']
e5341	['fruit']
e5342	['fruit']
e5343	['fruit']
e5344	['dairy']
e5345	['seafood']
e5346	['other animal']
e5347	['dairy']
e5348	['dairy']
e5349	['plant seed or nut']
e5350	['other plant']
e5351	['dairy']
e5352	['dairy']
e5353	['dairy']
e5354	['plant seed or nut']
e5355	['dairy']
e5356	['dairy']
e5357	['dairy']
e5358	['dairy']
e5359	['dairy']
e5360	['fruit']
e5361	['fruit']
e5362	['fruit']
e5363	['other plant']
e5364	['seafood']
e5365	['fruit']
e5366	['fruit']
e5367	['fruit']
e5368	['fruit']
e5369	['fruit']
e5370	['fruit']
e5371	['fruit']
e5372	['fruit']
e5373	['fruit']
e5374	['fruit']
e5375	['other plant']
e5376	['avian']
e5377	['vegetable']
e5378	['fruit']
e5379	['fruit']
e5380	['fruit']
e5381	['fruit']
e5382	['fruit']
e5383	['fruit']
e5384	['fruit']
e5385	['fruit']
e5386	['fruit']
e5387	['fruit']
e5388	['other animal']
e5389	['mammalian meat']
e5390	['avian']
e5391	['avian']
e5392	['mammalian meat']
e5393	['avian']
e5394	['avian']
e5395	['seafood']
e5396	['plant seed or nut']
e5397	['plant seed or nut']
e5398	['plant seed or nut']
e5399	['avian']
e5400	['seafood']
e5401	['fruit']
e5402	['vegetable']
e5403	['fruit']
e5404	['fruit']
e5405	['vegetable']
e5406	['seafood']
e5407	['fruit']
e5408	['dairy']
e5409	['dairy']
e5410	['fruit']
e5411	['dairy']
e5412	['dairy']
e5413	['dairy']
e5414	['plant seed or nut']
e5415	['other plant']
e5416	['dairy']
e5417	['fruit']
e5418	['other plant']
e5419	['other plant']
e5420	['dairy']
e5421	['dairy']
e5422	['seafood']
e5423	['other animal']
e5424	['other animal']
e5425	['seafood']
e5426	['other plant']
e5427	['fruit']
e5428	['fruit']
e5429	['fruit']
e5430	['fruit']
e5431	['fruit']
e5432	['fruit']
e5433	['seafood']
e5434	['seafood']
e5435	['fruit']
e5436	['fruit']
e5437	['other plant']
e5438	['dairy']
e5439	['dairy']
e5440	['other plant']
e5441	['vegetable']
e5442	['other plant']
e5443	['vegetable']
e5444	['plant seed or nut']
e5445	['dairy']
e5446	['legume']
e5447	['seafood']
e5448	['seafood']
e5449	['dairy']
e5450	['fruit']
e5451	['other plant']
e5452	['mammalian meat']
e5453	['vegetable']
e5454	['dairy']
e5455	['seafood']
e5456	['other animal']
e5457	['plant seed or nut']
e5458	['other animal']
e5459	['other animal']
e5460	['other animal']
e5461	['other animal']
e5462	['other animal']
e5463	['other animal']
e5464	['other animal']
e5465	['other animal']
e5466	['unclassified']
e5467	['other plant']
e5468	['other plant']
e5469	['fruit']
e5470	['other plant']
e5471	['legume']
e5472	['other plant']
e5473	['fruit']
e5474	['fruit']
e5475	['fruit']
e5476	['other plant']
e5477	['legume']
e5478	['mammalian meat']
e5479	['mammalian meat']
e5480	['mammalian meat']
e5481	['mammalian meat']
e5482	['dairy']
e5483	['seafood']
e5484	['seafood']
e5485	['seafood']
e5486	['seafood']
e5487	['seafood']
e5488	['other plant']
e5489	['other plant']
e5490	['seafood']
e5491	['dairy']
e5492	['dairy']
e5493	['avian']
e5494	['seafood']
e5495	['other plant']
e5496	['plant seed or nut']
e5497	['seafood']
e5498	['dairy']
e5499	['dairy']
e5500	['seafood']
e5501	['dairy']
e5502	['other animal']
e5503	['plant seed or nut']
e5504	['plant seed or nut']
e5505	['other animal']
e5506	['plant seed or nut']
e5507	['plant seed or nut']
e5508	['other animal']
e5509	['legume']
e5510	['plant seed or nut']
e5511	['plant seed or nut']
e5512	['plant seed or nut']
e5513	['dairy']
e5514	['dairy']
e5515	['mammalian meat']
e5516	['fruit']
e5517	['fruit']
e5518	['fruit']
e5519	['fruit']
e5520	['fruit']
e5521	['dairy']
e5522	['dairy']
e5523	['dairy']
e5524	['dairy']
e5525	['seafood']
e5526	['fruit']
e5527	['dairy']
e5528	['seafood']
e5529	['plant seed or nut']
e5530	['seafood']
e5531	['seafood']
e5532	['other plant']
e5533	['plant seed or nut']
e5534	['seafood']
e5535	['plant seed or nut']
e5536	['fruit']
e5537	['mammalian meat']
e5538	['mammalian meat']
e5539	['seafood']
e5540	['other animal']
e5541	['dairy']
e5542	['seafood']
e5543	['seafood']
e5544	['avian']
e5545	['seafood']
e5546	['fruit']
e5547	['fruit']
e5548	['fruit']
e5549	['fruit']
e5550	['fruit']
e5551	['fruit']
e5552	['fruit']
e5553	['fruit']
e5554	['fruit']
e5555	['fruit']
e5556	['other plant']
e5557	['fruit']
e5558	['fruit']
e5559	['fruit']
e5560	['fruit']
e5561	['fruit']
e5562	['fruit']
e5563	['fruit']
e5564	['fruit']
e5565	['dairy']
e5566	['fruit']
e5567	['plant seed or nut']
e5568	['fruit']
e5569	['fruit']
e5570	['fruit']
e5571	['fruit']
e5572	['fruit']
e5573	['plant seed or nut']
e5574	['fruit']
e5575	['fruit']
e5576	['fruit']
e5577	['fruit']
e5578	['fruit']
e5579	['fruit']
e5580	['fruit']
e5581	['fruit']
e5582	['fruit']
e5583	['dairy']
e5584	['dairy']
e5585	['dairy']
e5586	['dairy']
e5587	['dairy']
e5588	['dairy']
e5589	['dairy']
e5590	['dairy']
e5591	['dairy']
e5592	['dairy']
e5593	['dairy']
e5594	['dairy']
e5595	['legume']
e5596	['plant seed or nut']
e5597	['fruit']
e5598	['mammalian meat']
e5599	['fruit']
e5600	['fruit']
e5601	['fruit']
e5602	['fruit']
e5603	['plant seed or nut']
e5604	['mammalian meat']
e5605	['mammalian meat']
e5606	['other plant']
e5607	['plant seed or nut']
e5608	['legume']
e5609	['plant seed or nut']
e5610	['dairy']
e5611	['dairy']
e5612	['dairy']
e5613	['dairy']
e5614	['dairy']
e5615	['dairy']
e5616	['fruit']
e5617	['dairy']
e5618	['dairy']
e5619	['dairy']
e5620	['fruit']
e5621	['fruit']
e5622	['fruit']
e5623	['fruit']
e5624	['fruit']
e5625	['fruit']
e5626	['fruit']
e5627	['fruit']
e5628	['mammalian meat']
e5629	['fruit']
e5630	['vegetable']
e5631	['fruit']
e5632	['fruit']
e5633	['fruit']
e5634	['fruit']
e5635	['fruit']
e5636	['fruit']
e5637	['fruit']
e5638	['fruit']
e5639	['fruit']
e5640	['fruit']
e5641	['fruit']
e5642	['fruit']
e5643	['fruit']
e5644	['fruit']
e5645	['fruit']
e5646	['fruit']
e5647	['fruit']
e5648	['fruit']
e5649	['fruit']
e5650	['fruit']
e5651	['fruit']
e5652	['fruit']
e5653	['fruit']
e5654	['fruit']
e5655	['fruit']
e5656	['fruit']
e5657	['fruit']
e5658	['fruit']
e5659	['fruit']
e5660	['fruit']
e5661	['fruit']
e5662	['fruit']
e5663	['fruit']
e5664	['other plant']
e5665	['other plant']
e5666	['unclassified']
e5667	['fruit']
e5668	['fruit']
e5669	['vegetable']
e5670	['fruit']
e5671	['fruit']
e5672	['dairy']
e5673	['other plant']
e5674	['dairy']
e5675	['fruit']
e5676	['fruit']
e5677	['fruit']
e5678	['fruit']
e5679	['fruit']
e5680	['fruit']
e5681	['fruit']
e5682	['fruit']
e5683	['fruit']
e5684	['fruit']
e5685	['fruit']
e5686	['fruit']
e5687	['fruit']
e5688	['fruit']
e5689	['fruit']
e5690	['fruit']
e5691	['fruit']
e5692	['fruit']
e5693	['fruit']
e5694	['fruit']
e5695	['other plant']
e5696	['vegetable']
e5697	['seafood']
e5698	['seafood']
e5699	['seafood']
e5700	['plant seed or nut']
e5701	['unclassified']
e5702	['dairy']
e5703	['plant seed or nut']
e5704	['plant seed or nut']
e5705	['other plant']
e5706	['fruit']
e5707	['fruit']
e5708	['fruit']
e5709	['mammalian meat']
e5710	['plant seed or nut']
e5711	['plant seed or nut']
e5712	['fruit']
e5713	['fruit']
e5714	['fruit']
e5715	['other plant']
e5716	['vegetable']
e5717	['other plant']
e5718	['other animal']
e5719	['other animal']
e5720	['other plant']
e5721	['dairy']
e5722	['fruit']
e5723	['other plant']
e5724	['fruit']
e5725	['fruit']
e5726	['fruit']
e5727	['fruit']
e5728	['fruit']
e5729	['fruit']
e5730	['fruit']
e5731	['other plant']
e5732	['fruit']
e5733	['fruit']
e5734	['fruit']
e5735	['seafood']
e5736	['plant seed or nut']
e5737	['vegetable']
e5738	['vegetable']
e5739	['vegetable']
e5740	['fruit']
e5741	['fruit']
e5742	['fruit']
e5743	['other plant']
e5744	['dairy']
e5745	['fruit']
e5746	['other plant']
e5747	['fruit']
e5748	['fruit']
e5749	['fruit']
e5750	['fruit']
e5751	['fruit']
e5752	['fruit']
e5753	['fruit']
e5754	['fruit']
e5755	['fruit']
e5756	['fruit']
e5757	['fruit']
e5758	['fruit']
e5759	['fruit']
e5760	['fruit']
e5761	['other plant']
e5762	['fruit']
e5763	['fruit']
e5764	['fruit']
e5765	['fruit']
e5766	['fruit']
e5767	['fruit']
e5768	['fruit']
e5769	['fruit']
e5770	['fruit']
e5771	['fruit']
e5772	['fruit']
e5773	['fruit']
e5774	['plant seed or nut']
e5775	['fruit']
e5776	['plant seed or nut']
e5777	['other plant']
e5778	['fruit']
e5779	['fruit']
e5780	['other plant']
e5781	['plant seed or nut']
e5782	['plant seed or nut']
e5783	['other plant']
e5784	['plant seed or nut']
e5785	['fruit']
e5786	['dairy']
e5787	['other plant']
e5788	['fruit']
e5789	['plant seed or nut']
e5790	['other plant']
e5791	['other animal']
e5792	['other plant']
e5793	['other plant']
e5794	['plant seed or nut']
e5795	['avian']
e5796	['legume']
e5797	['plant seed or nut']
e5798	['plant seed or nut']
e5799	['fruit']
e5800	['plant seed or nut']
e5801	['plant seed or nut']
e5802	['other plant']
e5803	['plant seed or nut']
e5804	['plant seed or nut']
e5805	['plant seed or nut']
e5806	['mammalian meat']
e5807	['plant seed or nut']
e5808	['plant seed or nut']
e5809	['vegetable']
e5810	['fruit']
e5811	['mammalian meat']
e5812	['dairy']
e5813	['other plant']
e5814	['seafood']
e5815	['seafood']
e5816	['mammalian meat']
e5817	['mammalian meat']
e5818	['mammalian meat']
e5819	['plant seed or nut']
e5820	['plant seed or nut']
e5821	['plant seed or nut']
e5822	['vegetable']
e5823	['fruit']
e5824	['dairy']
e5825	['plant seed or nut']
e5826	['plant seed or nut']
e5827	['plant seed or nut']
e5828	['fruit']
e5829	['fruit']
e5830	['fruit']
e5831	['fruit']
e5832	['fruit']
e5833	['plant seed or nut']
e5834	['fruit']
e5835	['fruit']
e5836	['fruit']
e5837	['fruit']
e5838	['fruit']
e5839	['fruit']
e5840	['fruit']
e5841	['fruit']
e5842	['fruit']
e5843	['fruit']
e5844	['fruit']
e5845	['fruit']
e5846	['fruit']
e5847	['fruit']
e5848	['fruit']
e5849	['fruit']
e5850	['fruit']
e5851	['fruit']
e5852	['fruit']
e5853	['fruit']
e5854	['fruit']
e5855	['fruit']
e5856	['fruit']
e5857	['fruit']
e5858	['fruit']
e5859	['fruit']
e5860	['fruit']
e5861	['avian']
e5862	['plant seed or nut']
e5863	['fruit']
e5864	['mammalian meat']
e5865	['mammalian meat']
e5866	['mammalian meat']
e5867	['mammalian meat']
e5868	['plant seed or nut']
e5869	['fruit']
e5870	['fruit']
e5871	['mammalian meat']
e5872	['mammalian meat']
e5873	['mammalian meat']
e5874	['plant seed or nut']
e5875	['mammalian meat']
e5876	['mammalian meat']
e5877	['dairy']
e5878	['plant seed or nut']
e5879	['mammalian meat']
e5880	['mammalian meat']
e5881	['mammalian meat']
e5882	['mammalian meat']
e5883	['mammalian meat']
e5884	['mammalian meat']
e5885	['other animal']
e5886	['mammalian meat']
e5887	['mammalian meat']
e5888	['mammalian meat']
e5889	['mammalian meat']
e5890	['mammalian meat']
e5891	['mammalian meat']
e5892	['mammalian meat']
e5893	['avian']
e5894	['mammalian meat']
e5895	['mammalian meat']
e5896	['mammalian meat']
e5897	['mammalian meat']
e5898	['mammalian meat']
e5899	['mammalian meat']
e5900	['other animal']
e5901	['mammalian meat']
e5902	['mammalian meat']
e5903	['other animal']
e5904	['mammalian meat']
e5905	['mammalian meat']
e5906	['mammalian meat']
e5907	['vegetable']
e5908	['vegetable']
e5909	['seafood']
e5910	['mammalian meat']
e5911	['avian']
e5912	['seafood']
e5913	['dairy']
e5914	['plant seed or nut']
e5915	['plant seed or nut']
e5916	['plant seed or nut']
e5917	['plant seed or nut']
e5918	['plant seed or nut']
e5919	['plant seed or nut']
e5920	['plant seed or nut']
e5921	['plant seed or nut']
e5922	['fruit']
e5923	['vegetable']
e5924	['vegetable']
e5925	['vegetable']
e5926	['vegetable']
e5927	['vegetable']
e5928	['vegetable']
e5929	['vegetable']
e5930	['fruit']
e5931	['plant seed or nut']
e5932	['avian']
e5933	['mammalian meat']
e5934	['other plant']
e5935	['fruit']
e5936	['fruit']
e5937	['other plant']
e5938	['other plant']
e5939	['other plant']
e5940	['other plant']
e5941	['vegetable']
e5942	['seafood']
e5943	['plant seed or nut']
e5944	['dairy']
e5945	['dairy']
e5946	['other plant']
e5947	['dairy']
e5948	['dairy']
e5949	['dairy']
e5950	['vegetable']
e5951	['dairy']
e5952	['other plant']
e5953	['legume']
e5954	['fruit']
e5955	['fruit']
e5956	['fruit']
e5957	['vegetable']
e5958	['fruit']
e5959	['fruit']
e5960	['fruit']
e5961	['fruit']
e5962	['fruit']
e5963	['dairy']
e5964	['fruit']
e5965	['fruit']
e5966	['plant seed or nut']
e5967	['plant seed or nut']
e5968	['plant seed or nut']
e5969	['other plant']
e5970	['other plant']
e5971	['plant seed or nut']
e5972	['plant seed or nut']
e5973	['plant seed or nut']
e5974	['plant seed or nut']
e5975	['other plant']
e5976	['other plant']
e5977	['other plant']
e5978	['other plant']
e5979	['seafood']
e5980	['other plant']
e5981	['dairy']
e5982	['legume']
e5983	['avian']
e5984	['other plant']
e5985	['fruit']
e5986	['other plant']
e5987	['other plant']
e5988	['other plant']
e5989	['plant seed or nut']
e5990	['fruit']
e5991	['fruit']
e5992	['plant seed or nut']
e5993	['fruit']
e5994	['vegetable']
e5995	['fruit']
e5996	['fruit']
e5997	['fruit']
e5998	['fruit']
e5999	['seafood']
e6000	['legume']
e6001	['vegetable']
e6002	['vegetable']
e6003	['vegetable']
e6004	['dairy']
e6005	['plant seed or nut']
e6006	['seafood']
e6007	['fruit']
e6008	['plant seed or nut']
e6009	['fruit']
e6010	['fruit']
e6011	['dairy']
e6012	['other plant']
e6013	['legume']
e6014	['fruit']
e6015	['fruit']
e6016	['fruit']
e6017	['fruit']
e6018	['fruit']
e6019	['fruit']
e6020	['fruit']
e6021	['vegetable']
e6022	['other plant']
e6023	['other plant']
e6024	['other plant']
e6025	['fruit']
e6026	['dairy']
e6027	['vegetable']
e6028	['vegetable']
e6029	['fruit']
e6030	['vegetable']
e6031	['vegetable']
e6032	['plant seed or nut']
e6033	['plant seed or nut']
e6034	['unclassified']
e6035	['unclassified']
e6036	['fruit']
e6037	['unclassified']
e6038	['plant seed or nut']
e6039	['plant seed or nut']
e6040	['plant seed or nut']
e6041	['plant seed or nut']
e6042	['fruit']
e6043	['plant seed or nut']
e6044	['plant seed or nut']
e6045	['fruit']
e6046	['plant seed or nut']
e6047	['plant seed or nut']
e6048	['fruit']
e6049	['plant seed or nut']
e6050	['fruit']
e6051	['fruit']
e6052	['fruit']
e6053	['fruit']
e6054	['dairy']
e6055	['dairy']
e6056	['legume']
e6057	['fruit']
e6058	['fruit']
e6059	['legume']
e6060	['legume']
e6061	['legume']
e6062	['legume']
e6063	['legume']
e6064	['legume']
e6065	['legume']
e6066	['legume']
e6067	['legume']
e6068	['legume']
e6069	['legume']
e6070	['legume']
e6071	['mammalian meat']
e6072	['legume']
e6073	['vegetable']
e6074	['mammalian meat']
e6075	['mammalian meat']
e6076	['legume']
e6077	['plant seed or nut']
e6078	['plant seed or nut']
e6079	['plant seed or nut']
e6080	['plant seed or nut']
e6081	['seafood']
e6082	['vegetable']
e6083	['fruit']
e6084	['fruit']
e6085	['fruit']
e6086	['dairy']
e6087	['fruit']
e6088	['fruit']
e6089	['other plant']
e6090	['fruit']
e6091	['fruit']
e6092	['fruit']
e6093	['fruit']
e6094	['fruit']
e6095	['fruit']
e6096	['other plant']
e6097	['other plant']
e6098	['other plant']
e6099	['other plant']
e6100	['legume']
e6101	['legume']
e6102	['legume']
e6103	['legume']
e6104	['legume']
e6105	['legume']
e6106	['legume']
e6107	['legume']
e6108	['legume']
e6109	['legume']
e6110	['legume']
e6111	['other plant']
e6112	['legume']
e6113	['legume']
e6114	['legume']
e6115	['other plant']
e6116	['legume']
e6117	['legume']
e6118	['avian']
e6119	['fruit']
e6120	['fruit']
e6121	['other plant']
e6122	['avian']
e6123	['plant seed or nut']
e6124	['plant seed or nut']
e6125	['fruit']
e6126	['fruit']
e6127	['fruit']
e6128	['mammalian meat']
e6129	['vegetable']
e6130	['legume']
e6131	['legume']
e6132	['legume']
e6133	['legume']
e6134	['legume']
e6135	['legume']
e6136	['legume']
e6137	['plant seed or nut']
e6138	['legume']
e6139	['legume']
e6140	['legume']
e6141	['plant seed or nut']
e6142	['plant seed or nut']
e6143	['fruit']
e6144	['fruit']
e6145	['dairy']
e6146	['fruit']
e6147	['fruit']
e6148	['fruit']
e6149	['vegetable']
e6150	['vegetable']
e6151	['vegetable']
e6152	['vegetable']
e6153	['vegetable']
e6154	['fruit']
e6155	['plant seed or nut']
e6156	['seafood']
e6157	['plant seed or nut']
e6158	['plant seed or nut']
e6159	['plant seed or nut']
e6160	['plant seed or nut']
e6161	['plant seed or nut']
e6162	['plant seed or nut']
e6163	['plant seed or nut']
e6164	['plant seed or nut']
e6165	['plant seed or nut']
e6166	['plant seed or nut']
e6167	['dairy']
e6168	['seafood']
e6169	['vegetable']
e6170	['seafood']
e6171	['fruit']
e6172	['fruit']
e6173	['fruit']
e6174	['fruit']
e6175	['fruit']
e6176	['fruit']
e6177	['fruit']
e6178	['avian']
e6179	['fruit']
e6180	['plant seed or nut']
e6181	['plant seed or nut']
e6182	['plant seed or nut']
e6183	['plant seed or nut']
e6184	['fruit']
e6185	['mammalian meat']
e6186	['fruit']
e6187	['fruit']
e6188	['fruit']
e6189	['seafood']
e6190	['fruit']
e6191	['fruit']
e6192	['fruit']
e6193	['seafood']
e6194	['fruit']
e6195	['vegetable']
e6196	['fruit']
e6197	['mammalian meat']
e6198	['other plant']
e6199	['other plant']
e6200	['other plant']
e6201	['other plant']
e6202	['other plant']
e6203	['other plant']
e6204	['other plant']
e6205	['other plant']
e6206	['other plant']
e6207	['other plant']
e6208	['other plant']
e6209	['other plant']
e6210	['other plant']
e6211	['vegetable']
e6212	['other plant']
e6213	['other plant']
e6214	['seafood']
e6215	['seafood']
e6216	['mammalian meat']
e6217	['other plant']
e6218	['other plant']
e6219	['seafood']
e6220	['fruit']
e6221	['avian']
e6222	['avian']
e6223	['avian']
e6224	['avian']
e6225	['avian']
e6226	['avian']
e6227	['avian']
e6228	['other plant']
e6229	['avian']
e6230	['avian']
e6231	['fruit']
e6232	['fruit']
e6233	['plant seed or nut']
e6234	['fruit']
e6235	['fruit']
e6236	['fruit']
e6237	['fruit']
e6238	['fruit']
e6239	['fruit']
e6240	['fruit']
e6241	['fruit']
e6242	['fruit']
e6243	['fruit']
e6244	['fruit']
e6245	['unclassified']
e6246	['unclassified']
e6247	['unclassified']
e6248	['dairy']
e6249	['dairy']
e6250	['plant seed or nut']
e6251	['plant seed or nut']
e6252	['plant seed or nut']
e6253	['plant seed or nut']
e6254	['fruit']
e6255	['fruit']
e6256	['fruit']
e6257	['fruit']
e6258	['fruit']
e6259	['other plant']
e6260	['other plant']
e6261	['other plant']
e6262	['other plant']
e6263	['other plant']
e6264	['other plant']
e6265	['other plant']
e6266	['other plant']
e6267	['other plant']
e6268	['seafood']
e6269	['fruit']
e6270	['fruit']
e6271	['fruit']
e6272	['fruit']
e6273	['fruit']
e6274	['other plant']
e6275	['fruit']
e6276	['fruit']
e6277	['fruit']
e6278	['fruit']
e6279	['fruit']
e6280	['fruit']
e6281	['plant seed or nut']
e6282	['plant seed or nut']
e6283	['plant seed or nut']
e6284	['plant seed or nut']
e6285	['plant seed or nut']
e6286	['plant seed or nut']
e6287	['plant seed or nut']
e6288	['plant seed or nut']
e6289	['plant seed or nut']
e6290	['fruit']
e6291	['fruit']
e6292	['fruit']
e6293	['fruit']
e6294	['fruit']
e6295	['fruit']
e6296	['fruit']
e6297	['fruit']
e6298	['fruit']
e6299	['fruit']
e6300	['fruit']
e6301	['fruit']
e6302	['other plant']
e6303	['fruit']
e6304	['avian']
e6305	['dairy']
e6306	['avian']
e6307	['avian']
e6308	['other animal']
e6309	['other animal']
e6310	['fruit']
e6311	['unclassified']
e6312	['fruit']
e6313	['fruit']
e6314	['fruit']
e6315	['fruit']
e6316	['vegetable']
e6317	['plant seed or nut']
e6318	['other plant']
e6319	['fruit']
e6320	['plant seed or nut']
e6321	['avian']
e6322	['avian']
e6323	['other animal']
e6324	['other plant']
e6325	['plant seed or nut']
e6326	['legume']
e6327	['fruit']
e6328	['other plant']
e6329	['fruit']
e6330	['fruit']
e6331	['fruit']
e6332	['fruit']
e6333	['plant seed or nut']
e6334	['mammalian meat']
e6335	['dairy']
e6336	['plant seed or nut']
e6337	['plant seed or nut']
e6338	['vegetable']
e6339	['fruit']
e6340	['legume']
e6341	['other plant']
e6342	['dairy']
e6343	['dairy']
e6344	['dairy']
e6345	['dairy']
e6346	['fruit']
e6347	['fruit']
e6348	['fruit']
e6349	['fruit']
e6350	['other plant']
e6351	['plant seed or nut']
e6352	['other animal']
e6353	['fruit']
e6354	['vegetable']
e6355	['legume']
e6356	['vegetable']
e6357	['seafood']
e6358	['seafood']
e6359	['seafood']
e6360	['seafood']
e6361	['seafood']
e6362	['seafood']
e6363	['seafood']
e6364	['seafood']
e6365	['seafood']
e6366	['seafood']
e6367	['seafood']
e6368	['dairy']
e6369	['dairy']
e6370	['fruit']
e6371	['other plant']
e6372	['fruit']
e6373	['fruit']
e6374	['fruit']
e6375	['fruit']
e6376	['fruit']
e6377	['plant seed or nut']
e6378	['vegetable']
e6379	['plant seed or nut']
e6380	['seafood']
e6381	['seafood']
e6382	['fruit']
e6383	['vegetable']
e6384	['fruit']
e6385	['seafood']
e6386	['dairy']
e6387	['dairy']
e6388	['dairy']
e6389	['seafood']
e6390	['seafood']
e6391	['seafood']
e6392	['seafood']
e6393	['seafood']
e6394	['seafood']
e6395	['seafood']
e6396	['seafood']
e6397	['seafood']
e6398	['seafood']
e6399	['seafood']
e6400	['seafood']
e6401	['seafood']
e6402	['seafood']
e6403	['plant seed or nut']
e6404	['plant seed or nut']
e6405	['vegetable']
e6406	['seafood']
e6407	['fruit']
e6408	['other plant']
e6409	['plant seed or nut']
e6410	['plant seed or nut']
e6411	['dairy']
e6412	['dairy']
e6413	['dairy']
e6414	['dairy']
e6415	['dairy']
e6416	['dairy']
e6417	['fruit']
e6418	['plant seed or nut']
e6419	['seafood']
e6420	['seafood']
e6421	['seafood']
e6422	['seafood']
e6423	['dairy']
e6424	['dairy']
e6425	['dairy']
e6426	['dairy']
e6427	['fruit']
e6428	['dairy']
e6429	['unclassified']
e6430	['dairy']
e6431	['dairy']
e6432	['dairy']
e6433	['plant seed or nut']
e6434	['dairy']
e6435	['fruit']
e6436	['dairy']
e6437	['dairy']
e6438	['dairy']
e6439	['dairy']
e6440	['dairy']
e6441	['dairy']
e6442	['fruit']
e6443	['fruit']
e6444	['fruit']
e6445	['fruit']
e6446	['legume']
e6447	['other plant']
e6448	['other plant']
e6449	['other plant']
e6450	['other plant']
e6451	['seafood']
e6452	['dairy']
e6453	['vegetable']
e6454	['vegetable']
e6455	['dairy']
e6456	['other plant']
e6457	['other plant']
e6458	['plant seed or nut']
e6459	['other plant']
e6460	['fruit']
e6461	['fruit']
e6462	['plant seed or nut']
e6463	['seafood']
e6464	['plant seed or nut']
e6465	['plant seed or nut']
e6466	['plant seed or nut']
e6467	['plant seed or nut']
e6468	['fruit']
e6469	['other plant']
e6470	['fruit']
e6471	['fruit']
e6472	['seafood']
e6473	['fruit']
e6474	['vegetable']
e6475	['fruit']
e6476	['fruit']
e6477	['fruit']
e6478	['fruit']
e6479	['fruit']
e6480	['fruit']
e6481	['fruit']
e6482	['other plant']
e6483	['vegetable']
e6484	['fruit']
e6485	['plant seed or nut']
e6486	['plant seed or nut']
e6487	['avian']
e6488	['other plant']
e6489	['other plant']
e6490	['other plant']
e6491	['other plant']
e6492	['other plant']
e6493	['other plant']
e6494	['other plant']
e6495	['other plant']
e6496	['dairy']
e6497	['vegetable']
e6498	['seafood']
e6499	['other plant']
e6500	['legume']
e6501	['fruit']
e6502	['other plant']
e6503	['plant seed or nut']
e6504	['other plant']
e6505	['other plant']
e6506	['dairy']
e6507	['plant seed or nut']
e6508	['plant seed or nut']
e6509	['dairy']
e6510	['dairy']
e6511	['other animal']
e6512	['mammalian meat']
e6513	['seafood']
e6514	['plant seed or nut']
e6515	['other plant']
e6516	['other plant']
e6517	['other plant']
e6518	['other plant']
e6519	['other plant']
e6520	['other plant']
e6521	['other plant']
e6522	['vegetable']
e6523	['legume']
e6524	['seafood']
e6525	['seafood']
e6526	['legume']
e6527	['other plant']
e6528	['other plant']
e6529	['other plant']
e6530	['dairy']
e6531	['avian']
e6532	['seafood']
e6533	['dairy']
e6534	['fruit']
e6535	['fruit']
e6536	['fruit']
e6537	['dairy']
e6538	['dairy']
e6539	['other plant']
e6540	['other plant']
e6541	['other plant']
e6542	['other plant']
e6543	['other plant']
e6544	['other plant']
e6545	['other plant']
e6546	['other plant']
e6547	['other plant']
e6548	['other plant']
e6549	['plant seed or nut']
e6550	['other plant']
e6551	['fruit']
e6552	['other plant']
e6553	['fruit']
e6554	['avian']
e6555	['seafood']
e6556	['plant seed or nut']
e6557	['mammalian meat']
e6558	['dairy']
e6559	['vegetable']
e6560	['fruit']
e6561	['fruit']
e6562	['fruit']
e6563	['fruit']
e6564	['vegetable']
e6565	['vegetable']
e6566	['unclassified']
e6567	['unclassified']
e6568	['unclassified']
e6569	['seafood']
e6570	['seafood']
e6571	['other plant']
e6572	['seafood']
e6573	['seafood']
e6574	['seafood']
e6575	['seafood']
e6576	['seafood']
e6577	['seafood']
e6578	['seafood']
e6579	['seafood']
e6580	['seafood']
e6581	['seafood']
e6582	['seafood']
e6583	['seafood']
e6584	['seafood']
e6585	['seafood']
e6586	['seafood']
e6587	['seafood']
e6588	['seafood']
e6589	['fruit']
e6590	['mammalian meat']
e6591	['plant seed or nut']
e6592	['plant seed or nut']
e6593	['mammalian meat']
e6594	['seafood']
e6595	['seafood']
e6596	['seafood']
e6597	['seafood']
e6598	['seafood']
e6599	['seafood']
e6600	['seafood']
e6601	['seafood']
e6602	['seafood']
e6603	['seafood']
e6604	['seafood']
e6605	['seafood']
e6606	['seafood']
e6607	['seafood']
e6608	['seafood']
e6609	['seafood']
e6610	['seafood']
e6611	['seafood']
e6612	['seafood']
e6613	['seafood']
e6614	['seafood']
e6615	['seafood']
e6616	['seafood']
e6617	['seafood']
e6618	['seafood']
e6619	['seafood']
e6620	['seafood']
e6621	['seafood']
e6622	['seafood']
e6623	['seafood']
e6624	['seafood']
e6625	['seafood']
e6626	['seafood']
e6627	['seafood']
e6628	['seafood']
e6629	['mammalian meat']
e6630	['seafood']
e6631	['seafood']
e6632	['seafood']
e6633	['seafood']
e6634	['seafood']
e6635	['seafood']
e6636	['seafood']
e6637	['seafood']
e6638	['seafood']
e6639	['seafood']
e6640	['seafood']
e6641	['seafood']
e6642	['seafood']
e6643	['seafood']
e6644	['seafood']
e6645	['seafood']
e6646	['seafood']
e6647	['seafood']
e6648	['seafood']
e6649	['seafood']
e6650	['seafood']
e6651	['seafood']
e6652	['seafood']
e6653	['seafood']
e6654	['seafood']
e6655	['seafood']
e6656	['seafood']
e6657	['seafood']
e6658	['seafood']
e6659	['seafood']
e6660	['seafood']
e6661	['seafood']
e6662	['seafood']
e6663	['seafood']
e6664	['seafood']
e6665	['seafood']
e6666	['seafood']
e6667	['seafood']
e6668	['seafood']
e6669	['seafood']
e6670	['seafood']
e6671	['seafood']
e6672	['seafood']
e6673	['seafood']
e6674	['seafood']
e6675	['seafood']
e6676	['seafood']
e6677	['seafood']
e6678	['seafood']
e6679	['seafood']
e6680	['seafood']
e6681	['seafood']
e6682	['plant seed or nut']
e6683	['seafood']
e6684	['seafood']
e6685	['seafood']
e6686	['seafood']
e6687	['seafood']
e6688	['seafood']
e6689	['seafood']
e6690	['seafood']
e6691	['seafood']
e6692	['seafood']
e6693	['seafood']
e6694	['seafood']
e6695	['seafood']
e6696	['seafood']
e6697	['seafood']
e6698	['seafood']
e6699	['seafood']
e6700	['seafood']
e6701	['seafood']
e6702	['seafood']
e6703	['seafood']
e6704	['seafood']
e6705	['seafood']
e6706	['seafood']
e6707	['seafood']
e6708	['seafood']
e6709	['seafood']
e6710	['seafood']
e6711	['seafood']
e6712	['seafood']
e6713	['seafood']
e6714	['seafood']
e6715	['seafood']
e6716	['seafood']
e6717	['seafood']
e6718	['seafood']
e6719	['seafood']
e6720	['seafood']
e6721	['seafood']
e6722	['seafood']
e6723	['seafood']
e6724	['seafood']
e6725	['seafood']
e6726	['seafood']
e6727	['seafood']
e6728	['seafood']
e6729	['seafood']
e6730	['seafood']
e6731	['seafood']
e6732	['seafood']
e6733	['seafood']
e6734	['seafood']
e6735	['seafood']
e6736	['seafood']
e6737	['seafood']
e6738	['seafood']
e6739	['seafood']
e6740	['seafood']
e6741	['seafood']
e6742	['seafood']
e6743	['seafood']
e6744	['seafood']
e6745	['seafood']
e6746	['seafood']
e6747	['seafood']
e6748	['seafood']
e6749	['seafood']
e6750	['seafood']
e6751	['seafood']
e6752	['seafood']
e6753	['seafood']
e6754	['seafood']
e6755	['seafood']
e6756	['seafood']
e6757	['seafood']
e6758	['seafood']
e6759	['seafood']
e6760	['seafood']
e6761	['seafood']
e6762	['seafood']
e6763	['seafood']
e6764	['seafood']
e6765	['seafood']
e6766	['seafood']
e6767	['seafood']
e6768	['seafood']
e6769	['seafood']
e6770	['seafood']
e6771	['seafood']
e6772	['seafood']
e6773	['seafood']
e6774	['seafood']
e6775	['seafood']
e6776	['seafood']
e6777	['seafood']
e6778	['seafood']
e6779	['seafood']
e6780	['seafood']
e6781	['seafood']
e6782	['seafood']
e6783	['seafood']
e6784	['seafood']
e6785	['seafood']
e6786	['seafood']
e6787	['seafood']
e6788	['seafood']
e6789	['seafood']
e6790	['seafood']
e6791	['seafood']
e6792	['seafood']
e6793	['seafood']
e6794	['seafood']
e6795	['seafood']
e6796	['seafood']
e6797	['seafood']
e6798	['seafood']
e6799	['seafood']
e6800	['seafood']
e6801	['seafood']
e6802	['seafood']
e6803	['seafood']
e6804	['seafood']
e6805	['seafood']
e6806	['seafood']
e6807	['seafood']
e6808	['seafood']
e6809	['seafood']
e6810	['seafood']
e6811	['seafood']
e6812	['seafood']
e6813	['seafood']
e6814	['seafood']
e6815	['seafood']
e6816	['seafood']
e6817	['seafood']
e6818	['seafood']
e6819	['seafood']
e6820	['seafood']
e6821	['seafood']
e6822	['seafood']
e6823	['seafood']
e6824	['seafood']
e6825	['seafood']
e6826	['seafood']
e6827	['seafood']
e6828	['seafood']
e6829	['seafood']
e6830	['seafood']
e6831	['seafood']
e6832	['seafood']
e6833	['seafood']
e6834	['seafood']
e6835	['seafood']
e6836	['seafood']
e6837	['seafood']
e6838	['seafood']
e6839	['seafood']
e6840	['seafood']
e6841	['seafood']
e6842	['seafood']
e6843	['seafood']
e6844	['seafood']
e6845	['seafood']
e6846	['seafood']
e6847	['seafood']
e6848	['seafood']
e6849	['seafood']
e6850	['seafood']
e6851	['seafood']
e6852	['seafood']
e6853	['seafood']
e6854	['seafood']
e6855	['seafood']
e6856	['seafood']
e6857	['seafood']
e6858	['seafood']
e6859	['seafood']
e6860	['seafood']
e6861	['seafood']
e6862	['seafood']
e6863	['seafood']
e6864	['seafood']
e6865	['seafood']
e6866	['seafood']
e6867	['seafood']
e6868	['seafood']
e6869	['seafood']
e6870	['seafood']
e6871	['seafood']
e6872	['seafood']
e6873	['seafood']
e6874	['seafood']
e6875	['seafood']
e6876	['seafood']
e6877	['seafood']
e6878	['seafood']
e6879	['seafood']
e6880	['seafood']
e6881	['unclassified']
e6882	['seafood']
e6883	['seafood']
e6884	['seafood']
e6885	['seafood']
e6886	['seafood']
e6887	['seafood']
e6888	['seafood']
e6889	['seafood']
e6890	['seafood']
e6891	['seafood']
e6892	['seafood']
e6893	['seafood']
e6894	['seafood']
e6895	['seafood']
e6896	['seafood']
e6897	['seafood']
e6898	['seafood']
e6899	['seafood']
e6900	['seafood']
e6901	['seafood']
e6902	['seafood']
e6903	['seafood']
e6904	['seafood']
e6905	['seafood']
e6906	['seafood']
e6907	['seafood']
e6908	['seafood']
e6909	['seafood']
e6910	['fruit']
e6911	['seafood']
e6912	['fruit']
e6913	['fruit']
e6914	['fruit']
e6915	['fruit']
e6916	['fruit']
e6917	['other plant']
e6918	['seafood']
e6919	['other animal']
e6920	['fruit']
e6921	['fruit']
e6922	['other plant']
e6923	['other plant']
e6924	['vegetable']
e6925	['vegetable']
e6926	['vegetable']
e6927	['vegetable']
e6928	['vegetable']
e6929	['avian']
e6930	['avian']
e6931	['mammalian meat']
e6932	['vegetable']
e6933	['seafood']
e6934	['seafood']
e6935	['seafood']
e6936	['seafood']
e6937	['seafood']
e6938	['seafood']
e6939	['seafood']
e6940	['seafood']
e6941	['seafood']
e6942	['seafood']
e6943	['seafood']
e6944	['seafood']
e6945	['seafood']
e6946	['seafood']
e6947	['seafood']
e6948	['seafood']
e6949	['seafood']
e6950	['seafood']
e6951	['seafood']
e6952	['seafood']
e6953	['seafood']
e6954	['seafood']
e6955	['seafood']
e6956	['seafood']
e6957	['seafood']
e6958	['seafood']
e6959	['seafood']
e6960	['seafood']
e6961	['seafood']
e6962	['seafood']
e6963	['seafood']
e6964	['seafood']
e6965	['mammalian meat']
e6966	['seafood']
e6967	['seafood']
e6968	['seafood']
e6969	['seafood']
e6970	['seafood']
e6971	['seafood']
e6972	['seafood']
e6973	['seafood']
e6974	['seafood']
e6975	['seafood']
e6976	['seafood']
e6977	['seafood']
e6978	['seafood']
e6979	['seafood']
e6980	['seafood']
e6981	['seafood']
e6982	['seafood']
e6983	['seafood']
e6984	['seafood']
e6985	['seafood']
e6986	['seafood']
e6987	['seafood']
e6988	['seafood']
e6989	['seafood']
e6990	['seafood']
e6991	['seafood']
e6992	['seafood']
e6993	['seafood']
e6994	['seafood']
e6995	['seafood']
e6996	['seafood']
e6997	['seafood']
e6998	['seafood']
e6999	['seafood']
e7000	['seafood']
e7001	['seafood']
e7002	['seafood']
e7003	['seafood']
e7004	['seafood']
e7005	['seafood']
e7006	['seafood']
e7007	['seafood']
e7008	['seafood']
e7009	['seafood']
e7010	['seafood']
e7011	['seafood']
e7012	['seafood']
e7013	['seafood']
e7014	['seafood']
e7015	['seafood']
e7016	['seafood']
e7017	['seafood']
e7018	['seafood']
e7019	['seafood']
e7020	['seafood']
e7021	['seafood']
e7022	['seafood']
e7023	['seafood']
e7024	['seafood']
e7025	['seafood']
e7026	['seafood']
e7027	['seafood']
e7028	['seafood']
e7029	['seafood']
e7030	['seafood']
e7031	['seafood']
e7032	['seafood']
e7033	['seafood']
e7034	['seafood']
e7035	['seafood']
e7036	['seafood']
e7037	['seafood']
e7038	['seafood']
e7039	['seafood']
e7040	['seafood']
e7041	['mammalian meat']
e7042	['seafood']
e7043	['seafood']
e7044	['seafood']
e7045	['seafood']
e7046	['seafood']
e7047	['seafood']
e7048	['seafood']
e7049	['seafood']
e7050	['seafood']
e7051	['seafood']
e7052	['seafood']
e7053	['seafood']
e7054	['seafood']
e7055	['seafood']
e7056	['seafood']
e7057	['seafood']
e7058	['seafood']
e7059	['seafood']
e7060	['seafood']
e7061	['seafood']
e7062	['seafood']
e7063	['seafood']
e7064	['seafood']
e7065	['seafood']
e7066	['seafood']
e7067	['seafood']
e7068	['seafood']
e7069	['seafood']
e7070	['seafood']
e7071	['seafood']
e7072	['seafood']
e7073	['seafood']
e7074	['seafood']
e7075	['seafood']
e7076	['seafood']
e7077	['seafood']
e7078	['seafood']
e7079	['seafood']
e7080	['seafood']
e7081	['seafood']
e7082	['seafood']
e7083	['seafood']
e7084	['seafood']
e7085	['seafood']
e7086	['seafood']
e7087	['seafood']
e7088	['seafood']
e7089	['seafood']
e7090	['seafood']
e7091	['seafood']
e7092	['seafood']
e7093	['seafood']
e7094	['seafood']
e7095	['seafood']
e7096	['seafood']
e7097	['seafood']
e7098	['seafood']
e7099	['seafood']
e7100	['seafood']
e7101	['seafood']
e7102	['seafood']
e7103	['seafood']
e7104	['seafood']
e7105	['seafood']
e7106	['other plant']
e7107	['seafood']
e7108	['seafood']
e7109	['seafood']
e7110	['seafood']
e7111	['seafood']
e7112	['seafood']
e7113	['seafood']
e7114	['seafood']
e7115	['seafood']
e7116	['seafood']
e7117	['seafood']
e7118	['seafood']
e7119	['seafood']
e7120	['seafood']
e7121	['seafood']
e7122	['seafood']
e7123	['seafood']
e7124	['seafood']
e7125	['seafood']
e7126	['seafood']
e7127	['seafood']
e7128	['seafood']
e7129	['seafood']
e7130	['seafood']
e7131	['seafood']
e7132	['seafood']
e7133	['seafood']
e7134	['seafood']
e7135	['seafood']
e7136	['seafood']
e7137	['seafood']
e7138	['seafood']
e7139	['seafood']
e7140	['seafood']
e7141	['seafood']
e7142	['seafood']
e7143	['seafood']
e7144	['seafood']
e7145	['seafood']
e7146	['seafood']
e7147	['seafood']
e7148	['seafood']
e7149	['seafood']
e7150	['other plant']
e7151	['seafood']
e7152	['seafood']
e7153	['seafood']
e7154	['seafood']
e7155	['seafood']
e7156	['seafood']
e7157	['seafood']
e7158	['seafood']
e7159	['seafood']
e7160	['seafood']
e7161	['seafood']
e7162	['seafood']
e7163	['seafood']
e7164	['seafood']
e7165	['seafood']
e7166	['seafood']
e7167	['seafood']
e7168	['seafood']
e7169	['seafood']
e7170	['seafood']
e7171	['seafood']
e7172	['seafood']
e7173	['seafood']
e7174	['seafood']
e7175	['seafood']
e7176	['seafood']
e7177	['seafood']
e7178	['seafood']
e7179	['seafood']
e7180	['seafood']
e7181	['seafood']
e7182	['seafood']
e7183	['seafood']
e7184	['seafood']
e7185	['seafood']
e7186	['seafood']
e7187	['seafood']
e7188	['seafood']
e7189	['seafood']
e7190	['seafood']
e7191	['seafood']
e7192	['seafood']
e7193	['seafood']
e7194	['seafood']
e7195	['seafood']
e7196	['seafood']
e7197	['seafood']
e7198	['seafood']
e7199	['seafood']
e7200	['seafood']
e7201	['seafood']
e7202	['seafood']
e7203	['seafood']
e7204	['seafood']
e7205	['seafood']
e7206	['seafood']
e7207	['seafood']
e7208	['seafood']
e7209	['seafood']
e7210	['seafood']
e7211	['seafood']
e7212	['seafood']
e7213	['seafood']
e7214	['seafood']
e7215	['seafood']
e7216	['seafood']
e7217	['seafood']
e7218	['seafood']
e7219	['seafood']
e7220	['seafood']
e7221	['seafood']
e7222	['seafood']
e7223	['seafood']
e7224	['seafood']
e7225	['seafood']
e7226	['seafood']
e7227	['seafood']
e7228	['seafood']
e7229	['seafood']
e7230	['seafood']
e7231	['seafood']
e7232	['seafood']
e7233	['seafood']
e7234	['seafood']
e7235	['seafood']
e7236	['seafood']
e7237	['seafood']
e7238	['seafood']
e7239	['seafood']
e7240	['seafood']
e7241	['seafood']
e7242	['seafood']
e7243	['seafood']
e7244	['seafood']
e7245	['seafood']
e7246	['seafood']
e7247	['seafood']
e7248	['seafood']
e7249	['seafood']
e7250	['seafood']
e7251	['seafood']
e7252	['seafood']
e7253	['seafood']
e7254	['seafood']
e7255	['seafood']
e7256	['seafood']
e7257	['seafood']
e7258	['seafood']
e7259	['seafood']
e7260	['seafood']
e7261	['seafood']
e7262	['seafood']
e7263	['seafood']
e7264	['seafood']
e7265	['seafood']
e7266	['seafood']
e7267	['seafood']
e7268	['seafood']
e7269	['seafood']
e7270	['seafood']
e7271	['seafood']
e7272	['seafood']
e7273	['seafood']
e7274	['seafood']
e7275	['seafood']
e7276	['seafood']
e7277	['seafood']
e7278	['seafood']
e7279	['seafood']
e7280	['seafood']
e7281	['seafood']
e7282	['seafood']
e7283	['seafood']
e7284	['seafood']
e7285	['seafood']
e7286	['seafood']
e7287	['seafood']
e7288	['seafood']
e7289	['seafood']
e7290	['seafood']
e7291	['seafood']
e7292	['seafood']
e7293	['seafood']
e7294	['seafood']
e7295	['seafood']
e7296	['seafood']
e7297	['seafood']
e7298	['seafood']
e7299	['seafood']
e7300	['seafood']
e7301	['seafood']
e7302	['seafood']
e7303	['seafood']
e7304	['seafood']
e7305	['seafood']
e7306	['seafood']
e7307	['seafood']
e7308	['seafood']
e7309	['seafood']
e7310	['seafood']
e7311	['seafood']
e7312	['seafood']
e7313	['avian']
e7314	['seafood']
e7315	['seafood']
e7316	['seafood']
e7317	['seafood']
e7318	['seafood']
e7319	['seafood']
e7320	['seafood']
e7321	['seafood']
e7322	['seafood']
e7323	['seafood']
e7324	['seafood']
e7325	['seafood']
e7326	['seafood']
e7327	['seafood']
e7328	['seafood']
e7329	['seafood']
e7330	['seafood']
e7331	['seafood']
e7332	['seafood']
e7333	['seafood']
e7334	['seafood']
e7335	['seafood']
e7336	['seafood']
e7337	['seafood']
e7338	['seafood']
e7339	['seafood']
e7340	['seafood']
e7341	['seafood']
e7342	['seafood']
e7343	['seafood']
e7344	['seafood']
e7345	['seafood']
e7346	['seafood']
e7347	['seafood']
e7348	['seafood']
e7349	['seafood']
e7350	['seafood']
e7351	['seafood']
e7352	['seafood']
e7353	['seafood']
e7354	['seafood']
e7355	['seafood']
e7356	['seafood']
e7357	['seafood']
e7358	['seafood']
e7359	['seafood']
e7360	['seafood']
e7361	['seafood']
e7362	['seafood']
e7363	['seafood']
e7364	['seafood']
e7365	['fruit']
e7366	['seafood']
e7367	['seafood']
e7368	['seafood']
e7369	['seafood']
e7370	['seafood']
e7371	['seafood']
e7372	['seafood']
e7373	['seafood']
e7374	['seafood']
e7375	['seafood']
e7376	['seafood']
e7377	['seafood']
e7378	['seafood']
e7379	['seafood']
e7380	['seafood']
e7381	['seafood']
e7382	['seafood']
e7383	['seafood']
e7384	['seafood']
e7385	['seafood']
e7386	['seafood']
e7387	['seafood']
e7388	['seafood']
e7389	['seafood']
e7390	['seafood']
e7391	['seafood']
e7392	['seafood']
e7393	['seafood']
e7394	['seafood']
e7395	['seafood']
e7396	['seafood']
e7397	['seafood']
e7398	['seafood']
e7399	['seafood']
e7400	['seafood']
e7401	['seafood']
e7402	['seafood']
e7403	['seafood']
e7404	['seafood']
e7405	['seafood']
e7406	['seafood']
e7407	['seafood']
e7408	['seafood']
e7409	['seafood']
e7410	['seafood']
e7411	['seafood']
e7412	['seafood']
e7413	['seafood']
e7414	['seafood']
e7415	['seafood']
e7416	['seafood']
e7417	['seafood']
e7418	['seafood']
e7419	['seafood']
e7420	['plant seed or nut']
e7421	['plant seed or nut']
e7422	['plant seed or nut']
e7423	['plant seed or nut']
e7424	['other plant']
e7425	['dairy']
e7426	['other animal']
e7427	['seafood']
e7428	['seafood']
e7429	['seafood']
e7430	['seafood']
e7431	['seafood']
e7432	['seafood']
e7433	['seafood']
e7434	['unclassified']
e7435	['avian']
e7436	['vegetable']
e7437	['vegetable']
e7438	['plant seed or nut']
e7439	['other plant']
e7440	['seafood']
e7441	['plant seed or nut']
e7442	['plant seed or nut']
e7443	['fruit']
e7444	['plant seed or nut']
e7445	['seafood']
e7446	['legume']
e7447	['other plant']
e7448	['seafood']
e7449	['seafood']
e7450	['seafood']
e7451	['seafood']
e7452	['seafood']
e7453	['seafood']
e7454	['seafood']
e7455	['seafood']
e7456	['seafood']
e7457	['seafood']
e7458	['seafood']
e7459	['seafood']
e7460	['seafood']
e7461	['seafood']
e7462	['seafood']
e7463	['seafood']
e7464	['seafood']
e7465	['plant seed or nut']
e7466	['other animal']
e7467	['mammalian meat']
e7468	['vegetable']
e7469	['other animal']
e7470	['other plant']
e7471	['seafood']
e7472	['other plant']
e7473	['other animal']
e7474	['mammalian meat']
e7475	['mammalian meat']
e7476	['mammalian meat']
e7477	['avian']
e7478	['mammalian meat']
e7479	['avian']
e7480	['mammalian meat']
e7481	['mammalian meat']
e7482	['avian']
e7483	['avian']
e7484	['other animal']
e7485	['mammalian meat']
e7486	['mammalian meat']
e7487	['other plant']
e7488	['plant seed or nut']
e7489	['fruit']
e7490	['fruit']
e7491	['dairy']
e7492	['fruit']
e7493	['fruit']
e7494	['mammalian meat']
e7495	['fruit']
e7496	['seafood']
e7497	['dairy']
e7498	['avian']
e7499	['fruit']
e7500	['fruit']
e7501	['fruit']
e7502	['seafood']
e7503	['fruit']
e7504	['other plant']
e7505	['plant seed or nut']
e7506	['fruit']
e7507	['unclassified']
e7508	['seafood']
e7509	['other plant']
e7510	['seafood']
e7511	['seafood']
e7512	['other plant']
e7513	['seafood']
e7514	['seafood']
e7515	['plant seed or nut']
e7516	['legume']
e7517	['dairy']
e7518	['dairy']
e7519	['dairy']
e7520	['dairy']
e7521	['dairy']
e7522	['mammalian meat']
e7523	['dairy']
e7524	['dairy']
e7525	['dairy']
e7526	['other plant']
e7527	['fruit']
e7528	['avian']
e7529	['vegetable']
e7530	['vegetable']
e7531	['seafood']
e7532	['other plant']
e7533	['dairy']
e7534	['mammalian meat']
e7535	['dairy']
e7536	['fruit']
e7537	['vegetable']
e7538	['fruit']
e7539	['mammalian meat']
e7540	['fruit']
e7541	['fruit']
e7542	['dairy']
e7543	['seafood']
e7544	['seafood']
e7545	['plant seed or nut']
e7546	['vegetable']
e7547	['fruit']
e7548	['fruit']
e7549	['fruit']
e7550	['dairy']
e7551	['dairy']
e7552	['vegetable']
e7553	['seafood']
e7554	['seafood']
e7555	['seafood']
e7556	['plant seed or nut']
e7557	['seafood']
e7558	['seafood']
e7559	['seafood']
e7560	['seafood']
e7561	['seafood']
e7562	['seafood']
e7563	['seafood']
e7564	['seafood']
e7565	['seafood']
e7566	['seafood']
e7567	['seafood']
e7568	['seafood']
e7569	['seafood']
e7570	['seafood']
e7571	['seafood']
e7572	['seafood']
e7573	['seafood']
e7574	['seafood']
e7575	['seafood']
e7576	['seafood']
e7577	['seafood']
e7578	['seafood']
e7579	['seafood']
e7580	['seafood']
e7581	['seafood']
e7582	['seafood']
e7583	['seafood']
e7584	['seafood']
e7585	['other plant']
e7586	['dairy']
e7587	['vegetable']
e7588	['plant seed or nut']
e7589	['seafood']
e7590	['plant seed or nut']
e7591	['seafood']
e7592	['seafood']
e7593	['seafood']
e7594	['legume']
e7595	['plant seed or nut']
e7596	['legume']
e7597	['seafood']
e7598	['seafood']
e7599	['seafood']
e7600	['seafood']
e7601	['seafood']
e7602	['seafood']
e7603	['seafood']
e7604	['seafood']
e7605	['seafood']
e7606	['seafood']
e7607	['seafood']
e7608	['seafood']
e7609	['seafood']
e7610	['seafood']
e7611	['plant seed or nut']
e7612	['fruit']
e7613	['seafood']
e7614	['seafood']
e7615	['seafood']
e7616	['plant seed or nut']
e7617	['legume']
e7618	['plant seed or nut']
e7619	['other plant']
e7620	['fruit']
e7621	['seafood']
e7622	['seafood']
e7623	['fruit']
e7624	['other plant']
e7625	['fruit']
e7626	['other plant']
e7627	['vegetable']
e7628	['plant seed or nut']
e7629	['legume']
e7630	['other plant']
e7631	['seafood']
e7632	['seafood']
e7633	['seafood']
e7634	['seafood']
e7635	['seafood']
e7636	['fruit']
e7637	['seafood']
e7638	['seafood']
e7639	['seafood']
e7640	['plant seed or nut']
e7641	['other plant']
e7642	['avian']
e7643	['dairy']
e7644	['mammalian meat']
e7645	['plant seed or nut']
e7646	['avian']
e7647	['other plant']
e7648	['legume']
e7649	['plant seed or nut']
e7650	['plant seed or nut']
e7651	['legume']
e7652	['legume']
e7653	['fruit']
e7654	['legume']
e7655	['plant seed or nut']
e7656	['fruit']
e7657	['fruit']
e7658	['plant seed or nut']
e7659	['plant seed or nut']
e7660	['other plant']
e7661	['other plant']
e7662	['mammalian meat']
e7663	['plant seed or nut']
e7664	['plant seed or nut']
e7665	['plant seed or nut']
e7666	['legume']
e7667	['vegetable']
e7668	['other plant']
e7669	['plant seed or nut']
e7670	['fruit']
e7671	['fruit']
e7672	['plant seed or nut']
e7673	['vegetable']
e7674	['fruit']
e7675	['vegetable']
e7676	['plant seed or nut']
e7677	['legume']
e7678	['fruit']
e7679	['legume']
e7680	['fruit']
e7681	['seafood']
e7682	['dairy']
e7683	['plant seed or nut']
e7684	['legume']
e7685	['dairy']
e7686	['legume']
e7687	['plant seed or nut']
e7688	['fruit']
e7689	['plant seed or nut']
e7690	['legume']
e7691	['vegetable']
e7692	['other plant']
e7693	['plant seed or nut']
e7694	['legume']
e7695	['legume']
e7696	['other plant']
e7697	['fruit']
e7698	['legume']
e7699	['legume']
e7700	['plant seed or nut']
e7701	['plant seed or nut']
e7702	['mammalian meat']
e7703	['plant seed or nut']
e7704	['other plant']
e7705	['fruit']
e7706	['plant seed or nut']
e7707	['plant seed or nut']
e7708	['legume']
e7709	['legume']
e7710	['plant seed or nut']
e7711	['plant seed or nut']
e7712	['legume']
e7713	['plant seed or nut']
e7714	['other plant']
e7715	['plant seed or nut']
e7716	['vegetable']
e7717	['vegetable']
e7718	['legume']
e7719	['legume']
e7720	['mammalian meat']
e7721	['plant seed or nut']
e7722	['plant seed or nut']
e7723	['plant seed or nut']
e7724	['seafood']
e7725	['seafood']
e7726	['seafood']
e7727	['seafood']
e7728	['seafood']
e7729	['seafood']
e7730	['vegetable']
e7731	['plant seed or nut']
e7732	['plant seed or nut']
e7733	['plant seed or nut']
e7734	['legume']
e7735	['fruit']
e7736	['fruit']
e7737	['fruit']
e7738	['mammalian meat']
e7739	['plant seed or nut']
e7740	['unclassified']
e7741	['legume']
e7742	['plant seed or nut']
e7743	['other plant']
e7744	['plant seed or nut']
e7745	['vegetable']
e7746	['legume']
e7747	['legume']
e7748	['plant seed or nut']
e7749	['other plant']
e7750	['mammalian meat']
e7751	['mammalian meat']
e7752	['other animal']
e7753	['mammalian meat']
e7754	['fruit']
e7755	['fruit']
e7756	['plant seed or nut']
e7757	['plant seed or nut']
e7758	['plant seed or nut']
e7759	['plant seed or nut']
e7760	['plant seed or nut']
e7761	['legume']
e7762	['plant seed or nut']
e7763	['plant seed or nut']
e7764	['mammalian meat']
e7765	['legume']
e7766	['legume']
e7767	['legume']
e7768	['legume']
e7769	['legume']
e7770	['dairy']
e7771	['legume']
e7772	['plant seed or nut']
e7773	['dairy']
e7774	['plant seed or nut']
e7775	['legume']
e7776	['vegetable']
e7777	['other plant']
e7778	['seafood']
e7779	['fruit']
e7780	['fruit']
e7781	['mammalian meat']
e7782	['seafood']
e7783	['seafood']
e7784	['legume']
e7785	['legume']
e7786	['mammalian meat']
e7787	['plant seed or nut']
e7788	['plant seed or nut']
e7789	['plant seed or nut']
e7790	['vegetable']
e7791	['other plant']
e7792	['fruit']
e7793	['legume']
e7794	['legume']
e7795	['mammalian meat']
e7796	['mammalian meat']
e7797	['other plant']
e7798	['other plant']
e7799	['seafood']
e7800	['other animal']
e7801	['dairy']
e7802	['vegetable']
e7803	['avian']
e7804	['avian']
e7805	['other plant']
e7806	['other plant']
e7807	['other plant']
e7808	['vegetable']
e7809	['vegetable']
e7810	['vegetable']
e7811	['fruit']
e7812	['other plant']
e7813	['other plant']
e7814	['seafood']
e7815	['plant seed or nut']
e7816	['plant seed or nut']
e7817	['plant seed or nut']
e7818	['seafood']
e7819	['seafood']
e7820	['vegetable']
e7821	['vegetable']
e7822	['vegetable']
e7823	['plant seed or nut']
e7824	['vegetable']
e7825	['vegetable']
e7826	['fruit']
e7827	['plant seed or nut']
e7828	['fruit']
e7829	['plant seed or nut']
e7830	['dairy']
e7831	['vegetable']
e7832	['fruit']
e7833	['fruit']
e7834	['fruit']
e7835	['fruit']
e7836	['seafood']
e7837	['avian']
e7838	['vegetable']
e7839	['other plant']
e7840	['other plant']
e7841	['mammalian meat']
e7842	['mammalian meat']
e7843	['mammalian meat']
e7844	['mammalian meat']
e7845	['avian']
e7846	['avian']
e7847	['avian']
e7848	['avian']
e7849	['plant seed or nut']
e7850	['dairy']
e7851	['other plant']
e7852	['vegetable']
e7853	['other plant']
e7854	['plant seed or nut']
e7855	['dairy']
e7856	['dairy']
e7857	['vegetable']
e7858	['vegetable']
e7859	['vegetable']
e7860	['plant seed or nut']
e7861	['seafood']
e7862	['other plant']
e7863	['seafood']
e7864	['fruit']
e7865	['other plant']
e7866	['seafood']
e7867	['fruit']
e7868	['fruit']
e7869	['fruit']
e7870	['plant seed or nut']
e7871	['fruit']
e7872	['seafood']
e7873	['other plant']
e7874	['other plant']
e7875	['dairy']
e7876	['avian']
e7877	['avian']
e7878	['avian']
e7879	['avian']
e7880	['other plant']
e7881	['plant seed or nut']
e7882	['vegetable']
e7883	['other plant']
e7884	['other plant']
e7885	['other plant']
e7886	['plant seed or nut']
e7887	['avian']
e7888	['other plant']
e7889	['mammalian meat']
e7890	['vegetable']
e7891	['vegetable']
e7892	['mammalian meat']
e7893	['fruit']
e7894	['mammalian meat']
e7895	['mammalian meat']
e7896	['plant seed or nut']
e7897	['plant seed or nut']
e7898	['plant seed or nut']
e7899	['dairy']
e7900	['fruit']
e7901	['fruit']
e7902	['plant seed or nut']
e7903	['dairy']
e7904	['plant seed or nut']
e7905	['dairy']
e7906	['mammalian meat']
e7907	['legume']
e7908	['dairy']
e7909	['plant seed or nut']
e7910	['legume']
e7911	['other plant']
e7912	['legume']
e7913	['plant seed or nut']
e7914	['plant seed or nut']
e7915	['vegetable']
e7916	['other plant']
e7917	['vegetable']
e7918	['other plant']
e7919	['dairy']
e7920	['other plant']
e7921	['vegetable']
e7922	['seafood']
e7923	['unclassified']
e7924	['legume']
e7925	['vegetable']
e7926	['vegetable']
e7927	['fruit']
e7928	['other plant']
e7929	['vegetable']
e7930	['fruit']
e7931	['plant seed or nut']
e7932	['dairy']
e7933	['dairy']
e7934	['dairy']
e7935	['dairy']
e7936	['vegetable']
e7937	['plant seed or nut']
e7938	['plant seed or nut']
e7939	['plant seed or nut']
e7940	['plant seed or nut']
e7941	['plant seed or nut']
e7942	['legume']
e7943	['plant seed or nut']
e7944	['plant seed or nut']
e7945	['other plant']
e7946	['plant seed or nut']
e7947	['plant seed or nut']
e7948	['legume']
e7949	['legume']
e7950	['other plant']
e7951	['plant seed or nut']
e7952	['other animal']
e7953	['plant seed or nut']
e7954	['dairy']
e7955	['fruit']
e7956	['fruit']
e7957	['unclassified']
e7958	['fruit']
e7959	['dairy']
e7960	['dairy']
e7961	['fruit']
e7962	['dairy']
e7963	['mammalian meat']
e7964	['fruit']
e7965	['fruit']
e7966	['legume']
e7967	['other plant']
e7968	['fruit']
e7969	['fruit']
e7970	['dairy']
e7971	['fruit']
e7972	['dairy']
e7973	['other plant']
e7974	['seafood']
e7975	['seafood']
e7976	['seafood']
e7977	['fruit']
e7978	['other plant']
e7979	['plant seed or nut']
e7980	['plant seed or nut']
e7981	['dairy']
e7982	['dairy']
e7983	['legume']
e7984	['dairy']
e7985	['plant seed or nut']
e7986	['fruit']
e7987	['fruit']
e7988	['other plant']
e7989	['seafood']
e7990	['other plant']
e7991	['other plant']
e7992	['other plant']
e7993	['seafood']
e7994	['seafood']
e7995	['seafood']
e7996	['dairy']
e7997	['plant seed or nut']
e7998	['seafood']
e7999	['other plant']
e8000	['dairy']
e8001	['fruit']
e8002	['fruit']
e8003	['unclassified']
e8004	['plant seed or nut']
e8005	['unclassified']
e8006	['dairy']
e8007	['plant seed or nut']
e8008	['other plant']
e8009	['legume']
e8010	['dairy']
e8011	['mammalian meat']
e8012	['mammalian meat']
e8013	['plant seed or nut']
e8014	['other plant']
e8015	['mammalian meat']
e8016	['avian']
e8017	['mammalian meat']
e8018	['mammalian meat']
e8019	['mammalian meat']
e8020	['fruit']
e8021	['avian']
e8022	['mammalian meat']
e8023	['mammalian meat']
e8024	['mammalian meat']
e8025	['fruit']
e8026	['fruit']
e8027	['other plant']
e8028	['vegetable']
e8029	['other plant']
e8030	['dairy']
e8031	['dairy']
e8032	['seafood']
e8033	['other plant']
e8034	['plant seed or nut']
e8035	['plant seed or nut']
e8036	['avian']
e8037	['legume']
e8038	['plant seed or nut']
e8039	['plant seed or nut']
e8040	['seafood']
e8041	['plant seed or nut']
e8042	['seafood']
e8043	['dairy']
e8044	['seafood']
e8045	['seafood']
e8046	['mammalian meat']
e8047	['mammalian meat']
e8048	['avian']
e8049	['other plant']
e8050	['fruit']
e8051	['plant seed or nut']
e8052	['plant seed or nut']
e8053	['dairy']
e8054	['other plant']
e8055	['legume']
e8056	['plant seed or nut']
e8057	['legume']
e8058	['fruit']
e8059	['fruit']
e8060	['plant seed or nut']
e8061	['other plant']
e8062	['dairy']
e8063	['plant seed or nut']
e8064	['legume']
e8065	['fruit']
e8066	['avian']
e8067	['plant seed or nut']
e8068	['dairy']
e8069	['plant seed or nut']
e8070	['plant seed or nut']
e8071	['fruit']
e8072	['mammalian meat']
e8073	['vegetable']
e8074	['other plant']
e8075	['mammalian meat']
e8076	['vegetable']
e8077	['fruit']
e8078	['seafood']
e8079	['legume']
e8080	['seafood']
e8081	['seafood']
e8082	['seafood']
e8083	['plant seed or nut']
e8084	['avian']
e8085	['avian']
e8086	['mammalian meat']
e8087	['dairy']
e8088	['seafood']
e8089	['fruit']
e8090	['plant seed or nut']
e8091	['other plant']
e8092	['seafood']
e8093	['seafood']
e8094	['other animal']
e8095	['plant seed or nut']
e8096	['seafood']
e8097	['seafood']
e8098	['other plant']
e8099	['seafood']
e8100	['fruit']
e8101	['fruit']
e8102	['fruit']
e8103	['fruit']
e8104	['fruit']
e8105	['legume']
e8106	['other plant']
e8107	['legume']
e8108	['legume']
e8109	['fruit']
e8110	['other plant']
e8111	['legume']
e8112	['other plant']
e8113	['other plant']
e8114	['other animal']
e8115	['seafood']
e8116	['fruit']
e8117	['fruit']
e8118	['mammalian meat']
e8119	['mammalian meat']
e8120	['fruit']
e8121	['vegetable']
e8122	['plant seed or nut']
e8123	['plant seed or nut']
e8124	['plant seed or nut']
e8125	['fruit']
e8126	['dairy']
e8127	['dairy']
e8128	['fruit']
e8129	['legume']
e8130	['vegetable']
e8131	['legume']
e8132	['fruit']
e8133	['vegetable']
e8134	['legume']
e8135	['other plant']
e8136	['dairy']
e8137	['dairy']
e8138	['fruit']
e8139	['dairy']
e8140	['seafood']
e8141	['mammalian meat']
e8142	['mammalian meat']
e8143	['mammalian meat']
e8144	['fruit']
e8145	['plant seed or nut']
e8146	['other plant']
e8147	['plant seed or nut']
e8148	['legume']
e8149	['dairy']
e8150	['other animal']
e8151	['plant seed or nut']
e8152	['avian']
e8153	['fruit']
e8154	['mammalian meat']
e8155	['avian']
e8156	['fruit']
e8157	['plant seed or nut']
e8158	['legume']
e8159	['plant seed or nut']
e8160	['plant seed or nut']
e8161	['avian']
e8162	['mammalian meat']
e8163	['other plant']
e8164	['vegetable']
e8165	['plant seed or nut']
e8166	['dairy']
e8167	['legume']
e8168	['seafood']
e8169	['legume']
e8170	['other plant']
e8171	['plant seed or nut']
e8172	['plant seed or nut']
e8173	['dairy']
e8174	['other plant']
e8175	['unclassified']
e8176	['plant seed or nut']
e8177	['plant seed or nut']
e8178	['dairy']
e8179	['fruit']
e8180	['seafood']
e8181	['seafood']
e8182	['dairy']
e8183	['fruit']
e8184	['unclassified']
e8185	['fruit']
e8186	['plant seed or nut']
e8187	['mammalian meat']
e8188	['mammalian meat']
e8189	['dairy']
e8190	['mammalian meat']
e8191	['mammalian meat']
e8192	['seafood']
e8193	['seafood']
e8194	['seafood']
e8195	['seafood']
e8196	['unclassified']
e8197	['dairy']
e8198	['dairy']
e8199	['fruit']
e8200	['dairy']
e8201	['other plant']
e8202	['mammalian meat']
e8203	['mammalian meat']
e8204	['mammalian meat']
e8205	['other plant']
e8206	['plant seed or nut']
e8207	['dairy']
e8208	['avian']
e8209	['dairy']
e8210	['mammalian meat']
e8211	['mammalian meat']
e8212	['dairy']
e8213	['fruit']
e8214	['vegetable']
e8215	['other plant']
e8216	['other animal']
e8217	['vegetable']
e8218	['other plant']
e8219	['avian']
e8220	['vegetable']
e8221	['vegetable']
e8222	['vegetable']
e8223	['mammalian meat']
e8224	['seafood']
e8225	['plant seed or nut']
e8226	['vegetable']
e8227	['plant seed or nut']
e8228	['dairy']
e8229	['dairy']
e8230	['mammalian meat']
e8231	['mammalian meat']
e8232	['avian']
e8233	['seafood']
e8234	['mammalian meat']
e8235	['plant seed or nut']
e8236	['seafood']
e8237	['fruit']
e8238	['plant seed or nut']
e8239	['mammalian meat']
e8240	['legume']
e8241	['legume']
e8242	['vegetable']
e8243	['seafood']
e8244	['plant seed or nut']
e8245	['fruit']
e8246	['plant seed or nut']
e8247	['seafood']
e8248	['mammalian meat']
e8249	['mammalian meat']
e8250	['mammalian meat']
e8251	['mammalian meat']
e8252	['mammalian meat']
e8253	['fruit']
e8254	['other plant']
e8255	['mammalian meat']
e8256	['seafood']
e8257	['seafood']
e8258	['seafood']
e8259	['seafood']
e8260	['dairy']
e8261	['dairy']
e8262	['seafood']
e8263	['seafood']
e8264	['seafood']
e8265	['plant seed or nut']
e8266	['dairy']
e8267	['vegetable']
e8268	['dairy']
e8269	['avian']
e8270	['avian']
e8271	['avian']
e8272	['dairy']
e8273	['seafood']
e8274	['vegetable']
e8275	['unclassified']
e8276	['vegetable']
e8277	['avian']
e8278	['plant seed or nut']
e8279	['plant seed or nut']
e8280	['fruit']
e8281	['other plant']
e8282	['plant seed or nut']
e8283	['seafood']
e8284	['fruit']
e8285	['dairy']
e8286	['fruit']
e8287	['other plant']
e8288	['plant seed or nut']
e8289	['plant seed or nut']
e8290	['mammalian meat']
e8291	['avian']
e8292	['legume']
e8293	['plant seed or nut']
e8294	['dairy']
e8295	['plant seed or nut']
e8296	['fruit']
e8297	['dairy']
e8298	['mammalian meat']
e8299	['avian']
e8300	['mammalian meat']
e8301	['dairy']
e8302	['dairy']
e8303	['dairy']
e8304	['plant seed or nut']
e8305	['vegetable']
e8306	['avian']
e8307	['other plant']
e8308	['fruit']
e8309	['unclassified']
e8310	['unclassified']
e8311	['vegetable']
e8312	['seafood']
e8313	['seafood']
e8314	['seafood']
e8315	['seafood']
e8316	['seafood']
e8317	['seafood']
e8318	['vegetable']
e8319	['plant seed or nut']
e8320	['dairy']
e8321	['plant seed or nut']
e8322	['dairy']
e8323	['fruit']
e8324	['vegetable']
e8325	['plant seed or nut']
e8326	['plant seed or nut']
e8327	['seafood']
e8328	['mammalian meat']
e8329	['legume']
e8330	['plant seed or nut']
e8331	['avian']
e8332	['avian']
e8333	['mammalian meat']
e8334	['fruit']
e8335	['vegetable']
e8336	['other plant']
e8337	['vegetable']
e8338	['vegetable']
e8339	['other plant']
e8340	['fruit']
e8341	['fruit']
e8342	['fruit']
e8343	['plant seed or nut']
e8344	['fruit']
e8345	['legume']
e8346	['other animal']
e8347	['seafood']
e8348	['dairy']
e8349	['dairy']
e8350	['seafood']
e8351	['vegetable']
e8352	['other plant']
e8353	['other plant']
e8354	['other plant']
e8355	['vegetable']
e8356	['seafood']
e8357	['dairy']
e8358	['seafood']
e8359	['plant seed or nut']
e8360	['seafood']
e8361	['plant seed or nut']
e8362	['fruit']
e8363	['plant seed or nut']
e8364	['seafood']
e8365	['seafood']
e8366	['seafood']
e8367	['seafood']
e8368	['seafood']
e8369	['seafood']
e8370	['other plant']
e8371	['other plant']
e8372	['plant seed or nut']
e8373	['vegetable']
e8374	['fruit']
e8375	['fruit']
e8376	['avian']
e8377	['avian']
e8378	['seafood']
e8379	['vegetable']
e8380	['plant seed or nut']
e8381	['plant seed or nut']
e8382	['plant seed or nut']
e8383	['plant seed or nut']
e8384	['plant seed or nut']
e8385	['plant seed or nut']
e8386	['plant seed or nut']
e8387	['plant seed or nut']
e8388	['plant seed or nut']
e8389	['plant seed or nut']
e8390	['seafood']
e8391	['seafood']
e8392	['seafood']
e8393	['seafood']
e8394	['seafood']
e8395	['seafood']
e8396	['fruit']
e8397	['plant seed or nut']
e8398	['fruit']
e8399	['seafood']
e8400	['dairy']
e8401	['dairy']
e8402	['dairy']
e8403	['unclassified']
e8404	['seafood']
e8405	['fruit']
e8406	['fruit']
e8407	['plant seed or nut']
e8408	['vegetable']
e8409	['legume']
e8410	['seafood']
e8411	['seafood']
e8412	['seafood']
e8413	['seafood']
e8414	['fruit']
e8415	['seafood']
e8416	['fruit']
e8417	['fruit']
e8418	['other plant']
e8419	['seafood']
e8420	['seafood']
e8421	['seafood']
e8422	['vegetable']
e8423	['fruit']
e8424	['vegetable']
e8425	['vegetable']
e8426	['unclassified']
e8427	['vegetable']
e8428	['legume']
e8429	['plant seed or nut']
e8430	['plant seed or nut']
e8431	['plant seed or nut']
e8432	['dairy']
e8433	['plant seed or nut']
e8434	['plant seed or nut']
e8435	['fruit']
e8436	['fruit']
e8437	['fruit']
e8438	['fruit']
e8439	['fruit']
e8440	['fruit']
e8441	['seafood']
e8442	['plant seed or nut']
e8443	['seafood']
e8444	['seafood']
e8445	['seafood']
e8446	['seafood']
e8447	['seafood']
e8448	['seafood']
e8449	['mammalian meat']
e8450	['mammalian meat']
e8451	['plant seed or nut']
e8452	['plant seed or nut']
e8453	['plant seed or nut']
e8454	['plant seed or nut']
e8455	['plant seed or nut']
e8456	['avian']
e8457	['dairy']
e8458	['seafood']
e8459	['seafood']
e8460	['plant seed or nut']
e8461	['seafood']
e8462	['vegetable']
e8463	['legume']
e8464	['fruit']
e8465	['fruit']
e8466	['fruit']
e8467	['vegetable']
e8468	['vegetable']
e8469	['seafood']
e8470	['plant seed or nut']
e8471	['vegetable']
e8472	['legume']
e8473	['legume']
e8474	['fruit']
e8475	['fruit']
e8476	['dairy']
e8477	['fruit']
e8478	['seafood']
e8479	['mammalian meat']
e8480	['dairy']
e8481	['other plant']
e8482	['vegetable']
e8483	['fruit']
e8484	['seafood']
e8485	['mammalian meat']
e8486	['mammalian meat']
e8487	['dairy']
e8488	['plant seed or nut']
e8489	['other plant']
e8490	['other plant']
e8491	['dairy']
e8492	['seafood']
e8493	['fruit']
e8494	['seafood']
e8495	['seafood']
e8496	['mammalian meat']
e8497	['other plant']
e8498	['dairy']
e8499	['mammalian meat']
e8500	['plant seed or nut']
e8501	['fruit']
e8502	['dairy']
e8503	['other plant']
e8504	['dairy']
e8505	['vegetable']
e8506	['other plant']
e8507	['fruit']
e8508	['legume']
e8509	['plant seed or nut']
e8510	['other plant']
e8511	['seafood']
e8512	['other plant']
e8513	['other plant']
e8514	['other plant']
e8515	['fruit']
e8516	['plant seed or nut']
e8517	['fruit']
e8518	['plant seed or nut']
e8519	['fruit']
e8520	['plant seed or nut']
e8521	['plant seed or nut']
e8522	['plant seed or nut']
e8523	['other plant']
e8524	['plant seed or nut']
e8525	['plant seed or nut']
e8526	['plant seed or nut']
e8527	['other plant']
e8528	['fruit']
e8529	['plant seed or nut']
e8530	['plant seed or nut']
e8531	['plant seed or nut']
e8532	['mammalian meat']
e8533	['fruit']
e8534	['mammalian meat']
e8535	['mammalian meat']
e8536	['mammalian meat']
e8537	['plant seed or nut']
e8538	['plant seed or nut']
e8539	['fruit']
e8540	['fruit']
e8541	['fruit']
e8542	['legume']
e8543	['plant seed or nut']
e8544	['plant seed or nut']
e8545	['other animal']
e8546	['plant seed or nut']
e8547	['fruit']
e8548	['fruit']
e8549	['seafood']
e8550	['seafood']
e8551	['fruit']
e8552	['legume']
e8553	['fruit']
e8554	['other animal']
e8555	['mammalian meat']
e8556	['mammalian meat']
e8557	['mammalian meat']
e8558	['mammalian meat']
e8559	['mammalian meat']
e8560	['plant seed or nut']
e8561	['fruit']
e8562	['fruit']
e8563	['mammalian meat']
e8564	['fruit']
e8565	['avian']
e8566	['legume']
e8567	['dairy']
e8568	['dairy']
e8569	['dairy']
e8570	['dairy']
e8571	['dairy']
e8572	['mammalian meat']
e8573	['plant seed or nut']
e8574	['legume']
e8575	['dairy']
e8576	['other plant']
e8577	['vegetable']
e8578	['plant seed or nut']
e8579	['plant seed or nut']
e8580	['plant seed or nut']
e8581	['legume']
e8582	['fruit']
e8583	['vegetable']
e8584	['other plant']
e8585	['plant seed or nut']
e8586	['seafood']
e8587	['fruit']
e8588	['other plant']
e8589	['vegetable']
e8590	['legume']
e8591	['fruit']
e8592	['seafood']
e8593	['other plant']
e8594	['vegetable']
e8595	['dairy']
e8596	['plant seed or nut']
e8597	['other plant']
e8598	['other plant']
e8599	['other plant']
e8600	['other plant']
e8601	['mammalian meat']
e8602	['mammalian meat']
e8603	['mammalian meat']
e8604	['mammalian meat']
e8605	['seafood']
e8606	['other plant']
e8607	['fruit']
e8608	['fruit']
e8609	['mammalian meat']
e8610	['seafood']
e8611	['vegetable']
e8612	['fruit']
e8613	['fruit']
e8614	['seafood']
e8615	['seafood']
e8616	['seafood']
e8617	['mammalian meat']
e8618	['avian']
e8619	['other plant']
e8620	['seafood']
e8621	['vegetable']
e8622	['fruit']
e8623	['fruit']
e8624	['fruit']
e8625	['other plant']
e8626	['fruit']
e8627	['plant seed or nut']
e8628	['plant seed or nut']
e8629	['vegetable']
e8630	['vegetable']
e8631	['vegetable']
e8632	['fruit']
e8633	['seafood']
e8634	['dairy']
e8635	['other plant']
e8636	['avian']
e8637	['mammalian meat']
e8638	['plant seed or nut']
e8639	['vegetable']
e8640	['mammalian meat']
e8641	['mammalian meat']
e8642	['mammalian meat']
e8643	['mammalian meat']
e8644	['unclassified']
e8645	['vegetable']
e8646	['vegetable']
e8647	['other plant']
e8648	['other plant']
e8649	['mammalian meat']
e8650	['fruit']
e8651	['other plant']
e8652	['other plant']
e8653	['vegetable']
e8654	['plant seed or nut']
e8655	['other plant']
e8656	['fruit']
e8657	['fruit']
e8658	['fruit']
e8659	['mammalian meat']
e8660	['seafood']
e8661	['seafood']
e8662	['seafood']
e8663	['plant seed or nut']
e8664	['other plant']
e8665	['other plant']
e8666	['other plant']
e8667	['other plant']
e8668	['avian']
e8669	['vegetable']
e8670	['mammalian meat']
e8671	['plant seed or nut']
e8672	['seafood']
e8673	['seafood']
e8674	['plant seed or nut']
e8675	['dairy']
e8676	['dairy']
e8677	['avian']
e8678	['avian']
e8679	['seafood']
e8680	['mammalian meat']
e8681	['seafood']
e8682	['seafood']
e8683	['fruit']
e8684	['fruit']
e8685	['vegetable']
e8686	['other plant']
e8687	['seafood']
e8688	['fruit']
e8689	['vegetable']
e8690	['vegetable']
e8691	['other plant']
e8692	['plant seed or nut']
e8693	['other plant']
e8694	['other plant']
e8695	['avian']
e8696	['avian']
e8697	['avian']
e8698	['seafood']
e8699	['seafood']
e8700	['other plant']
e8701	['seafood']
e8702	['seafood']
e8703	['legume']
e8704	['legume']
e8705	['legume']
e8706	['avian']
e8707	['mammalian meat']
e8708	['fruit']
e8709	['fruit']
e8710	['seafood']
e8711	['fruit']
e8712	['legume']
e8713	['fruit']
e8714	['fruit']
e8715	['plant seed or nut']
e8716	['mammalian meat']
e8717	['mammalian meat']
e8718	['mammalian meat']
e8719	['other plant']
e8720	['avian']
e8721	['plant seed or nut']
e8722	['other plant']
e8723	['seafood']
e8724	['seafood']
e8725	['dairy']
e8726	['seafood']
e8727	['avian']
e8728	['mammalian meat']
e8729	['other plant']
e8730	['mammalian meat']
e8731	['avian']
e8732	['legume']
e8733	['legume']
e8734	['legume']
e8735	['plant seed or nut']
e8736	['mammalian meat']
e8737	['legume']
e8738	['other animal']
e8739	['legume']
e8740	['plant seed or nut']
e8741	['fruit']
e8742	['mammalian meat']
e8743	['plant seed or nut']
e8744	['plant seed or nut']
e8745	['other plant']
e8746	['avian']
e8747	['mammalian meat']
e8748	['dairy']
e8749	['vegetable']
e8750	['legume']
e8751	['other plant']
e8752	['dairy']
e8753	['other plant']
e8754	['plant seed or nut']
e8755	['avian']
e8756	['plant seed or nut']
e8757	['plant seed or nut']
e8758	['unclassified']
e8759	['vegetable']
e8760	['fruit']
e8761	['vegetable']
e8762	['seafood']
e8763	['plant seed or nut']
e8764	['dairy']
e8765	['plant seed or nut']
e8766	['plant seed or nut']
e8767	['other plant']
e8768	['plant seed or nut']
e8769	['plant seed or nut']
e8770	['plant seed or nut']
e8771	['plant seed or nut']
e8772	['mammalian meat']
e8773	['fruit']
e8774	['other plant']
e8775	['other plant']
e8776	['legume']
e8777	['mammalian meat']
e8778	['avian']
e8779	['plant seed or nut']
e8780	['legume']
e8781	['seafood']
e8782	['dairy']
e8783	['seafood']
e8784	['mammalian meat']
e8785	['other plant']
e8786	['mammalian meat']
e8787	['other plant']
e8788	['fruit']
e8789	['fruit']
e8790	['unclassified']
e8791	['fruit']
e8792	['fruit']
e8793	['other plant']
e8794	['fruit']
e8795	['dairy']
e8796	['dairy']
e8797	['dairy']
e8798	['dairy']
e8799	['dairy']
e8800	['dairy']
e8801	['dairy']
e8802	['dairy']
e8803	['other plant']
e8804	['fruit']
e8805	['other plant']
e8806	['vegetable']
e8807	['plant seed or nut']
e8808	['plant seed or nut']
e8809	['dairy']
e8810	['plant seed or nut']
e8811	['avian']
e8812	['fruit']
e8813	['fruit']
e8814	['plant seed or nut']
e8815	['plant seed or nut']
e8816	['seafood']
e8817	['avian']
e8818	['other plant']
e8819	['vegetable']
e8820	['seafood']
e8821	['other plant']
e8822	['fruit']
e8823	['legume']
e8824	['other plant']
e8825	['other plant']
e8826	['seafood']
e8827	['seafood']
e8828	['plant seed or nut']
e8829	['other animal']
e8830	['avian']
e8831	['seafood']
e8832	['fruit']
e8833	['other plant']
e8834	['dairy']
e8835	['mammalian meat']
e8836	['other plant']
e8837	['fruit']
e8838	['other plant']
e8839	['plant seed or nut']
e8840	['plant seed or nut']
e8841	['other plant']
e8842	['seafood']
e8843	['avian']
e8844	['avian']
e8845	['plant seed or nut']
e8846	['plant seed or nut']
e8847	['dairy']
e8848	['dairy']
e8849	['dairy']
e8850	['other plant']
e8851	['plant seed or nut']
e8852	['fruit']
e8853	['legume']
e8854	['fruit']
e8855	['plant seed or nut']
e8856	['plant seed or nut']
e8857	['plant seed or nut']
e8858	['mammalian meat']
e8859	['dairy']
e8860	['seafood']
e8861	['fruit']
e8862	['seafood']
e8863	['plant seed or nut']
e8864	['plant seed or nut']
e8865	['plant seed or nut']
e8866	['plant seed or nut']
e8867	['fruit']
e8868	['plant seed or nut']
e8869	['dairy']
e8870	['mammalian meat']
e8871	['vegetable']
e8872	['other plant']
e8873	['other plant']
e8874	['other plant']
e8875	['seafood']
e8876	['fruit']
e8877	['seafood']
e8878	['vegetable']
e8879	['plant seed or nut']
e8880	['vegetable']
e8881	['unclassified']
e8882	['unclassified']
e8883	['dairy']
e8884	['other plant']
e8885	['plant seed or nut']
e8886	['vegetable']
e8887	['seafood']
e8888	['seafood']
e8889	['mammalian meat']
e8890	['vegetable']
e8891	['dairy']
e8892	['vegetable']
e8893	['fruit']
e8894	['other plant']
e8895	['seafood']
e8896	['seafood']
e8897	['seafood']
e8898	['legume']
e8899	['legume']
e8900	['legume']
e8901	['legume']
e8902	['legume']
e8903	['fruit']
e8904	['seafood']
e8905	['plant seed or nut']
e8906	['mammalian meat']
e8907	['vegetable']
e8908	['unclassified']
e8909	['legume']
e8910	['dairy']
e8911	['fruit']
e8912	['plant seed or nut']
e8913	['plant seed or nut']
e8914	['dairy']
e8915	['plant seed or nut']
e8916	['plant seed or nut']
e8917	['plant seed or nut']
e8918	['other plant']
e8919	['dairy']
e8920	['dairy']
e8921	['dairy']
e8922	['dairy']
e8923	['dairy']
e8924	['dairy']
e8925	['dairy']
e8926	['dairy']
e8927	['dairy']
e8928	['dairy']
e8929	['dairy']
e8930	['dairy']
e8931	['dairy']
e8932	['mammalian meat']
e8933	['mammalian meat']
e8934	['mammalian meat']
e8935	['mammalian meat']
e8936	['seafood']
e8937	['fruit']
e8938	['mammalian meat']
e8939	['vegetable']
e8940	['unclassified']
e8941	['other animal']
e8942	['plant seed or nut']
e8943	['fruit']
e8944	['fruit']
e8945	['fruit']
e8946	['fruit']
e8947	['other plant']
e8948	['seafood']
e8949	['seafood']
e8950	['mammalian meat']
e8951	['unclassified']
e8952	['plant seed or nut']
e8953	['unclassified']
e8954	['mammalian meat']
e8955	['other plant']
e8956	['fruit']
e8957	['vegetable']
e8958	['fruit']
e8959	['vegetable']
e8960	['seafood']
e8961	['fruit']
e8962	['seafood']
e8963	['legume']
e8964	['mammalian meat']
e8965	['vegetable']
e8966	['seafood']
e8967	['vegetable']
e8968	['seafood']
e8969	['plant seed or nut']
e8970	['plant seed or nut']
e8971	['other plant']
e8972	['seafood']
e8973	['seafood']
e8974	['seafood']
e8975	['unclassified']
e8976	['vegetable']
e8977	['legume']
e8978	['vegetable']
e8979	['fruit']
e8980	['seafood']
e8981	['seafood']
e8982	['seafood']
e8983	['fruit']
e8984	['plant seed or nut']
e8985	['plant seed or nut']
e8986	['fruit']
e8987	['other plant']
e8988	['dairy']
e8989	['dairy']
e8990	['dairy']
e8991	['dairy']
e8992	['other animal']
e8993	['other animal']
e8994	['other plant']
e8995	['other plant']
e8996	['mammalian meat']
e8997	['seafood']
e8998	['seafood']
e8999	['seafood']
e9000	['seafood']
e9001	['seafood']
e9002	['seafood']
e9003	['seafood']
e9004	['plant seed or nut']
e9005	['plant seed or nut']
e9006	['plant seed or nut']
e9007	['other plant']
e9008	['plant seed or nut']
e9009	['plant seed or nut']
e9010	['plant seed or nut']
e9011	['other plant']
e9012	['plant seed or nut']
e9013	['avian']
e9014	['plant seed or nut']
e9015	['mammalian meat']
e9016	['mammalian meat']
e9017	['seafood']
e9018	['vegetable']
e9019	['fruit']
e9020	['fruit']
e9021	['fruit']
e9022	['fruit']
e9023	['mammalian meat']
e9024	['dairy']
e9025	['unclassified']
e9026	['dairy']
e9027	['seafood']
e9028	['seafood']
e9029	['seafood']
e9030	['seafood']
e9031	['fruit']
e9032	['fruit']
e9033	['other plant']
e9034	['plant seed or nut']
e9035	['other plant']
e9036	['dairy']
e9037	['dairy']
e9038	['dairy']
e9039	['dairy']
e9040	['dairy']
e9041	['dairy']
e9042	['seafood']
e9043	['legume']
e9044	['dairy']
e9045	['dairy']
e9046	['dairy']
e9047	['dairy']
e9048	['dairy']
e9049	['dairy']
e9050	['dairy']
e9051	['dairy']
e9052	['dairy']
e9053	['seafood']
e9054	['mammalian meat']
e9055	['mammalian meat']
e9056	['avian']
e9057	['avian']
e9058	['avian']
e9059	['mammalian meat']
e9060	['fruit']
e9061	['mammalian meat']
e9062	['mammalian meat']
e9063	['mammalian meat']
e9064	['mammalian meat']
e9065	['seafood']
e9066	['fruit']
e9067	['fruit']
e9068	['fruit']
e9069	['seafood']
e9070	['seafood']
e9071	['mammalian meat']
e9072	['dairy']
e9073	['plant seed or nut']
e9074	['seafood']
e9075	['plant seed or nut']
e9076	['plant seed or nut']
e9077	['fruit']
e9078	['plant seed or nut']
e9079	['plant seed or nut']
e9080	['vegetable']
e9081	['seafood']
e9082	['seafood']
e9083	['legume']
e9084	['fruit']
e9085	['dairy']
e9086	['other animal']
e9087	['dairy']
e9088	['other plant']
e9089	['other plant']
e9090	['other plant']
e9091	['fruit']
e9092	['mammalian meat']
e9093	['mammalian meat']
e9094	['avian']
e9095	['plant seed or nut']
e9096	['seafood']
e9097	['avian']
e9098	['dairy']
e9099	['fruit']
e9100	['dairy']
e9101	['dairy']
e9102	['fruit']
e9103	['dairy']
e9104	['dairy']
e9105	['other plant']
e9106	['plant seed or nut']
e9107	['mammalian meat']
e9108	['vegetable']
e9109	['seafood']
e9110	['avian']
e9111	['fruit']
e9112	['plant seed or nut']
e9113	['legume']
e9114	['legume']
e9115	['legume']
e9116	['fruit']
e9117	['dairy']
e9118	['dairy']
e9119	['mammalian meat']
e9120	['mammalian meat']
e9121	['mammalian meat']
e9122	['mammalian meat']
e9123	['other plant']
e9124	['mammalian meat']
e9125	['plant seed or nut']
e9126	['seafood']
e9127	['dairy']
e9128	['dairy']
e9129	['fruit']
e9130	['other animal']
e9131	['other plant']
e9132	['fruit']
e9133	['mammalian meat']
e9134	['dairy']
e9135	['mammalian meat']
e9136	['dairy']
e9137	['dairy']
e9138	['dairy']
e9139	['dairy']
e9140	['dairy']
e9141	['dairy']
e9142	['fruit']
e9143	['fruit']
e9144	['vegetable']
e9145	['seafood']
e9146	['avian']
e9147	['avian']
e9148	['avian']
e9149	['other plant']
e9150	['seafood']
e9151	['vegetable']
e9152	['dairy']
e9153	['dairy']
e9154	['dairy']
e9155	['dairy']
e9156	['mammalian meat']
e9157	['fruit']
e9158	['vegetable']
e9159	['vegetable']
e9160	['vegetable']
e9161	['fruit']
e9162	['plant seed or nut']
e9163	['mammalian meat']
e9164	['plant seed or nut']
e9165	['fruit']
e9166	['fruit']
e9167	['seafood']
e9168	['other animal']
e9169	['dairy']
e9170	['dairy']
e9171	['fruit']
e9172	['dairy']
e9173	['dairy']
e9174	['plant seed or nut']
e9175	['plant seed or nut']
e9176	['fruit']
e9177	['other plant']
e9178	['other plant']
e9179	['fruit']
e9180	['fruit']
e9181	['fruit']
e9182	['fruit']
e9183	['fruit']
e9184	['fruit']
e9185	['seafood']
e9186	['seafood']
e9187	['seafood']
e9188	['seafood']
e9189	['seafood']
e9190	['fruit']
e9191	['fruit']
e9192	['fruit']
e9193	['mammalian meat']
e9194	['mammalian meat']
e9195	['seafood']
e9196	['seafood']
e9197	['dairy']
e9198	['dairy']
e9199	['plant seed or nut']
e9200	['other plant']
e9201	['other animal']
e9202	['mammalian meat']
e9203	['plant seed or nut']
e9204	['other plant']
e9205	['plant seed or nut']
e9206	['dairy']
e9207	['avian']
e9208	['fruit']
e9209	['other plant']
e9210	['other plant']
e9211	['mammalian meat']
e9212	['mammalian meat']
e9213	['mammalian meat']
e9214	['other plant']
e9215	['other plant']
e9216	['dairy']
e9217	['dairy']
e9218	['dairy']
e9219	['fruit']
e9220	['legume']
e9221	['legume']
e9222	['mammalian meat']
e9223	['mammalian meat']
e9224	['seafood']
e9225	['fruit']
e9226	['fruit']
e9227	['fruit']
e9228	['other plant']
e9229	['dairy']
e9230	['dairy']
e9231	['mammalian meat']
e9232	['mammalian meat']
e9233	['mammalian meat']
e9234	['mammalian meat']
e9235	['mammalian meat']
e9236	['seafood']
e9237	['seafood']
e9238	['seafood']
e9239	['other plant']
e9240	['other plant']
e9241	['other plant']
e9242	['vegetable']
e9243	['vegetable']
e9244	['vegetable']
e9245	['other plant']
e9246	['fruit']
e9247	['vegetable']
e9248	['vegetable']
e9249	['other plant']
e9250	['vegetable']
e9251	['vegetable']
e9252	['vegetable']
e9253	['fruit']
e9254	['fruit']
e9255	['fruit']
e9256	['fruit']
e9257	['fruit']
e9258	['plant seed or nut']
e9259	['mammalian meat']
e9260	['plant seed or nut']
e9261	['plant seed or nut']
e9262	['plant seed or nut']
e9263	['other plant']
e9264	['mammalian meat']
e9265	['plant seed or nut']
e9266	['other plant']
e9267	['mammalian meat']
e9268	['mammalian meat']
e9269	['fruit']
e9270	['dairy']
e9271	['dairy']
e9272	['dairy']
e9273	['seafood']
e9274	['seafood']
e9275	['seafood']
e9276	['seafood']
e9277	['seafood']
e9278	['seafood']
e9279	['vegetable']
e9280	['vegetable']
e9281	['plant seed or nut']
e9282	['seafood']
e9283	['other animal']
e9284	['fruit']
e9285	['fruit']
e9286	['fruit']
e9287	['seafood']
e9288	['fruit']
e9289	['fruit']
e9290	['seafood']
e9291	['seafood']
e9292	['seafood']
e9293	['seafood']
e9294	['seafood']
e9295	['seafood']
e9296	['seafood']
e9297	['seafood']
e9298	['seafood']
e9299	['other animal']
e9300	['fruit']
e9301	['fruit']
e9302	['fruit']
e9303	['fruit']
e9304	['fruit']
e9305	['vegetable']
e9306	['other plant']
e9307	['fruit']
e9308	['fruit']
e9309	['fruit']
e9310	['other plant']
e9311	['other plant']
e9312	['other plant']
e9313	['other plant']
e9314	['fruit']
e9315	['fruit']
e9316	['fruit']
e9317	['fruit']
e9318	['fruit']
e9319	['fruit']
e9320	['fruit']
e9321	['fruit']
e9322	['fruit']
e9323	['fruit']
e9324	['fruit']
e9325	['fruit']
e9326	['other plant']
e9327	['fruit']
e9328	['fruit']
e9329	['vegetable']
e9330	['vegetable']
e9331	['vegetable']
e9332	['vegetable']
e9333	['vegetable']
e9334	['vegetable']
e9335	['other plant']
e9336	['other plant']
e9337	['plant seed or nut']
e9338	['plant seed or nut']
e9339	['fruit']
e9340	['fruit']
e9341	['seafood']
e9342	['seafood']
e9343	['avian']
e9344	['other plant']
e9345	['fruit']
e9346	['fruit']
e9347	['plant seed or nut']
e9348	['dairy']
e9349	['seafood']
e9350	['vegetable']
e9351	['other plant']
e9352	['plant seed or nut']
e9353	['other plant']
e9354	['plant seed or nut']
e9355	['mammalian meat']
e9356	['mammalian meat']
e9357	['vegetable']
e9358	['fruit']
e9359	['plant seed or nut']
e9360	['plant seed or nut']
e9361	['plant seed or nut']
e9362	['fruit']
e9363	['vegetable']
e9364	['fruit']
e9365	['dairy']
e9366	['fruit']
e9367	['avian']
e9368	['fruit']
e9369	['seafood']
e9370	['plant seed or nut']
e9371	['plant seed or nut']
e9372	['dairy']
e9373	['other animal']
e9374	['fruit']
e9375	['fruit']
e9376	['fruit']
e9377	['fruit']
e9378	['fruit']
e9379	['other plant']
e9380	['plant seed or nut']
e9381	['dairy']
e9382	['legume']
e9383	['dairy']
e9384	['fruit']
e9385	['mammalian meat']
e9386	['dairy']
e9387	['dairy']
e9388	['other plant']
e9389	['dairy']
e9390	['dairy']
e9391	['dairy']
e9392	['plant seed or nut']
e9393	['vegetable']
e9394	['fruit']
e9395	['fruit']
e9396	['fruit']
e9397	['vegetable']
e9398	['other plant']
e9399	['other plant']
e9400	['dairy']
e9401	['dairy']
e9402	['fruit']
e9403	['fruit']
e9404	['dairy']
e9405	['dairy']
e9406	['mammalian meat']
e9407	['plant seed or nut']
e9408	['mammalian meat']
e9409	['mammalian meat']
e9410	['fruit']
e9411	['other animal']
e9412	['dairy']
e9413	['plant seed or nut']
e9414	['seafood']
e9415	['other plant']
e9416	['dairy']
e9417	['fruit']
e9418	['fruit']
e9419	['fruit']
e9420	['other animal']
e9421	['dairy']
e9422	['mammalian meat']
e9423	['mammalian meat']
e9424	['dairy']
e9425	['dairy']
e9426	['mammalian meat']
e9427	['dairy']
e9428	['dairy']
e9429	['dairy']
e9430	['dairy']
e9431	['dairy']
e9432	['mammalian meat']
e9433	['mammalian meat']
e9434	['mammalian meat']
e9435	['mammalian meat']
e9436	['mammalian meat']
e9437	['other plant']
e9438	['other plant']
e9439	['legume']
e9440	['vegetable']
e9441	['dairy']
e9442	['dairy']
e9443	['dairy']
e9444	['dairy']
e9445	['unclassified']
e9446	['seafood']
e9447	['unclassified']
e9448	['seafood']
e9449	['seafood']
e9450	['seafood']
e9451	['seafood']
e9452	['fruit']
e9453	['seafood']
e9454	['seafood']
e9455	['seafood']
e9456	['other plant']
e9457	['other plant']
e9458	['other plant']
e9459	['fruit']
e9460	['plant seed or nut']
e9461	['other plant']
e9462	['plant seed or nut']
e9463	['plant seed or nut']
e9464	['other plant']
e9465	['plant seed or nut']
e9466	['plant seed or nut']
e9467	['plant seed or nut']
e9468	['dairy']
e9469	['dairy']
e9470	['dairy']
e9471	['dairy']
e9472	['dairy']
e9473	['dairy']
e9474	['dairy']
e9475	['dairy']
e9476	['dairy']
e9477	['dairy']
e9478	['other plant']
e9479	['mammalian meat']
e9480	['fruit']
e9481	['fruit']
e9482	['fruit']
e9483	['fruit']
e9484	['dairy']
e9485	['dairy']
e9486	['dairy']
e9487	['legume']
e9488	['fruit']
e9489	['fruit']
e9490	['fruit']
e9491	['fruit']
e9492	['seafood']
e9493	['seafood']
e9494	['seafood']
e9495	['seafood']
e9496	['seafood']
e9497	['seafood']
e9498	['dairy']
e9499	['unclassified']
e9500	['fruit']
e9501	['vegetable']
e9502	['other plant']
e9503	['other plant']
e9504	['fruit']
e9505	['fruit']
e9506	['vegetable']
e9507	['dairy']
e9508	['seafood']
e9509	['seafood']
e9510	['other plant']
e9511	['other plant']
e9512	['other plant']
e9513	['other plant']
e9514	['other plant']
e9515	['other plant']
e9516	['plant seed or nut']
e9517	['plant seed or nut']
e9518	['other plant']
e9519	['seafood']
e9520	['dairy']
e9521	['dairy']
e9522	['plant seed or nut']
e9523	['dairy']
e9524	['dairy']
e9525	['dairy']
e9526	['fruit']
e9527	['fruit']
e9528	['fruit']
e9529	['fruit']
e9530	['fruit']
e9531	['fruit']
e9532	['fruit']
e9533	['fruit']
e9534	['fruit']
e9535	['fruit']
e9536	['fruit']
e9537	['fruit']
e9538	['fruit']
e9539	['fruit']
e9540	['fruit']
e9541	['fruit']
e9542	['fruit']
e9543	['fruit']
e9544	['fruit']
e9545	['dairy']
e9546	['plant seed or nut']
e9547	['plant seed or nut']
e9548	['plant seed or nut']
e9549	['plant seed or nut']
e9550	['plant seed or nut']
e9551	['plant seed or nut']
e9552	['dairy']
e9553	['dairy']
e9554	['dairy']
e9555	['dairy']
e9556	['dairy']
e9557	['dairy']
e9558	['dairy']
e9559	['dairy']
e9560	['dairy']
e9561	['dairy']
e9562	['dairy']
e9563	['dairy']
e9564	['dairy']
e9565	['dairy']
e9566	['dairy']
e9567	['dairy']
e9568	['dairy']
e9569	['dairy']
e9570	['dairy']
e9571	['dairy']
e9572	['dairy']
e9573	['dairy']
e9574	['dairy']
e9575	['mammalian meat']
e9576	['mammalian meat']
e9577	['seafood']
e9578	['seafood']
e9579	['seafood']
e9580	['other plant']
e9581	['vegetable']
e9582	['vegetable']
e9583	['fruit']
e9584	['fruit']
e9585	['fruit']
e9586	['fruit']
e9587	['plant seed or nut']
e9588	['plant seed or nut']
e9589	['vegetable']
e9590	['fruit']
e9591	['fruit']
e9592	['plant seed or nut']
e9593	['plant seed or nut']
e9594	['vegetable']
e9595	['plant seed or nut']
e9596	['seafood']
e9597	['mammalian meat']
e9598	['seafood']
e9599	['seafood']
e9600	['mammalian meat']
e9601	['mammalian meat']
e9602	['avian']
e9603	['legume']
e9604	['other plant']
e9605	['seafood']
e9606	['seafood']
e9607	['other plant']
e9608	['other plant']
e9609	['dairy']
e9610	['dairy']
e9611	['dairy']
e9612	['dairy']
e9613	['plant seed or nut']
e9614	['plant seed or nut']
e9615	['plant seed or nut']
e9616	['plant seed or nut']
e9617	['plant seed or nut']
e9618	['plant seed or nut']
e9619	['plant seed or nut']
e9620	['dairy']
e9621	['fruit']
e9622	['fruit']
e9623	['seafood']
e9624	['fruit']
e9625	['fruit']
e9626	['fruit']
e9627	['fruit']
e9628	['other plant']
e9629	['seafood']
e9630	['fruit']
e9631	['seafood']
e9632	['seafood']
e9633	['unclassified']
e9634	['plant seed or nut']
e9635	['other plant']
e9636	['seafood']
e9637	['mammalian meat']
e9638	['seafood']
e9639	['dairy']
e9640	['fruit']
e9641	['fruit']
e9642	['fruit']
e9643	['fruit']
e9644	['dairy']
e9645	['dairy']
e9646	['dairy']
e9647	['dairy']
e9648	['dairy']
e9649	['fruit']
e9650	['fruit']
e9651	['fruit']
e9652	['fruit']
e9653	['dairy']
e9654	['dairy']
e9655	['seafood']
e9656	['dairy']
e9657	['plant seed or nut']
e9658	['plant seed or nut']
e9659	['plant seed or nut']
e9660	['fruit']
e9661	['fruit']
e9662	['fruit']
e9663	['fruit']
e9664	['fruit']
e9665	['plant seed or nut']
e9666	['fruit']
e9667	['plant seed or nut']
e9668	['seafood']
e9669	['seafood']
e9670	['dairy']
e9671	['dairy']
e9672	['fruit']
e9673	['vegetable']
e9674	['other plant']
e9675	['fruit']
e9676	['plant seed or nut']
e9677	['seafood']
e9678	['seafood']
e9679	['fruit']
e9680	['unclassified']
e9681	['vegetable']
e9682	['other plant']
e9683	['fruit']
e9684	['other plant']
e9685	['fruit']
e9686	['fruit']
e9687	['other plant']
e9688	['vegetable']
e9689	['other plant']
e9690	['vegetable']
e9691	['vegetable']
e9692	['seafood']
e9693	['dairy']
e9694	['avian']
e9695	['seafood']
e9696	['dairy']
e9697	['fruit']
e9698	['fruit']
e9699	['fruit']
e9700	['fruit']
e9701	['other plant']
e9702	['fruit']
e9703	['fruit']
e9704	['plant seed or nut']
e9705	['plant seed or nut']
e9706	['vegetable']
e9707	['mammalian meat']
e9708	['seafood']
e9709	['seafood']
e9710	['seafood']
e9711	['dairy']
e9712	['unclassified']
e9713	['seafood']
e9714	['seafood']
e9715	['legume']
e9716	['dairy']
e9717	['dairy']
e9718	['plant seed or nut']
e9719	['dairy']
e9720	['seafood']
e9721	['seafood']
e9722	['seafood']
e9723	['seafood']
e9724	['seafood']
e9725	['seafood']
e9726	['seafood']
e9727	['seafood']
e9728	['seafood']
e9729	['dairy']
e9730	['plant seed or nut']
e9731	['plant seed or nut']
e9732	['plant seed or nut']
e9733	['fruit']
e9734	['plant seed or nut']
e9735	['plant seed or nut']
e9736	['plant seed or nut']
e9737	['plant seed or nut']
e9738	['seafood']
e9739	['seafood']
e9740	['other plant']
e9741	['seafood']
e9742	['seafood']
e9743	['seafood']
e9744	['seafood']
e9745	['seafood']
e9746	['seafood']
e9747	['vegetable']
e9748	['vegetable']
e9749	['vegetable']
e9750	['vegetable']
e9751	['unclassified']
e9752	['unclassified']
e9753	['vegetable']
e9754	['vegetable']
e9755	['seafood']
e9756	['seafood']
e9757	['seafood']
e9758	['other animal']
e9759	['mammalian meat']
e9760	['mammalian meat']
e9761	['mammalian meat']
e9762	['mammalian meat']
e9763	['mammalian meat']
e9764	['mammalian meat']
e9765	['mammalian meat']
e9766	['mammalian meat']
e9767	['mammalian meat']
e9768	['other animal']
e9769	['mammalian meat']
e9770	['mammalian meat']
e9771	['mammalian meat']
e9772	['mammalian meat']
e9773	['mammalian meat']
e9774	['mammalian meat']
e9775	['mammalian meat']
e9776	['plant seed or nut']
e9777	['plant seed or nut']
e9778	['mammalian meat']
e9779	['mammalian meat']
e9780	['mammalian meat']
e9781	['mammalian meat']
e9782	['mammalian meat']
e9783	['mammalian meat']
e9784	['other animal']
e9785	['other animal']
e9786	['other animal']
e9787	['other animal']
e9788	['mammalian meat']
e9789	['mammalian meat']
e9790	['mammalian meat']
e9791	['mammalian meat']
e9792	['mammalian meat']
e9793	['mammalian meat']
e9794	['mammalian meat']
e9795	['mammalian meat']
e9796	['mammalian meat']
e9797	['mammalian meat']
e9798	['mammalian meat']
e9799	['mammalian meat']
e9800	['mammalian meat']
e9801	['mammalian meat']
e9802	['mammalian meat']
e9803	['mammalian meat']
e9804	['mammalian meat']
e9805	['other animal']
e9806	['other animal']
e9807	['avian']
e9808	['avian']
e9809	['avian']
e9810	['avian']
e9811	['avian']
e9812	['avian']
e9813	['avian']
e9814	['avian']
e9815	['avian']
e9816	['mammalian meat']
e9817	['avian']
e9818	['avian']
e9819	['avian']
e9820	['avian']
e9821	['avian']
e9822	['dairy']
e9823	['fruit']
e9824	['mammalian meat']
e9825	['mammalian meat']
e9826	['mammalian meat']
e9827	['dairy']
e9828	['dairy']
e9829	['mammalian meat']
e9830	['seafood']
e9831	['other plant']
e9832	['plant seed or nut']
e9833	['other plant']
e9834	['fruit']
e9835	['fruit']
e9836	['fruit']
e9837	['other plant']
e9838	['mammalian meat']
e9839	['mammalian meat']
e9840	['dairy']
e9841	['fruit']
e9842	['vegetable']
e9843	['vegetable']
e9844	['seafood']
e9845	['seafood']
e9846	['seafood']
e9847	['seafood']
e9848	['seafood']
e9849	['seafood']
e9850	['other plant']
e9851	['plant seed or nut']
e9852	['fruit']
e9853	['vegetable']
e9854	['dairy']
e9855	['plant seed or nut']
e9856	['plant seed or nut']
e9857	['seafood']
e9858	['fruit']
e9859	['plant seed or nut']
e9860	['fruit']
e9861	['seafood']
e9862	['other plant']
e9863	['vegetable']
e9864	['plant seed or nut']
e9865	['dairy']
e9866	['fruit']
e9867	['plant seed or nut']
e9868	['seafood']
e9869	['vegetable']
e9870	['seafood']
e9871	['seafood']
e9872	['other plant']
e9873	['other plant']
e9874	['fruit']
e9875	['fruit']
e9876	['other plant']
e9877	['dairy']
e9878	['mammalian meat']
e9879	['plant seed or nut']
e9880	['plant seed or nut']
e9881	['plant seed or nut']
e9882	['seafood']
e9883	['seafood']
e9884	['seafood']
e9885	['fruit']
e9886	['mammalian meat']
e9887	['other plant']
e9888	['fruit']
e9889	['mammalian meat']
e9890	['mammalian meat']
e9891	['mammalian meat']
e9892	['avian']
e9893	['avian']
e9894	['avian']
e9895	['avian']
e9896	['seafood']
e9897	['other plant']
e9898	['vegetable']
e9899	['other plant']
e9900	['other plant']
e9901	['other plant']
e9902	['fruit']
e9903	['fruit']
e9904	['fruit']
e9905	['fruit']
e9906	['fruit']
e9907	['other plant']
e9908	['dairy']
e9909	['seafood']
e9910	['fruit']
e9911	['seafood']
e9912	['plant seed or nut']
e9913	['seafood']
e9914	['seafood']
e9915	['fruit']
e9916	['fruit']
e9917	['fruit']
e9918	['dairy']
e9919	['dairy']
e9920	['dairy']
e9921	['dairy']
e9922	['dairy']
e9923	['dairy']
e9924	['mammalian meat']
e9925	['dairy']
e9926	['legume']
e9927	['seafood']
e9928	['mammalian meat']
e9929	['avian']
e9930	['dairy']
e9931	['dairy']
e9932	['dairy']
e9933	['dairy']
e9934	['fruit']
e9935	['seafood']
e9936	['fruit']
e9937	['fruit']
e9938	['other plant']
e9939	['fruit']
e9940	['fruit']
e9941	['seafood']
e9942	['mammalian meat']
e9943	['mammalian meat']
e9944	['avian']
e9945	['mammalian meat']
e9946	['dairy']
e9947	['other plant']
e9948	['mammalian meat']
e9949	['seafood']
e9950	['dairy']
e9951	['dairy']
e9952	['dairy']
e9953	['avian']
e9954	['other plant']
e9955	['vegetable']
e9956	['plant seed or nut']
e9957	['fruit']
e9958	['plant seed or nut']
e9959	['other plant']
e9960	['seafood']
e9961	['seafood']
e9962	['seafood']
e9963	['seafood']
e9964	['seafood']
e9965	['avian']
e9966	['seafood']
e9967	['seafood']
e9968	['vegetable']
e9969	['seafood']
e9970	['other plant']
e9971	['seafood']
e9972	['avian']
e9973	['vegetable']
e9974	['seafood']
e9975	['fruit']
e9976	['seafood']
e9977	['vegetable']
e9978	['vegetable']
e9979	['avian']
e9980	['vegetable']
e9981	['vegetable']
e9982	['vegetable']
e9983	['vegetable']
e9984	['avian']
e9985	['avian']
e9986	['avian']
e9987	['avian']
e9988	['avian']
e9989	['seafood']
e9990	['seafood']
e9991	['seafood']
e9992	['seafood']
e9993	['seafood']
e9994	['seafood']
e9995	['vegetable']
e9996	['vegetable']
e9997	['vegetable']
e9998	['vegetable']
e9999	['vegetable']
e10000	['vegetable']
e10001	['vegetable']
e10002	['vegetable']
e10003	['vegetable']
e10004	['vegetable']
e10005	['seafood']
e10006	['vegetable']
e10007	['seafood']
e10008	['seafood']
e10009	['vegetable']
e10010	['seafood']
e10011	['seafood']
e10012	['seafood']
e10013	['seafood']
e10014	['vegetable']
e10015	['vegetable']
e10016	['seafood']
e10017	['seafood']
e10018	['vegetable']
e10019	['vegetable']
e10020	['vegetable']
e10021	['seafood']
e10022	['seafood']
e10023	['seafood']
e10024	['seafood']
e10025	['seafood']
e10026	['vegetable']
e10027	['vegetable']
e10028	['vegetable']
e10029	['vegetable']
e10030	['seafood']
e10031	['seafood']
e10032	['seafood']
e10033	['seafood']
e10034	['vegetable']
e10035	['other plant']
e10036	['other plant']
e10037	['vegetable']
e10038	['seafood']
e10039	['seafood']
e10040	['seafood']
e10041	['seafood']
e10042	['seafood']
e10043	['seafood']
e10044	['seafood']
e10045	['seafood']
e10046	['seafood']
e10047	['seafood']
e10048	['seafood']
e10049	['seafood']
e10050	['seafood']
e10051	['seafood']
e10052	['vegetable']
e10053	['vegetable']
e10054	['vegetable']
e10055	['vegetable']
e10056	['vegetable']
e10057	['other plant']
e10058	['other plant']
e10059	['other plant']
e10060	['other plant']
e10061	['vegetable']
e10062	['seafood']
e10063	['seafood']
e10064	['seafood']
e10065	['seafood']
e10066	['seafood']
e10067	['seafood']
e10068	['seafood']
e10069	['seafood']
e10070	['seafood']
e10071	['vegetable']
e10072	['vegetable']
e10073	['vegetable']
e10074	['vegetable']
e10075	['vegetable']
e10076	['vegetable']
e10077	['vegetable']
e10078	['vegetable']
e10079	['vegetable']
e10080	['vegetable']
e10081	['vegetable']
e10082	['vegetable']
e10083	['vegetable']
e10084	['vegetable']
e10085	['vegetable']
e10086	['vegetable']
e10087	['vegetable']
e10088	['vegetable']
e10089	['seafood']
e10090	['vegetable']
e10091	['vegetable']
e10092	['seafood']
e10093	['vegetable']
e10094	['vegetable']
e10095	['vegetable']
e10096	['vegetable']
e10097	['vegetable']
e10098	['vegetable']
e10099	['vegetable']
e10100	['vegetable']
e10101	['vegetable']
e10102	['vegetable']
e10103	['vegetable']
e10104	['vegetable']
e10105	['vegetable']
e10106	['vegetable']
e10107	['vegetable']
e10108	['vegetable']
e10109	['vegetable']
e10110	['vegetable']
e10111	['seafood']
e10112	['seafood']
e10113	['seafood']
e10114	['seafood']
e10115	['seafood']
e10116	['seafood']
e10117	['seafood']
e10118	['seafood']
e10119	['seafood']
e10120	['seafood']
e10121	['seafood']
e10122	['seafood']
e10123	['seafood']
e10124	['seafood']
e10125	['seafood']
e10126	['seafood']
e10127	['seafood']
e10128	['seafood']
e10129	['seafood']
e10130	['vegetable']
e10131	['vegetable']
e10132	['vegetable']
e10133	['vegetable']
e10134	['plant seed or nut']
e10135	['dairy']
e10136	['dairy']
e10137	['dairy']
e10138	['dairy']
e10139	['dairy']
e10140	['dairy']
e10141	['dairy']
e10142	['other plant']
e10143	['other plant']
e10144	['other plant']
e10145	['plant seed or nut']
e10146	['plant seed or nut']
e10147	['other plant']
e10148	['fruit']
e10149	['dairy']
e10150	['plant seed or nut']
e10151	['plant seed or nut']
e10152	['other plant']
e10153	['avian']
e10154	['avian']
e10155	['avian']
e10156	['avian']
e10157	['avian']
e10158	['avian']
e10159	['mammalian meat']
e10160	['avian']
e10161	['plant seed or nut']
e10162	['plant seed or nut']
e10163	['other plant']
e10164	['dairy']
e10165	['vegetable']
e10166	['vegetable']
e10167	['vegetable']
e10168	['vegetable']
e10169	['vegetable']
e10170	['dairy']
e10171	['dairy']
e10172	['other plant']
e10173	['dairy']
e10174	['dairy']
e10175	['other plant']
e10176	['plant seed or nut']
e10177	['mammalian meat']
e10178	['other plant']
e10179	['seafood']
e10180	['dairy']
e10181	['legume']
e10182	['seafood']
e10183	['plant seed or nut']
e10184	['avian']
e10185	['other plant']
e10186	['legume']
e10187	['vegetable']
e10188	['other plant']
e10189	['seafood']
e10190	['seafood']
e10191	['seafood']
e10192	['seafood']
e10193	['seafood']
e10194	['vegetable']
e10195	['seafood']
e10196	['seafood']
e10197	['seafood']
e10198	['seafood']
e10199	['seafood']
e10200	['seafood']
e10201	['seafood']
e10202	['seafood']
e10203	['seafood']
e10204	['vegetable']
e10205	['seafood']
e10206	['seafood']
e10207	['seafood']
e10208	['seafood']
e10209	['seafood']
e10210	['seafood']
e10211	['vegetable']
e10212	['seafood']
e10213	['seafood']
e10214	['seafood']
e10215	['seafood']
e10216	['seafood']
e10217	['seafood']
e10218	['seafood']
e10219	['seafood']
e10220	['seafood']
e10221	['seafood']
e10222	['seafood']
e10223	['vegetable']
e10224	['vegetable']
e10225	['seafood']
e10226	['seafood']
e10227	['seafood']
e10228	['seafood']
e10229	['seafood']
e10230	['seafood']
e10231	['seafood']
e10232	['seafood']
e10233	['seafood']
e10234	['seafood']
e10235	['seafood']
e10236	['seafood']
e10237	['seafood']
e10238	['seafood']
e10239	['seafood']
e10240	['seafood']
e10241	['seafood']
e10242	['seafood']
e10243	['seafood']
e10244	['seafood']
e10245	['dairy']
e10246	['other animal']
e10247	['unclassified']
e10248	['unclassified']
e10249	['unclassified']
e10250	['unclassified']
e10251	['unclassified']
e10252	['unclassified']
e10253	['unclassified']
e10254	['unclassified']
e10255	['unclassified']
e10256	['unclassified']
e10257	['unclassified']
e10258	['unclassified']
e10259	['unclassified']
e10260	['unclassified']
e10261	['unclassified']
e10262	['unclassified']
e10263	['unclassified']
e10264	['unclassified']
e10265	['unclassified']
e10266	['unclassified']
e10267	['unclassified']
e10268	['unclassified']
e10269	['unclassified']
e10270	['unclassified']
