foodatlas_id	head_id	relationship_id	tail_id	source
fo1	e1	r2	e669	foodon
fo2	e669	r2	e59	foodon
fo3	e59	r2	e234	foodon
fo4	e234	r2	e19	foodon
fo5	e19	r2	e845	foodon
fo6	e2	r2	e585	foodon
fo7	e585	r2	e447	foodon
fo8	e447	r2	e260	foodon
fo9	e260	r2	e49	foodon
fo10	e260	r2	e165	foodon
fo11	e165	r2	e2032	foodon
fo12	e2032	r2	e845	foodon
fo13	e49	r2	e2032	foodon
fo14	e3	r2	e9707	foodon
fo15	e9707	r2	e10	foodon
fo16	e10	r2	e87	foodon
fo17	e87	r2	e2032	foodon
fo18	e4	r2	e9009	foodon
fo19	e9009	r2	e88	foodon
fo20	e88	r2	e162	foodon
fo21	e162	r2	e10145	foodon
fo22	e10145	r2	e19	foodon
fo23	e5	r2	e1104	foodon
fo24	e1104	r2	e237	foodon
fo25	e237	r2	e235	foodon
fo26	e235	r2	e19	foodon
fo27	e6	r2	e3607	foodon
fo28	e3607	r2	e94	foodon
fo29	e94	r2	e146	foodon
fo30	e94	r2	e632	foodon
fo31	e632	r2	e142	foodon
fo32	e142	r2	e59	foodon
fo33	e146	r2	e132	foodon
fo34	e146	r2	e142	foodon
fo35	e132	r2	e59	foodon
fo36	e132	r2	e230	foodon
fo37	e132	r2	e3820	foodon
fo38	e3820	r2	e228	foodon
fo39	e228	r2	e19	foodon
fo40	e230	r2	e228	foodon
fo41	e7	r2	e97	foodon
fo42	e97	r2	e229	foodon
fo43	e97	r2	e863	foodon
fo44	e863	r2	e19	foodon
fo45	e229	r2	e228	foodon
fo46	e8	r2	e91	foodon
fo47	e91	r2	e229	foodon
fo48	e9	r2	e90	foodon
fo49	e90	r2	e229	foodon
fo50	e11	r2	e14	foodon
fo51	e14	r2	e10	foodon
fo52	e12	r2	e1109	foodon
fo53	e12	r2	e9163	foodon
fo54	e9163	r2	e14	foodon
fo55	e9163	r2	e4105	foodon
fo56	e4105	r2	e87	foodon
fo57	e1109	r2	e701	foodon
fo58	e701	r2	e9707	foodon
fo59	e13	r2	e204	foodon
fo60	e204	r2	e9156	foodon
fo61	e9156	r2	e11	foodon
fo62	e15	r2	e86	foodon
fo63	e86	r2	e232	foodon
fo64	e232	r2	e231	foodon
fo65	e231	r2	e87	foodon
fo66	e16	r2	e15	foodon
fo67	e17	r2	e231	foodon
fo68	e18	r2	e55	foodon
fo69	e55	r2	e231	foodon
fo70	e20	r2	e160	foodon
fo71	e20	r2	e1418	foodon
fo72	e1418	r2	e158	foodon
fo73	e1418	r2	e234	foodon
fo74	e158	r2	e19	foodon
fo75	e160	r2	e156	foodon
fo76	e160	r2	e158	foodon
fo77	e156	r2	e19	foodon
fo78	e21	r2	e18	foodon
fo79	e22	r2	e137	foodon
fo80	e137	r2	e845	foodon
fo81	e23	r2	e96	foodon
fo82	e96	r2	e229	foodon
fo83	e24	r2	e23	foodon
fo84	e25	r2	e24	foodon
fo85	e26	r2	e67	foodon
fo86	e26	r2	e121	foodon
fo87	e121	r2	e120	foodon
fo88	e121	r2	e431	foodon
fo89	e431	r2	e112	foodon
fo90	e431	r2	e232	foodon
fo91	e112	r2	e101	foodon
fo92	e101	r2	e231	foodon
fo93	e120	r2	e17	foodon
fo94	e67	r2	e17	foodon
fo95	e27	r2	e218	foodon
fo96	e27	r2	e8834	foodon
fo97	e8834	r2	e232	foodon
fo98	e218	r2	e2032	foodon
fo99	e28	r2	e20	foodon
fo100	e28	r2	e169	foodon
fo101	e169	r2	e158	foodon
fo102	e169	r2	e820	foodon
fo103	e820	r2	e234	foodon
fo104	e29	r2	e121	foodon
fo105	e30	r2	e121	foodon
fo106	e31	r2	e121	foodon
fo107	e32	r2	e121	foodon
fo108	e33	r2	e124	foodon
fo109	e124	r2	e119	foodon
fo110	e119	r2	e17	foodon
fo111	e34	r2	e67	foodon
fo112	e34	r2	e121	foodon
fo113	e35	r2	e121	foodon
fo114	e36	r2	e35	foodon
fo115	e37	r2	e121	foodon
fo116	e38	r2	e30	foodon
fo117	e39	r2	e121	foodon
fo118	e40	r2	e771	foodon
fo119	e771	r2	e121	foodon
fo120	e41	r2	e995	foodon
fo121	e995	r2	e126	foodon
fo122	e126	r2	e10	foodon
fo123	e42	r2	e14	foodon
fo124	e43	r2	e125	foodon
fo125	e125	r2	e253	foodon
fo126	e253	r2	e226	foodon
fo127	e226	r2	e87	foodon
fo128	e44	r2	e127	foodon
fo129	e127	r2	e10	foodon
fo130	e45	r2	e197	foodon
fo131	e197	r2	e227	foodon
fo132	e197	r2	e8834	foodon
fo133	e227	r2	e2032	foodon
fo134	e46	r2	e47	foodon
fo135	e46	r2	e106	foodon
fo136	e106	r2	e103	foodon
fo137	e103	r2	e101	foodon
fo138	e47	r2	e45	foodon
fo139	e47	r2	e103	foodon
fo140	e48	r2	e232	foodon
fo141	e48	r2	e498	foodon
fo142	e498	r2	e453	foodon
fo143	e498	r2	e499	foodon
fo144	e499	r2	e231	foodon
fo145	e453	r2	e231	foodon
fo146	e50	r2	e17	foodon
fo147	e51	r2	e41	foodon
fo148	e52	r2	e76	foodon
fo149	e76	r2	e777	foodon
fo150	e76	r2	e7769	foodon
fo151	e7769	r2	e330	foodon
fo152	e330	r2	e237	foodon
fo153	e330	r2	e691	foodon
fo154	e691	r2	e162	foodon
fo155	e691	r2	e234	foodon
fo156	e777	r2	e330	foodon
fo157	e777	r2	e776	foodon
fo158	e776	r2	e4992	foodon
fo159	e4992	r2	e162	foodon
fo160	e53	r2	e96	foodon
fo161	e53	r2	e480	foodon
fo162	e480	r2	e229	foodon
fo163	e54	r2	e53	foodon
fo164	e56	r2	e57	foodon
fo165	e57	r2	e49	foodon
fo166	e57	r2	e8842	foodon
fo167	e8842	r2	e223	foodon
fo168	e223	r2	e87	foodon
fo169	e58	r2	e2207	foodon
fo170	e2207	r2	e19	foodon
fo171	e60	r2	e59	foodon
fo172	e61	r2	e132	foodon
fo173	e61	r2	e311	foodon
fo174	e311	r2	e148	foodon
fo175	e148	r2	e59	foodon
fo176	e62	r2	e53	foodon
fo177	e63	r2	e216	foodon
fo178	e216	r2	e14	foodon
fo179	e216	r2	e41	foodon
fo180	e64	r2	e96	foodon
fo181	e64	r2	e480	foodon
fo182	e65	r2	e64	foodon
fo183	e66	r2	e233	foodon
fo184	e233	r2	e96	foodon
fo185	e68	r2	e59	foodon
fo186	e69	r2	e101	foodon
fo187	e70	r2	e76	foodon
fo188	e71	r2	e152	foodon
fo189	e152	r2	e60	foodon
fo190	e152	r2	e159	foodon
fo191	e159	r2	e335	foodon
fo192	e335	r2	e59	foodon
fo193	e72	r2	e176	foodon
fo194	e176	r2	e88	foodon
fo195	e73	r2	e8834	foodon
fo196	e74	r2	e53	foodon
fo197	e75	r2	e798	foodon
fo198	e798	r2	e42	foodon
fo199	e798	r2	e216	foodon
fo200	e77	r2	e53	foodon
fo201	e78	r2	e121	foodon
fo202	e79	r2	e17	foodon
fo203	e80	r2	e232	foodon
fo204	e81	r2	e4804	foodon
fo205	e4804	r2	e55	foodon
fo206	e82	r2	e10147	foodon
fo207	e10147	r2	e163	foodon
fo208	e163	r2	e19	foodon
fo209	e83	r2	e491	foodon
fo210	e83	r2	e10144	foodon
fo211	e10144	r2	e82	foodon
fo212	e491	r2	e162	foodon
fo213	e84	r2	e134	foodon
fo214	e84	r2	e2207	foodon
fo215	e134	r2	e19	foodon
fo216	e85	r2	e197	foodon
fo217	e89	r2	e95	foodon
fo218	e89	r2	e229	foodon
fo219	e89	r2	e3820	foodon
fo220	e95	r2	e159	foodon
fo221	e92	r2	e93	foodon
fo222	e92	r2	e149	foodon
fo223	e149	r2	e150	foodon
fo224	e149	r2	e229	foodon
fo225	e149	r2	e3820	foodon
fo226	e150	r2	e60	foodon
fo227	e150	r2	e148	foodon
fo228	e93	r2	e147	foodon
fo229	e147	r2	e132	foodon
fo230	e98	r2	e57	foodon
fo231	e98	r2	e225	foodon
fo232	e225	r2	e246	foodon
fo233	e225	r2	e8842	foodon
fo234	e246	r2	e87	foodon
fo235	e99	r2	e226	foodon
fo236	e99	r2	e246	foodon
fo237	e100	r2	e231	foodon
fo238	e102	r2	e101	foodon
fo239	e104	r2	e105	foodon
fo240	e105	r2	e231	foodon
fo241	e107	r2	e101	foodon
fo242	e108	r2	e105	foodon
fo243	e109	r2	e113	foodon
fo244	e113	r2	e231	foodon
fo245	e110	r2	e101	foodon
fo246	e111	r2	e105	foodon
fo247	e114	r2	e197	foodon
fo248	e115	r2	e197	foodon
fo249	e116	r2	e197	foodon
fo250	e117	r2	e45	foodon
fo251	e117	r2	e431	foodon
fo252	e118	r2	e17	foodon
fo253	e122	r2	e771	foodon
fo254	e123	r2	e118	foodon
fo255	e128	r2	e96	foodon
fo256	e128	r2	e129	foodon
fo257	e129	r2	e229	foodon
fo258	e130	r2	e230	foodon
fo259	e130	r2	e9215	foodon
fo260	e9215	r2	e783	foodon
fo261	e783	r2	e228	foodon
fo262	e131	r2	e230	foodon
fo263	e131	r2	e783	foodon
fo264	e133	r2	e88	foodon
fo265	e135	r2	e845	foodon
fo266	e136	r2	e135	foodon
fo267	e138	r2	e139	foodon
fo268	e138	r2	e155	foodon
fo269	e155	r2	e19	foodon
fo270	e139	r2	e19	foodon
fo271	e140	r2	e138	foodon
fo272	e141	r2	e59	foodon
fo273	e143	r2	e602	foodon
fo274	e602	r2	e141	foodon
fo275	e144	r2	e143	foodon
fo276	e145	r2	e143	foodon
fo277	e151	r2	e60	foodon
fo278	e151	r2	e142	foodon
fo279	e153	r2	e59	foodon
fo280	e153	r2	e155	foodon
fo281	e154	r2	e153	foodon
fo282	e154	r2	e685	foodon
fo283	e685	r2	e59	foodon
fo284	e157	r2	e19	foodon
fo285	e161	r2	e235	foodon
fo286	e161	r2	e10145	foodon
fo287	e164	r2	e19	foodon
fo288	e166	r2	e165	foodon
fo289	e167	r2	e198	foodon
fo290	e198	r2	e166	foodon
fo291	e168	r2	e156	foodon
fo292	e168	r2	e157	foodon
fo293	e170	r2	e845	foodon
fo294	e171	r2	e88	foodon
fo295	e172	r2	e88	foodon
fo296	e173	r2	e88	foodon
fo297	e174	r2	e88	foodon
fo298	e175	r2	e88	foodon
fo299	e177	r2	e88	foodon
fo300	e178	r2	e607	foodon
fo301	e607	r2	e88	foodon
fo302	e179	r2	e193	foodon
fo303	e179	r2	e330	foodon
fo304	e179	r2	e1104	foodon
fo305	e193	r2	e237	foodon
fo306	e180	r2	e193	foodon
fo307	e180	r2	e1049	foodon
fo308	e180	r2	e1073	foodon
fo309	e1073	r2	e1072	foodon
fo310	e1073	r2	e8057	foodon
fo311	e8057	r2	e237	foodon
fo312	e8057	r2	e691	foodon
fo313	e1072	r2	e237	foodon
fo314	e1049	r2	e1050	foodon
fo315	e1050	r2	e330	foodon
fo316	e1050	r2	e8057	foodon
fo317	e181	r2	e237	foodon
fo318	e181	r2	e691	foodon
fo319	e182	r2	e187	foodon
fo320	e182	r2	e1049	foodon
fo321	e182	r2	e3684	foodon
fo322	e3684	r2	e355	foodon
fo323	e3684	r2	e1050	foodon
fo324	e3684	r2	e1083	foodon
fo325	e1083	r2	e1079	foodon
fo326	e1083	r2	e8057	foodon
fo327	e1079	r2	e691	foodon
fo328	e355	r2	e330	foodon
fo329	e187	r2	e193	foodon
fo330	e187	r2	e1083	foodon
fo331	e183	r2	e193	foodon
fo332	e183	r2	e3834	foodon
fo333	e3834	r2	e330	foodon
fo334	e184	r2	e193	foodon
fo335	e184	r2	e330	foodon
fo336	e184	r2	e441	foodon
fo337	e441	r2	e234	foodon
fo338	e185	r2	e193	foodon
fo339	e185	r2	e422	foodon
fo340	e422	r2	e330	foodon
fo341	e186	r2	e330	foodon
fo342	e188	r2	e193	foodon
fo343	e188	r2	e330	foodon
fo344	e189	r2	e193	foodon
fo345	e189	r2	e1049	foodon
fo346	e189	r2	e1078	foodon
fo347	e1078	r2	e1050	foodon
fo348	e1078	r2	e1955	foodon
fo349	e1955	r2	e330	foodon
fo350	e190	r2	e193	foodon
fo351	e190	r2	e589	foodon
fo352	e589	r2	e330	foodon
fo353	e191	r2	e193	foodon
fo354	e191	r2	e1049	foodon
fo355	e191	r2	e1070	foodon
fo356	e1070	r2	e1050	foodon
fo357	e1070	r2	e1071	foodon
fo358	e1071	r2	e330	foodon
fo359	e192	r2	e193	foodon
fo360	e192	r2	e330	foodon
fo361	e194	r2	e58	foodon
fo362	e194	r2	e133	foodon
fo363	e195	r2	e162	foodon
fo364	e196	r2	e232	foodon
fo365	e199	r2	e200	foodon
fo366	e199	r2	e204	foodon
fo367	e200	r2	e205	foodon
fo368	e200	r2	e9156	foodon
fo369	e205	r2	e42	foodon
fo370	e201	r2	e200	foodon
fo371	e201	r2	e202	foodon
fo372	e202	r2	e9156	foodon
fo373	e203	r2	e9156	foodon
fo374	e206	r2	e59	foodon
fo375	e207	r2	e206	foodon
fo376	e208	r2	e17	foodon
fo377	e209	r2	e162	foodon
fo378	e209	r2	e617	foodon
fo379	e209	r2	e4606	foodon
fo380	e4606	r2	e217	foodon
fo381	e217	r2	e19	foodon
fo382	e617	r2	e1418	foodon
fo383	e210	r2	e82	foodon
fo384	e211	r2	e76	foodon
fo385	e212	r2	e57	foodon
fo386	e213	r2	e4105	foodon
fo387	e214	r2	e137	foodon
fo388	e215	r2	e19	foodon
fo389	e219	r2	e131	foodon
fo390	e220	r2	e130	foodon
fo391	e221	r2	e230	foodon
fo392	e222	r2	e230	foodon
fo393	e224	r2	e223	foodon
fo394	e236	r2	e56	foodon
fo395	e238	r2	e45	foodon
fo396	e239	r2	e100	foodon
fo397	e239	r2	e114	foodon
fo398	e240	r2	e104	foodon
fo399	e240	r2	e115	foodon
fo400	e241	r2	e111	foodon
fo401	e241	r2	e115	foodon
fo402	e242	r2	e109	foodon
fo403	e242	r2	e116	foodon
fo404	e243	r2	e45	foodon
fo405	e243	r2	e110	foodon
fo406	e244	r2	e45	foodon
fo407	e244	r2	e107	foodon
fo408	e245	r2	e108	foodon
fo409	e245	r2	e115	foodon
fo410	e247	r2	e99	foodon
fo411	e248	r2	e92	foodon
fo412	e249	r2	e6	foodon
fo413	e250	r2	e10146	foodon
fo414	e10146	r2	e195	foodon
fo415	e251	r2	e435	foodon
fo416	e435	r2	e431	foodon
fo417	e435	r2	e604	foodon
fo418	e604	r2	e453	foodon
fo419	e252	r2	e44	foodon
fo420	e254	r2	e125	foodon
fo421	e254	r2	e2694	foodon
fo422	e2694	r2	e2032	foodon
fo423	e255	r2	e125	foodon
fo424	e256	r2	e125	foodon
fo425	e257	r2	e144	foodon
fo426	e258	r2	e610	foodon
fo427	e610	r2	e260	foodon
fo428	e259	r2	e610	foodon
fo429	e261	r2	e123	foodon
fo430	e262	r2	e124	foodon
fo431	e263	r2	e124	foodon
fo432	e264	r2	e121	foodon
fo433	e265	r2	e239	foodon
fo434	e266	r2	e103	foodon
fo435	e267	r2	e197	foodon
fo436	e268	r2	e56	foodon
fo437	e268	r2	e616	foodon
fo438	e616	r2	e610	foodon
fo439	e269	r2	e56	foodon
fo440	e270	r2	e56	foodon
fo441	e271	r2	e56	foodon
fo442	e272	r2	e56	foodon
fo443	e273	r2	e8130	foodon
fo444	e8130	r2	e687	foodon
fo445	e687	r2	e234	foodon
fo446	e274	r2	e8130	foodon
fo447	e275	r2	e8130	foodon
fo448	e276	r2	e8130	foodon
fo449	e277	r2	e8130	foodon
fo450	e278	r2	e8130	foodon
fo451	e279	r2	e8130	foodon
fo452	e280	r2	e56	foodon
fo453	e281	r2	e56	foodon
fo454	e282	r2	e56	foodon
fo455	e283	r2	e56	foodon
fo456	e284	r2	e56	foodon
fo457	e285	r2	e56	foodon
fo458	e286	r2	e76	foodon
fo459	e287	r2	e7710	foodon
fo460	e7710	r2	e736	foodon
fo461	e736	r2	e58	foodon
fo462	e736	r2	e171	foodon
fo463	e288	r2	e4105	foodon
fo464	e289	r2	e10	foodon
fo465	e290	r2	e10	foodon
fo466	e291	r2	e162	foodon
fo467	e292	r2	e610	foodon
fo468	e293	r2	e1015	foodon
fo469	e1015	r2	e59	foodon
fo470	e294	r2	e223	foodon
fo471	e295	r2	e223	foodon
fo472	e296	r2	e88	foodon
fo473	e296	r2	e237	foodon
fo474	e297	r2	e161	foodon
fo475	e298	r2	e234	foodon
fo476	e299	r2	e622	foodon
fo477	e622	r2	e161	foodon
fo478	e300	r2	e161	foodon
fo479	e301	r2	e344	foodon
fo480	e301	r2	e1217	foodon
fo481	e1217	r2	e335	foodon
fo482	e344	r2	e335	foodon
fo483	e302	r2	e223	foodon
fo484	e303	r2	e1219	foodon
fo485	e1219	r2	e19	foodon
fo486	e304	r2	e2032	foodon
fo487	e305	r2	e2032	foodon
fo488	e306	r2	e218	foodon
fo489	e306	r2	e304	foodon
fo490	e307	r2	e2032	foodon
fo491	e308	r2	e2032	foodon
fo492	e309	r2	e11	foodon
fo493	e310	r2	e2032	foodon
fo494	e312	r2	e206	foodon
fo495	e312	r2	e311	foodon
fo496	e313	r2	e311	foodon
fo497	e314	r2	e92	foodon
fo498	e315	r2	e784	foodon
fo499	e784	r2	e59	foodon
fo500	e316	r2	e206	foodon
fo501	e316	r2	e315	foodon
fo502	e317	r2	e684	foodon
fo503	e684	r2	e234	foodon
fo504	e318	r2	e360	foodon
fo505	e360	r2	e127	foodon
fo506	e319	r2	e694	foodon
fo507	e694	r2	e164	foodon
fo508	e694	r2	e234	foodon
fo509	e320	r2	e538	foodon
fo510	e538	r2	e223	foodon
fo511	e321	r2	e544	foodon
fo512	e544	r2	e223	foodon
fo513	e322	r2	e746	foodon
fo514	e746	r2	e223	foodon
fo515	e323	r2	e685	foodon
fo516	e323	r2	e784	foodon
fo517	e324	r2	e694	foodon
fo518	e325	r2	e1015	foodon
fo519	e326	r2	e1015	foodon
fo520	e327	r2	e176	foodon
fo521	e327	r2	e2207	foodon
fo522	e328	r2	e234	foodon
fo523	e329	r2	e223	foodon
fo524	e331	r2	e87	foodon
fo525	e331	r2	e379	foodon
fo526	e379	r2	e308	foodon
fo527	e332	r2	e333	foodon
fo528	e332	r2	e820	foodon
fo529	e333	r2	e688	foodon
fo530	e688	r2	e139	foodon
fo531	e688	r2	e234	foodon
fo532	e334	r2	e373	foodon
fo533	e373	r2	e688	foodon
fo534	e336	r2	e132	foodon
fo535	e336	r2	e335	foodon
fo536	e337	r2	e161	foodon
fo537	e338	r2	e4229	foodon
fo538	e338	r2	e5829	foodon
fo539	e5829	r2	e132	foodon
fo540	e4229	r2	e132	foodon
fo541	e4229	r2	e888	foodon
fo542	e888	r2	e4615	foodon
fo543	e4615	r2	e335	foodon
fo544	e339	r2	e627	foodon
fo545	e627	r2	e685	foodon
fo546	e340	r2	e1387	foodon
fo547	e1387	r2	e4606	foodon
fo548	e341	r2	e1387	foodon
fo549	e342	r2	e723	foodon
fo550	e723	r2	e1217	foodon
fo551	e343	r2	e822	foodon
fo552	e822	r2	e161	foodon
fo553	e345	r2	e441	foodon
fo554	e346	r2	e223	foodon
fo555	e347	r2	e335	foodon
fo556	e348	r2	e206	foodon
fo557	e348	r2	e347	foodon
fo558	e349	r2	e811	foodon
fo559	e811	r2	e223	foodon
fo560	e350	r2	e223	foodon
fo561	e351	r2	e223	foodon
fo562	e352	r2	e223	foodon
fo563	e353	r2	e344	foodon
fo564	e353	r2	e1217	foodon
fo565	e354	r2	e161	foodon
fo566	e356	r2	e686	foodon
fo567	e356	r2	e694	foodon
fo568	e356	r2	e1418	foodon
fo569	e686	r2	e234	foodon
fo570	e357	r2	e43	foodon
fo571	e358	r2	e810	foodon
fo572	e810	r2	e322	foodon
fo573	e359	r2	e686	foodon
fo574	e359	r2	e1418	foodon
fo575	e361	r2	e223	foodon
fo576	e362	r2	e592	foodon
fo577	e592	r2	e223	foodon
fo578	e363	r2	e20	foodon
fo579	e363	r2	e3820	foodon
fo580	e364	r2	e20	foodon
fo581	e364	r2	e686	foodon
fo582	e365	r2	e44	foodon
fo583	e366	r2	e223	foodon
fo584	e367	r2	e585	foodon
fo585	e368	r2	e4606	foodon
fo586	e369	r2	e4606	foodon
fo587	e370	r2	e223	foodon
fo588	e371	r2	e223	foodon
fo589	e372	r2	e373	foodon
fo590	e372	r2	e3820	foodon
fo591	e374	r2	e161	foodon
fo592	e375	r2	e376	foodon
fo593	e376	r2	e688	foodon
fo594	e377	r2	e9164	foodon
fo595	e9164	r2	e674	foodon
fo596	e674	r2	e828	foodon
fo597	e828	r2	e522	foodon
fo598	e522	r2	e88	foodon
fo599	e522	r2	e689	foodon
fo600	e689	r2	e162	foodon
fo601	e378	r2	e42	foodon
fo602	e378	r2	e44	foodon
fo603	e380	r2	e44	foodon
fo604	e380	r2	e8072	foodon
fo605	e8072	r2	e309	foodon
fo606	e381	r2	e169	foodon
fo607	e382	r2	e684	foodon
fo608	e382	r2	e1418	foodon
fo609	e383	r2	e694	foodon
fo610	e384	r2	e383	foodon
fo611	e385	r2	e610	foodon
fo612	e386	r2	e88	foodon
fo613	e387	r2	e88	foodon
fo614	e388	r2	e1026	foodon
fo615	e388	r2	e9215	foodon
fo616	e1026	r2	e19	foodon
fo617	e389	r2	e223	foodon
fo618	e390	r2	e784	foodon
fo619	e391	r2	e390	foodon
fo620	e391	r2	e785	foodon
fo621	e785	r2	e132	foodon
fo622	e392	r2	e5829	foodon
fo623	e393	r2	e390	foodon
fo624	e393	r2	e504	foodon
fo625	e504	r2	e674	foodon
fo626	e394	r2	e206	foodon
fo627	e394	r2	e390	foodon
fo628	e395	r2	e161	foodon
fo629	e396	r2	e705	foodon
fo630	e705	r2	e308	foodon
fo631	e397	r2	e9164	foodon
fo632	e398	r2	e305	foodon
fo633	e399	r2	e234	foodon
fo634	e400	r2	e636	foodon
fo635	e636	r2	e746	foodon
fo636	e401	r2	e1228	foodon
fo637	e1228	r2	e217	foodon
fo638	e402	r2	e592	foodon
fo639	e403	r2	e636	foodon
fo640	e404	r2	e223	foodon
fo641	e405	r2	e4606	foodon
fo642	e406	r2	e142	foodon
fo643	e407	r2	e146	foodon
fo644	e407	r2	e5829	foodon
fo645	e408	r2	e142	foodon
fo646	e408	r2	e206	foodon
fo647	e409	r2	e656	foodon
fo648	e656	r2	e784	foodon
fo649	e410	r2	e335	foodon
fo650	e411	r2	e4606	foodon
fo651	e412	r2	e610	foodon
fo652	e413	r2	e228	foodon
fo653	e413	r2	e8879	foodon
fo654	e8879	r2	e10146	foodon
fo655	e414	r2	e3820	foodon
fo656	e414	r2	e9592	foodon
fo657	e9592	r2	e161	foodon
fo658	e415	r2	e223	foodon
fo659	e416	r2	e223	foodon
fo660	e417	r2	e636	foodon
fo661	e418	r2	e161	foodon
fo662	e419	r2	e121	foodon
fo663	e420	r2	e1418	foodon
fo664	e421	r2	e325	foodon
fo665	e423	r2	e607	foodon
fo666	e424	r2	e174	foodon
fo667	e424	r2	e387	foodon
fo668	e425	r2	e4606	foodon
fo669	e426	r2	e88	foodon
fo670	e426	r2	e134	foodon
fo671	e426	r2	e691	foodon
fo672	e427	r2	e223	foodon
fo673	e428	r2	e4992	foodon
fo674	e429	r2	e431	foodon
fo675	e430	r2	e431	foodon
fo676	e432	r2	e431	foodon
fo677	e433	r2	e196	foodon
fo678	e433	r2	e431	foodon
fo679	e434	r2	e121	foodon
fo680	e436	r2	e121	foodon
fo681	e437	r2	e674	foodon
fo682	e438	r2	e605	foodon
fo683	e605	r2	e454	foodon
fo684	e454	r2	e307	foodon
fo685	e439	r2	e435	foodon
fo686	e440	r2	e431	foodon
fo687	e442	r2	e208	foodon
fo688	e443	r2	e335	foodon
fo689	e444	r2	e206	foodon
fo690	e444	r2	e443	foodon
fo691	e445	r2	e447	foodon
fo692	e446	r2	e438	foodon
fo693	e448	r2	e820	foodon
fo694	e449	r2	e685	foodon
fo695	e450	r2	e17	foodon
fo696	e451	r2	e223	foodon
fo697	e452	r2	e385	foodon
fo698	e455	r2	e784	foodon
fo699	e456	r2	e585	foodon
fo700	e457	r2	e1166	foodon
fo701	e1166	r2	e10	foodon
fo702	e1166	r2	e901	foodon
fo703	e901	r2	e87	foodon
fo704	e458	r2	e223	foodon
fo705	e459	r2	e688	foodon
fo706	e460	r2	e1228	foodon
fo707	e461	r2	e93	foodon
fo708	e462	r2	e146	foodon
fo709	e462	r2	e463	foodon
fo710	e463	r2	e132	foodon
fo711	e464	r2	e95	foodon
fo712	e465	r2	e94	foodon
fo713	e465	r2	e462	foodon
fo714	e466	r2	e223	foodon
fo715	e467	r2	e223	foodon
fo716	e468	r2	e828	foodon
fo717	e469	r2	e99	foodon
fo718	e470	r2	e471	foodon
fo719	e470	r2	e2207	foodon
fo720	e471	r2	e542	foodon
fo721	e542	r2	e133	foodon
fo722	e472	r2	e223	foodon
fo723	e473	r2	e685	foodon
fo724	e474	r2	e208	foodon
fo725	e475	r2	e822	foodon
fo726	e476	r2	e344	foodon
fo727	e476	r2	e1217	foodon
fo728	e477	r2	e206	foodon
fo729	e477	r2	e1217	foodon
fo730	e478	r2	e1164	foodon
fo731	e1164	r2	e161	foodon
fo732	e479	r2	e217	foodon
fo733	e481	r2	e234	foodon
fo734	e482	r2	e484	foodon
fo735	e482	r2	e522	foodon
fo736	e484	r2	e426	foodon
fo737	e483	r2	e484	foodon
fo738	e483	r2	e8289	foodon
fo739	e8289	r2	e387	foodon
fo740	e485	r2	e484	foodon
fo741	e486	r2	e575	foodon
fo742	e486	r2	e1104	foodon
fo743	e575	r2	e237	foodon
fo744	e487	r2	e1015	foodon
fo745	e488	r2	e206	foodon
fo746	e489	r2	e304	foodon
fo747	e490	r2	e752	foodon
fo748	e490	r2	e8842	foodon
fo749	e752	r2	e49	foodon
fo750	e752	r2	e310	foodon
fo751	e492	r2	e491	foodon
fo752	e492	r2	e691	foodon
fo753	e493	r2	e3060	foodon
fo754	e3060	r2	e447	foodon
fo755	e494	r2	e223	foodon
fo756	e495	r2	e232	foodon
fo757	e496	r2	e223	foodon
fo758	e497	r2	e811	foodon
fo759	e500	r2	e498	foodon
fo760	e501	r2	e59	foodon
fo761	e502	r2	e59	foodon
fo762	e503	r2	e59	foodon
fo763	e505	r2	e59	foodon
fo764	e506	r2	e9032	foodon
fo765	e9032	r2	e59	foodon
fo766	e507	r2	e135	foodon
fo767	e508	r2	e217	foodon
fo768	e509	r2	e183	foodon
fo769	e510	r2	e4606	foodon
fo770	e511	r2	e206	foodon
fo771	e512	r2	e513	foodon
fo772	e512	r2	e783	foodon
fo773	e513	r2	e1228	foodon
fo774	e514	r2	e19	foodon
fo775	e515	r2	e517	foodon
fo776	e517	r2	e103	foodon
fo777	e516	r2	e517	foodon
fo778	e518	r2	e517	foodon
fo779	e519	r2	e517	foodon
fo780	e520	r2	e335	foodon
fo781	e521	r2	e685	foodon
fo782	e523	r2	e159	foodon
fo783	e523	r2	e4274	foodon
fo784	e4274	r2	e506	foodon
fo785	e524	r2	e95	foodon
fo786	e525	r2	e206	foodon
fo787	e526	r2	e159	foodon
fo788	e527	r2	e142	foodon
fo789	e528	r2	e223	foodon
fo790	e529	r2	e1403	foodon
fo791	e1403	r2	e330	foodon
fo792	e530	r2	e422	foodon
fo793	e531	r2	e1203	foodon
fo794	e1203	r2	e671	foodon
fo795	e671	r2	e685	foodon
fo796	e532	r2	e627	foodon
fo797	e533	r2	e538	foodon
fo798	e534	r2	e223	foodon
fo799	e535	r2	e125	foodon
fo800	e536	r2	e1015	foodon
fo801	e537	r2	e223	foodon
fo802	e539	r2	e305	foodon
fo803	e540	r2	e17	foodon
fo804	e541	r2	e540	foodon
fo805	e543	r2	e88	foodon
fo806	e545	r2	e10	foodon
fo807	e546	r2	e234	foodon
fo808	e547	r2	e548	foodon
fo809	e547	r2	e9740	foodon
fo810	e9740	r2	e4606	foodon
fo811	e548	r2	e671	foodon
fo812	e549	r2	e335	foodon
fo813	e550	r2	e232	foodon
fo814	e551	r2	e4606	foodon
fo815	e552	r2	e820	foodon
fo816	e553	r2	e555	foodon
fo817	e555	r2	e499	foodon
fo818	e555	r2	e8834	foodon
fo819	e554	r2	e555	foodon
fo820	e556	r2	e206	foodon
fo821	e557	r2	e223	foodon
fo822	e558	r2	e304	foodon
fo823	e559	r2	e223	foodon
fo824	e560	r2	e548	foodon
fo825	e561	r2	e684	foodon
fo826	e562	r2	e223	foodon
fo827	e563	r2	e687	foodon
fo828	e563	r2	e1418	foodon
fo829	e564	r2	e10	foodon
fo830	e565	r2	e3060	foodon
fo831	e566	r2	e170	foodon
fo832	e567	r2	e330	foodon
fo833	e568	r2	e3060	foodon
fo834	e569	r2	e566	foodon
fo835	e570	r2	e447	foodon
fo836	e571	r2	e142	foodon
fo837	e572	r2	e544	foodon
fo838	e573	r2	e758	foodon
fo839	e758	r2	e10	foodon
fo840	e574	r2	e447	foodon
fo841	e576	r2	e142	foodon
fo842	e577	r2	e691	foodon
fo843	e578	r2	e686	foodon
fo844	e579	r2	e330	foodon
fo845	e580	r2	e1015	foodon
fo846	e581	r2	e408	foodon
fo847	e581	r2	e890	foodon
fo848	e890	r2	e142	foodon
fo849	e582	r2	e335	foodon
fo850	e583	r2	e206	foodon
fo851	e584	r2	e1015	foodon
fo852	e586	r2	e344	foodon
fo853	e587	r2	e811	foodon
fo854	e588	r2	e223	foodon
fo855	e590	r2	e88	foodon
fo856	e591	r2	e623	foodon
fo857	e623	r2	e4606	foodon
fo858	e593	r2	e768	foodon
fo859	e768	r2	e223	foodon
fo860	e594	r2	e142	foodon
fo861	e595	r2	e146	foodon
fo862	e595	r2	e594	foodon
fo863	e596	r2	e59	foodon
fo864	e597	r2	e596	foodon
fo865	e597	r2	e5829	foodon
fo866	e598	r2	e1228	foodon
fo867	e599	r2	e223	foodon
fo868	e600	r2	e9215	foodon
fo869	e601	r2	e305	foodon
fo870	e603	r2	e137	foodon
fo871	e606	r2	e223	foodon
fo872	e608	r2	e59	foodon
fo873	e609	r2	e132	foodon
fo874	e611	r2	e19	foodon
fo875	e612	r2	e330	foodon
fo876	e613	r2	e820	foodon
fo877	e614	r2	e821	foodon
fo878	e821	r2	e693	foodon
fo879	e693	r2	e19	foodon
fo880	e615	r2	e870	foodon
fo881	e870	r2	e135	foodon
fo882	e870	r2	e234	foodon
fo883	e618	r2	e132	foodon
fo884	e619	r2	e825	foodon
fo885	e619	r2	e1403	foodon
fo886	e825	r2	e330	foodon
fo887	e620	r2	e9215	foodon
fo888	e621	r2	e585	foodon
fo889	e624	r2	e174	foodon
fo890	e624	r2	e2207	foodon
fo891	e625	r2	e685	foodon
fo892	e626	r2	e683	foodon
fo893	e683	r2	e163	foodon
fo894	e628	r2	e630	foodon
fo895	e628	r2	e4606	foodon
fo896	e630	r2	e688	foodon
fo897	e629	r2	e630	foodon
fo898	e629	r2	e821	foodon
fo899	e631	r2	e506	foodon
fo900	e631	r2	e632	foodon
fo901	e633	r2	e408	foodon
fo902	e634	r2	e1228	foodon
fo903	e635	r2	e3060	foodon
fo904	e637	r2	e223	foodon
fo905	e638	r2	e585	foodon
fo906	e639	r2	e683	foodon
fo907	e640	r2	e234	foodon
fo908	e641	r2	e828	foodon
fo909	e642	r2	e59	foodon
fo910	e643	r2	e642	foodon
fo911	e644	r2	e642	foodon
fo912	e644	r2	e5829	foodon
fo913	e645	r2	e1228	foodon
fo914	e646	r2	e688	foodon
fo915	e647	r2	e1015	foodon
fo916	e648	r2	e132	foodon
fo917	e649	r2	e650	foodon
fo918	e650	r2	e208	foodon
fo919	e651	r2	e650	foodon
fo920	e652	r2	e208	foodon
fo921	e653	r2	e652	foodon
fo922	e654	r2	e821	foodon
fo923	e655	r2	e59	foodon
fo924	e657	r2	e206	foodon
fo925	e658	r2	e622	foodon
fo926	e658	r2	e660	foodon
fo927	e660	r2	e161	foodon
fo928	e660	r2	e237	foodon
fo929	e659	r2	e683	foodon
fo930	e661	r2	e147	foodon
fo931	e662	r2	e148	foodon
fo932	e663	r2	e661	foodon
fo933	e664	r2	e662	foodon
fo934	e664	r2	e5829	foodon
fo935	e665	r2	e206	foodon
fo936	e666	r2	e607	foodon
fo937	e667	r2	e622	foodon
fo938	e668	r2	e2163	foodon
fo939	e2163	r2	e161	foodon
fo940	e670	r2	e671	foodon
fo941	e670	r2	e820	foodon
fo942	e672	r2	e1228	foodon
fo943	e673	r2	e223	foodon
fo944	e675	r2	e575	foodon
fo945	e675	r2	e1072	foodon
fo946	e675	r2	e1104	foodon
fo947	e676	r2	e223	foodon
fo948	e677	r2	e724	foodon
fo949	e724	r2	e1203	foodon
fo950	e678	r2	e59	foodon
fo951	e679	r2	e132	foodon
fo952	e680	r2	e206	foodon
fo953	e681	r2	e330	foodon
fo954	e682	r2	e228	foodon
fo955	e690	r2	e162	foodon
fo956	e692	r2	e228	foodon
fo957	e695	r2	e325	foodon
fo958	e696	r2	e223	foodon
fo959	e697	r2	e784	foodon
fo960	e698	r2	e223	foodon
fo961	e699	r2	e223	foodon
fo962	e700	r2	e223	foodon
fo963	e702	r2	e821	foodon
fo964	e703	r2	e42	foodon
fo965	e703	r2	e8843	foodon
fo966	e8843	r2	e125	foodon
fo967	e704	r2	e306	foodon
fo968	e706	r2	e430	foodon
fo969	e706	r2	e707	foodon
fo970	e707	r2	e86	foodon
fo971	e708	r2	e247	foodon
fo972	e709	r2	e697	foodon
fo973	e710	r2	e785	foodon
fo974	e711	r2	e435	foodon
fo975	e712	r2	e223	foodon
fo976	e713	r2	e685	foodon
fo977	e714	r2	e99	foodon
fo978	e715	r2	e148	foodon
fo979	e716	r2	e10	foodon
fo980	e717	r2	e688	foodon
fo981	e718	r2	e636	foodon
fo982	e719	r2	e683	foodon
fo983	e720	r2	e691	foodon
fo984	e720	r2	e1418	foodon
fo985	e721	r2	e506	foodon
fo986	e721	r2	e723	foodon
fo987	e722	r2	e206	foodon
fo988	e722	r2	e723	foodon
fo989	e725	r2	e206	foodon
fo990	e725	r2	e889	foodon
fo991	e889	r2	e4615	foodon
fo992	e726	r2	e821	foodon
fo993	e727	r2	e768	foodon
fo994	e728	r2	e673	foodon
fo995	e729	r2	e10	foodon
fo996	e730	r2	e246	foodon
fo997	e730	r2	e2064	foodon
fo998	e2064	r2	e731	foodon
fo999	e731	r2	e87	foodon
fo1000	e732	r2	e731	foodon
fo1001	e733	r2	e59	foodon
fo1002	e734	r2	e330	foodon
fo1003	e735	r2	e171	foodon
fo1004	e735	r2	e387	foodon
fo1005	e737	r2	e544	foodon
fo1006	e738	r2	e43	foodon
fo1007	e739	r2	e59	foodon
fo1008	e740	r2	e1228	foodon
fo1009	e741	r2	e522	foodon
fo1010	e742	r2	e741	foodon
fo1011	e743	r2	e223	foodon
fo1012	e744	r2	e1228	foodon
fo1013	e745	r2	e415	foodon
fo1014	e747	r2	e223	foodon
fo1015	e748	r2	e223	foodon
fo1016	e749	r2	e223	foodon
fo1017	e750	r2	e223	foodon
fo1018	e751	r2	e610	foodon
fo1019	e753	r2	e121	foodon
fo1020	e754	r2	e121	foodon
fo1021	e755	r2	e88	foodon
fo1022	e755	r2	e4992	foodon
fo1023	e756	r2	e630	foodon
fo1024	e757	r2	e223	foodon
fo1025	e759	r2	e46	foodon
fo1026	e760	r2	e7706	foodon
fo1027	e7706	r2	e9592	foodon
fo1028	e761	r2	e447	foodon
fo1029	e762	r2	e223	foodon
fo1030	e763	r2	e811	foodon
fo1031	e764	r2	e223	foodon
fo1032	e765	r2	e7706	foodon
fo1033	e766	r2	e610	foodon
fo1034	e767	r2	e2064	foodon
fo1035	e769	r2	e3060	foodon
fo1036	e770	r2	e636	foodon
fo1037	e772	r2	e133	foodon
fo1038	e773	r2	e696	foodon
fo1039	e774	r2	e777	foodon
fo1040	e775	r2	e4259	foodon
fo1041	e4259	r2	e3820	foodon
fo1042	e778	r2	e687	foodon
fo1043	e779	r2	e544	foodon
fo1044	e780	r2	e685	foodon
fo1045	e781	r2	e585	foodon
fo1046	e782	r2	e385	foodon
fo1047	e786	r2	e1285	foodon
fo1048	e1285	r2	e161	foodon
fo1049	e787	r2	e506	foodon
fo1050	e787	r2	e788	foodon
fo1051	e788	r2	e335	foodon
fo1052	e789	r2	e206	foodon
fo1053	e789	r2	e788	foodon
fo1054	e790	r2	e223	foodon
fo1055	e791	r2	e19	foodon
fo1056	e792	r2	e333	foodon
fo1057	e793	r2	e4992	foodon
fo1058	e794	r2	e258	foodon
fo1059	e795	r2	e237	foodon
fo1060	e796	r2	e138	foodon
fo1061	e797	r2	e828	foodon
fo1062	e799	r2	e306	foodon
fo1063	e800	r2	e126	foodon
fo1064	e801	r2	e126	foodon
fo1065	e801	r2	e8072	foodon
fo1066	e802	r2	e223	foodon
fo1067	e803	r2	e1015	foodon
fo1068	e804	r2	e688	foodon
fo1069	e805	r2	e1228	foodon
fo1070	e806	r2	e1228	foodon
fo1071	e807	r2	e154	foodon
fo1072	e807	r2	e3820	foodon
fo1073	e808	r2	e821	foodon
fo1074	e809	r2	e154	foodon
fo1075	e812	r2	e223	foodon
fo1076	e813	r2	e9164	foodon
fo1077	e814	r2	e4606	foodon
fo1078	e815	r2	e687	foodon
fo1079	e815	r2	e1418	foodon
fo1080	e816	r2	e730	foodon
fo1081	e817	r2	e17	foodon
fo1082	e818	r2	e121	foodon
fo1083	e818	r2	e817	foodon
fo1084	e819	r2	e4606	foodon
fo1085	e823	r2	e688	foodon
fo1086	e824	r2	e145	foodon
fo1087	e826	r2	e49	foodon
fo1088	e827	r2	e10	foodon
fo1089	e829	r2	e828	foodon
fo1090	e830	r2	e828	foodon
fo1091	e831	r2	e387	foodon
fo1092	e832	r2	e828	foodon
fo1093	e833	r2	e86	foodon
fo1094	e834	r2	e431	foodon
fo1095	e835	r2	e319	foodon
fo1096	e836	r2	e1387	foodon
fo1097	e837	r2	e223	foodon
fo1098	e838	r2	e223	foodon
fo1099	e839	r2	e223	foodon
fo1100	e840	r2	e59	foodon
fo1101	e841	r2	e688	foodon
fo1102	e842	r2	e673	foodon
fo1103	e843	r2	e811	foodon
fo1104	e844	r2	e344	foodon
fo1105	e846	r2	e234	foodon
fo1106	e847	r2	e846	foodon
fo1107	e848	r2	e847	foodon
fo1108	e849	r2	e847	foodon
fo1109	e850	r2	e8132	foodon
fo1110	e8132	r2	e311	foodon
fo1111	e851	r2	e811	foodon
fo1112	e852	r2	e8834	foodon
fo1113	e853	r2	e8834	foodon
fo1114	e854	r2	e19	foodon
fo1115	e855	r2	e19	foodon
fo1116	e856	r2	e330	foodon
fo1117	e857	r2	e858	foodon
fo1118	e857	r2	e6034	foodon
fo1119	e6034	r2	e899	foodon
fo1120	e6034	r2	e9777	foodon
fo1121	e9777	r2	e674	foodon
fo1122	e899	r2	e311	foodon
fo1123	e899	r2	e504	foodon
fo1124	e858	r2	e6047	foodon
fo1125	e858	r2	e9777	foodon
fo1126	e6047	r2	e674	foodon
fo1127	e859	r2	e3834	foodon
fo1128	e860	r2	e887	foodon
fo1129	e860	r2	e905	foodon
fo1130	e905	r2	e9032	foodon
fo1131	e887	r2	e8132	foodon
fo1132	e861	r2	e67	foodon
fo1133	e862	r2	e124	foodon
fo1134	e864	r2	e67	foodon
fo1135	e864	r2	e124	foodon
fo1136	e865	r2	e121	foodon
fo1137	e866	r2	e8133	foodon
fo1138	e8133	r2	e687	foodon
fo1139	e8133	r2	e4107	foodon
fo1140	e4107	r2	e8880	foodon
fo1141	e8880	r2	e234	foodon
fo1142	e867	r2	e330	foodon
fo1143	e868	r2	e687	foodon
fo1144	e869	r2	e145	foodon
fo1145	e871	r2	e19	foodon
fo1146	e872	r2	e8880	foodon
fo1147	e873	r2	e335	foodon
fo1148	e874	r2	e457	foodon
fo1149	e875	r2	e686	foodon
fo1150	e876	r2	e223	foodon
fo1151	e877	r2	e223	foodon
fo1152	e878	r2	e223	foodon
fo1153	e879	r2	e2063	foodon
fo1154	e2063	r2	e731	foodon
fo1155	e880	r2	e610	foodon
fo1156	e881	r2	e223	foodon
fo1157	e882	r2	e10	foodon
fo1158	e883	r2	e139	foodon
fo1159	e884	r2	e780	foodon
fo1160	e885	r2	e10	foodon
fo1161	e886	r2	e167	foodon
fo1162	e891	r2	e708	foodon
fo1163	e892	r2	e2206	foodon
fo1164	e2206	r2	e585	foodon
fo1165	e893	r2	e2	foodon
fo1166	e894	r2	e585	foodon
fo1167	e895	r2	e585	foodon
fo1168	e896	r2	e4107	foodon
fo1169	e896	r2	e9032	foodon
fo1170	e897	r2	e8132	foodon
fo1171	e898	r2	e106	foodon
fo1172	e898	r2	e3052	foodon
fo1173	e3052	r2	e2666	foodon
fo1174	e2666	r2	e10245	foodon
fo1175	e10245	r2	e8834	foodon
fo1176	e900	r2	e674	foodon
fo1177	e902	r2	e390	foodon
fo1178	e903	r2	e632	foodon
fo1179	e904	r2	e2186	foodon
fo1180	e2186	r2	e8132	foodon
fo1181	e906	r2	e8132	foodon
fo1182	e907	r2	e548	foodon
fo1183	e908	r2	e656	foodon
fo1184	e909	r2	e315	foodon
fo1185	e910	r2	e1662	foodon
fo1186	e1662	r2	e1580	foodon
fo1187	e1580	r2	e1015	foodon
fo1188	e911	r2	e662	foodon
fo1189	e912	r2	e226	foodon
fo1190	e913	r2	e373	foodon
fo1191	e914	r2	e223	foodon
fo1192	e915	r2	e4606	foodon
fo1193	e916	r2	e19	foodon
fo1194	e917	r2	e1015	foodon
fo1195	e918	r2	e59	foodon
fo1196	e919	r2	e4606	foodon
fo1197	e920	r2	e59	foodon
fo1198	e921	r2	e687	foodon
fo1199	e922	r2	e4992	foodon
fo1200	e923	r2	e4606	foodon
fo1201	e924	r2	e41	foodon
fo1202	e925	r2	e8879	foodon
fo1203	e926	r2	e167	foodon
fo1204	e927	r2	e433	foodon
fo1205	e928	r2	e1601	foodon
fo1206	e928	r2	e3984	foodon
fo1207	e928	r2	e4106	foodon
fo1208	e4106	r2	e9032	foodon
fo1209	e3984	r2	e1227	foodon
fo1210	e1227	r2	e911	foodon
fo1211	e1601	r2	e1589	foodon
fo1212	e1589	r2	e1227	foodon
fo1213	e929	r2	e347	foodon
fo1214	e930	r2	e485	foodon
fo1215	e931	r2	e485	foodon
fo1216	e932	r2	e373	foodon
fo1217	e933	r2	e746	foodon
fo1218	e934	r2	e5278	foodon
fo1219	e5278	r2	e9064	foodon
fo1220	e9064	r2	e9707	foodon
fo1221	e935	r2	e9855	foodon
fo1222	e9855	r2	e8289	foodon
fo1223	e936	r2	e9064	foodon
fo1224	e937	r2	e484	foodon
fo1225	e938	r2	e641	foodon
fo1226	e939	r2	e1088	foodon
fo1227	e1088	r2	e140	foodon
fo1228	e940	r2	e120	foodon
fo1229	e941	r2	e120	foodon
fo1230	e942	r2	e121	foodon
fo1231	e943	r2	e121	foodon
fo1232	e944	r2	e798	foodon
fo1233	e944	r2	e924	foodon
fo1234	e945	r2	e798	foodon
fo1235	e946	r2	e422	foodon
fo1236	e947	r2	e88	foodon
fo1237	e948	r2	e947	foodon
fo1238	e949	r2	e335	foodon
fo1239	e950	r2	e44	foodon
fo1240	e951	r2	e9600	foodon
fo1241	e9600	r2	e801	foodon
fo1242	e952	r2	e5968	foodon
fo1243	e5968	r2	e828	foodon
fo1244	e953	r2	e897	foodon
fo1245	e954	r2	e641	foodon
fo1246	e955	r2	e560	foodon
fo1247	e956	r2	e873	foodon
fo1248	e957	r2	e879	foodon
fo1249	e958	r2	e159	foodon
fo1250	e959	r2	e3820	foodon
fo1251	e959	r2	e3941	foodon
fo1252	e3941	r2	e8805	foodon
fo1253	e8805	r2	e130	foodon
fo1254	e960	r2	e41	foodon
fo1255	e960	r2	e2191	foodon
fo1256	e2191	r2	e3189	foodon
fo1257	e3189	r2	e2198	foodon
fo1258	e2198	r2	e3092	foodon
fo1259	e3092	r2	e995	foodon
fo1260	e961	r2	e780	foodon
fo1261	e962	r2	e1141	foodon
fo1262	e1141	r2	e3937	foodon
fo1263	e3937	r2	e171	foodon
fo1264	e963	r2	e330	foodon
fo1265	e964	r2	e3557	foodon
fo1266	e3557	r2	e89	foodon
fo1267	e965	r2	e1782	foodon
fo1268	e1782	r2	e1454	foodon
fo1269	e1454	r2	e159	foodon
fo1270	e1454	r2	e1538	foodon
fo1271	e1538	r2	e9031	foodon
fo1272	e9031	r2	e335	foodon
fo1273	e966	r2	e19	foodon
fo1274	e967	r2	e7901	foodon
fo1275	e7901	r2	e3557	foodon
fo1276	e968	r2	e7900	foodon
fo1277	e7900	r2	e3557	foodon
fo1278	e969	r2	e7901	foodon
fo1279	e970	r2	e7900	foodon
fo1280	e971	r2	e7900	foodon
fo1281	e972	r2	e7901	foodon
fo1282	e973	r2	e7901	foodon
fo1283	e974	r2	e7900	foodon
fo1284	e975	r2	e7900	foodon
fo1285	e976	r2	e3557	foodon
fo1286	e977	r2	e7901	foodon
fo1287	e978	r2	e7900	foodon
fo1288	e979	r2	e7901	foodon
fo1289	e980	r2	e7901	foodon
fo1290	e981	r2	e7901	foodon
fo1291	e982	r2	e7901	foodon
fo1292	e983	r2	e7900	foodon
fo1293	e984	r2	e7900	foodon
fo1294	e985	r2	e7900	foodon
fo1295	e986	r2	e7900	foodon
fo1296	e987	r2	e7900	foodon
fo1297	e988	r2	e7901	foodon
fo1298	e989	r2	e7900	foodon
fo1299	e990	r2	e7900	foodon
fo1300	e991	r2	e7900	foodon
fo1301	e992	r2	e964	foodon
fo1302	e993	r2	e964	foodon
fo1303	e994	r2	e2207	foodon
fo1304	e996	r2	e299	foodon
fo1305	e997	r2	e4606	foodon
fo1306	e998	r2	e2064	foodon
fo1307	e999	r2	e302	foodon
fo1308	e1000	r2	e298	foodon
fo1309	e1001	r2	e2032	foodon
fo1310	e1002	r2	e43	foodon
fo1311	e1003	r2	e2730	foodon
fo1312	e1003	r2	e10153	foodon
fo1313	e10153	r2	e9148	foodon
fo1314	e9148	r2	e8036	foodon
fo1315	e8036	r2	e125	foodon
fo1316	e2730	r2	e43	foodon
fo1317	e1004	r2	e1964	foodon
fo1318	e1964	r2	e1003	foodon
fo1319	e1005	r2	e415	foodon
fo1320	e1006	r2	e3060	foodon
fo1321	e1007	r2	e8842	foodon
fo1322	e1008	r2	e6802	foodon
fo1323	e6802	r2	e3589	foodon
fo1324	e3589	r2	e223	foodon
fo1325	e1009	r2	e467	foodon
fo1326	e1009	r2	e1008	foodon
fo1327	e1010	r2	e4765	foodon
fo1328	e4765	r2	e431	foodon
fo1329	e1011	r2	e617	foodon
fo1330	e1011	r2	e687	foodon
fo1331	e1012	r2	e619	foodon
fo1332	e1012	r2	e1201	foodon
fo1333	e1201	r2	e825	foodon
fo1334	e1201	r2	e1440	foodon
fo1335	e1440	r2	e422	foodon
fo1336	e1440	r2	e1050	foodon
fo1337	e1013	r2	e638	foodon
fo1338	e1014	r2	e1526	foodon
fo1339	e1526	r2	e578	foodon
fo1340	e1016	r2	e256	foodon
fo1341	e1016	r2	e10154	foodon
fo1342	e10154	r2	e9148	foodon
fo1343	e1017	r2	e529	foodon
fo1344	e1017	r2	e3834	foodon
fo1345	e1018	r2	e330	foodon
fo1346	e1019	r2	e1025	foodon
fo1347	e1025	r2	e162	foodon
fo1348	e1020	r2	e688	foodon
fo1349	e1021	r2	e10	foodon
fo1350	e1022	r2	e9964	foodon
fo1351	e9964	r2	e10005	foodon
fo1352	e10005	r2	e766	foodon
fo1353	e1023	r2	e223	foodon
fo1354	e1024	r2	e1008	foodon
fo1355	e1024	r2	e1023	foodon
fo1356	e1027	r2	e2730	foodon
fo1357	e1027	r2	e10154	foodon
fo1358	e1028	r2	e415	foodon
fo1359	e1029	r2	e1114	foodon
fo1360	e1114	r2	e1112	foodon
fo1361	e1112	r2	e701	foodon
fo1362	e1030	r2	e522	foodon
fo1363	e1031	r2	e256	foodon
fo1364	e1032	r2	e544	foodon
fo1365	e1032	r2	e1008	foodon
fo1366	e1033	r2	e1492	foodon
fo1367	e1033	r2	e2730	foodon
fo1368	e1492	r2	e9148	foodon
fo1369	e1034	r2	e309	foodon
fo1370	e1035	r2	e801	foodon
fo1371	e1036	r2	e256	foodon
fo1372	e1037	r2	e768	foodon
fo1373	e1038	r2	e44	foodon
fo1374	e1039	r2	e773	foodon
fo1375	e1040	r2	e548	foodon
fo1376	e1041	r2	e9707	foodon
fo1377	e1042	r2	e811	foodon
fo1378	e1042	r2	e1008	foodon
fo1379	e1043	r2	e8811	foodon
fo1380	e8811	r2	e247	foodon
fo1381	e1044	r2	e3060	foodon
fo1382	e1045	r2	e548	foodon
fo1383	e1046	r2	e1050	foodon
fo1384	e1046	r2	e1063	foodon
fo1385	e1063	r2	e330	foodon
fo1386	e1047	r2	e1066	foodon
fo1387	e1047	r2	e3834	foodon
fo1388	e1066	r2	e330	foodon
fo1389	e1048	r2	e1049	foodon
fo1390	e1048	r2	e4141	foodon
fo1391	e4141	r2	e1066	foodon
fo1392	e4141	r2	e1440	foodon
fo1393	e1051	r2	e3834	foodon
fo1394	e1052	r2	e185	foodon
fo1395	e1052	r2	e1049	foodon
fo1396	e1052	r2	e8901	foodon
fo1397	e8901	r2	e867	foodon
fo1398	e8901	r2	e1050	foodon
fo1399	e1053	r2	e3799	foodon
fo1400	e1053	r2	e8901	foodon
fo1401	e3799	r2	e1050	foodon
fo1402	e3799	r2	e4107	foodon
fo1403	e1054	r2	e867	foodon
fo1404	e1054	r2	e3834	foodon
fo1405	e1055	r2	e1073	foodon
fo1406	e1056	r2	e567	foodon
fo1407	e1056	r2	e1440	foodon
fo1408	e1057	r2	e3834	foodon
fo1409	e1058	r2	e185	foodon
fo1410	e1058	r2	e1060	foodon
fo1411	e1060	r2	e963	foodon
fo1412	e1059	r2	e1060	foodon
fo1413	e1061	r2	e530	foodon
fo1414	e1062	r2	e422	foodon
fo1415	e1064	r2	e1049	foodon
fo1416	e1064	r2	e7648	foodon
fo1417	e7648	r2	e192	foodon
fo1418	e7648	r2	e1050	foodon
fo1419	e1065	r2	e192	foodon
fo1420	e1065	r2	e1060	foodon
fo1421	e1067	r2	e330	foodon
fo1422	e1068	r2	e181	foodon
fo1423	e1068	r2	e8057	foodon
fo1424	e1069	r2	e579	foodon
fo1425	e1069	r2	e3834	foodon
fo1426	e1074	r2	e777	foodon
fo1427	e1074	r2	e1059	foodon
fo1428	e1075	r2	e3806	foodon
fo1429	e3806	r2	e777	foodon
fo1430	e3806	r2	e1050	foodon
fo1431	e1076	r2	e3806	foodon
fo1432	e1077	r2	e1440	foodon
fo1433	e1080	r2	e193	foodon
fo1434	e1080	r2	e1049	foodon
fo1435	e1080	r2	e1068	foodon
fo1436	e1081	r2	e1049	foodon
fo1437	e1081	r2	e6066	foodon
fo1438	e6066	r2	e183	foodon
fo1439	e6066	r2	e1050	foodon
fo1440	e1082	r2	e193	foodon
fo1441	e1082	r2	e1049	foodon
fo1442	e1082	r2	e7910	foodon
fo1443	e7910	r2	e186	foodon
fo1444	e7910	r2	e1050	foodon
fo1445	e1084	r2	e1087	foodon
fo1446	e1087	r2	e140	foodon
fo1447	e1085	r2	e9269	foodon
fo1448	e9269	r2	e421	foodon
fo1449	e9269	r2	e1975	foodon
fo1450	e1975	r2	e325	foodon
fo1451	e1975	r2	e1580	foodon
fo1452	e1086	r2	e1776	foodon
fo1453	e1776	r2	e139	foodon
fo1454	e1089	r2	e9207	foodon
fo1455	e9207	r2	e247	foodon
fo1456	e1090	r2	e708	foodon
fo1457	e1091	r2	e708	foodon
fo1458	e1092	r2	e99	foodon
fo1459	e1093	r2	e5159	foodon
fo1460	e5159	r2	e99	foodon
fo1461	e1094	r2	e9116	foodon
fo1462	e9116	r2	e421	foodon
fo1463	e1095	r2	e8853	foodon
fo1464	e8853	r2	e3366	foodon
fo1465	e3366	r2	e1104	foodon
fo1466	e1096	r2	e256	foodon
fo1467	e1097	r2	e185	foodon
fo1468	e1097	r2	e1049	foodon
fo1469	e1097	r2	e7629	foodon
fo1470	e7629	r2	e1018	foodon
fo1471	e7629	r2	e1050	foodon
fo1472	e1098	r2	e185	foodon
fo1473	e1098	r2	e1049	foodon
fo1474	e1098	r2	e7741	foodon
fo1475	e7741	r2	e1050	foodon
fo1476	e1099	r2	e5975	foodon
fo1477	e5975	r2	e4036	foodon
fo1478	e4036	r2	e626	foodon
fo1479	e1100	r2	e5240	foodon
fo1480	e5240	r2	e777	foodon
fo1481	e5240	r2	e3834	foodon
fo1482	e1101	r2	e3799	foodon
fo1483	e1101	r2	e7910	foodon
fo1484	e1102	r2	e355	foodon
fo1485	e1102	r2	e1060	foodon
fo1486	e1103	r2	e1060	foodon
fo1487	e1105	r2	e3840	foodon
fo1488	e3840	r2	e4169	foodon
fo1489	e4169	r2	e431	foodon
fo1490	e1106	r2	e3799	foodon
fo1491	e1106	r2	e4132	foodon
fo1492	e4132	r2	e579	foodon
fo1493	e4132	r2	e1050	foodon
fo1494	e1107	r2	e7629	foodon
fo1495	e1108	r2	e3684	foodon
fo1496	e1108	r2	e3799	foodon
fo1497	e1110	r2	e567	foodon
fo1498	e1111	r2	e701	foodon
fo1499	e1113	r2	e758	foodon
fo1500	e1113	r2	e1114	foodon
fo1501	e1115	r2	e2950	foodon
fo1502	e1115	r2	e2958	foodon
fo1503	e1115	r2	e7786	foodon
fo1504	e7786	r2	e758	foodon
fo1505	e7786	r2	e8190	foodon
fo1506	e8190	r2	e1111	foodon
fo1507	e8190	r2	e5871	foodon
fo1508	e5871	r2	e9707	foodon
fo1509	e2958	r2	e2935	foodon
fo1510	e2958	r2	e2947	foodon
fo1511	e2947	r2	e2934	foodon
fo1512	e2934	r2	e2928	foodon
fo1513	e2928	r2	e87	foodon
fo1514	e2928	r2	e2927	foodon
fo1515	e2927	r2	e2032	foodon
fo1516	e2935	r2	e2934	foodon
fo1517	e2950	r2	e2947	foodon
fo1518	e1116	r2	e758	foodon
fo1519	e1116	r2	e7662	foodon
fo1520	e7662	r2	e1109	foodon
fo1521	e7662	r2	e5871	foodon
fo1522	e1117	r2	e6128	foodon
fo1523	e6128	r2	e42	foodon
fo1524	e1118	r2	e573	foodon
fo1525	e1118	r2	e2989	foodon
fo1526	e2989	r2	e2934	foodon
fo1527	e1119	r2	e10	foodon
fo1528	e1120	r2	e19	foodon
fo1529	e1121	r2	e1120	foodon
fo1530	e1122	r2	e3984	foodon
fo1531	e1123	r2	e134	foodon
fo1532	e1124	r2	e674	foodon
fo1533	e1125	r2	e897	foodon
fo1534	e1126	r2	e5350	foodon
fo1535	e5350	r2	e82	foodon
fo1536	e5350	r2	e683	foodon
fo1537	e1127	r2	e1126	foodon
fo1538	e1128	r2	e8599	foodon
fo1539	e8599	r2	e8805	foodon
fo1540	e1129	r2	e897	foodon
fo1541	e1130	r2	e7900	foodon
fo1542	e1131	r2	e1104	foodon
fo1543	e1132	r2	e455	foodon
fo1544	e1133	r2	e7900	foodon
fo1545	e1134	r2	e76	foodon
fo1546	e1135	r2	e59	foodon
fo1547	e1136	r2	e335	foodon
fo1548	e1136	r2	e1015	foodon
fo1549	e1136	r2	e1135	foodon
fo1550	e1137	r2	e5240	foodon
fo1551	e1138	r2	e5968	foodon
fo1552	e1139	r2	e4606	foodon
fo1553	e1140	r2	e6155	foodon
fo1554	e6155	r2	e590	foodon
fo1555	e1142	r2	e44	foodon
fo1556	e1143	r2	e636	foodon
fo1557	e1144	r2	e10144	foodon
fo1558	e1145	r2	e3593	foodon
fo1559	e3593	r2	e3060	foodon
fo1560	e1146	r2	e3348	foodon
fo1561	e3348	r2	e422	foodon
fo1562	e3348	r2	e3834	foodon
fo1563	e1147	r2	e1440	foodon
fo1564	e1148	r2	e708	foodon
fo1565	e1149	r2	e708	foodon
fo1566	e1150	r2	e1013	foodon
fo1567	e1151	r2	e568	foodon
fo1568	e1152	r2	e225	foodon
fo1569	e1153	r2	e309	foodon
fo1570	e1154	r2	e758	foodon
fo1571	e1155	r2	e183	foodon
fo1572	e1156	r2	e541	foodon
fo1573	e1157	r2	e1443	foodon
fo1574	e1443	r2	e364	foodon
fo1575	e1158	r2	e1443	foodon
fo1576	e1159	r2	e369	foodon
fo1577	e1160	r2	e369	foodon
fo1578	e1161	r2	e7736	foodon
fo1579	e7736	r2	e3827	foodon
fo1580	e7736	r2	e4107	foodon
fo1581	e3827	r2	e154	foodon
fo1582	e1162	r2	e252	foodon
fo1583	e1163	r2	e252	foodon
fo1584	e1165	r2	e1164	foodon
fo1585	e1167	r2	e4606	foodon
fo1586	e1168	r2	e1580	foodon
fo1587	e1168	r2	e1794	foodon
fo1588	e1794	r2	e59	foodon
fo1589	e1169	r2	e6155	foodon
fo1590	e1170	r2	e645	foodon
fo1591	e1171	r2	e8130	foodon
fo1592	e1172	r2	e1035	foodon
fo1593	e1173	r2	e1174	foodon
fo1594	e1174	r2	e694	foodon
fo1595	e1174	r2	e1418	foodon
fo1596	e1175	r2	e2187	foodon
fo1597	e2187	r2	e44	foodon
fo1598	e1176	r2	e901	foodon
fo1599	e1177	r2	e5396	foodon
fo1600	e5396	r2	e88	foodon
fo1601	e1178	r2	e380	foodon
fo1602	e1179	r2	e3516	foodon
fo1603	e3516	r2	e162	foodon
fo1604	e1180	r2	e217	foodon
fo1605	e1181	r2	e837	foodon
fo1606	e1182	r2	e687	foodon
fo1607	e1183	r2	e688	foodon
fo1608	e1184	r2	e897	foodon
fo1609	e1185	r2	e778	foodon
fo1610	e1186	r2	e3899	foodon
fo1611	e3899	r2	e1555	foodon
fo1612	e1555	r2	e780	foodon
fo1613	e1187	r2	e223	foodon
fo1614	e1188	r2	e6802	foodon
fo1615	e1189	r2	e811	foodon
fo1616	e1190	r2	e356	foodon
fo1617	e1191	r2	e1153	foodon
fo1618	e1192	r2	e204	foodon
fo1619	e1192	r2	e1153	foodon
fo1620	e1193	r2	e548	foodon
fo1621	e1194	r2	e1193	foodon
fo1622	e1195	r2	e19	foodon
fo1623	e1196	r2	e1914	foodon
fo1624	e1914	r2	e161	foodon
fo1625	e1914	r2	e162	foodon
fo1626	e1197	r2	e3629	foodon
fo1627	e3629	r2	e448	foodon
fo1628	e1198	r2	e335	foodon
fo1629	e1199	r2	e1771	foodon
fo1630	e1771	r2	e889	foodon
fo1631	e1771	r2	e1538	foodon
fo1632	e1200	r2	e3691	foodon
fo1633	e3691	r2	e1499	foodon
fo1634	e3691	r2	e4107	foodon
fo1635	e1499	r2	e902	foodon
fo1636	e1202	r2	e1564	foodon
fo1637	e1564	r2	e1562	foodon
fo1638	e1562	r2	e1203	foodon
fo1639	e1562	r2	e1537	foodon
fo1640	e1537	r2	e671	foodon
fo1641	e1204	r2	e884	foodon
fo1642	e1205	r2	e1565	foodon
fo1643	e1565	r2	e1562	foodon
fo1644	e1206	r2	e1714	foodon
fo1645	e1206	r2	e3899	foodon
fo1646	e1714	r2	e1715	foodon
fo1647	e1715	r2	e1899	foodon
fo1648	e1899	r2	e1555	foodon
fo1649	e1207	r2	e310	foodon
fo1650	e1208	r2	e1754	foodon
fo1651	e1754	r2	e756	foodon
fo1652	e1754	r2	e9305	foodon
fo1653	e9305	r2	e630	foodon
fo1654	e1209	r2	e814	foodon
fo1655	e1210	r2	e1758	foodon
fo1656	e1758	r2	e814	foodon
fo1657	e1211	r2	e4606	foodon
fo1658	e1212	r2	e1211	foodon
fo1659	e1213	r2	e1435	foodon
fo1660	e1435	r2	e8751	foodon
fo1661	e8751	r2	e4606	foodon
fo1662	e1214	r2	e339	foodon
fo1663	e1214	r2	e9888	foodon
fo1664	e9888	r2	e627	foodon
fo1665	e1215	r2	e335	foodon
fo1666	e1216	r2	e1410	foodon
fo1667	e1410	r2	e142	foodon
fo1668	e1218	r2	e44	foodon
fo1669	e1220	r2	e1692	foodon
fo1670	e1220	r2	e3752	foodon
fo1671	e3752	r2	e1443	foodon
fo1672	e3752	r2	e4107	foodon
fo1673	e1692	r2	e1443	foodon
fo1674	e1221	r2	e1669	foodon
fo1675	e1669	r2	e1580	foodon
fo1676	e1222	r2	e1627	foodon
fo1677	e1627	r2	e1580	foodon
fo1678	e1223	r2	e139	foodon
fo1679	e1224	r2	e1816	foodon
fo1680	e1816	r2	e805	foodon
fo1681	e1225	r2	e687	foodon
fo1682	e1226	r2	e19	foodon
fo1683	e1229	r2	e4606	foodon
fo1684	e1230	r2	e1228	foodon
fo1685	e1231	r2	e508	foodon
fo1686	e1232	r2	e508	foodon
fo1687	e1233	r2	e1088	foodon
fo1688	e1234	r2	e183	foodon
fo1689	e1235	r2	e8768	foodon
fo1690	e8768	r2	e830	foodon
fo1691	e1236	r2	e830	foodon
fo1692	e1237	r2	e484	foodon
fo1693	e1238	r2	e485	foodon
fo1694	e1239	r2	e3573	foodon
fo1695	e1239	r2	e9215	foodon
fo1696	e3573	r2	e219	foodon
fo1697	e1240	r2	e3573	foodon
fo1698	e1240	r2	e9215	foodon
fo1699	e1241	r2	e687	foodon
fo1700	e1242	r2	e1015	foodon
fo1701	e1243	r2	e1687	foodon
fo1702	e1687	r2	e1242	foodon
fo1703	e1687	r2	e1580	foodon
fo1704	e1244	r2	e1613	foodon
fo1705	e1613	r2	e139	foodon
fo1706	e1245	r2	e1618	foodon
fo1707	e1618	r2	e1227	foodon
fo1708	e1246	r2	e1695	foodon
fo1709	e1695	r2	e1580	foodon
fo1710	e1247	r2	e4615	foodon
fo1711	e1248	r2	e744	foodon
fo1712	e1249	r2	e335	foodon
fo1713	e1250	r2	e1623	foodon
fo1714	e1250	r2	e5073	foodon
fo1715	e5073	r2	e1466	foodon
fo1716	e5073	r2	e4107	foodon
fo1717	e1466	r2	e717	foodon
fo1718	e1623	r2	e1466	foodon
fo1719	e1251	r2	e1675	foodon
fo1720	e1251	r2	e5073	foodon
fo1721	e1675	r2	e1466	foodon
fo1722	e1252	r2	e1469	foodon
fo1723	e1469	r2	e3937	foodon
fo1724	e1253	r2	e855	foodon
fo1725	e1254	r2	e1479	foodon
fo1726	e1479	r2	e841	foodon
fo1727	e1255	r2	e1479	foodon
fo1728	e1256	r2	e365	foodon
fo1729	e1257	r2	e1664	foodon
fo1730	e1664	r2	e1578	foodon
fo1731	e1578	r2	e395	foodon
fo1732	e1258	r2	e1259	foodon
fo1733	e1259	r2	e1482	foodon
fo1734	e1259	r2	e5336	foodon
fo1735	e5336	r2	e1580	foodon
fo1736	e5336	r2	e4106	foodon
fo1737	e1482	r2	e1481	foodon
fo1738	e1482	r2	e1580	foodon
fo1739	e1481	r2	e1015	foodon
fo1740	e1260	r2	e335	foodon
fo1741	e1261	r2	e2088	foodon
fo1742	e2088	r2	e1418	foodon
fo1743	e1262	r2	e1436	foodon
fo1744	e1436	r2	e161	foodon
fo1745	e1263	r2	e19	foodon
fo1746	e1264	r2	e19	foodon
fo1747	e1265	r2	e4606	foodon
fo1748	e1266	r2	e19	foodon
fo1749	e1267	r2	e1266	foodon
fo1750	e1268	r2	e1266	foodon
fo1751	e1269	r2	e1266	foodon
fo1752	e1270	r2	e584	foodon
fo1753	e1270	r2	e1580	foodon
fo1754	e1271	r2	e1260	foodon
fo1755	e1272	r2	e1273	foodon
fo1756	e1272	r2	e1580	foodon
fo1757	e1273	r2	e1015	foodon
fo1758	e1274	r2	e1260	foodon
fo1759	e1275	r2	e1260	foodon
fo1760	e1276	r2	e1637	foodon
fo1761	e1637	r2	e1580	foodon
fo1762	e1277	r2	e19	foodon
fo1763	e1278	r2	e1277	foodon
fo1764	e1279	r2	e1434	foodon
fo1765	e1434	r2	e176	foodon
fo1766	e1280	r2	e1228	foodon
fo1767	e1281	r2	e1015	foodon
fo1768	e1282	r2	e1015	foodon
fo1769	e1283	r2	e1580	foodon
fo1770	e1284	r2	e19	foodon
fo1771	e1286	r2	e1285	foodon
fo1772	e1287	r2	e1015	foodon
fo1773	e1287	r2	e3691	foodon
fo1774	e1288	r2	e162	foodon
fo1775	e1289	r2	e1697	foodon
fo1776	e1697	r2	e1217	foodon
fo1777	e1697	r2	e1498	foodon
fo1778	e1697	r2	e1538	foodon
fo1779	e1498	r2	e1215	foodon
fo1780	e1290	r2	e1674	foodon
fo1781	e1674	r2	e1580	foodon
fo1782	e1291	r2	e139	foodon
fo1783	e1292	r2	e1726	foodon
fo1784	e1726	r2	e1538	foodon
fo1785	e1293	r2	e148	foodon
fo1786	e1294	r2	e1784	foodon
fo1787	e1784	r2	e1451	foodon
fo1788	e1451	r2	e441	foodon
fo1789	e1451	r2	e8057	foodon
fo1790	e1295	r2	e563	foodon
fo1791	e1296	r2	e8845	foodon
fo1792	e8845	r2	e6418	foodon
fo1793	e6418	r2	e133	foodon
fo1794	e1297	r2	e59	foodon
fo1795	e1298	r2	e335	foodon
fo1796	e1299	r2	e1684	foodon
fo1797	e1684	r2	e1298	foodon
fo1798	e1300	r2	e1620	foodon
fo1799	e1620	r2	e1538	foodon
fo1800	e1301	r2	e640	foodon
fo1801	e1302	r2	e435	foodon
fo1802	e1303	r2	e831	foodon
fo1803	e1304	r2	e219	foodon
fo1804	e1305	r2	e63	foodon
fo1805	e1306	r2	e63	foodon
fo1806	e1307	r2	e701	foodon
fo1807	e1308	r2	e701	foodon
fo1808	e1309	r2	e2162	foodon
fo1809	e1309	r2	e8845	foodon
fo1810	e2162	r2	e133	foodon
fo1811	e1310	r2	e701	foodon
fo1812	e1311	r2	e10	foodon
fo1813	e1312	r2	e300	foodon
fo1814	e1313	r2	e310	foodon
fo1815	e1314	r2	e1403	foodon
fo1816	e1315	r2	e1103	foodon
fo1817	e1315	r2	e1314	foodon
fo1818	e1316	r2	e335	foodon
fo1819	e1317	r2	e1685	foodon
fo1820	e1685	r2	e1324	foodon
fo1821	e1685	r2	e5336	foodon
fo1822	e1324	r2	e1015	foodon
fo1823	e1318	r2	e1727	foodon
fo1824	e1727	r2	e1580	foodon
fo1825	e1319	r2	e220	foodon
fo1826	e1319	r2	e8599	foodon
fo1827	e1320	r2	e1693	foodon
fo1828	e1693	r2	e364	foodon
fo1829	e1321	r2	e9305	foodon
fo1830	e1322	r2	e4558	foodon
fo1831	e4558	r2	e5974	foodon
fo1832	e5974	r2	e161	foodon
fo1833	e1323	r2	e19	foodon
fo1834	e1325	r2	e7653	foodon
fo1835	e7653	r2	e59	foodon
fo1836	e1326	r2	e161	foodon
fo1837	e1327	r2	e1800	foodon
fo1838	e1800	r2	e1326	foodon
fo1839	e1328	r2	e495	foodon
fo1840	e1329	r2	e250	foodon
fo1841	e1330	r2	e1667	foodon
fo1842	e1667	r2	e1608	foodon
fo1843	e1608	r2	e143	foodon
fo1844	e1331	r2	e777	foodon
fo1845	e1332	r2	e845	foodon
fo1846	e1333	r2	e1354	foodon
fo1847	e1333	r2	e1628	foodon
fo1848	e1628	r2	e1580	foodon
fo1849	e1354	r2	e1015	foodon
fo1850	e1334	r2	e1700	foodon
fo1851	e1700	r2	e1335	foodon
fo1852	e1335	r2	e1015	foodon
fo1853	e1336	r2	e1742	foodon
fo1854	e1742	r2	e1335	foodon
fo1855	e1337	r2	e777	foodon
fo1856	e1338	r2	e309	foodon
fo1857	e1339	r2	e660	foodon
fo1858	e1340	r2	e660	foodon
fo1859	e1340	r2	e8057	foodon
fo1860	e1341	r2	e1339	foodon
fo1861	e1341	r2	e3762	foodon
fo1862	e3762	r2	e660	foodon
fo1863	e1342	r2	e70	foodon
fo1864	e1343	r2	e424	foodon
fo1865	e1343	r2	e624	foodon
fo1866	e1344	r2	e4388	foodon
fo1867	e4388	r2	e162	foodon
fo1868	e4388	r2	e10144	foodon
fo1869	e1345	r2	e7990	foodon
fo1870	e7990	r2	e639	foodon
fo1871	e1346	r2	e163	foodon
fo1872	e1347	r2	e7788	foodon
fo1873	e7788	r2	e163	foodon
fo1874	e7788	r2	e9592	foodon
fo1875	e1348	r2	e163	foodon
fo1876	e1349	r2	e1288	foodon
fo1877	e1349	r2	e10144	foodon
fo1878	e1350	r2	e154	foodon
fo1879	e1350	r2	e10144	foodon
fo1880	e1351	r2	e822	foodon
fo1881	e1351	r2	e10144	foodon
fo1882	e1352	r2	e315	foodon
fo1883	e1352	r2	e10144	foodon
fo1884	e1353	r2	e5974	foodon
fo1885	e1355	r2	e1354	foodon
fo1886	e1356	r2	e623	foodon
fo1887	e1356	r2	e10144	foodon
fo1888	e1357	r2	e10144	foodon
fo1889	e1358	r2	e5989	foodon
fo1890	e5989	r2	e4388	foodon
fo1891	e1359	r2	e171	foodon
fo1892	e1359	r2	e10144	foodon
fo1893	e1360	r2	e5989	foodon
fo1894	e1361	r2	e1761	foodon
fo1895	e1761	r2	e3827	foodon
fo1896	e1362	r2	e8343	foodon
fo1897	e8343	r2	e424	foodon
fo1898	e8343	r2	e8289	foodon
fo1899	e1363	r2	e830	foodon
fo1900	e1364	r2	e9064	foodon
fo1901	e1365	r2	e3841	foodon
fo1902	e1365	r2	e4169	foodon
fo1903	e3841	r2	e431	foodon
fo1904	e1366	r2	e708	foodon
fo1905	e1367	r2	e309	foodon
fo1906	e1368	r2	e541	foodon
fo1907	e1369	r2	e798	foodon
fo1908	e1370	r2	e708	foodon
fo1909	e1371	r2	e828	foodon
fo1910	e1372	r2	e818	foodon
fo1911	e1373	r2	e4165	foodon
fo1912	e4165	r2	e233	foodon
fo1913	e1374	r2	e1373	foodon
fo1914	e1375	r2	e18	foodon
fo1915	e1376	r2	e4644	foodon
fo1916	e4644	r2	e121	foodon
fo1917	e1377	r2	e4644	foodon
fo1918	e1378	r2	e487	foodon
fo1919	e1378	r2	e1580	foodon
fo1920	e1379	r2	e41	foodon
fo1921	e1380	r2	e3554	foodon
fo1922	e3554	r2	e6155	foodon
fo1923	e1381	r2	e219	foodon
fo1924	e1382	r2	e7999	foodon
fo1925	e7999	r2	e220	foodon
fo1926	e1383	r2	e9393	foodon
fo1927	e9393	r2	e3629	foodon
fo1928	e1384	r2	e9032	foodon
fo1929	e1385	r2	e1384	foodon
fo1930	e1385	r2	e1407	foodon
fo1931	e1407	r2	e576	foodon
fo1932	e1386	r2	e19	foodon
fo1933	e1388	r2	e237	foodon
fo1934	e1389	r2	e153	foodon
fo1935	e1390	r2	e532	foodon
fo1936	e1391	r2	e5770	foodon
fo1937	e5770	r2	e146	foodon
fo1938	e5770	r2	e527	foodon
fo1939	e1392	r2	e256	foodon
fo1940	e1392	r2	e309	foodon
fo1941	e1393	r2	e793	foodon
fo1942	e1394	r2	e1593	foodon
fo1943	e1394	r2	e7736	foodon
fo1944	e1593	r2	e3827	foodon
fo1945	e1395	r2	e44	foodon
fo1946	e1396	r2	e1395	foodon
fo1947	e1397	r2	e1395	foodon
fo1948	e1398	r2	e1218	foodon
fo1949	e1398	r2	e1395	foodon
fo1950	e1399	r2	e1218	foodon
fo1951	e1399	r2	e1395	foodon
fo1952	e1400	r2	e4282	foodon
fo1953	e4282	r2	e58	foodon
fo1954	e4282	r2	e84	foodon
fo1955	e4282	r2	e484	foodon
fo1956	e1401	r2	e186	foodon
fo1957	e1401	r2	e1103	foodon
fo1958	e1402	r2	e7736	foodon
fo1959	e1404	r2	e194	foodon
fo1960	e1405	r2	e260	foodon
fo1961	e1406	r2	e574	foodon
fo1962	e1408	r2	e142	foodon
fo1963	e1409	r2	e1738	foodon
fo1964	e1738	r2	e3756	foodon
fo1965	e3756	r2	e1410	foodon
fo1966	e3756	r2	e4106	foodon
fo1967	e3756	r2	e4107	foodon
fo1968	e1411	r2	e256	foodon
fo1969	e1412	r2	e256	foodon
fo1970	e1413	r2	e1411	foodon
fo1971	e1414	r2	e1411	foodon
fo1972	e1415	r2	e2734	foodon
fo1973	e1415	r2	e2744	foodon
fo1974	e2744	r2	e2730	foodon
fo1975	e2744	r2	e10156	foodon
fo1976	e10156	r2	e9148	foodon
fo1977	e2734	r2	e2730	foodon
fo1978	e1416	r2	e2732	foodon
fo1979	e1416	r2	e2744	foodon
fo1980	e2732	r2	e2730	foodon
fo1981	e1417	r2	e1913	foodon
fo1982	e1913	r2	e1228	foodon
fo1983	e1419	r2	e9269	foodon
fo1984	e1420	r2	e897	foodon
fo1985	e1421	r2	e1535	foodon
fo1986	e1421	r2	e3972	foodon
fo1987	e3972	r2	e9305	foodon
fo1988	e1535	r2	e9305	foodon
fo1989	e1422	r2	e3972	foodon
fo1990	e1423	r2	e736	foodon
fo1991	e1424	r2	e6462	foodon
fo1992	e6462	r2	e171	foodon
fo1993	e1425	r2	e736	foodon
fo1994	e1425	r2	e6462	foodon
fo1995	e1426	r2	e4249	foodon
fo1996	e4249	r2	e194	foodon
fo1997	e1427	r2	e194	foodon
fo1998	e1428	r2	e2744	foodon
fo1999	e1429	r2	e2744	foodon
fo2000	e1430	r2	e7435	foodon
fo2001	e1430	r2	e9972	foodon
fo2002	e9972	r2	e43	foodon
fo2003	e7435	r2	e253	foodon
fo2004	e1431	r2	e9972	foodon
fo2005	e1432	r2	e2744	foodon
fo2006	e1433	r2	e1415	foodon
fo2007	e1433	r2	e2737	foodon
fo2008	e1433	r2	e2877	foodon
fo2009	e2877	r2	e9148	foodon
fo2010	e2737	r2	e2730	foodon
fo2011	e1437	r2	e3836	foodon
fo2012	e3836	r2	e131	foodon
fo2013	e1438	r2	e3836	foodon
fo2014	e1439	r2	e3836	foodon
fo2015	e1441	r2	e422	foodon
fo2016	e1441	r2	e1060	foodon
fo2017	e1442	r2	e356	foodon
fo2018	e1444	r2	e720	foodon
fo2019	e1445	r2	e373	foodon
fo2020	e1446	r2	e376	foodon
fo2021	e1447	r2	e382	foodon
fo2022	e1448	r2	e1932	foodon
fo2023	e1932	r2	e383	foodon
fo2024	e1449	r2	e792	foodon
fo2025	e1449	r2	e9754	foodon
fo2026	e9754	r2	e333	foodon
fo2027	e1450	r2	e1499	foodon
fo2028	e1452	r2	e449	foodon
fo2029	e1453	r2	e471	foodon
fo2030	e1453	r2	e8845	foodon
fo2031	e1455	r2	e478	foodon
fo2032	e1456	r2	e209	foodon
fo2033	e1457	r2	e1456	foodon
fo2034	e1458	r2	e1174	foodon
fo2035	e1459	r2	e578	foodon
fo2036	e1459	r2	e1661	foodon
fo2037	e1661	r2	e8880	foodon
fo2038	e1460	r2	e772	foodon
fo2039	e1461	r2	e1237	foodon
fo2040	e1462	r2	e134	foodon
fo2041	e1463	r2	e134	foodon
fo2042	e1464	r2	e174	foodon
fo2043	e1465	r2	e666	foodon
fo2044	e1467	r2	e733	foodon
fo2045	e1468	r2	e723	foodon
fo2046	e1468	r2	e1498	foodon
fo2047	e1468	r2	e1538	foodon
fo2048	e1470	r2	e1469	foodon
fo2049	e1471	r2	e1469	foodon
fo2050	e1472	r2	e688	foodon
fo2051	e1473	r2	e1472	foodon
fo2052	e1474	r2	e1229	foodon
fo2053	e1475	r2	e1520	foodon
fo2054	e1520	r2	e563	foodon
fo2055	e1520	r2	e1661	foodon
fo2056	e1476	r2	e788	foodon
fo2057	e1476	r2	e1538	foodon
fo2058	e1477	r2	e796	foodon
fo2059	e1478	r2	e815	foodon
fo2060	e1480	r2	e7706	foodon
fo2061	e1483	r2	e319	foodon
fo2062	e1484	r2	e678	foodon
fo2063	e1484	r2	e1580	foodon
fo2064	e1485	r2	e1488	foodon
fo2065	e1488	r2	e1544	foodon
fo2066	e1544	r2	e870	foodon
fo2067	e1486	r2	e1488	foodon
fo2068	e1487	r2	e1488	foodon
fo2069	e1489	r2	e1544	foodon
fo2070	e1490	r2	e9707	foodon
fo2071	e1491	r2	e9707	foodon
fo2072	e1493	r2	e4606	foodon
fo2073	e1494	r2	e1493	foodon
fo2074	e1495	r2	e1493	foodon
fo2075	e1496	r2	e746	foodon
fo2076	e1497	r2	e315	foodon
fo2077	e1500	r2	e586	foodon
fo2078	e1500	r2	e1498	foodon
fo2079	e1501	r2	e410	foodon
fo2080	e1501	r2	e1498	foodon
fo2081	e1501	r2	e1538	foodon
fo2082	e1502	r2	e409	foodon
fo2083	e1502	r2	e655	foodon
fo2084	e1502	r2	e8979	foodon
fo2085	e8979	r2	e908	foodon
fo2086	e1503	r2	e655	foodon
fo2087	e1503	r2	e8979	foodon
fo2088	e1504	r2	e697	foodon
fo2089	e1505	r2	e677	foodon
fo2090	e1505	r2	e1506	foodon
fo2091	e1506	r2	e724	foodon
fo2092	e1506	r2	e1562	foodon
fo2093	e1507	r2	e713	foodon
fo2094	e1507	r2	e1899	foodon
fo2095	e1508	r2	e476	foodon
fo2096	e1508	r2	e1498	foodon
fo2097	e1509	r2	e594	foodon
fo2098	e1509	r2	e1410	foodon
fo2099	e1510	r2	e293	foodon
fo2100	e1510	r2	e1580	foodon
fo2101	e1511	r2	e342	foodon
fo2102	e1511	r2	e1468	foodon
fo2103	e1512	r2	e345	foodon
fo2104	e1512	r2	e1451	foodon
fo2105	e1513	r2	e368	foodon
fo2106	e1514	r2	e560	foodon
fo2107	e1514	r2	e1561	foodon
fo2108	e1561	r2	e3375	foodon
fo2109	e3375	r2	e1750	foodon
fo2110	e1750	r2	e548	foodon
fo2111	e1750	r2	e1537	foodon
fo2112	e1515	r2	e778	foodon
fo2113	e1515	r2	e1661	foodon
fo2114	e1516	r2	e778	foodon
fo2115	e1517	r2	e778	foodon
fo2116	e1518	r2	e617	foodon
fo2117	e1518	r2	e687	foodon
fo2118	e1519	r2	e420	foodon
fo2119	e1519	r2	e1520	foodon
fo2120	e1521	r2	e1265	foodon
fo2121	e1522	r2	e420	foodon
fo2122	e1523	r2	e420	foodon
fo2123	e1524	r2	e1011	foodon
fo2124	e1525	r2	e563	foodon
fo2125	e1527	r2	e1526	foodon
fo2126	e1528	r2	e1526	foodon
fo2127	e1529	r2	e578	foodon
fo2128	e1530	r2	e578	foodon
fo2129	e1530	r2	e687	foodon
fo2130	e1531	r2	e364	foodon
fo2131	e1531	r2	e1295	foodon
fo2132	e1531	r2	e1520	foodon
fo2133	e1532	r2	e1533	foodon
fo2134	e1532	r2	e3972	foodon
fo2135	e1533	r2	e9305	foodon
fo2136	e1534	r2	e9305	foodon
fo2137	e1536	r2	e897	foodon
fo2138	e1539	r2	e9980	foodon
fo2139	e9980	r2	e1544	foodon
fo2140	e1540	r2	e300	foodon
fo2141	e1541	r2	e1542	foodon
fo2142	e1541	r2	e1661	foodon
fo2143	e1542	r2	e687	foodon
fo2144	e1543	r2	e1542	foodon
fo2145	e1545	r2	e1544	foodon
fo2146	e1546	r2	e921	foodon
fo2147	e1546	r2	e1644	foodon
fo2148	e1644	r2	e333	foodon
fo2149	e1644	r2	e1661	foodon
fo2150	e1547	r2	e921	foodon
fo2151	e1548	r2	e563	foodon
fo2152	e1549	r2	e815	foodon
fo2153	e1549	r2	e1661	foodon
fo2154	e1550	r2	e1499	foodon
fo2155	e1551	r2	e1504	foodon
fo2156	e1552	r2	e1504	foodon
fo2157	e1553	r2	e9590	foodon
fo2158	e9590	r2	e709	foodon
fo2159	e1554	r2	e596	foodon
fo2160	e1554	r2	e1580	foodon
fo2161	e1556	r2	e642	foodon
fo2162	e1556	r2	e1580	foodon
fo2163	e1557	r2	e347	foodon
fo2164	e1557	r2	e1538	foodon
fo2165	e1558	r2	e582	foodon
fo2166	e1559	r2	e520	foodon
fo2167	e1559	r2	e1538	foodon
fo2168	e1560	r2	e549	foodon
fo2169	e1563	r2	e531	foodon
fo2170	e1563	r2	e1562	foodon
fo2171	e1566	r2	e1483	foodon
fo2172	e1567	r2	e1483	foodon
fo2173	e1568	r2	e1483	foodon
fo2174	e1569	r2	e527	foodon
fo2175	e1569	r2	e1410	foodon
fo2176	e1570	r2	e594	foodon
fo2177	e1570	r2	e1410	foodon
fo2178	e1571	r2	e353	foodon
fo2179	e1571	r2	e1498	foodon
fo2180	e1571	r2	e1538	foodon
fo2181	e1572	r2	e301	foodon
fo2182	e1572	r2	e1498	foodon
fo2183	e1573	r2	e8894	foodon
fo2184	e8894	r2	e140	foodon
fo2185	e1574	r2	e8894	foodon
fo2186	e1575	r2	e3741	foodon
fo2187	e3741	r2	e1104	foodon
fo2188	e3741	r2	e8057	foodon
fo2189	e1576	r2	e3741	foodon
fo2190	e1577	r2	e485	foodon
fo2191	e1577	r2	e1462	foodon
fo2192	e1579	r2	e844	foodon
fo2193	e1579	r2	e1498	foodon
fo2194	e1579	r2	e1538	foodon
fo2195	e1581	r2	e1281	foodon
fo2196	e1581	r2	e1580	foodon
fo2197	e1582	r2	e1580	foodon
fo2198	e1583	r2	e3827	foodon
fo2199	e1584	r2	e823	foodon
fo2200	e1585	r2	e9673	foodon
fo2201	e9673	r2	e688	foodon
fo2202	e1586	r2	e317	foodon
fo2203	e1587	r2	e166	foodon
fo2204	e1588	r2	e1589	foodon
fo2205	e1590	r2	e257	foodon
fo2206	e1590	r2	e1607	foodon
fo2207	e1607	r2	e144	foodon
fo2208	e1607	r2	e1608	foodon
fo2209	e1591	r2	e1538	foodon
fo2210	e1591	r2	e2119	foodon
fo2211	e2119	r2	e918	foodon
fo2212	e1592	r2	e8813	foodon
fo2213	e8813	r2	e903	foodon
fo2214	e8813	r2	e1410	foodon
fo2215	e1594	r2	e793	foodon
fo2216	e1595	r2	e508	foodon
fo2217	e1596	r2	e508	foodon
fo2218	e1597	r2	e508	foodon
fo2219	e1598	r2	e8979	foodon
fo2220	e1599	r2	e7666	foodon
fo2221	e7666	r2	e1056	foodon
fo2222	e1600	r2	e7666	foodon
fo2223	e1602	r2	e1448	foodon
fo2224	e1603	r2	e376	foodon
fo2225	e1604	r2	e580	foodon
fo2226	e1605	r2	e3589	foodon
fo2227	e1606	r2	e9207	foodon
fo2228	e1609	r2	e1607	foodon
fo2229	e1610	r2	e1899	foodon
fo2230	e1611	r2	e323	foodon
fo2231	e1612	r2	e168	foodon
fo2232	e1614	r2	e687	foodon
fo2233	e1615	r2	e1614	foodon
fo2234	e1615	r2	e1661	foodon
fo2235	e1616	r2	e8132	foodon
fo2236	e1617	r2	e888	foodon
fo2237	e1617	r2	e1538	foodon
fo2238	e1619	r2	e326	foodon
fo2239	e1619	r2	e1580	foodon
fo2240	e1621	r2	e1454	foodon
fo2241	e1622	r2	e343	foodon
fo2242	e1622	r2	e3771	foodon
fo2243	e3771	r2	e822	foodon
fo2244	e1624	r2	e195	foodon
fo2245	e1625	r2	e337	foodon
fo2246	e1626	r2	e374	foodon
fo2247	e1629	r2	e473	foodon
fo2248	e1630	r2	e8813	foodon
fo2249	e1631	r2	e479	foodon
fo2250	e1631	r2	e1228	foodon
fo2251	e1632	r2	e479	foodon
fo2252	e1633	r2	e536	foodon
fo2253	e1633	r2	e1580	foodon
fo2254	e1634	r2	e399	foodon
fo2255	e1634	r2	e1661	foodon
fo2256	e1635	r2	e399	foodon
fo2257	e1636	r2	e399	foodon
fo2258	e1638	r2	e161	foodon
fo2259	e1639	r2	e1580	foodon
fo2260	e1640	r2	e1230	foodon
fo2261	e1641	r2	e687	foodon
fo2262	e1641	r2	e1661	foodon
fo2263	e1642	r2	e1546	foodon
fo2264	e1643	r2	e1547	foodon
fo2265	e1645	r2	e382	foodon
fo2266	e1645	r2	e1295	foodon
fo2267	e1645	r2	e1520	foodon
fo2268	e1646	r2	e1661	foodon
fo2269	e1646	r2	e1932	foodon
fo2270	e1647	r2	e383	foodon
fo2271	e1648	r2	e159	foodon
fo2272	e1649	r2	e159	foodon
fo2273	e1650	r2	e687	foodon
fo2274	e1651	r2	e578	foodon
fo2275	e1651	r2	e1661	foodon
fo2276	e1652	r2	e1661	foodon
fo2277	e1652	r2	e8133	foodon
fo2278	e1653	r2	e643	foodon
fo2279	e1654	r2	e1614	foodon
fo2280	e1654	r2	e8133	foodon
fo2281	e1655	r2	e645	foodon
fo2282	e1656	r2	e713	foodon
fo2283	e1656	r2	e1661	foodon
fo2284	e1657	r2	e717	foodon
fo2285	e1658	r2	e1264	foodon
fo2286	e1658	r2	e1661	foodon
fo2287	e1659	r2	e1264	foodon
fo2288	e1660	r2	e804	foodon
fo2289	e1663	r2	e521	foodon
fo2290	e1665	r2	e1410	foodon
fo2291	e1666	r2	e443	foodon
fo2292	e1668	r2	e1410	foodon
fo2293	e1670	r2	e890	foodon
fo2294	e1670	r2	e1410	foodon
fo2295	e1671	r2	e1443	foodon
fo2296	e1671	r2	e1672	foodon
fo2297	e1672	r2	e1418	foodon
fo2298	e1673	r2	e1672	foodon
fo2299	e1676	r2	e418	foodon
fo2300	e1677	r2	e418	foodon
fo2301	e1678	r2	e478	foodon
fo2302	e1679	r2	e688	foodon
fo2303	e1680	r2	e608	foodon
fo2304	e1680	r2	e1580	foodon
fo2305	e1681	r2	e824	foodon
fo2306	e1682	r2	e803	foodon
fo2307	e1682	r2	e1060	foodon
fo2308	e1682	r2	e1580	foodon
fo2309	e1683	r2	e647	foodon
fo2310	e1683	r2	e1580	foodon
fo2311	e1686	r2	e873	foodon
fo2312	e1688	r2	e1580	foodon
fo2313	e1689	r2	e625	foodon
fo2314	e1690	r2	e625	foodon
fo2315	e1691	r2	e491	foodon
fo2316	e1694	r2	e571	foodon
fo2317	e1694	r2	e1410	foodon
fo2318	e1696	r2	e917	foodon
fo2319	e1696	r2	e1580	foodon
fo2320	e1698	r2	e161	foodon
fo2321	e1699	r2	e1698	foodon
fo2322	e1701	r2	e646	foodon
fo2323	e1702	r2	e178	foodon
fo2324	e1703	r2	e607	foodon
fo2325	e1704	r2	e4107	foodon
fo2326	e1704	r2	e9973	foodon
fo2327	e9973	r2	e1020	foodon
fo2328	e1705	r2	e9594	foodon
fo2329	e9594	r2	e546	foodon
fo2330	e9594	r2	e688	foodon
fo2331	e1706	r2	e668	foodon
fo2332	e1706	r2	e1261	foodon
fo2333	e1707	r2	e1340	foodon
fo2334	e1708	r2	e1340	foodon
fo2335	e1709	r2	e1340	foodon
fo2336	e1710	r2	e1340	foodon
fo2337	e1711	r2	e3762	foodon
fo2338	e1712	r2	e611	foodon
fo2339	e1712	r2	e8057	foodon
fo2340	e1713	r2	e561	foodon
fo2341	e1716	r2	e1715	foodon
fo2342	e1717	r2	e784	foodon
fo2343	e1718	r2	e687	foodon
fo2344	e1719	r2	e786	foodon
fo2345	e1720	r2	e521	foodon
fo2346	e1721	r2	e9305	foodon
fo2347	e1722	r2	e8894	foodon
fo2348	e1723	r2	e8894	foodon
fo2349	e1724	r2	e510	foodon
fo2350	e1725	r2	e514	foodon
fo2351	e1728	r2	e1580	foodon
fo2352	e1729	r2	e161	foodon
fo2353	e1730	r2	e920	foodon
fo2354	e1731	r2	e715	foodon
fo2355	e1732	r2	e687	foodon
fo2356	e1733	r2	e1732	foodon
fo2357	e1734	r2	e915	foodon
fo2358	e1735	r2	e1468	foodon
fo2359	e1736	r2	e1389	foodon
fo2360	e1737	r2	e1410	foodon
fo2361	e1737	r2	e2104	foodon
fo2362	e2104	r2	e142	foodon
fo2363	e1739	r2	e2110	foodon
fo2364	e2110	r2	e19	foodon
fo2365	e1740	r2	e2110	foodon
fo2366	e1741	r2	e3741	foodon
fo2367	e1743	r2	e589	foodon
fo2368	e1743	r2	e1050	foodon
fo2369	e1744	r2	e819	foodon
fo2370	e1744	r2	e1050	foodon
fo2371	e1745	r2	e688	foodon
fo2372	e1746	r2	e3741	foodon
fo2373	e1747	r2	e966	foodon
fo2374	e1748	r2	e3918	foodon
fo2375	e3918	r2	e459	foodon
fo2376	e1749	r2	e922	foodon
fo2377	e1751	r2	e153	foodon
fo2378	e1752	r2	e739	foodon
fo2379	e1753	r2	e1410	foodon
fo2380	e1755	r2	e1538	foodon
fo2381	e1756	r2	e840	foodon
fo2382	e1756	r2	e1580	foodon
fo2383	e1757	r2	e804	foodon
fo2384	e1759	r2	e1504	foodon
fo2385	e1760	r2	e1504	foodon
fo2386	e1762	r2	e1743	foodon
fo2387	e1763	r2	e8894	foodon
fo2388	e1764	r2	e1477	foodon
fo2389	e1765	r2	e1477	foodon
fo2390	e1766	r2	e1477	foodon
fo2391	e1767	r2	e836	foodon
fo2392	e1768	r2	e883	foodon
fo2393	e1769	r2	e3695	foodon
fo2394	e3695	r2	e455	foodon
fo2395	e3695	r2	e1580	foodon
fo2396	e1770	r2	e3827	foodon
fo2397	e1772	r2	e1447	foodon
fo2398	e1773	r2	e1228	foodon
fo2399	e1773	r2	e1661	foodon
fo2400	e1774	r2	e8894	foodon
fo2401	e1775	r2	e334	foodon
fo2402	e1777	r2	e1782	foodon
fo2403	e1778	r2	e3827	foodon
fo2404	e1779	r2	e174	foodon
fo2405	e1780	r2	e1217	foodon
fo2406	e1781	r2	e1454	foodon
fo2407	e1783	r2	e1454	foodon
fo2408	e1785	r2	e521	foodon
fo2409	e1786	r2	e1577	foodon
fo2410	e1787	r2	e1790	foodon
fo2411	e1790	r2	e1462	foodon
fo2412	e1788	r2	e1790	foodon
fo2413	e1789	r2	e695	foodon
fo2414	e1789	r2	e1975	foodon
fo2415	e1791	r2	e3937	foodon
fo2416	e1792	r2	e10134	foodon
fo2417	e10134	r2	e4912	foodon
fo2418	e4912	r2	e691	foodon
fo2419	e1793	r2	e401	foodon
fo2420	e1795	r2	e3741	foodon
fo2421	e1796	r2	e4606	foodon
fo2422	e1797	r2	e369	foodon
fo2423	e1798	r2	e411	foodon
fo2424	e1799	r2	e460	foodon
fo2425	e1801	r2	e1284	foodon
fo2426	e1802	r2	e162	foodon
fo2427	e1803	r2	e547	foodon
fo2428	e1803	r2	e3375	foodon
fo2429	e1804	r2	e1803	foodon
fo2430	e1805	r2	e1819	foodon
fo2431	e1805	r2	e8310	foodon
fo2432	e8310	r2	e569	foodon
fo2433	e1819	r2	e3662	foodon
fo2434	e3662	r2	e566	foodon
fo2435	e1806	r2	e1228	foodon
fo2436	e1807	r2	e1806	foodon
fo2437	e1808	r2	e1806	foodon
fo2438	e1809	r2	e1806	foodon
fo2439	e1810	r2	e1806	foodon
fo2440	e1811	r2	e1806	foodon
fo2441	e1812	r2	e1806	foodon
fo2442	e1813	r2	e740	foodon
fo2443	e1814	r2	e1387	foodon
fo2444	e1815	r2	e1228	foodon
fo2445	e1817	r2	e1504	foodon
fo2446	e1818	r2	e1228	foodon
fo2447	e1820	r2	e8880	foodon
fo2448	e1821	r2	e687	foodon
fo2449	e1821	r2	e1661	foodon
fo2450	e1822	r2	e687	foodon
fo2451	e1823	r2	e687	foodon
fo2452	e1824	r2	e687	foodon
fo2453	e1825	r2	e687	foodon
fo2454	e1826	r2	e687	foodon
fo2455	e1827	r2	e687	foodon
fo2456	e1828	r2	e687	foodon
fo2457	e1828	r2	e1026	foodon
fo2458	e1829	r2	e687	foodon
fo2459	e1829	r2	e1661	foodon
fo2460	e1829	r2	e2100	foodon
fo2461	e2100	r2	e19	foodon
fo2462	e1830	r2	e687	foodon
fo2463	e1831	r2	e1830	foodon
fo2464	e1832	r2	e1830	foodon
fo2465	e1833	r2	e19	foodon
fo2466	e1834	r2	e687	foodon
fo2467	e1835	r2	e1583	foodon
fo2468	e1836	r2	e691	foodon
fo2469	e1837	r2	e59	foodon
fo2470	e1837	r2	e8057	foodon
fo2471	e1838	r2	e19	foodon
fo2472	e1839	r2	e1838	foodon
fo2473	e1840	r2	e1838	foodon
fo2474	e1840	r2	e8057	foodon
fo2475	e1841	r2	e963	foodon
fo2476	e1841	r2	e10134	foodon
fo2477	e1842	r2	e687	foodon
fo2478	e1843	r2	e687	foodon
fo2479	e1844	r2	e1014	foodon
fo2480	e1845	r2	e17	foodon
fo2481	e1846	r2	e41	foodon
fo2482	e1846	r2	e3101	foodon
fo2483	e3101	r2	e2198	foodon
fo2484	e1847	r2	e1846	foodon
fo2485	e1848	r2	e777	foodon
fo2486	e1849	r2	e9592	foodon
fo2487	e1850	r2	e1849	foodon
fo2488	e1851	r2	e32	foodon
fo2489	e1851	r2	e4640	foodon
fo2490	e4640	r2	e436	foodon
fo2491	e1852	r2	e32	foodon
fo2492	e1852	r2	e4640	foodon
fo2493	e1853	r2	e17	foodon
fo2494	e1854	r2	e1853	foodon
fo2495	e1855	r2	e161	foodon
fo2496	e1856	r2	e1855	foodon
fo2497	e1857	r2	e1849	foodon
fo2498	e1858	r2	e1856	foodon
fo2499	e1859	r2	e374	foodon
fo2500	e1860	r2	e1856	foodon
fo2501	e1861	r2	e1856	foodon
fo2502	e1862	r2	e4117	foodon
fo2503	e4117	r2	e547	foodon
fo2504	e1863	r2	e671	foodon
fo2505	e1864	r2	e8072	foodon
fo2506	e1864	r2	e9061	foodon
fo2507	e1864	r2	e9062	foodon
fo2508	e9062	r2	e9064	foodon
fo2509	e9061	r2	e5817	foodon
fo2510	e5817	r2	e9707	foodon
fo2511	e1865	r2	e252	foodon
fo2512	e1866	r2	e1463	foodon
fo2513	e1867	r2	e250	foodon
fo2514	e1868	r2	e1725	foodon
fo2515	e1869	r2	e9775	foodon
fo2516	e9775	r2	e9064	foodon
fo2517	e1870	r2	e13	foodon
fo2518	e1871	r2	e1725	foodon
fo2519	e1872	r2	e1725	foodon
fo2520	e1873	r2	e1661	foodon
fo2521	e1873	r2	e1673	foodon
fo2522	e1874	r2	e1671	foodon
fo2523	e1875	r2	e1873	foodon
fo2524	e1876	r2	e1874	foodon
fo2525	e1877	r2	e6551	foodon
fo2526	e6551	r2	e143	foodon
fo2527	e1878	r2	e723	foodon
fo2528	e1879	r2	e1060	foodon
fo2529	e1880	r2	e778	foodon
fo2530	e1881	r2	e300	foodon
fo2531	e1882	r2	e1256	foodon
fo2532	e1883	r2	e1256	foodon
fo2533	e1884	r2	e4117	foodon
fo2534	e1885	r2	e4117	foodon
fo2535	e1886	r2	e5440	foodon
fo2536	e5440	r2	e1228	foodon
fo2537	e1887	r2	e5440	foodon
fo2538	e1888	r2	e1913	foodon
fo2539	e1888	r2	e5440	foodon
fo2540	e1889	r2	e300	foodon
fo2541	e1890	r2	e1889	foodon
fo2542	e1891	r2	e1889	foodon
fo2543	e1892	r2	e13	foodon
fo2544	e1893	r2	e162	foodon
fo2545	e1894	r2	e220	foodon
fo2546	e1895	r2	e220	foodon
fo2547	e1896	r2	e3573	foodon
fo2548	e1897	r2	e219	foodon
fo2549	e1898	r2	e121	foodon
fo2550	e1900	r2	e10206	foodon
fo2551	e10206	r2	e9967	foodon
fo2552	e9967	r2	e259	foodon
fo2553	e1901	r2	e71	foodon
fo2554	e1902	r2	e152	foodon
fo2555	e1903	r2	e152	foodon
fo2556	e1904	r2	e152	foodon
fo2557	e1905	r2	e3557	foodon
fo2558	e1906	r2	e3557	foodon
fo2559	e1907	r2	e71	foodon
fo2560	e1908	r2	e71	foodon
fo2561	e1909	r2	e71	foodon
fo2562	e1910	r2	e1649	foodon
fo2563	e1911	r2	e1649	foodon
fo2564	e1912	r2	e460	foodon
fo2565	e1915	r2	e216	foodon
fo2566	e1915	r2	e801	foodon
fo2567	e1915	r2	e4108	foodon
fo2568	e1915	r2	e7753	foodon
fo2569	e1915	r2	e8649	foodon
fo2570	e8649	r2	e309	foodon
fo2571	e7753	r2	e41	foodon
fo2572	e4108	r2	e13	foodon
fo2573	e4108	r2	e309	foodon
fo2574	e1916	r2	e88	foodon
fo2575	e1916	r2	e168	foodon
fo2576	e1916	r2	e5016	foodon
fo2577	e5016	r2	e58	foodon
fo2578	e5016	r2	e162	foodon
fo2579	e1917	r2	e2208	foodon
fo2580	e2208	r2	e58	foodon
fo2581	e1918	r2	e17	foodon
fo2582	e1919	r2	e6345	foodon
fo2583	e6345	r2	e1918	foodon
fo2584	e1920	r2	e6345	foodon
fo2585	e1921	r2	e6345	foodon
fo2586	e1922	r2	e8130	foodon
fo2587	e1923	r2	e3820	foodon
fo2588	e1923	r2	e5489	foodon
fo2589	e5489	r2	e228	foodon
fo2590	e1924	r2	e1923	foodon
fo2591	e1925	r2	e1924	foodon
fo2592	e1926	r2	e383	foodon
fo2593	e1927	r2	e1926	foodon
fo2594	e1928	r2	e41	foodon
fo2595	e1928	r2	e3101	foodon
fo2596	e1929	r2	e1109	foodon
fo2597	e1930	r2	e1926	foodon
fo2598	e1931	r2	e384	foodon
fo2599	e1933	r2	e1927	foodon
fo2600	e1934	r2	e258	foodon
fo2601	e1935	r2	e1934	foodon
fo2602	e1936	r2	e1930	foodon
fo2603	e1937	r2	e1931	foodon
fo2604	e1938	r2	e1538	foodon
fo2605	e1938	r2	e1580	foodon
fo2606	e1938	r2	e2119	foodon
fo2607	e1939	r2	e1938	foodon
fo2608	e1939	r2	e4107	foodon
fo2609	e1940	r2	e401	foodon
fo2610	e1941	r2	e1940	foodon
fo2611	e1942	r2	e9754	foodon
fo2612	e1943	r2	e8213	foodon
fo2613	e8213	r2	e884	foodon
fo2614	e8213	r2	e1555	foodon
fo2615	e1944	r2	e253	foodon
fo2616	e1945	r2	e761	foodon
fo2617	e1946	r2	e1015	foodon
fo2618	e1947	r2	e475	foodon
fo2619	e1947	r2	e3771	foodon
fo2620	e1948	r2	e1504	foodon
fo2621	e1949	r2	e1948	foodon
fo2622	e1950	r2	e1589	foodon
fo2623	e1951	r2	e1227	foodon
fo2624	e1952	r2	e4117	foodon
fo2625	e1953	r2	e510	foodon
fo2626	e1954	r2	e1953	foodon
fo2627	e1954	r2	e5440	foodon
fo2628	e1956	r2	e1955	foodon
fo2629	e1956	r2	e5440	foodon
fo2630	e1957	r2	e10	foodon
fo2631	e1958	r2	e1957	foodon
fo2632	e1959	r2	e19	foodon
fo2633	e1960	r2	e1959	foodon
fo2634	e1960	r2	e2101	foodon
fo2635	e2101	r2	e19	foodon
fo2636	e1961	r2	e671	foodon
fo2637	e1961	r2	e1959	foodon
fo2638	e1962	r2	e1959	foodon
fo2639	e1963	r2	e9707	foodon
fo2640	e1965	r2	e1951	foodon
fo2641	e1966	r2	e6802	foodon
fo2642	e1967	r2	e5440	foodon
fo2643	e1968	r2	e1967	foodon
fo2644	e1969	r2	e4606	foodon
fo2645	e1970	r2	e1496	foodon
fo2646	e1971	r2	e1946	foodon
fo2647	e1972	r2	e325	foodon
fo2648	e1973	r2	e1975	foodon
fo2649	e1974	r2	e1973	foodon
fo2650	e1976	r2	e1975	foodon
fo2651	e1977	r2	e897	foodon
fo2652	e1978	r2	e897	foodon
fo2653	e1979	r2	e1978	foodon
fo2654	e1980	r2	e177	foodon
fo2655	e1981	r2	e19	foodon
fo2656	e1982	r2	e1981	foodon
fo2657	e1983	r2	e1981	foodon
fo2658	e1984	r2	e1981	foodon
fo2659	e1985	r2	e1982	foodon
fo2660	e1986	r2	e19	foodon
fo2661	e1987	r2	e1986	foodon
fo2662	e1988	r2	e1986	foodon
fo2663	e1989	r2	e1986	foodon
fo2664	e1990	r2	e8813	foodon
fo2665	e1991	r2	e1990	foodon
fo2666	e1992	r2	e1283	foodon
fo2667	e1992	r2	e4107	foodon
fo2668	e1993	r2	e953	foodon
fo2669	e1993	r2	e3974	foodon
fo2670	e3974	r2	e897	foodon
fo2671	e3974	r2	e4107	foodon
fo2672	e1994	r2	e897	foodon
fo2673	e1995	r2	e1994	foodon
fo2674	e1996	r2	e1420	foodon
fo2675	e1997	r2	e1129	foodon
fo2676	e1998	r2	e1125	foodon
fo2677	e1999	r2	e8751	foodon
fo2678	e2000	r2	e1557	foodon
fo2679	e2001	r2	e2000	foodon
fo2680	e2001	r2	e4107	foodon
fo2681	e2002	r2	e1607	foodon
fo2682	e2003	r2	e2002	foodon
fo2683	e2003	r2	e3911	foodon
fo2684	e3911	r2	e1608	foodon
fo2685	e2004	r2	e1550	foodon
fo2686	e2005	r2	e1550	foodon
fo2687	e2006	r2	e2005	foodon
fo2688	e2006	r2	e3691	foodon
fo2689	e2007	r2	e2004	foodon
fo2690	e2007	r2	e3691	foodon
fo2691	e2008	r2	e1740	foodon
fo2692	e2009	r2	e1550	foodon
fo2693	e2009	r2	e3691	foodon
fo2694	e2010	r2	e8846	foodon
fo2695	e8846	r2	e174	foodon
fo2696	e2011	r2	e5396	foodon
fo2697	e2012	r2	e335	foodon
fo2698	e2013	r2	e2012	foodon
fo2699	e2014	r2	e2013	foodon
fo2700	e2014	r2	e6127	foodon
fo2701	e6127	r2	e1538	foodon
fo2702	e2015	r2	e1580	foodon
fo2703	e2015	r2	e2017	foodon
fo2704	e2017	r2	e59	foodon
fo2705	e2016	r2	e2015	foodon
fo2706	e2018	r2	e1662	foodon
fo2707	e2019	r2	e1270	foodon
fo2708	e2019	r2	e4107	foodon
fo2709	e2020	r2	e1136	foodon
fo2710	e2021	r2	e1589	foodon
fo2711	e2022	r2	e2021	foodon
fo2712	e2023	r2	e2022	foodon
fo2713	e2024	r2	e2022	foodon
fo2714	e2025	r2	e2011	foodon
fo2715	e2026	r2	e754	foodon
fo2716	e2027	r2	e5595	foodon
fo2717	e5595	r2	e530	foodon
fo2718	e5595	r2	e1103	foodon
fo2719	e5595	r2	e8473	foodon
fo2720	e8473	r2	e1060	foodon
fo2721	e2028	r2	e43	foodon
fo2722	e2029	r2	e4040	foodon
fo2723	e4040	r2	e1484	foodon
fo2724	e4040	r2	e5336	foodon
fo2725	e2030	r2	e8708	foodon
fo2726	e8708	r2	e1730	foodon
fo2727	e2031	r2	e1216	foodon
fo2728	e2033	r2	e1263	foodon
fo2729	e2034	r2	e2033	foodon
fo2730	e2035	r2	e19	foodon
fo2731	e2036	r2	e2035	foodon
fo2732	e2037	r2	e2036	foodon
fo2733	e2038	r2	e2036	foodon
fo2734	e2039	r2	e19	foodon
fo2735	e2040	r2	e1580	foodon
fo2736	e2040	r2	e2039	foodon
fo2737	e2041	r2	e2040	foodon
fo2738	e2042	r2	e1545	foodon
fo2739	e2043	r2	e1486	foodon
fo2740	e2044	r2	e10053	foodon
fo2741	e10053	r2	e1544	foodon
fo2742	e2045	r2	e9999	foodon
fo2743	e9999	r2	e1544	foodon
fo2744	e2046	r2	e1849	foodon
fo2745	e2047	r2	e1487	foodon
fo2746	e2048	r2	e9981	foodon
fo2747	e9981	r2	e1544	foodon
fo2748	e2049	r2	e1485	foodon
fo2749	e2050	r2	e1578	foodon
fo2750	e2051	r2	e2050	foodon
fo2751	e2052	r2	e1463	foodon
fo2752	e2053	r2	e176	foodon
fo2753	e2054	r2	e8547	foodon
fo2754	e8547	r2	e3726	foodon
fo2755	e3726	r2	e1454	foodon
fo2756	e2055	r2	e687	foodon
fo2757	e2056	r2	e2055	foodon
fo2758	e2057	r2	e1035	foodon
fo2759	e2058	r2	e7736	foodon
fo2760	e2059	r2	e225	foodon
fo2761	e2060	r2	e225	foodon
fo2762	e2061	r2	e9707	foodon
fo2763	e2062	r2	e2064	foodon
fo2764	e2065	r2	e460	foodon
fo2765	e2066	r2	e209	foodon
fo2766	e2067	r2	e868	foodon
fo2767	e2068	r2	e2072	foodon
fo2768	e2072	r2	e3937	foodon
fo2769	e2069	r2	e3734	foodon
fo2770	e3734	r2	e234	foodon
fo2771	e2070	r2	e2069	foodon
fo2772	e2071	r2	e2072	foodon
fo2773	e2073	r2	e171	foodon
fo2774	e2074	r2	e171	foodon
fo2775	e2075	r2	e226	foodon
fo2776	e2076	r2	e19	foodon
fo2777	e2077	r2	e2159	foodon
fo2778	e2159	r2	e161	foodon
fo2779	e2078	r2	e541	foodon
fo2780	e2079	r2	e140	foodon
fo2781	e2080	r2	e323	foodon
fo2782	e2080	r2	e3611	foodon
fo2783	e3611	r2	e9032	foodon
fo2784	e2081	r2	e1309	foodon
fo2785	e2082	r2	e4087	foodon
fo2786	e2082	r2	e10134	foodon
fo2787	e4087	r2	e1012	foodon
fo2788	e2083	r2	e3352	foodon
fo2789	e3352	r2	e1067	foodon
fo2790	e3352	r2	e1451	foodon
fo2791	e2084	r2	e161	foodon
fo2792	e2084	r2	e2083	foodon
fo2793	e2085	r2	e133	foodon
fo2794	e2085	r2	e6069	foodon
fo2795	e6069	r2	e675	foodon
fo2796	e6069	r2	e1073	foodon
fo2797	e2086	r2	e3494	foodon
fo2798	e3494	r2	e8721	foodon
fo2799	e8721	r2	e3937	foodon
fo2800	e2087	r2	e2086	foodon
fo2801	e2089	r2	e1652	foodon
fo2802	e2089	r2	e2088	foodon
fo2803	e2090	r2	e2089	foodon
fo2804	e2091	r2	e3662	foodon
fo2805	e2092	r2	e335	foodon
fo2806	e2093	r2	e1538	foodon
fo2807	e2094	r2	e6559	foodon
fo2808	e6559	r2	e324	foodon
fo2809	e2095	r2	e6252	foodon
fo2810	e6252	r2	e424	foodon
fo2811	e2096	r2	e1343	foodon
fo2812	e2097	r2	e1453	foodon
fo2813	e2098	r2	e471	foodon
fo2814	e2099	r2	e3481	foodon
fo2815	e3481	r2	e8845	foodon
fo2816	e2102	r2	e2244	foodon
fo2817	e2244	r2	e2101	foodon
fo2818	e2103	r2	e646	foodon
fo2819	e2105	r2	e2338	foodon
fo2820	e2105	r2	e8721	foodon
fo2821	e2338	r2	e1792	foodon
fo2822	e2338	r2	e2068	foodon
fo2823	e2106	r2	e3488	foodon
fo2824	e2106	r2	e3625	foodon
fo2825	e3625	r2	e3937	foodon
fo2826	e3488	r2	e1791	foodon
fo2827	e2107	r2	e7654	foodon
fo2828	e7654	r2	e681	foodon
fo2829	e7654	r2	e1440	foodon
fo2830	e2108	r2	e1147	foodon
fo2831	e2109	r2	e3349	foodon
fo2832	e3349	r2	e1440	foodon
fo2833	e3349	r2	e3348	foodon
fo2834	e2111	r2	e1739	foodon
fo2835	e2112	r2	e1740	foodon
fo2836	e2113	r2	e19	foodon
fo2837	e2114	r2	e2113	foodon
fo2838	e2115	r2	e2114	foodon
fo2839	e2116	r2	e4107	foodon
fo2840	e2116	r2	e9975	foodon
fo2841	e9975	r2	e1737	foodon
fo2842	e2117	r2	e2114	foodon
fo2843	e2118	r2	e1570	foodon
fo2844	e2120	r2	e918	foodon
fo2845	e2121	r2	e1375	foodon
fo2846	e2122	r2	e186	foodon
fo2847	e2122	r2	e1641	foodon
fo2848	e2123	r2	e186	foodon
fo2849	e2124	r2	e335	foodon
fo2850	e2125	r2	e2124	foodon
fo2851	e2126	r2	e2125	foodon
fo2852	e2127	r2	e2126	foodon
fo2853	e2127	r2	e4107	foodon
fo2854	e2128	r2	e2125	foodon
fo2855	e2129	r2	e2128	foodon
fo2856	e2129	r2	e4107	foodon
fo2857	e2130	r2	e2125	foodon
fo2858	e2131	r2	e2130	foodon
fo2859	e2131	r2	e4107	foodon
fo2860	e2132	r2	e543	foodon
fo2861	e2133	r2	e2134	foodon
fo2862	e2134	r2	e543	foodon
fo2863	e2135	r2	e2183	foodon
fo2864	e2135	r2	e4107	foodon
fo2865	e2183	r2	e1537	foodon
fo2866	e2136	r2	e642	foodon
fo2867	e2137	r2	e1980	foodon
fo2868	e2138	r2	e2184	foodon
fo2869	e2184	r2	e1195	foodon
fo2870	e2139	r2	e1375	foodon
fo2871	e2140	r2	e1375	foodon
fo2872	e2141	r2	e44	foodon
fo2873	e2142	r2	e2141	foodon
fo2874	e2143	r2	e127	foodon
fo2875	e2144	r2	e2143	foodon
fo2876	e2145	r2	e2143	foodon
fo2877	e2146	r2	e256	foodon
fo2878	e2147	r2	e3838	foodon
fo2879	e3838	r2	e3955	foodon
fo2880	e3838	r2	e8195	foodon
fo2881	e8195	r2	e9861	foodon
fo2882	e9861	r2	e447	foodon
fo2883	e3955	r2	e761	foodon
fo2884	e2148	r2	e4045	foodon
fo2885	e4045	r2	e3597	foodon
fo2886	e4045	r2	e3955	foodon
fo2887	e3597	r2	e7818	foodon
fo2888	e3597	r2	e9861	foodon
fo2889	e7818	r2	e8224	foodon
fo2890	e8224	r2	e49	foodon
fo2891	e2149	r2	e10	foodon
fo2892	e2150	r2	e2149	foodon
fo2893	e2151	r2	e2149	foodon
fo2894	e2152	r2	e901	foodon
fo2895	e2153	r2	e2152	foodon
fo2896	e2153	r2	e3084	foodon
fo2897	e2153	r2	e3087	foodon
fo2898	e3087	r2	e3083	foodon
fo2899	e3083	r2	e3080	foodon
fo2900	e3080	r2	e3092	foodon
fo2901	e3084	r2	e3083	foodon
fo2902	e2154	r2	e2152	foodon
fo2903	e2154	r2	e3090	foodon
fo2904	e3090	r2	e3089	foodon
fo2905	e3089	r2	e3088	foodon
fo2906	e3088	r2	e3080	foodon
fo2907	e2155	r2	e469	foodon
fo2908	e2155	r2	e2699	foodon
fo2909	e2699	r2	e2695	foodon
fo2910	e2695	r2	e87	foodon
fo2911	e2695	r2	e2694	foodon
fo2912	e2156	r2	e469	foodon
fo2913	e2156	r2	e2700	foodon
fo2914	e2700	r2	e2695	foodon
fo2915	e2157	r2	e469	foodon
fo2916	e2157	r2	e2695	foodon
fo2917	e2158	r2	e1477	foodon
fo2918	e2160	r2	e2296	foodon
fo2919	e2160	r2	e3810	foodon
fo2920	e3810	r2	e193	foodon
fo2921	e3810	r2	e8055	foodon
fo2922	e8055	r2	e577	foodon
fo2923	e8055	r2	e8057	foodon
fo2924	e2296	r2	e8055	foodon
fo2925	e2161	r2	e2294	foodon
fo2926	e2161	r2	e3810	foodon
fo2927	e2294	r2	e8055	foodon
fo2928	e2164	r2	e1654	foodon
fo2929	e2165	r2	e423	foodon
fo2930	e2166	r2	e302	foodon
fo2931	e2167	r2	e1899	foodon
fo2932	e2168	r2	e2167	foodon
fo2933	e2169	r2	e1610	foodon
fo2934	e2170	r2	e2169	foodon
fo2935	e2171	r2	e1610	foodon
fo2936	e2172	r2	e2169	foodon
fo2937	e2172	r2	e2171	foodon
fo2938	e2173	r2	e1715	foodon
fo2939	e2174	r2	e2173	foodon
fo2940	e2175	r2	e1261	foodon
fo2941	e2176	r2	e1261	foodon
fo2942	e2177	r2	e1261	foodon
fo2943	e2178	r2	e1261	foodon
fo2944	e2179	r2	e1261	foodon
fo2945	e2180	r2	e1261	foodon
fo2946	e2181	r2	e369	foodon
fo2947	e2182	r2	e8110	foodon
fo2948	e8110	r2	e369	foodon
fo2949	e2185	r2	e2685	foodon
fo2950	e2685	r2	e2679	foodon
fo2951	e2679	r2	e2678	foodon
fo2952	e2678	r2	e2032	foodon
fo2953	e2188	r2	e3041	foodon
fo2954	e3041	r2	e3037	foodon
fo2955	e3037	r2	e2934	foodon
fo2956	e2189	r2	e2194	foodon
fo2957	e2194	r2	e3189	foodon
fo2958	e2190	r2	e3037	foodon
fo2959	e2192	r2	e3037	foodon
fo2960	e2193	r2	e3189	foodon
fo2961	e2195	r2	e3041	foodon
fo2962	e2196	r2	e2194	foodon
fo2963	e2197	r2	e2198	foodon
fo2964	e2199	r2	e10141	foodon
fo2965	e10141	r2	e8834	foodon
fo2966	e2200	r2	e10141	foodon
fo2967	e2201	r2	e10141	foodon
fo2968	e2202	r2	e10141	foodon
fo2969	e2203	r2	e48	foodon
fo2970	e2204	r2	e58	foodon
fo2971	e2204	r2	e177	foodon
fo2972	e2205	r2	e58	foodon
fo2973	e2205	r2	e9592	foodon
fo2974	e2209	r2	e395	foodon
fo2975	e2210	r2	e4249	foodon
fo2976	e2211	r2	e470	foodon
fo2977	e2211	r2	e4249	foodon
fo2978	e2212	r2	e470	foodon
fo2979	e2213	r2	e174	foodon
fo2980	e2213	r2	e228	foodon
fo2981	e2214	r2	e7446	foodon
fo2982	e7446	r2	e1056	foodon
fo2983	e7446	r2	e1403	foodon
fo2984	e2215	r2	e1403	foodon
fo2985	e2216	r2	e1147	foodon
fo2986	e2217	r2	e1012	foodon
fo2987	e2218	r2	e7753	foodon
fo2988	e2219	r2	e8727	foodon
fo2989	e8727	r2	e2028	foodon
fo2990	e2220	r2	e1429	foodon
fo2991	e2221	r2	e9800	foodon
fo2992	e9800	r2	e63	foodon
fo2993	e9800	r2	e798	foodon
fo2994	e2222	r2	e755	foodon
fo2995	e2223	r2	e121	foodon
fo2996	e2224	r2	e1279	foodon
fo2997	e2225	r2	e1256	foodon
fo2998	e2226	r2	e1818	foodon
fo2999	e2227	r2	e1228	foodon
fo3000	e2228	r2	e2227	foodon
fo3001	e2228	r2	e3881	foodon
fo3002	e3881	r2	e1818	foodon
fo3003	e2229	r2	e10019	foodon
fo3004	e10019	r2	e1544	foodon
fo3005	e2230	r2	e3092	foodon
fo3006	e2231	r2	e2230	foodon
fo3007	e2232	r2	e1025	foodon
fo3008	e2233	r2	e2373	foodon
fo3009	e2373	r2	e335	foodon
fo3010	e2234	r2	e2233	foodon
fo3011	e2235	r2	e399	foodon
fo3012	e2236	r2	e2235	foodon
fo3013	e2237	r2	e1899	foodon
fo3014	e2237	r2	e4107	foodon
fo3015	e2238	r2	e8845	foodon
fo3016	e2239	r2	e607	foodon
fo3017	e2240	r2	e58	foodon
fo3018	e2240	r2	e2239	foodon
fo3019	e2241	r2	e335	foodon
fo3020	e2242	r2	e2241	foodon
fo3021	e2243	r2	e2242	foodon
fo3022	e2243	r2	e4107	foodon
fo3023	e2245	r2	e2244	foodon
fo3024	e2246	r2	e471	foodon
fo3025	e2247	r2	e7913	foodon
fo3026	e7913	r2	e755	foodon
fo3027	e2248	r2	e19	foodon
fo3028	e2249	r2	e2248	foodon
fo3029	e2250	r2	e2249	foodon
fo3030	e2251	r2	e335	foodon
fo3031	e2252	r2	e2251	foodon
fo3032	e2252	r2	e4107	foodon
fo3033	e2253	r2	e2251	foodon
fo3034	e2254	r2	e2251	foodon
fo3035	e2255	r2	e2252	foodon
fo3036	e2255	r2	e2254	foodon
fo3037	e2256	r2	e2253	foodon
fo3038	e2256	r2	e2254	foodon
fo3039	e2257	r2	e344	foodon
fo3040	e2258	r2	e1498	foodon
fo3041	e2258	r2	e1538	foodon
fo3042	e2259	r2	e2258	foodon
fo3043	e2260	r2	e549	foodon
fo3044	e2261	r2	e1560	foodon
fo3045	e2262	r2	e2261	foodon
fo3046	e2263	r2	e549	foodon
fo3047	e2264	r2	e1560	foodon
fo3048	e2265	r2	e2264	foodon
fo3049	e2265	r2	e4107	foodon
fo3050	e2266	r2	e2264	foodon
fo3051	e2267	r2	e1571	foodon
fo3052	e2268	r2	e873	foodon
fo3053	e2269	r2	e1538	foodon
fo3054	e2269	r2	e1686	foodon
fo3055	e2269	r2	e2268	foodon
fo3056	e2270	r2	e2269	foodon
fo3057	e2271	r2	e2117	foodon
fo3058	e2272	r2	e2271	foodon
fo3059	e2273	r2	e4107	foodon
fo3060	e2273	r2	e6194	foodon
fo3061	e6194	r2	e647	foodon
fo3062	e2274	r2	e1683	foodon
fo3063	e2275	r2	e2274	foodon
fo3064	e2275	r2	e4107	foodon
fo3065	e2276	r2	e1536	foodon
fo3066	e2276	r2	e3974	foodon
fo3067	e2277	r2	e897	foodon
fo3068	e2278	r2	e2277	foodon
fo3069	e2278	r2	e3974	foodon
fo3070	e2279	r2	e897	foodon
fo3071	e2280	r2	e2279	foodon
fo3072	e2280	r2	e3974	foodon
fo3073	e2281	r2	e897	foodon
fo3074	e2282	r2	e2281	foodon
fo3075	e2282	r2	e3974	foodon
fo3076	e2283	r2	e897	foodon
fo3077	e2284	r2	e2283	foodon
fo3078	e2284	r2	e3974	foodon
fo3079	e2285	r2	e897	foodon
fo3080	e2286	r2	e1476	foodon
fo3081	e2287	r2	e2286	foodon
fo3082	e2287	r2	e4107	foodon
fo3083	e2288	r2	e1476	foodon
fo3084	e2289	r2	e2288	foodon
fo3085	e2289	r2	e4107	foodon
fo3086	e2290	r2	e1508	foodon
fo3087	e2291	r2	e2290	foodon
fo3088	e2292	r2	e1198	foodon
fo3089	e2292	r2	e4107	foodon
fo3090	e2293	r2	e1198	foodon
fo3091	e2295	r2	e2294	foodon
fo3092	e2297	r2	e2296	foodon
fo3093	e2298	r2	e1450	foodon
fo3094	e2299	r2	e1177	foodon
fo3095	e2300	r2	e1434	foodon
fo3096	e2301	r2	e1538	foodon
fo3097	e2301	r2	e2376	foodon
fo3098	e2376	r2	e335	foodon
fo3099	e2302	r2	e2301	foodon
fo3100	e2303	r2	e1520	foodon
fo3101	e2304	r2	e2303	foodon
fo3102	e2304	r2	e4107	foodon
fo3103	e2305	r2	e1242	foodon
fo3104	e2306	r2	e2305	foodon
fo3105	e2307	r2	e1272	foodon
fo3106	e2307	r2	e4107	foodon
fo3107	e2308	r2	e687	foodon
fo3108	e2309	r2	e2308	foodon
fo3109	e2310	r2	e2309	foodon
fo3110	e2310	r2	e4107	foodon
fo3111	e2311	r2	e2309	foodon
fo3112	e2312	r2	e19	foodon
fo3113	e2313	r2	e2312	foodon
fo3114	e2314	r2	e2313	foodon
fo3115	e2315	r2	e2312	foodon
fo3116	e2316	r2	e2315	foodon
fo3117	e2317	r2	e2312	foodon
fo3118	e2318	r2	e2317	foodon
fo3119	e2319	r2	e3941	foodon
fo3120	e2320	r2	e1661	foodon
fo3121	e2320	r2	e2377	foodon
fo3122	e2377	r2	e19	foodon
fo3123	e2321	r2	e2320	foodon
fo3124	e2321	r2	e4107	foodon
fo3125	e2321	r2	e8373	foodon
fo3126	e8373	r2	e8880	foodon
fo3127	e2322	r2	e1640	foodon
fo3128	e2323	r2	e2322	foodon
fo3129	e2323	r2	e3660	foodon
fo3130	e3660	r2	e1640	foodon
fo3131	e2324	r2	e2322	foodon
fo3132	e2325	r2	e1733	foodon
fo3133	e2326	r2	e1026	foodon
fo3134	e2327	r2	e2326	foodon
fo3135	e2328	r2	e2326	foodon
fo3136	e2329	r2	e335	foodon
fo3137	e2330	r2	e2329	foodon
fo3138	e2331	r2	e2330	foodon
fo3139	e2331	r2	e4107	foodon
fo3140	e2332	r2	e1520	foodon
fo3141	e2333	r2	e2332	foodon
fo3142	e2333	r2	e4107	foodon
fo3143	e2334	r2	e3348	foodon
fo3144	e2335	r2	e2334	foodon
fo3145	e2335	r2	e3349	foodon
fo3146	e2336	r2	e2335	foodon
fo3147	e2336	r2	e3799	foodon
fo3148	e2337	r2	e1471	foodon
fo3149	e2339	r2	e1470	foodon
fo3150	e2339	r2	e2068	foodon
fo3151	e2340	r2	e1470	foodon
fo3152	e2341	r2	e5149	foodon
fo3153	e5149	r2	e3521	foodon
fo3154	e3521	r2	e170	foodon
fo3155	e2342	r2	e3521	foodon
fo3156	e2343	r2	e5149	foodon
fo3157	e2344	r2	e3521	foodon
fo3158	e2345	r2	e5149	foodon
fo3159	e2346	r2	e5149	foodon
fo3160	e2347	r2	e566	foodon
fo3161	e2348	r2	e2347	foodon
fo3162	e2349	r2	e2347	foodon
fo3163	e2350	r2	e3496	foodon
fo3164	e3496	r2	e170	foodon
fo3165	e2351	r2	e2350	foodon
fo3166	e2352	r2	e2350	foodon
fo3167	e2353	r2	e3496	foodon
fo3168	e2354	r2	e3275	foodon
fo3169	e3275	r2	e170	foodon
fo3170	e2355	r2	e2354	foodon
fo3171	e2356	r2	e88	foodon
fo3172	e2356	r2	e1403	foodon
fo3173	e2357	r2	e7596	foodon
fo3174	e7596	r2	e5240	foodon
fo3175	e2358	r2	e2357	foodon
fo3176	e2359	r2	e2358	foodon
fo3177	e2360	r2	e2358	foodon
fo3178	e2361	r2	e133	foodon
fo3179	e2362	r2	e2361	foodon
fo3180	e2363	r2	e2362	foodon
fo3181	e2364	r2	e2699	foodon
fo3182	e2365	r2	e2700	foodon
fo3183	e2366	r2	e2026	foodon
fo3184	e2367	r2	e9999	foodon
fo3185	e2368	r2	e2370	foodon
fo3186	e2370	r2	e2372	foodon
fo3187	e2372	r2	e166	foodon
fo3188	e2369	r2	e2367	foodon
fo3189	e2369	r2	e4107	foodon
fo3190	e2371	r2	e2370	foodon
fo3191	e2374	r2	e3521	foodon
fo3192	e2375	r2	e1469	foodon
fo3193	e2378	r2	e1471	foodon
fo3194	e2378	r2	e2068	foodon
fo3195	e2379	r2	e2162	foodon
fo3196	e2380	r2	e1218	foodon
fo3197	e2381	r2	e2380	foodon
fo3198	e2381	r2	e8642	foodon
fo3199	e8642	r2	e1218	foodon
fo3200	e2382	r2	e2380	foodon
fo3201	e2383	r2	e2381	foodon
fo3202	e2383	r2	e2382	foodon
fo3203	e2384	r2	e2187	foodon
fo3204	e2385	r2	e2384	foodon
fo3205	e2385	r2	e2915	foodon
fo3206	e2915	r2	e2187	foodon
fo3207	e2386	r2	e2384	foodon
fo3208	e2386	r2	e2916	foodon
fo3209	e2916	r2	e2187	foodon
fo3210	e2387	r2	e2385	foodon
fo3211	e2387	r2	e2386	foodon
fo3212	e2387	r2	e2917	foodon
fo3213	e2917	r2	e2915	foodon
fo3214	e2917	r2	e2916	foodon
fo3215	e2388	r2	e1218	foodon
fo3216	e2389	r2	e2388	foodon
fo3217	e2389	r2	e8642	foodon
fo3218	e2390	r2	e2388	foodon
fo3219	e2391	r2	e2389	foodon
fo3220	e2391	r2	e2390	foodon
fo3221	e2392	r2	e1218	foodon
fo3222	e2393	r2	e2392	foodon
fo3223	e2393	r2	e8642	foodon
fo3224	e2394	r2	e2391	foodon
fo3225	e2394	r2	e2393	foodon
fo3226	e2395	r2	e2187	foodon
fo3227	e2396	r2	e2395	foodon
fo3228	e2396	r2	e2915	foodon
fo3229	e2397	r2	e2395	foodon
fo3230	e2397	r2	e2916	foodon
fo3231	e2398	r2	e2396	foodon
fo3232	e2398	r2	e2397	foodon
fo3233	e2398	r2	e2917	foodon
fo3234	e2399	r2	e2187	foodon
fo3235	e2400	r2	e2399	foodon
fo3236	e2400	r2	e2915	foodon
fo3237	e2401	r2	e1218	foodon
fo3238	e2402	r2	e2401	foodon
fo3239	e2402	r2	e8642	foodon
fo3240	e2403	r2	e2187	foodon
fo3241	e2404	r2	e2403	foodon
fo3242	e2404	r2	e2915	foodon
fo3243	e2405	r2	e1218	foodon
fo3244	e2406	r2	e2405	foodon
fo3245	e2406	r2	e8642	foodon
fo3246	e2407	r2	e2187	foodon
fo3247	e2408	r2	e2407	foodon
fo3248	e2408	r2	e2915	foodon
fo3249	e2409	r2	e1218	foodon
fo3250	e2410	r2	e2409	foodon
fo3251	e2410	r2	e8642	foodon
fo3252	e2411	r2	e2187	foodon
fo3253	e2412	r2	e2411	foodon
fo3254	e2412	r2	e2915	foodon
fo3255	e2413	r2	e1218	foodon
fo3256	e2414	r2	e2413	foodon
fo3257	e2414	r2	e8642	foodon
fo3258	e2415	r2	e1218	foodon
fo3259	e2416	r2	e2415	foodon
fo3260	e2416	r2	e8642	foodon
fo3261	e2417	r2	e2187	foodon
fo3262	e2418	r2	e2417	foodon
fo3263	e2418	r2	e2915	foodon
fo3264	e2419	r2	e2187	foodon
fo3265	e2420	r2	e2419	foodon
fo3266	e2420	r2	e2915	foodon
fo3267	e2421	r2	e1218	foodon
fo3268	e2422	r2	e2421	foodon
fo3269	e2422	r2	e8642	foodon
fo3270	e2423	r2	e2187	foodon
fo3271	e2424	r2	e2423	foodon
fo3272	e2424	r2	e2915	foodon
fo3273	e2425	r2	e1218	foodon
fo3274	e2426	r2	e2425	foodon
fo3275	e2426	r2	e8642	foodon
fo3276	e2427	r2	e1218	foodon
fo3277	e2428	r2	e2427	foodon
fo3278	e2428	r2	e8642	foodon
fo3279	e2429	r2	e2187	foodon
fo3280	e2430	r2	e2429	foodon
fo3281	e2430	r2	e2915	foodon
fo3282	e2431	r2	e1218	foodon
fo3283	e2432	r2	e2431	foodon
fo3284	e2432	r2	e8642	foodon
fo3285	e2433	r2	e2187	foodon
fo3286	e2434	r2	e2433	foodon
fo3287	e2434	r2	e2915	foodon
fo3288	e2435	r2	e1218	foodon
fo3289	e2436	r2	e2435	foodon
fo3290	e2436	r2	e8642	foodon
fo3291	e2437	r2	e1218	foodon
fo3292	e2438	r2	e2437	foodon
fo3293	e2438	r2	e8642	foodon
fo3294	e2439	r2	e1218	foodon
fo3295	e2440	r2	e2439	foodon
fo3296	e2440	r2	e8642	foodon
fo3297	e2441	r2	e1218	foodon
fo3298	e2442	r2	e2441	foodon
fo3299	e2442	r2	e8642	foodon
fo3300	e2443	r2	e2187	foodon
fo3301	e2444	r2	e2443	foodon
fo3302	e2444	r2	e2915	foodon
fo3303	e2445	r2	e1218	foodon
fo3304	e2446	r2	e2445	foodon
fo3305	e2446	r2	e8642	foodon
fo3306	e2447	r2	e2187	foodon
fo3307	e2448	r2	e2447	foodon
fo3308	e2448	r2	e2915	foodon
fo3309	e2449	r2	e2187	foodon
fo3310	e2450	r2	e2449	foodon
fo3311	e2450	r2	e2915	foodon
fo3312	e2451	r2	e1218	foodon
fo3313	e2452	r2	e2451	foodon
fo3314	e2452	r2	e8642	foodon
fo3315	e2453	r2	e2187	foodon
fo3316	e2454	r2	e2453	foodon
fo3317	e2454	r2	e2915	foodon
fo3318	e2455	r2	e1218	foodon
fo3319	e2456	r2	e2455	foodon
fo3320	e2456	r2	e8642	foodon
fo3321	e2457	r2	e2187	foodon
fo3322	e2458	r2	e2457	foodon
fo3323	e2458	r2	e2915	foodon
fo3324	e2459	r2	e2187	foodon
fo3325	e2460	r2	e2459	foodon
fo3326	e2460	r2	e2915	foodon
fo3327	e2461	r2	e2187	foodon
fo3328	e2462	r2	e2461	foodon
fo3329	e2462	r2	e2915	foodon
fo3330	e2463	r2	e1395	foodon
fo3331	e2464	r2	e1398	foodon
fo3332	e2464	r2	e2463	foodon
fo3333	e2464	r2	e8642	foodon
fo3334	e2465	r2	e2187	foodon
fo3335	e2466	r2	e2465	foodon
fo3336	e2466	r2	e2915	foodon
fo3337	e2467	r2	e1218	foodon
fo3338	e2468	r2	e2467	foodon
fo3339	e2468	r2	e8642	foodon
fo3340	e2469	r2	e1218	foodon
fo3341	e2470	r2	e2469	foodon
fo3342	e2470	r2	e8642	foodon
fo3343	e2471	r2	e2187	foodon
fo3344	e2472	r2	e2471	foodon
fo3345	e2472	r2	e2915	foodon
fo3346	e2473	r2	e1218	foodon
fo3347	e2474	r2	e2473	foodon
fo3348	e2474	r2	e2478	foodon
fo3349	e2478	r2	e2477	foodon
fo3350	e2478	r2	e8642	foodon
fo3351	e2477	r2	e1218	foodon
fo3352	e2475	r2	e2187	foodon
fo3353	e2476	r2	e2475	foodon
fo3354	e2476	r2	e2915	foodon
fo3355	e2479	r2	e1218	foodon
fo3356	e2480	r2	e2479	foodon
fo3357	e2480	r2	e8642	foodon
fo3358	e2481	r2	e2187	foodon
fo3359	e2482	r2	e2481	foodon
fo3360	e2482	r2	e2915	foodon
fo3361	e2483	r2	e2187	foodon
fo3362	e2484	r2	e2483	foodon
fo3363	e2484	r2	e2915	foodon
fo3364	e2485	r2	e2479	foodon
fo3365	e2486	r2	e2480	foodon
fo3366	e2486	r2	e2485	foodon
fo3367	e2487	r2	e2187	foodon
fo3368	e2488	r2	e2487	foodon
fo3369	e2488	r2	e2915	foodon
fo3370	e2489	r2	e2187	foodon
fo3371	e2490	r2	e2489	foodon
fo3372	e2490	r2	e2915	foodon
fo3373	e2491	r2	e1218	foodon
fo3374	e2492	r2	e2491	foodon
fo3375	e2492	r2	e8642	foodon
fo3376	e2493	r2	e1218	foodon
fo3377	e2494	r2	e2493	foodon
fo3378	e2494	r2	e8642	foodon
fo3379	e2495	r2	e2187	foodon
fo3380	e2496	r2	e2495	foodon
fo3381	e2496	r2	e2915	foodon
fo3382	e2497	r2	e1218	foodon
fo3383	e2498	r2	e2497	foodon
fo3384	e2498	r2	e8642	foodon
fo3385	e2499	r2	e1218	foodon
fo3386	e2500	r2	e2499	foodon
fo3387	e2500	r2	e8642	foodon
fo3388	e2501	r2	e1218	foodon
fo3389	e2502	r2	e2501	foodon
fo3390	e2502	r2	e8642	foodon
fo3391	e2503	r2	e1218	foodon
fo3392	e2504	r2	e2503	foodon
fo3393	e2504	r2	e8642	foodon
fo3394	e2505	r2	e1218	foodon
fo3395	e2506	r2	e2505	foodon
fo3396	e2506	r2	e8642	foodon
fo3397	e2507	r2	e2187	foodon
fo3398	e2508	r2	e2507	foodon
fo3399	e2508	r2	e2915	foodon
fo3400	e2509	r2	e1218	foodon
fo3401	e2510	r2	e2509	foodon
fo3402	e2510	r2	e8642	foodon
fo3403	e2511	r2	e2187	foodon
fo3404	e2512	r2	e2511	foodon
fo3405	e2512	r2	e2915	foodon
fo3406	e2513	r2	e1218	foodon
fo3407	e2514	r2	e2513	foodon
fo3408	e2514	r2	e8642	foodon
fo3409	e2515	r2	e1218	foodon
fo3410	e2516	r2	e2515	foodon
fo3411	e2516	r2	e8642	foodon
fo3412	e2517	r2	e1142	foodon
fo3413	e2518	r2	e1218	foodon
fo3414	e2519	r2	e2518	foodon
fo3415	e2519	r2	e8642	foodon
fo3416	e2520	r2	e1175	foodon
fo3417	e2520	r2	e2915	foodon
fo3418	e2521	r2	e2187	foodon
fo3419	e2522	r2	e2521	foodon
fo3420	e2522	r2	e2915	foodon
fo3421	e2523	r2	e2187	foodon
fo3422	e2524	r2	e2523	foodon
fo3423	e2524	r2	e2915	foodon
fo3424	e2525	r2	e1218	foodon
fo3425	e2526	r2	e2525	foodon
fo3426	e2526	r2	e8642	foodon
fo3427	e2527	r2	e1218	foodon
fo3428	e2528	r2	e2527	foodon
fo3429	e2528	r2	e8642	foodon
fo3430	e2529	r2	e2190	foodon
fo3431	e2530	r2	e2529	foodon
fo3432	e2530	r2	e2935	foodon
fo3433	e2531	r2	e2192	foodon
fo3434	e2532	r2	e2531	foodon
fo3435	e2532	r2	e2935	foodon
fo3436	e2533	r2	e2188	foodon
fo3437	e2534	r2	e2533	foodon
fo3438	e2534	r2	e3045	foodon
fo3439	e3045	r2	e2188	foodon
fo3440	e3045	r2	e3042	foodon
fo3441	e3042	r2	e2935	foodon
fo3442	e3042	r2	e3041	foodon
fo3443	e2535	r2	e2195	foodon
fo3444	e2536	r2	e2535	foodon
fo3445	e2536	r2	e8300	foodon
fo3446	e8300	r2	e573	foodon
fo3447	e8300	r2	e2195	foodon
fo3448	e8300	r2	e3042	foodon
fo3449	e2537	r2	e2192	foodon
fo3450	e2538	r2	e2537	foodon
fo3451	e2538	r2	e2935	foodon
fo3452	e2539	r2	e2188	foodon
fo3453	e2540	r2	e2539	foodon
fo3454	e2540	r2	e3045	foodon
fo3455	e2541	r2	e2195	foodon
fo3456	e2542	r2	e2541	foodon
fo3457	e2542	r2	e8300	foodon
fo3458	e2543	r2	e2190	foodon
fo3459	e2544	r2	e2543	foodon
fo3460	e2544	r2	e2935	foodon
fo3461	e2545	r2	e2543	foodon
fo3462	e2546	r2	e2192	foodon
fo3463	e2547	r2	e2546	foodon
fo3464	e2548	r2	e2192	foodon
fo3465	e2549	r2	e2548	foodon
fo3466	e2549	r2	e2935	foodon
fo3467	e2550	r2	e2548	foodon
fo3468	e2551	r2	e2549	foodon
fo3469	e2551	r2	e2550	foodon
fo3470	e2552	r2	e2192	foodon
fo3471	e2553	r2	e2192	foodon
fo3472	e2554	r2	e2195	foodon
fo3473	e2555	r2	e2554	foodon
fo3474	e2555	r2	e8300	foodon
fo3475	e2556	r2	e2554	foodon
fo3476	e2557	r2	e2555	foodon
fo3477	e2557	r2	e2556	foodon
fo3478	e2558	r2	e2192	foodon
fo3479	e2559	r2	e2558	foodon
fo3480	e2559	r2	e2935	foodon
fo3481	e2560	r2	e2188	foodon
fo3482	e2561	r2	e2560	foodon
fo3483	e2561	r2	e3045	foodon
fo3484	e2562	r2	e2190	foodon
fo3485	e2563	r2	e2562	foodon
fo3486	e2563	r2	e2935	foodon
fo3487	e2564	r2	e2190	foodon
fo3488	e2565	r2	e2192	foodon
fo3489	e2566	r2	e2565	foodon
fo3490	e2566	r2	e2935	foodon
fo3491	e2567	r2	e2190	foodon
fo3492	e2568	r2	e2567	foodon
fo3493	e2568	r2	e2935	foodon
fo3494	e2569	r2	e2192	foodon
fo3495	e2570	r2	e2569	foodon
fo3496	e2571	r2	e2191	foodon
fo3497	e2572	r2	e2571	foodon
fo3498	e2572	r2	e3100	foodon
fo3499	e3100	r2	e2198	foodon
fo3500	e2573	r2	e2191	foodon
fo3501	e2574	r2	e2573	foodon
fo3502	e2574	r2	e3100	foodon
fo3503	e2575	r2	e2193	foodon
fo3504	e2576	r2	e2575	foodon
fo3505	e2576	r2	e3100	foodon
fo3506	e2577	r2	e2193	foodon
fo3507	e2578	r2	e2577	foodon
fo3508	e2578	r2	e3100	foodon
fo3509	e2579	r2	e960	foodon
fo3510	e2579	r2	e3100	foodon
fo3511	e2580	r2	e2196	foodon
fo3512	e2581	r2	e2580	foodon
fo3513	e2581	r2	e8290	foodon
fo3514	e8290	r2	e51	foodon
fo3515	e8290	r2	e2196	foodon
fo3516	e8290	r2	e3193	foodon
fo3517	e3193	r2	e2194	foodon
fo3518	e3193	r2	e3100	foodon
fo3519	e2582	r2	e2189	foodon
fo3520	e2583	r2	e2582	foodon
fo3521	e2583	r2	e3196	foodon
fo3522	e3196	r2	e2189	foodon
fo3523	e3196	r2	e3193	foodon
fo3524	e2584	r2	e2196	foodon
fo3525	e2585	r2	e2584	foodon
fo3526	e2585	r2	e8290	foodon
fo3527	e2586	r2	e2196	foodon
fo3528	e2587	r2	e2586	foodon
fo3529	e2587	r2	e8290	foodon
fo3530	e2588	r2	e2189	foodon
fo3531	e2589	r2	e2588	foodon
fo3532	e2589	r2	e3196	foodon
fo3533	e2590	r2	e2196	foodon
fo3534	e2591	r2	e2590	foodon
fo3535	e2591	r2	e8290	foodon
fo3536	e2592	r2	e2590	foodon
fo3537	e2593	r2	e2591	foodon
fo3538	e2593	r2	e2592	foodon
fo3539	e2594	r2	e2189	foodon
fo3540	e2595	r2	e2594	foodon
fo3541	e2595	r2	e3196	foodon
fo3542	e2596	r2	e2193	foodon
fo3543	e2597	r2	e2196	foodon
fo3544	e2598	r2	e2597	foodon
fo3545	e2598	r2	e8290	foodon
fo3546	e2599	r2	e2189	foodon
fo3547	e2600	r2	e2599	foodon
fo3548	e2600	r2	e3196	foodon
fo3549	e2601	r2	e2194	foodon
fo3550	e2602	r2	e2601	foodon
fo3551	e2602	r2	e3193	foodon
fo3552	e2603	r2	e2601	foodon
fo3553	e2604	r2	e2602	foodon
fo3554	e2604	r2	e2603	foodon
fo3555	e2605	r2	e2193	foodon
fo3556	e2606	r2	e2605	foodon
fo3557	e2606	r2	e3100	foodon
fo3558	e2607	r2	e2193	foodon
fo3559	e2608	r2	e2607	foodon
fo3560	e2608	r2	e3100	foodon
fo3561	e2609	r2	e2608	foodon
fo3562	e2610	r2	e2571	foodon
fo3563	e2611	r2	e2572	foodon
fo3564	e2611	r2	e2610	foodon
fo3565	e2612	r2	e2191	foodon
fo3566	e2613	r2	e2612	foodon
fo3567	e2614	r2	e2193	foodon
fo3568	e2615	r2	e2614	foodon
fo3569	e2616	r2	e2189	foodon
fo3570	e2617	r2	e2616	foodon
fo3571	e2617	r2	e3196	foodon
fo3572	e2618	r2	e2193	foodon
fo3573	e2619	r2	e2618	foodon
fo3574	e2619	r2	e3100	foodon
fo3575	e2620	r2	e3194	foodon
fo3576	e3194	r2	e41	foodon
fo3577	e3194	r2	e2194	foodon
fo3578	e2621	r2	e2620	foodon
fo3579	e2621	r2	e3195	foodon
fo3580	e3195	r2	e3193	foodon
fo3581	e3195	r2	e3194	foodon
fo3582	e2622	r2	e2193	foodon
fo3583	e2623	r2	e2622	foodon
fo3584	e2623	r2	e3100	foodon
fo3585	e2624	r2	e2189	foodon
fo3586	e2625	r2	e2624	foodon
fo3587	e2625	r2	e3196	foodon
fo3588	e2626	r2	e3194	foodon
fo3589	e2627	r2	e2626	foodon
fo3590	e2627	r2	e3195	foodon
fo3591	e2628	r2	e2197	foodon
fo3592	e2629	r2	e2628	foodon
fo3593	e2629	r2	e3100	foodon
fo3594	e2630	r2	e2197	foodon
fo3595	e2631	r2	e2630	foodon
fo3596	e2632	r2	e4131	foodon
fo3597	e4131	r2	e87	foodon
fo3598	e4131	r2	e799	foodon
fo3599	e2633	r2	e2632	foodon
fo3600	e2634	r2	e3146	foodon
fo3601	e3146	r2	e2198	foodon
fo3602	e2635	r2	e2634	foodon
fo3603	e2635	r2	e3147	foodon
fo3604	e3147	r2	e3100	foodon
fo3605	e3147	r2	e3146	foodon
fo3606	e2636	r2	e2185	foodon
fo3607	e2637	r2	e2636	foodon
fo3608	e2637	r2	e2687	foodon
fo3609	e2687	r2	e2185	foodon
fo3610	e2687	r2	e2686	foodon
fo3611	e2686	r2	e2685	foodon
fo3612	e2638	r2	e2185	foodon
fo3613	e2639	r2	e2638	foodon
fo3614	e2639	r2	e2687	foodon
fo3615	e2640	r2	e2185	foodon
fo3616	e2641	r2	e2185	foodon
fo3617	e2642	r2	e2185	foodon
fo3618	e2643	r2	e2185	foodon
fo3619	e2644	r2	e2643	foodon
fo3620	e2644	r2	e2687	foodon
fo3621	e2645	r2	e7477	foodon
fo3622	e7477	r2	e2075	foodon
fo3623	e2646	r2	e7477	foodon
fo3624	e2647	r2	e7477	foodon
fo3625	e2648	r2	e7477	foodon
fo3626	e2649	r2	e7477	foodon
fo3627	e2650	r2	e7477	foodon
fo3628	e2651	r2	e7477	foodon
fo3629	e2652	r2	e7477	foodon
fo3630	e2653	r2	e7477	foodon
fo3631	e2654	r2	e1399	foodon
fo3632	e2654	r2	e2463	foodon
fo3633	e2654	r2	e8642	foodon
fo3634	e2655	r2	e1396	foodon
fo3635	e2655	r2	e2463	foodon
fo3636	e2656	r2	e252	foodon
fo3637	e2657	r2	e252	foodon
fo3638	e2658	r2	e252	foodon
fo3639	e2659	r2	e252	foodon
fo3640	e2660	r2	e252	foodon
fo3641	e2661	r2	e252	foodon
fo3642	e2662	r2	e2640	foodon
fo3643	e2663	r2	e2641	foodon
fo3644	e2664	r2	e2642	foodon
fo3645	e2665	r2	e2712	foodon
fo3646	e2712	r2	e8747	foodon
fo3647	e8747	r2	e5871	foodon
fo3648	e2667	r2	e2666	foodon
fo3649	e2668	r2	e4105	foodon
fo3650	e2669	r2	e2668	foodon
fo3651	e2670	r2	e2032	foodon
fo3652	e2671	r2	e2709	foodon
fo3653	e2671	r2	e9985	foodon
fo3654	e9985	r2	e9972	foodon
fo3655	e2709	r2	e9972	foodon
fo3656	e2672	r2	e1430	foodon
fo3657	e2672	r2	e9985	foodon
fo3658	e2673	r2	e2672	foodon
fo3659	e2673	r2	e2710	foodon
fo3660	e2710	r2	e1430	foodon
fo3661	e2710	r2	e2874	foodon
fo3662	e2874	r2	e7435	foodon
fo3663	e2674	r2	e2032	foodon
fo3664	e2675	r2	e4924	foodon
fo3665	e4924	r2	e226	foodon
fo3666	e2676	r2	e2675	foodon
fo3667	e2677	r2	e4924	foodon
fo3668	e2680	r2	e2685	foodon
fo3669	e2681	r2	e2680	foodon
fo3670	e2681	r2	e2686	foodon
fo3671	e2682	r2	e2681	foodon
fo3672	e2683	r2	e2680	foodon
fo3673	e2684	r2	e2680	foodon
fo3674	e2688	r2	e2679	foodon
fo3675	e2689	r2	e2688	foodon
fo3676	e2690	r2	e2689	foodon
fo3677	e2691	r2	e2689	foodon
fo3678	e2692	r2	e2691	foodon
fo3679	e2693	r2	e2690	foodon
fo3680	e2693	r2	e2692	foodon
fo3681	e2696	r2	e2157	foodon
fo3682	e2697	r2	e2157	foodon
fo3683	e2698	r2	e2696	foodon
fo3684	e2698	r2	e2697	foodon
fo3685	e2701	r2	e2695	foodon
fo3686	e2702	r2	e2032	foodon
fo3687	e2703	r2	e9207	foodon
fo3688	e2704	r2	e9207	foodon
fo3689	e2705	r2	e2703	foodon
fo3690	e2705	r2	e2704	foodon
fo3691	e2706	r2	e2668	foodon
fo3692	e2707	r2	e2706	foodon
fo3693	e2708	r2	e8747	foodon
fo3694	e2711	r2	e2712	foodon
fo3695	e2713	r2	e2712	foodon
fo3696	e2713	r2	e2715	foodon
fo3697	e2715	r2	e8747	foodon
fo3698	e2714	r2	e8747	foodon
fo3699	e2716	r2	e5274	foodon
fo3700	e2716	r2	e8747	foodon
fo3701	e5274	r2	e9201	foodon
fo3702	e9201	r2	e87	foodon
fo3703	e9201	r2	e704	foodon
fo3704	e9201	r2	e8094	foodon
fo3705	e8094	r2	e306	foodon
fo3706	e2717	r2	e8747	foodon
fo3707	e2718	r2	e2717	foodon
fo3708	e2719	r2	e2717	foodon
fo3709	e2720	r2	e2717	foodon
fo3710	e2721	r2	e2717	foodon
fo3711	e2722	r2	e8747	foodon
fo3712	e2723	r2	e2722	foodon
fo3713	e2724	r2	e2722	foodon
fo3714	e2725	r2	e2722	foodon
fo3715	e2726	r2	e2722	foodon
fo3716	e2727	r2	e2722	foodon
fo3717	e2728	r2	e2722	foodon
fo3718	e2729	r2	e2722	foodon
fo3719	e2731	r2	e2730	foodon
fo3720	e2731	r2	e8747	foodon
fo3721	e2733	r2	e2715	foodon
fo3722	e2733	r2	e2731	foodon
fo3723	e2733	r2	e2732	foodon
fo3724	e2735	r2	e2714	foodon
fo3725	e2735	r2	e2731	foodon
fo3726	e2735	r2	e2734	foodon
fo3727	e2736	r2	e2730	foodon
fo3728	e2738	r2	e2731	foodon
fo3729	e2738	r2	e2737	foodon
fo3730	e2739	r2	e2736	foodon
fo3731	e2740	r2	e2739	foodon
fo3732	e2741	r2	e2731	foodon
fo3733	e2741	r2	e2740	foodon
fo3734	e2742	r2	e2740	foodon
fo3735	e2743	r2	e2740	foodon
fo3736	e2745	r2	e2730	foodon
fo3737	e2745	r2	e10158	foodon
fo3738	e10158	r2	e9148	foodon
fo3739	e2746	r2	e2730	foodon
fo3740	e2746	r2	e10157	foodon
fo3741	e10157	r2	e9148	foodon
fo3742	e2747	r2	e2730	foodon
fo3743	e2748	r2	e2730	foodon
fo3744	e2748	r2	e10155	foodon
fo3745	e10155	r2	e9148	foodon
fo3746	e2749	r2	e1033	foodon
fo3747	e2749	r2	e2731	foodon
fo3748	e2749	r2	e2885	foodon
fo3749	e2885	r2	e1492	foodon
fo3750	e2885	r2	e2875	foodon
fo3751	e2875	r2	e9148	foodon
fo3752	e2750	r2	e2731	foodon
fo3753	e2750	r2	e2745	foodon
fo3754	e2750	r2	e2887	foodon
fo3755	e2887	r2	e2875	foodon
fo3756	e2887	r2	e10158	foodon
fo3757	e2751	r2	e1416	foodon
fo3758	e2751	r2	e2733	foodon
fo3759	e2751	r2	e7845	foodon
fo3760	e7845	r2	e2731	foodon
fo3761	e7845	r2	e2744	foodon
fo3762	e7845	r2	e2875	foodon
fo3763	e2752	r2	e1416	foodon
fo3764	e2752	r2	e2737	foodon
fo3765	e2752	r2	e2877	foodon
fo3766	e2753	r2	e1416	foodon
fo3767	e2753	r2	e2736	foodon
fo3768	e2753	r2	e2876	foodon
fo3769	e2876	r2	e9148	foodon
fo3770	e2754	r2	e2751	foodon
fo3771	e2754	r2	e2753	foodon
fo3772	e2755	r2	e1415	foodon
fo3773	e2755	r2	e2735	foodon
fo3774	e2755	r2	e7845	foodon
fo3775	e2756	r2	e1027	foodon
fo3776	e2756	r2	e2732	foodon
fo3777	e2757	r2	e2733	foodon
fo3778	e2757	r2	e2756	foodon
fo3779	e2757	r2	e4494	foodon
fo3780	e4494	r2	e1027	foodon
fo3781	e4494	r2	e2717	foodon
fo3782	e4494	r2	e2731	foodon
fo3783	e4494	r2	e2884	foodon
fo3784	e2884	r2	e2875	foodon
fo3785	e2884	r2	e10154	foodon
fo3786	e2758	r2	e1027	foodon
fo3787	e2758	r2	e2734	foodon
fo3788	e2759	r2	e2735	foodon
fo3789	e2759	r2	e2758	foodon
fo3790	e2759	r2	e4494	foodon
fo3791	e2760	r2	e2736	foodon
fo3792	e2760	r2	e2756	foodon
fo3793	e2760	r2	e2876	foodon
fo3794	e2761	r2	e2757	foodon
fo3795	e2761	r2	e2760	foodon
fo3796	e2762	r2	e1033	foodon
fo3797	e2762	r2	e2732	foodon
fo3798	e2763	r2	e2733	foodon
fo3799	e2763	r2	e2749	foodon
fo3800	e2763	r2	e2762	foodon
fo3801	e2764	r2	e1033	foodon
fo3802	e2764	r2	e2734	foodon
fo3803	e2765	r2	e2735	foodon
fo3804	e2765	r2	e2749	foodon
fo3805	e2765	r2	e2764	foodon
fo3806	e2766	r2	e1003	foodon
fo3807	e2766	r2	e2732	foodon
fo3808	e2767	r2	e2733	foodon
fo3809	e2767	r2	e2766	foodon
fo3810	e2767	r2	e4503	foodon
fo3811	e4503	r2	e1003	foodon
fo3812	e4503	r2	e2731	foodon
fo3813	e4503	r2	e2886	foodon
fo3814	e2886	r2	e2875	foodon
fo3815	e2886	r2	e10153	foodon
fo3816	e2768	r2	e1003	foodon
fo3817	e2768	r2	e2734	foodon
fo3818	e2769	r2	e2735	foodon
fo3819	e2769	r2	e2768	foodon
fo3820	e2769	r2	e4503	foodon
fo3821	e2770	r2	e2732	foodon
fo3822	e2770	r2	e2748	foodon
fo3823	e2771	r2	e2733	foodon
fo3824	e2771	r2	e2770	foodon
fo3825	e2771	r2	e8720	foodon
fo3826	e8720	r2	e2731	foodon
fo3827	e8720	r2	e2748	foodon
fo3828	e8720	r2	e2889	foodon
fo3829	e2889	r2	e2875	foodon
fo3830	e2889	r2	e10155	foodon
fo3831	e2772	r2	e2734	foodon
fo3832	e2772	r2	e2748	foodon
fo3833	e2773	r2	e2735	foodon
fo3834	e2773	r2	e2772	foodon
fo3835	e2773	r2	e8720	foodon
fo3836	e2774	r2	e2730	foodon
fo3837	e2775	r2	e1027	foodon
fo3838	e2776	r2	e2730	foodon
fo3839	e2777	r2	e2730	foodon
fo3840	e2778	r2	e2730	foodon
fo3841	e2779	r2	e2730	foodon
fo3842	e2780	r2	e2730	foodon
fo3843	e2781	r2	e2731	foodon
fo3844	e2781	r2	e2774	foodon
fo3845	e2782	r2	e2722	foodon
fo3846	e2782	r2	e2775	foodon
fo3847	e2782	r2	e4494	foodon
fo3848	e2783	r2	e2731	foodon
fo3849	e2783	r2	e2776	foodon
fo3850	e2784	r2	e2731	foodon
fo3851	e2784	r2	e2777	foodon
fo3852	e2785	r2	e2731	foodon
fo3853	e2785	r2	e2778	foodon
fo3854	e2786	r2	e2731	foodon
fo3855	e2786	r2	e2779	foodon
fo3856	e2787	r2	e2731	foodon
fo3857	e2787	r2	e2780	foodon
fo3858	e2788	r2	e2734	foodon
fo3859	e2788	r2	e2780	foodon
fo3860	e2789	r2	e2735	foodon
fo3861	e2789	r2	e2787	foodon
fo3862	e2789	r2	e2788	foodon
fo3863	e2790	r2	e2732	foodon
fo3864	e2790	r2	e2780	foodon
fo3865	e2791	r2	e2733	foodon
fo3866	e2791	r2	e2787	foodon
fo3867	e2791	r2	e2790	foodon
fo3868	e2792	r2	e2734	foodon
fo3869	e2792	r2	e2776	foodon
fo3870	e2793	r2	e2735	foodon
fo3871	e2793	r2	e2783	foodon
fo3872	e2793	r2	e2792	foodon
fo3873	e2794	r2	e2732	foodon
fo3874	e2794	r2	e2776	foodon
fo3875	e2795	r2	e2733	foodon
fo3876	e2795	r2	e2783	foodon
fo3877	e2795	r2	e2794	foodon
fo3878	e2796	r2	e2732	foodon
fo3879	e2796	r2	e2779	foodon
fo3880	e2797	r2	e2733	foodon
fo3881	e2797	r2	e2786	foodon
fo3882	e2797	r2	e2796	foodon
fo3883	e2798	r2	e2734	foodon
fo3884	e2798	r2	e2779	foodon
fo3885	e2799	r2	e2735	foodon
fo3886	e2799	r2	e2786	foodon
fo3887	e2799	r2	e2798	foodon
fo3888	e2800	r2	e2756	foodon
fo3889	e2800	r2	e2775	foodon
fo3890	e2801	r2	e2757	foodon
fo3891	e2801	r2	e2782	foodon
fo3892	e2801	r2	e2800	foodon
fo3893	e2802	r2	e2758	foodon
fo3894	e2802	r2	e2775	foodon
fo3895	e2803	r2	e2759	foodon
fo3896	e2803	r2	e2782	foodon
fo3897	e2803	r2	e2802	foodon
fo3898	e2804	r2	e2760	foodon
fo3899	e2804	r2	e2800	foodon
fo3900	e2805	r2	e2761	foodon
fo3901	e2805	r2	e2801	foodon
fo3902	e2805	r2	e2804	foodon
fo3903	e2806	r2	e2734	foodon
fo3904	e2806	r2	e2778	foodon
fo3905	e2807	r2	e2735	foodon
fo3906	e2807	r2	e2785	foodon
fo3907	e2807	r2	e2806	foodon
fo3908	e2808	r2	e2732	foodon
fo3909	e2808	r2	e2778	foodon
fo3910	e2809	r2	e2733	foodon
fo3911	e2809	r2	e2785	foodon
fo3912	e2809	r2	e2808	foodon
fo3913	e2810	r2	e2734	foodon
fo3914	e2810	r2	e2774	foodon
fo3915	e2811	r2	e2735	foodon
fo3916	e2811	r2	e2781	foodon
fo3917	e2811	r2	e2810	foodon
fo3918	e2812	r2	e2732	foodon
fo3919	e2812	r2	e2774	foodon
fo3920	e2813	r2	e2733	foodon
fo3921	e2813	r2	e2781	foodon
fo3922	e2813	r2	e2812	foodon
fo3923	e2814	r2	e2734	foodon
fo3924	e2814	r2	e2777	foodon
fo3925	e2815	r2	e2735	foodon
fo3926	e2815	r2	e2784	foodon
fo3927	e2815	r2	e2814	foodon
fo3928	e2816	r2	e2732	foodon
fo3929	e2816	r2	e2777	foodon
fo3930	e2817	r2	e2733	foodon
fo3931	e2817	r2	e2784	foodon
fo3932	e2817	r2	e2816	foodon
fo3933	e2818	r2	e2730	foodon
fo3934	e2819	r2	e2731	foodon
fo3935	e2819	r2	e2818	foodon
fo3936	e2820	r2	e2734	foodon
fo3937	e2820	r2	e2818	foodon
fo3938	e2821	r2	e2735	foodon
fo3939	e2821	r2	e2819	foodon
fo3940	e2821	r2	e2820	foodon
fo3941	e2822	r2	e2732	foodon
fo3942	e2822	r2	e2818	foodon
fo3943	e2823	r2	e2733	foodon
fo3944	e2823	r2	e2819	foodon
fo3945	e2823	r2	e2822	foodon
fo3946	e2824	r2	e2730	foodon
fo3947	e2825	r2	e2731	foodon
fo3948	e2825	r2	e2824	foodon
fo3949	e2826	r2	e2734	foodon
fo3950	e2826	r2	e2824	foodon
fo3951	e2827	r2	e2735	foodon
fo3952	e2827	r2	e2825	foodon
fo3953	e2827	r2	e2826	foodon
fo3954	e2828	r2	e2732	foodon
fo3955	e2828	r2	e2824	foodon
fo3956	e2829	r2	e2733	foodon
fo3957	e2829	r2	e2825	foodon
fo3958	e2829	r2	e2828	foodon
fo3959	e2830	r2	e2032	foodon
fo3960	e2831	r2	e2032	foodon
fo3961	e2832	r2	e2668	foodon
fo3962	e2833	r2	e2832	foodon
fo3963	e2834	r2	e1411	foodon
fo3964	e2835	r2	e1412	foodon
fo3965	e2836	r2	e1414	foodon
fo3966	e2836	r2	e2834	foodon
fo3967	e2837	r2	e1414	foodon
fo3968	e2838	r2	e1414	foodon
fo3969	e2839	r2	e2836	foodon
fo3970	e2839	r2	e2838	foodon
fo3971	e2840	r2	e1413	foodon
fo3972	e2840	r2	e2834	foodon
fo3973	e2841	r2	e1413	foodon
fo3974	e2842	r2	e1016	foodon
fo3975	e2843	r2	e2842	foodon
fo3976	e2843	r2	e5932	foodon
fo3977	e5932	r2	e1016	foodon
fo3978	e5932	r2	e2884	foodon
fo3979	e2844	r2	e1016	foodon
fo3980	e2845	r2	e2844	foodon
fo3981	e2845	r2	e5932	foodon
fo3982	e2846	r2	e2842	foodon
fo3983	e2846	r2	e2876	foodon
fo3984	e2847	r2	e2843	foodon
fo3985	e2847	r2	e2846	foodon
fo3986	e2848	r2	e1412	foodon
fo3987	e2849	r2	e2835	foodon
fo3988	e2849	r2	e2848	foodon
fo3989	e2850	r2	e1412	foodon
fo3990	e2851	r2	e2835	foodon
fo3991	e2851	r2	e2850	foodon
fo3992	e2852	r2	e1016	foodon
fo3993	e2853	r2	e2852	foodon
fo3994	e2853	r2	e5932	foodon
fo3995	e2854	r2	e2842	foodon
fo3996	e2854	r2	e2852	foodon
fo3997	e2855	r2	e2843	foodon
fo3998	e2855	r2	e2853	foodon
fo3999	e2855	r2	e2854	foodon
fo4000	e2856	r2	e2844	foodon
fo4001	e2856	r2	e2852	foodon
fo4002	e2857	r2	e2845	foodon
fo4003	e2857	r2	e2853	foodon
fo4004	e2857	r2	e2856	foodon
fo4005	e2858	r2	e2846	foodon
fo4006	e2858	r2	e2854	foodon
fo4007	e2859	r2	e2847	foodon
fo4008	e2859	r2	e2855	foodon
fo4009	e2859	r2	e2858	foodon
fo4010	e2860	r2	e6487	foodon
fo4011	e6487	r2	e256	foodon
fo4012	e2861	r2	e2860	foodon
fo4013	e2862	r2	e2032	foodon
fo4014	e2863	r2	e2032	foodon
fo4015	e2864	r2	e4177	foodon
fo4016	e4177	r2	e226	foodon
fo4017	e2865	r2	e2864	foodon
fo4018	e2866	r2	e4177	foodon
fo4019	e2867	r2	e2866	foodon
fo4020	e2868	r2	e2866	foodon
fo4021	e2869	r2	e2866	foodon
fo4022	e2870	r2	e2868	foodon
fo4023	e2871	r2	e2866	foodon
fo4024	e2872	r2	e2871	foodon
fo4025	e2873	r2	e2870	foodon
fo4026	e2878	r2	e2875	foodon
fo4027	e2878	r2	e2877	foodon
fo4028	e2879	r2	e2876	foodon
fo4029	e2880	r2	e2879	foodon
fo4030	e2881	r2	e2875	foodon
fo4031	e2881	r2	e2880	foodon
fo4032	e2882	r2	e2880	foodon
fo4033	e2883	r2	e2880	foodon
fo4034	e2888	r2	e2875	foodon
fo4035	e2888	r2	e10157	foodon
fo4036	e2890	r2	e9148	foodon
fo4037	e2891	r2	e2875	foodon
fo4038	e2891	r2	e2890	foodon
fo4039	e2892	r2	e9148	foodon
fo4040	e2893	r2	e2875	foodon
fo4041	e2893	r2	e2892	foodon
fo4042	e2894	r2	e2032	foodon
fo4043	e2895	r2	e6930	foodon
fo4044	e6930	r2	e226	foodon
fo4045	e2896	r2	e6930	foodon
fo4046	e2897	r2	e2895	foodon
fo4047	e2898	r2	e2897	foodon
fo4048	e2899	r2	e2032	foodon
fo4049	e2900	r2	e9966	foodon
fo4050	e9966	r2	e616	foodon
fo4051	e2901	r2	e2900	foodon
fo4052	e2902	r2	e751	foodon
fo4053	e2903	r2	e2902	foodon
fo4054	e2904	r2	e2903	foodon
fo4055	e2905	r2	e2032	foodon
fo4056	e2906	r2	e2032	foodon
fo4057	e2907	r2	e2032	foodon
fo4058	e2908	r2	e2666	foodon
fo4059	e2909	r2	e5452	foodon
fo4060	e5452	r2	e44	foodon
fo4061	e2910	r2	e4154	foodon
fo4062	e4154	r2	e87	foodon
fo4063	e4154	r2	e8094	foodon
fo4064	e2911	r2	e4154	foodon
fo4065	e2912	r2	e4154	foodon
fo4066	e2913	r2	e2910	foodon
fo4067	e2913	r2	e2912	foodon
fo4068	e2914	r2	e2911	foodon
fo4069	e2914	r2	e2912	foodon
fo4070	e2918	r2	e2916	foodon
fo4071	e2919	r2	e2032	foodon
fo4072	e2920	r2	e2032	foodon
fo4073	e2921	r2	e2666	foodon
fo4074	e2922	r2	e2032	foodon
fo4075	e2923	r2	e2666	foodon
fo4076	e2924	r2	e2151	foodon
fo4077	e2925	r2	e2151	foodon
fo4078	e2926	r2	e2032	foodon
fo4079	e2929	r2	e2934	foodon
fo4080	e2930	r2	e2929	foodon
fo4081	e2930	r2	e2935	foodon
fo4082	e2931	r2	e2930	foodon
fo4083	e2931	r2	e2939	foodon
fo4084	e2939	r2	e2935	foodon
fo4085	e2939	r2	e2937	foodon
fo4086	e2937	r2	e2934	foodon
fo4087	e2932	r2	e2929	foodon
fo4088	e2933	r2	e2929	foodon
fo4089	e2936	r2	e2934	foodon
fo4090	e2938	r2	e2935	foodon
fo4091	e2938	r2	e2936	foodon
fo4092	e2940	r2	e2934	foodon
fo4093	e2941	r2	e2934	foodon
fo4094	e2941	r2	e9202	foodon
fo4095	e9202	r2	e758	foodon
fo4096	e2942	r2	e2941	foodon
fo4097	e2943	r2	e2941	foodon
fo4098	e2944	r2	e2935	foodon
fo4099	e2944	r2	e2941	foodon
fo4100	e2944	r2	e3053	foodon
fo4101	e3053	r2	e9202	foodon
fo4102	e2945	r2	e2942	foodon
fo4103	e2945	r2	e2944	foodon
fo4104	e2946	r2	e2943	foodon
fo4105	e2946	r2	e2944	foodon
fo4106	e2948	r2	e2947	foodon
fo4107	e2949	r2	e2947	foodon
fo4108	e2951	r2	e2947	foodon
fo4109	e2952	r2	e2947	foodon
fo4110	e2953	r2	e2947	foodon
fo4111	e2954	r2	e2947	foodon
fo4112	e2955	r2	e2947	foodon
fo4113	e2956	r2	e2947	foodon
fo4114	e2957	r2	e2947	foodon
fo4115	e2959	r2	e2948	foodon
fo4116	e2959	r2	e2958	foodon
fo4117	e2960	r2	e2949	foodon
fo4118	e2960	r2	e2958	foodon
fo4119	e2961	r2	e1116	foodon
fo4120	e2961	r2	e2951	foodon
fo4121	e2961	r2	e2958	foodon
fo4122	e2962	r2	e2952	foodon
fo4123	e2962	r2	e2958	foodon
fo4124	e2963	r2	e1113	foodon
fo4125	e2963	r2	e2953	foodon
fo4126	e2963	r2	e2958	foodon
fo4127	e2964	r2	e2954	foodon
fo4128	e2964	r2	e2958	foodon
fo4129	e2965	r2	e2955	foodon
fo4130	e2965	r2	e2958	foodon
fo4131	e2966	r2	e2956	foodon
fo4132	e2966	r2	e2958	foodon
fo4133	e2967	r2	e2957	foodon
fo4134	e2967	r2	e2958	foodon
fo4135	e2968	r2	e2934	foodon
fo4136	e2969	r2	e2968	foodon
fo4137	e2970	r2	e2968	foodon
fo4138	e2971	r2	e2968	foodon
fo4139	e2972	r2	e2968	foodon
fo4140	e2973	r2	e2968	foodon
fo4141	e2974	r2	e2968	foodon
fo4142	e2975	r2	e2968	foodon
fo4143	e2976	r2	e2968	foodon
fo4144	e2977	r2	e2968	foodon
fo4145	e2978	r2	e2968	foodon
fo4146	e2979	r2	e2935	foodon
fo4147	e2979	r2	e2969	foodon
fo4148	e2980	r2	e2935	foodon
fo4149	e2980	r2	e2970	foodon
fo4150	e2981	r2	e2935	foodon
fo4151	e2981	r2	e2971	foodon
fo4152	e2982	r2	e2935	foodon
fo4153	e2982	r2	e2972	foodon
fo4154	e2983	r2	e2935	foodon
fo4155	e2983	r2	e2973	foodon
fo4156	e2984	r2	e2935	foodon
fo4157	e2984	r2	e2974	foodon
fo4158	e2985	r2	e2935	foodon
fo4159	e2985	r2	e2975	foodon
fo4160	e2986	r2	e2935	foodon
fo4161	e2986	r2	e2976	foodon
fo4162	e2987	r2	e2935	foodon
fo4163	e2987	r2	e2977	foodon
fo4164	e2988	r2	e2935	foodon
fo4165	e2988	r2	e2978	foodon
fo4166	e2990	r2	e2989	foodon
fo4167	e2991	r2	e2990	foodon
fo4168	e2992	r2	e2991	foodon
fo4169	e2992	r2	e7494	foodon
fo4170	e7494	r2	e573	foodon
fo4171	e7494	r2	e2935	foodon
fo4172	e7494	r2	e2989	foodon
fo4173	e2993	r2	e2989	foodon
fo4174	e2994	r2	e2993	foodon
fo4175	e2994	r2	e7494	foodon
fo4176	e2995	r2	e2990	foodon
fo4177	e2996	r2	e2995	foodon
fo4178	e2997	r2	e1118	foodon
fo4179	e2997	r2	e7494	foodon
fo4180	e2998	r2	e2928	foodon
fo4181	e2999	r2	e2998	foodon
fo4182	e3000	r2	e2999	foodon
fo4183	e3001	r2	e2999	foodon
fo4184	e3002	r2	e2999	foodon
fo4185	e3003	r2	e3000	foodon
fo4186	e3003	r2	e3002	foodon
fo4187	e3004	r2	e3000	foodon
fo4188	e3004	r2	e3001	foodon
fo4189	e3005	r2	e2999	foodon
fo4190	e3006	r2	e3000	foodon
fo4191	e3006	r2	e8604	foodon
fo4192	e8604	r2	e573	foodon
fo4193	e8604	r2	e3005	foodon
fo4194	e3007	r2	e3005	foodon
fo4195	e3008	r2	e3000	foodon
fo4196	e3008	r2	e3007	foodon
fo4197	e3009	r2	e3007	foodon
fo4198	e3010	r2	e3008	foodon
fo4199	e3010	r2	e3009	foodon
fo4200	e3011	r2	e2999	foodon
fo4201	e3012	r2	e8604	foodon
fo4202	e3013	r2	e3005	foodon
fo4203	e3014	r2	e3013	foodon
fo4204	e3015	r2	e2998	foodon
fo4205	e3016	r2	e3015	foodon
fo4206	e3017	r2	e3015	foodon
fo4207	e3018	r2	e3015	foodon
fo4208	e3019	r2	e3015	foodon
fo4209	e3020	r2	e3015	foodon
fo4210	e3021	r2	e3015	foodon
fo4211	e3022	r2	e3015	foodon
fo4212	e3023	r2	e3015	foodon
fo4213	e3024	r2	e3015	foodon
fo4214	e3025	r2	e3015	foodon
fo4215	e3026	r2	e3015	foodon
fo4216	e3027	r2	e3016	foodon
fo4217	e3027	r2	e3026	foodon
fo4218	e3028	r2	e3017	foodon
fo4219	e3028	r2	e3026	foodon
fo4220	e3029	r2	e3018	foodon
fo4221	e3029	r2	e3026	foodon
fo4222	e3030	r2	e3019	foodon
fo4223	e3030	r2	e3026	foodon
fo4224	e3031	r2	e3020	foodon
fo4225	e3031	r2	e3026	foodon
fo4226	e3032	r2	e3021	foodon
fo4227	e3032	r2	e3026	foodon
fo4228	e3033	r2	e3022	foodon
fo4229	e3033	r2	e3026	foodon
fo4230	e3034	r2	e3023	foodon
fo4231	e3034	r2	e3026	foodon
fo4232	e3035	r2	e3024	foodon
fo4233	e3035	r2	e3026	foodon
fo4234	e3036	r2	e3025	foodon
fo4235	e3036	r2	e3026	foodon
fo4236	e3038	r2	e3037	foodon
fo4237	e3039	r2	e2190	foodon
fo4238	e3040	r2	e2192	foodon
fo4239	e3043	r2	e3041	foodon
fo4240	e3044	r2	e3042	foodon
fo4241	e3044	r2	e3043	foodon
fo4242	e3046	r2	e2188	foodon
fo4243	e3047	r2	e3045	foodon
fo4244	e3047	r2	e3046	foodon
fo4245	e3048	r2	e3046	foodon
fo4246	e3049	r2	e2195	foodon
fo4247	e3050	r2	e3049	foodon
fo4248	e3050	r2	e8300	foodon
fo4249	e3051	r2	e2032	foodon
fo4250	e3054	r2	e2032	foodon
fo4251	e3055	r2	e1256	foodon
fo4252	e3056	r2	e2225	foodon
fo4253	e3057	r2	e2032	foodon
fo4254	e3058	r2	e2032	foodon
fo4255	e3059	r2	e2032	foodon
fo4256	e3061	r2	e2032	foodon
fo4257	e3062	r2	e2032	foodon
fo4258	e3063	r2	e2032	foodon
fo4259	e3064	r2	e2032	foodon
fo4260	e3065	r2	e2032	foodon
fo4261	e3066	r2	e2032	foodon
fo4262	e3067	r2	e2666	foodon
fo4263	e3068	r2	e3067	foodon
fo4264	e3069	r2	e2032	foodon
fo4265	e3070	r2	e2666	foodon
fo4266	e3071	r2	e3070	foodon
fo4267	e3072	r2	e2032	foodon
fo4268	e3073	r2	e1958	foodon
fo4269	e3074	r2	e2032	foodon
fo4270	e3075	r2	e2032	foodon
fo4271	e3076	r2	e2032	foodon
fo4272	e3077	r2	e2032	foodon
fo4273	e3078	r2	e2032	foodon
fo4274	e3079	r2	e2032	foodon
fo4275	e3081	r2	e9798	foodon
fo4276	e9798	r2	e995	foodon
fo4277	e3082	r2	e3081	foodon
fo4278	e3082	r2	e3094	foodon
fo4279	e3094	r2	e9798	foodon
fo4280	e3085	r2	e3083	foodon
fo4281	e3085	r2	e3101	foodon
fo4282	e3086	r2	e3083	foodon
fo4283	e3091	r2	e3088	foodon
fo4284	e3093	r2	e3092	foodon
fo4285	e3095	r2	e2198	foodon
fo4286	e3096	r2	e3095	foodon
fo4287	e3096	r2	e3100	foodon
fo4288	e3097	r2	e3096	foodon
fo4289	e3098	r2	e3095	foodon
fo4290	e3099	r2	e3095	foodon
fo4291	e3102	r2	e3101	foodon
fo4292	e3103	r2	e3101	foodon
fo4293	e3104	r2	e3101	foodon
fo4294	e3105	r2	e3101	foodon
fo4295	e3106	r2	e3101	foodon
fo4296	e3107	r2	e3101	foodon
fo4297	e3108	r2	e3101	foodon
fo4298	e3109	r2	e3101	foodon
fo4299	e3110	r2	e3101	foodon
fo4300	e3111	r2	e3101	foodon
fo4301	e3112	r2	e3100	foodon
fo4302	e3112	r2	e3101	foodon
fo4303	e3113	r2	e1928	foodon
fo4304	e3113	r2	e3112	foodon
fo4305	e3114	r2	e3102	foodon
fo4306	e3114	r2	e3112	foodon
fo4307	e3115	r2	e3103	foodon
fo4308	e3115	r2	e3112	foodon
fo4309	e3116	r2	e3105	foodon
fo4310	e3116	r2	e3112	foodon
fo4311	e3117	r2	e3106	foodon
fo4312	e3117	r2	e3112	foodon
fo4313	e3118	r2	e3107	foodon
fo4314	e3118	r2	e3112	foodon
fo4315	e3119	r2	e3108	foodon
fo4316	e3119	r2	e3112	foodon
fo4317	e3120	r2	e3109	foodon
fo4318	e3120	r2	e3112	foodon
fo4319	e3121	r2	e3110	foodon
fo4320	e3121	r2	e3112	foodon
fo4321	e3122	r2	e1846	foodon
fo4322	e3122	r2	e3112	foodon
fo4323	e3123	r2	e3111	foodon
fo4324	e3123	r2	e3112	foodon
fo4325	e3124	r2	e2198	foodon
fo4326	e3125	r2	e3124	foodon
fo4327	e3126	r2	e3124	foodon
fo4328	e3127	r2	e3124	foodon
fo4329	e3128	r2	e3124	foodon
fo4330	e3129	r2	e3124	foodon
fo4331	e3130	r2	e3124	foodon
fo4332	e3131	r2	e3124	foodon
fo4333	e3132	r2	e3124	foodon
fo4334	e3133	r2	e3124	foodon
fo4335	e3134	r2	e3124	foodon
fo4336	e3135	r2	e3100	foodon
fo4337	e3135	r2	e3125	foodon
fo4338	e3136	r2	e3100	foodon
fo4339	e3136	r2	e3126	foodon
fo4340	e3137	r2	e3100	foodon
fo4341	e3137	r2	e8556	foodon
fo4342	e8556	r2	e41	foodon
fo4343	e8556	r2	e3124	foodon
fo4344	e3138	r2	e3100	foodon
fo4345	e3138	r2	e3127	foodon
fo4346	e3139	r2	e3100	foodon
fo4347	e3139	r2	e3128	foodon
fo4348	e3140	r2	e3100	foodon
fo4349	e3140	r2	e3129	foodon
fo4350	e3141	r2	e3100	foodon
fo4351	e3141	r2	e3130	foodon
fo4352	e3142	r2	e3100	foodon
fo4353	e3142	r2	e3131	foodon
fo4354	e3143	r2	e3100	foodon
fo4355	e3143	r2	e3132	foodon
fo4356	e3144	r2	e3100	foodon
fo4357	e3144	r2	e3133	foodon
fo4358	e3145	r2	e3100	foodon
fo4359	e3145	r2	e3134	foodon
fo4360	e3148	r2	e3146	foodon
fo4361	e3149	r2	e3092	foodon
fo4362	e3150	r2	e3149	foodon
fo4363	e3151	r2	e3150	foodon
fo4364	e3152	r2	e3150	foodon
fo4365	e3153	r2	e3151	foodon
fo4366	e3153	r2	e3152	foodon
fo4367	e3154	r2	e3150	foodon
fo4368	e3155	r2	e3154	foodon
fo4369	e3156	r2	e3151	foodon
fo4370	e3156	r2	e3155	foodon
fo4371	e3157	r2	e3154	foodon
fo4372	e3158	r2	e3151	foodon
fo4373	e3158	r2	e3157	foodon
fo4374	e3159	r2	e3157	foodon
fo4375	e3160	r2	e3158	foodon
fo4376	e3160	r2	e3159	foodon
fo4377	e3161	r2	e3150	foodon
fo4378	e3162	r2	e3155	foodon
fo4379	e3163	r2	e3154	foodon
fo4380	e3164	r2	e3163	foodon
fo4381	e3165	r2	e3149	foodon
fo4382	e3166	r2	e3165	foodon
fo4383	e3167	r2	e3165	foodon
fo4384	e3168	r2	e3165	foodon
fo4385	e3169	r2	e3165	foodon
fo4386	e3170	r2	e3165	foodon
fo4387	e3171	r2	e3165	foodon
fo4388	e3172	r2	e3165	foodon
fo4389	e3173	r2	e3165	foodon
fo4390	e3174	r2	e3165	foodon
fo4391	e3175	r2	e3165	foodon
fo4392	e3176	r2	e3165	foodon
fo4393	e3177	r2	e3165	foodon
fo4394	e3178	r2	e3166	foodon
fo4395	e3178	r2	e3177	foodon
fo4396	e3179	r2	e3167	foodon
fo4397	e3179	r2	e3177	foodon
fo4398	e3180	r2	e3168	foodon
fo4399	e3180	r2	e3177	foodon
fo4400	e3181	r2	e3169	foodon
fo4401	e3181	r2	e3177	foodon
fo4402	e3182	r2	e3170	foodon
fo4403	e3182	r2	e3177	foodon
fo4404	e3183	r2	e3171	foodon
fo4405	e3183	r2	e3177	foodon
fo4406	e3184	r2	e3172	foodon
fo4407	e3184	r2	e3177	foodon
fo4408	e3185	r2	e3173	foodon
fo4409	e3185	r2	e3177	foodon
fo4410	e3186	r2	e3174	foodon
fo4411	e3186	r2	e3177	foodon
fo4412	e3187	r2	e3175	foodon
fo4413	e3187	r2	e3177	foodon
fo4414	e3188	r2	e3176	foodon
fo4415	e3188	r2	e3177	foodon
fo4416	e3190	r2	e3189	foodon
fo4417	e3191	r2	e2191	foodon
fo4418	e3192	r2	e2193	foodon
fo4419	e3197	r2	e2189	foodon
fo4420	e3198	r2	e3196	foodon
fo4421	e3198	r2	e3197	foodon
fo4422	e3199	r2	e3197	foodon
fo4423	e3200	r2	e2196	foodon
fo4424	e3201	r2	e3200	foodon
fo4425	e3201	r2	e8290	foodon
fo4426	e3202	r2	e2032	foodon
fo4427	e3203	r2	e2666	foodon
fo4428	e3204	r2	e3203	foodon
fo4429	e3205	r2	e2947	foodon
fo4430	e3206	r2	e2958	foodon
fo4431	e3206	r2	e3205	foodon
fo4432	e3207	r2	e3146	foodon
fo4433	e3208	r2	e3147	foodon
fo4434	e3208	r2	e3207	foodon
fo4435	e3209	r2	e3146	foodon
fo4436	e3210	r2	e3147	foodon
fo4437	e3210	r2	e3209	foodon
fo4438	e3211	r2	e3146	foodon
fo4439	e3212	r2	e3147	foodon
fo4440	e3212	r2	e3211	foodon
fo4441	e3213	r2	e3211	foodon
fo4442	e3214	r2	e3212	foodon
fo4443	e3214	r2	e3213	foodon
fo4444	e3215	r2	e3213	foodon
fo4445	e3216	r2	e3214	foodon
fo4446	e3216	r2	e3215	foodon
fo4447	e3217	r2	e3147	foodon
fo4448	e3217	r2	e3148	foodon
fo4449	e3218	r2	e415	foodon
fo4450	e3219	r2	e3218	foodon
fo4451	e3220	r2	e3219	foodon
fo4452	e3221	r2	e3219	foodon
fo4453	e3222	r2	e3221	foodon
fo4454	e3223	r2	e3222	foodon
fo4455	e3224	r2	e3222	foodon
fo4456	e3225	r2	e3223	foodon
fo4457	e3225	r2	e3224	foodon
fo4458	e3226	r2	e3222	foodon
fo4459	e3227	r2	e3223	foodon
fo4460	e3227	r2	e3226	foodon
fo4461	e3228	r2	e762	foodon
fo4462	e3229	r2	e3228	foodon
fo4463	e3230	r2	e3229	foodon
fo4464	e3231	r2	e3229	foodon
fo4465	e3232	r2	e3231	foodon
fo4466	e3233	r2	e3232	foodon
fo4467	e3234	r2	e3232	foodon
fo4468	e3235	r2	e3233	foodon
fo4469	e3235	r2	e3234	foodon
fo4470	e3236	r2	e3232	foodon
fo4471	e3237	r2	e3233	foodon
fo4472	e3237	r2	e3236	foodon
fo4473	e3238	r2	e404	foodon
fo4474	e3239	r2	e3238	foodon
fo4475	e3240	r2	e3239	foodon
fo4476	e3241	r2	e3239	foodon
fo4477	e3242	r2	e3241	foodon
fo4478	e3243	r2	e3242	foodon
fo4479	e3244	r2	e3242	foodon
fo4480	e3245	r2	e3243	foodon
fo4481	e3245	r2	e3244	foodon
fo4482	e3246	r2	e3242	foodon
fo4483	e3247	r2	e3243	foodon
fo4484	e3247	r2	e3246	foodon
fo4485	e3248	r2	e636	foodon
fo4486	e3249	r2	e3248	foodon
fo4487	e3250	r2	e3249	foodon
fo4488	e3251	r2	e3249	foodon
fo4489	e3252	r2	e3251	foodon
fo4490	e3253	r2	e3252	foodon
fo4491	e3254	r2	e3252	foodon
fo4492	e3255	r2	e3253	foodon
fo4493	e3255	r2	e3254	foodon
fo4494	e3256	r2	e3252	foodon
fo4495	e3257	r2	e3253	foodon
fo4496	e3257	r2	e3256	foodon
fo4497	e3258	r2	e3230	foodon
fo4498	e3259	r2	e3240	foodon
fo4499	e3260	r2	e3250	foodon
fo4500	e3261	r2	e322	foodon
fo4501	e3262	r2	e3261	foodon
fo4502	e3263	r2	e3262	foodon
fo4503	e3264	r2	e3262	foodon
fo4504	e3265	r2	e3264	foodon
fo4505	e3266	r2	e3265	foodon
fo4506	e3267	r2	e3265	foodon
fo4507	e3268	r2	e3266	foodon
fo4508	e3268	r2	e3267	foodon
fo4509	e3269	r2	e3265	foodon
fo4510	e3270	r2	e3266	foodon
fo4511	e3270	r2	e3269	foodon
fo4512	e3271	r2	e3220	foodon
fo4513	e3272	r2	e19	foodon
fo4514	e3273	r2	e479	foodon
fo4515	e3273	r2	e4606	foodon
fo4516	e3273	r2	e8057	foodon
fo4517	e3274	r2	e333	foodon
fo4518	e3276	r2	e3275	foodon
fo4519	e3277	r2	e139	foodon
fo4520	e3278	r2	e164	foodon
fo4521	e3279	r2	e19	foodon
fo4522	e3280	r2	e3279	foodon
fo4523	e3281	r2	e401	foodon
fo4524	e3282	r2	e1640	foodon
fo4525	e3283	r2	e3892	foodon
fo4526	e3892	r2	e806	foodon
fo4527	e3284	r2	e1459	foodon
fo4528	e3285	r2	e3284	foodon
fo4529	e3286	r2	e1459	foodon
fo4530	e3287	r2	e1321	foodon
fo4531	e3288	r2	e9715	foodon
fo4532	e9715	r2	e3741	foodon
fo4533	e3289	r2	e1514	foodon
fo4534	e3290	r2	e1170	foodon
fo4535	e3291	r2	e168	foodon
fo4536	e3292	r2	e3888	foodon
fo4537	e3888	r2	e3452	foodon
fo4538	e3452	r2	e634	foodon
fo4539	e3293	r2	e1177	foodon
fo4540	e3294	r2	e1661	foodon
fo4541	e3294	r2	e3295	foodon
fo4542	e3295	r2	e687	foodon
fo4543	e3296	r2	e3294	foodon
fo4544	e3297	r2	e383	foodon
fo4545	e3298	r2	e399	foodon
fo4546	e3299	r2	e1634	foodon
fo4547	e3300	r2	e8055	foodon
fo4548	e3301	r2	e1774	foodon
fo4549	e3302	r2	e1170	foodon
fo4550	e3303	r2	e356	foodon
fo4551	e3303	r2	e1661	foodon
fo4552	e3304	r2	e3303	foodon
fo4553	e3305	r2	e356	foodon
fo4554	e3306	r2	e3305	foodon
fo4555	e3307	r2	e694	foodon
fo4556	e3308	r2	e3307	foodon
fo4557	e3309	r2	e687	foodon
fo4558	e3309	r2	e1661	foodon
fo4559	e3310	r2	e3309	foodon
fo4560	e3311	r2	e1661	foodon
fo4561	e3311	r2	e3314	foodon
fo4562	e3314	r2	e687	foodon
fo4563	e3312	r2	e3311	foodon
fo4564	e3313	r2	e3314	foodon
fo4565	e3315	r2	e1447	foodon
fo4566	e3316	r2	e3315	foodon
fo4567	e3317	r2	e1443	foodon
fo4568	e3318	r2	e3317	foodon
fo4569	e3319	r2	e1226	foodon
fo4570	e3320	r2	e3319	foodon
fo4571	e3321	r2	e1226	foodon
fo4572	e3321	r2	e1661	foodon
fo4573	e3322	r2	e3321	foodon
fo4574	e3323	r2	e687	foodon
fo4575	e3323	r2	e694	foodon
fo4576	e3324	r2	e1661	foodon
fo4577	e3324	r2	e3323	foodon
fo4578	e3325	r2	e3324	foodon
fo4579	e3326	r2	e3323	foodon
fo4580	e3327	r2	e3326	foodon
fo4581	e3328	r2	e871	foodon
fo4582	e3329	r2	e3328	foodon
fo4583	e3330	r2	e1228	foodon
fo4584	e3331	r2	e3330	foodon
fo4585	e3332	r2	e3331	foodon
fo4586	e3333	r2	e1899	foodon
fo4587	e3334	r2	e3333	foodon
fo4588	e3335	r2	e1899	foodon
fo4589	e3336	r2	e3335	foodon
fo4590	e3337	r2	e1715	foodon
fo4591	e3338	r2	e3337	foodon
fo4592	e3339	r2	e1715	foodon
fo4593	e3340	r2	e3339	foodon
fo4594	e3341	r2	e687	foodon
fo4595	e3342	r2	e1661	foodon
fo4596	e3342	r2	e3341	foodon
fo4597	e3343	r2	e3342	foodon
fo4598	e3344	r2	e3720	foodon
fo4599	e3720	r2	e612	foodon
fo4600	e3720	r2	e1050	foodon
fo4601	e3345	r2	e7654	foodon
fo4602	e3346	r2	e7794	foodon
fo4603	e7794	r2	e1062	foodon
fo4604	e7794	r2	e1440	foodon
fo4605	e3347	r2	e3685	foodon
fo4606	e3685	r2	e422	foodon
fo4607	e3685	r2	e1050	foodon
fo4608	e3350	r2	e3349	foodon
fo4609	e3351	r2	e7648	foodon
fo4610	e3353	r2	e1943	foodon
fo4611	e3354	r2	e1103	foodon
fo4612	e3355	r2	e3354	foodon
fo4613	e3356	r2	e8055	foodon
fo4614	e3357	r2	e449	foodon
fo4615	e3357	r2	e9581	foodon
fo4616	e9581	r2	e8880	foodon
fo4617	e3358	r2	e1829	foodon
fo4618	e3359	r2	e2100	foodon
fo4619	e3360	r2	e1661	foodon
fo4620	e3361	r2	e3360	foodon
fo4621	e3362	r2	e1520	foodon
fo4622	e3363	r2	e3362	foodon
fo4623	e3364	r2	e2296	foodon
fo4624	e3365	r2	e3364	foodon
fo4625	e3365	r2	e4107	foodon
fo4626	e3367	r2	e3366	foodon
fo4627	e3368	r2	e3408	foodon
fo4628	e3408	r2	e4606	foodon
fo4629	e3369	r2	e3517	foodon
fo4630	e3517	r2	e4606	foodon
fo4631	e3370	r2	e6066	foodon
fo4632	e3371	r2	e1527	foodon
fo4633	e3372	r2	e1528	foodon
fo4634	e3373	r2	e1537	foodon
fo4635	e3374	r2	e3373	foodon
fo4636	e3376	r2	e3375	foodon
fo4637	e3377	r2	e551	foodon
fo4638	e3378	r2	e3377	foodon
fo4639	e3379	r2	e1661	foodon
fo4640	e3380	r2	e3379	foodon
fo4641	e3381	r2	e3359	foodon
fo4642	e3382	r2	e1656	foodon
fo4643	e3383	r2	e804	foodon
fo4644	e3384	r2	e3383	foodon
fo4645	e3385	r2	e3827	foodon
fo4646	e3386	r2	e3385	foodon
fo4647	e3387	r2	e3827	foodon
fo4648	e3388	r2	e3387	foodon
fo4649	e3389	r2	e1661	foodon
fo4650	e3390	r2	e3389	foodon
fo4651	e3391	r2	e1255	foodon
fo4652	e3392	r2	e1479	foodon
fo4653	e3393	r2	e3392	foodon
fo4654	e3394	r2	e1661	foodon
fo4655	e3395	r2	e3394	foodon
fo4656	e3396	r2	e1059	foodon
fo4657	e3396	r2	e1841	foodon
fo4658	e3397	r2	e3396	foodon
fo4659	e3398	r2	e1101	foodon
fo4660	e3399	r2	e4138	foodon
fo4661	e4138	r2	e4132	foodon
fo4662	e3400	r2	e1201	foodon
fo4663	e3401	r2	e481	foodon
fo4664	e3401	r2	e1661	foodon
fo4665	e3402	r2	e3401	foodon
fo4666	e3403	r2	e1466	foodon
fo4667	e3404	r2	e3403	foodon
fo4668	e3405	r2	e510	foodon
fo4669	e3406	r2	e425	foodon
fo4670	e3407	r2	e868	foodon
fo4671	e3409	r2	e162	foodon
fo4672	e3410	r2	e3409	foodon
fo4673	e3410	r2	e10134	foodon
fo4674	e3411	r2	e1104	foodon
fo4675	e3411	r2	e10134	foodon
fo4676	e3412	r2	e4912	foodon
fo4677	e3413	r2	e3344	foodon
fo4678	e3413	r2	e3821	foodon
fo4679	e3821	r2	e612	foodon
fo4680	e3821	r2	e963	foodon
fo4681	e3821	r2	e10134	foodon
fo4682	e3414	r2	e7771	foodon
fo4683	e3414	r2	e10134	foodon
fo4684	e7771	r2	e1056	foodon
fo4685	e7771	r2	e3799	foodon
fo4686	e3415	r2	e1106	foodon
fo4687	e3416	r2	e3345	foodon
fo4688	e3416	r2	e10134	foodon
fo4689	e3417	r2	e4087	foodon
fo4690	e3418	r2	e3346	foodon
fo4691	e3419	r2	e3345	foodon
fo4692	e3420	r2	e3347	foodon
fo4693	e3421	r2	e3350	foodon
fo4694	e3422	r2	e1107	foodon
fo4695	e3423	r2	e3344	foodon
fo4696	e3424	r2	e1101	foodon
fo4697	e3425	r2	e3351	foodon
fo4698	e3426	r2	e1108	foodon
fo4699	e3427	r2	e1294	foodon
fo4700	e3428	r2	e4142	foodon
fo4701	e4142	r2	e1512	foodon
fo4702	e3429	r2	e4142	foodon
fo4703	e3430	r2	e3356	foodon
fo4704	e3430	r2	e10134	foodon
fo4705	e3431	r2	e4149	foodon
fo4706	e4149	r2	e1743	foodon
fo4707	e3432	r2	e3370	foodon
fo4708	e3433	r2	e1076	foodon
fo4709	e3434	r2	e1076	foodon
fo4710	e3434	r2	e10134	foodon
fo4711	e3435	r2	e10134	foodon
fo4712	e3436	r2	e1106	foodon
fo4713	e3437	r2	e3399	foodon
fo4714	e3438	r2	e1440	foodon
fo4715	e3438	r2	e2027	foodon
fo4716	e3439	r2	e179	foodon
fo4717	e3440	r2	e3439	foodon
fo4718	e3441	r2	e3439	foodon
fo4719	e3441	r2	e3741	foodon
fo4720	e3442	r2	e1544	foodon
fo4721	e3443	r2	e596	foodon
fo4722	e3444	r2	e300	foodon
fo4723	e3445	r2	e510	foodon
fo4724	e3446	r2	e510	foodon
fo4725	e3447	r2	e778	foodon
fo4726	e3448	r2	e425	foodon
fo4727	e3449	r2	e3448	foodon
fo4728	e3450	r2	e3448	foodon
fo4729	e3451	r2	e3517	foodon
fo4730	e3453	r2	e642	foodon
fo4731	e3454	r2	e449	foodon
fo4732	e3455	r2	e645	foodon
fo4733	e3456	r2	e3455	foodon
fo4734	e3457	r2	e3519	foodon
fo4735	e3519	r2	e3518	foodon
fo4736	e3518	r2	e780	foodon
fo4737	e3458	r2	e1230	foodon
fo4738	e3459	r2	e3458	foodon
fo4739	e3460	r2	e563	foodon
fo4740	e3461	r2	e3460	foodon
fo4741	e3462	r2	e868	foodon
fo4742	e3463	r2	e3462	foodon
fo4743	e3464	r2	e578	foodon
fo4744	e3465	r2	e401	foodon
fo4745	e3466	r2	e3516	foodon
fo4746	e3467	r2	e341	foodon
fo4747	e3468	r2	e257	foodon
fo4748	e3469	r2	e2055	foodon
fo4749	e3470	r2	e369	foodon
fo4750	e3471	r2	e3408	foodon
fo4751	e3472	r2	e671	foodon
fo4752	e3473	r2	e1020	foodon
fo4753	e3474	r2	e1387	foodon
fo4754	e3475	r2	e4001	foodon
fo4755	e4001	r2	e171	foodon
fo4756	e3476	r2	e3475	foodon
fo4757	e3477	r2	e1309	foodon
fo4758	e3478	r2	e5046	foodon
fo4759	e5046	r2	e133	foodon
fo4760	e3479	r2	e3913	foodon
fo4761	e3913	r2	e133	foodon
fo4762	e3480	r2	e5776	foodon
fo4763	e5776	r2	e171	foodon
fo4764	e3482	r2	e3481	foodon
fo4765	e3483	r2	e542	foodon
fo4766	e3484	r2	e8721	foodon
fo4767	e3485	r2	e3484	foodon
fo4768	e3486	r2	e8434	foodon
fo4769	e8434	r2	e2072	foodon
fo4770	e3487	r2	e8434	foodon
fo4771	e3489	r2	e3488	foodon
fo4772	e3489	r2	e3625	foodon
fo4773	e3490	r2	e4281	foodon
fo4774	e4281	r2	e175	foodon
fo4775	e3491	r2	e4281	foodon
fo4776	e3492	r2	e4281	foodon
fo4777	e3493	r2	e1427	foodon
fo4778	e3493	r2	e4250	foodon
fo4779	e4250	r2	e194	foodon
fo4780	e4250	r2	e6418	foodon
fo4781	e3495	r2	e1819	foodon
fo4782	e3497	r2	e3496	foodon
fo4783	e3498	r2	e3521	foodon
fo4784	e3499	r2	e5396	foodon
fo4785	e3500	r2	e776	foodon
fo4786	e3501	r2	e777	foodon
fo4787	e3502	r2	e1365	foodon
fo4788	e3503	r2	e1365	foodon
fo4789	e3504	r2	e1365	foodon
fo4790	e3505	r2	e1105	foodon
fo4791	e3506	r2	e17	foodon
fo4792	e3507	r2	e5449	foodon
fo4793	e5449	r2	e117	foodon
fo4794	e3508	r2	e3507	foodon
fo4795	e3509	r2	e3510	foodon
fo4796	e3510	r2	e4169	foodon
fo4797	e3511	r2	e3510	foodon
fo4798	e3512	r2	e5449	foodon
fo4799	e3513	r2	e4287	foodon
fo4800	e4287	r2	e432	foodon
fo4801	e3514	r2	e8992	foodon
fo4802	e8992	r2	e8094	foodon
fo4803	e3515	r2	e1544	foodon
fo4804	e3520	r2	e1066	foodon
fo4805	e3522	r2	e1661	foodon
fo4806	e3523	r2	e1253	foodon
fo4807	e3524	r2	e5735	foodon
fo4808	e5735	r2	e223	foodon
fo4809	e5735	r2	e489	foodon
fo4810	e3525	r2	e5735	foodon
fo4811	e3526	r2	e5735	foodon
fo4812	e3527	r2	e3526	foodon
fo4813	e3528	r2	e8127	foodon
fo4814	e8127	r2	e5948	foodon
fo4815	e5948	r2	e4169	foodon
fo4816	e3529	r2	e5133	foodon
fo4817	e5133	r2	e5449	foodon
fo4818	e3530	r2	e3551	foodon
fo4819	e3551	r2	e58	foodon
fo4820	e3531	r2	e517	foodon
fo4821	e3532	r2	e4434	foodon
fo4822	e4434	r2	e121	foodon
fo4823	e3533	r2	e541	foodon
fo4824	e3534	r2	e429	foodon
fo4825	e3535	r2	e3917	foodon
fo4826	e3917	r2	e818	foodon
fo4827	e3536	r2	e4284	foodon
fo4828	e4284	r2	e432	foodon
fo4829	e3537	r2	e4289	foodon
fo4830	e4289	r2	e433	foodon
fo4831	e3538	r2	e4692	foodon
fo4832	e4692	r2	e817	foodon
fo4833	e3539	r2	e17	foodon
fo4834	e3540	r2	e3539	foodon
fo4835	e3541	r2	e3540	foodon
fo4836	e3542	r2	e3540	foodon
fo4837	e3543	r2	e3542	foodon
fo4838	e3544	r2	e4643	foodon
fo4839	e4643	r2	e652	foodon
fo4840	e3545	r2	e4513	foodon
fo4841	e4513	r2	e653	foodon
fo4842	e3546	r2	e4434	foodon
fo4843	e3547	r2	e8575	foodon
fo4844	e8575	r2	e3946	foodon
fo4845	e3946	r2	e430	foodon
fo4846	e3548	r2	e5344	foodon
fo4847	e5344	r2	e433	foodon
fo4848	e3549	r2	e17	foodon
fo4849	e3550	r2	e3544	foodon
fo4850	e3552	r2	e4280	foodon
fo4851	e4280	r2	e8845	foodon
fo4852	e3553	r2	e678	foodon
fo4853	e3553	r2	e4197	foodon
fo4854	e4197	r2	e9032	foodon
fo4855	e3555	r2	e791	foodon
fo4856	e3556	r2	e886	foodon
fo4857	e3558	r2	e176	foodon
fo4858	e3559	r2	e886	foodon
fo4859	e3560	r2	e468	foodon
fo4860	e3561	r2	e167	foodon
fo4861	e3562	r2	e167	foodon
fo4862	e3563	r2	e167	foodon
fo4863	e3564	r2	e167	foodon
fo4864	e3565	r2	e167	foodon
fo4865	e3566	r2	e886	foodon
fo4866	e3567	r2	e167	foodon
fo4867	e3568	r2	e167	foodon
fo4868	e3569	r2	e167	foodon
fo4869	e3570	r2	e166	foodon
fo4870	e3570	r2	e558	foodon
fo4871	e3571	r2	e19	foodon
fo4872	e3571	r2	e167	foodon
fo4873	e3572	r2	e8918	foodon
fo4874	e8918	r2	e131	foodon
fo4875	e3574	r2	e754	foodon
fo4876	e3575	r2	e771	foodon
fo4877	e3576	r2	e1681	foodon
fo4878	e3577	r2	e1740	foodon
fo4879	e3578	r2	e682	foodon
fo4880	e3579	r2	e682	foodon
fo4881	e3580	r2	e6155	foodon
fo4882	e3581	r2	e3941	foodon
fo4883	e3582	r2	e167	foodon
fo4884	e3583	r2	e15	foodon
fo4885	e3584	r2	e5253	foodon
fo4886	e5253	r2	e10148	foodon
fo4887	e10148	r2	e9032	foodon
fo4888	e3585	r2	e250	foodon
fo4889	e3586	r2	e1624	foodon
fo4890	e3587	r2	e8879	foodon
fo4891	e3588	r2	e9207	foodon
fo4892	e3590	r2	e135	foodon
fo4893	e3591	r2	e745	foodon
fo4894	e3592	r2	e790	foodon
fo4895	e3594	r2	e9053	foodon
fo4896	e9053	r2	e3589	foodon
fo4897	e3595	r2	e3955	foodon
fo4898	e3596	r2	e636	foodon
fo4899	e3598	r2	e6964	foodon
fo4900	e6964	r2	e761	foodon
fo4901	e3599	r2	e371	foodon
fo4902	e3600	r2	e811	foodon
fo4903	e3601	r2	e743	foodon
fo4904	e3602	r2	e737	foodon
fo4905	e3603	r2	e616	foodon
fo4906	e3604	r2	e462	foodon
fo4907	e3605	r2	e903	foodon
fo4908	e3606	r2	e632	foodon
fo4909	e3608	r2	e443	foodon
fo4910	e3609	r2	e655	foodon
fo4911	e3609	r2	e1598	foodon
fo4912	e3610	r2	e207	foodon
fo4913	e3612	r2	e798	foodon
fo4914	e3612	r2	e924	foodon
fo4915	e3613	r2	e4249	foodon
fo4916	e3614	r2	e88	foodon
fo4917	e3615	r2	e2028	foodon
fo4918	e3615	r2	e6222	foodon
fo4919	e6222	r2	e8036	foodon
fo4920	e3616	r2	e1454	foodon
fo4921	e3617	r2	e789	foodon
fo4922	e3618	r2	e348	foodon
fo4923	e3619	r2	e8132	foodon
fo4924	e3620	r2	e524	foodon
fo4925	e3621	r2	e61	foodon
fo4926	e3622	r2	e9269	foodon
fo4927	e3623	r2	e311	foodon
fo4928	e3624	r2	e314	foodon
fo4929	e3626	r2	e9032	foodon
fo4930	e3627	r2	e4105	foodon
fo4931	e3628	r2	e391	foodon
fo4932	e3630	r2	e670	foodon
fo4933	e3631	r2	e161	foodon
fo4934	e3632	r2	e616	foodon
fo4935	e3633	r2	e209	foodon
fo4936	e3633	r2	e10144	foodon
fo4937	e3634	r2	e8032	foodon
fo4938	e8032	r2	e258	foodon
fo4939	e3635	r2	e8032	foodon
fo4940	e3636	r2	e8032	foodon
fo4941	e3637	r2	e3661	foodon
fo4942	e3661	r2	e1605	foodon
fo4943	e3638	r2	e894	foodon
fo4944	e3639	r2	e3638	foodon
fo4945	e3640	r2	e3638	foodon
fo4946	e3641	r2	e294	foodon
fo4947	e3642	r2	e763	foodon
fo4948	e3643	r2	e843	foodon
fo4949	e3644	r2	e1648	foodon
fo4950	e3645	r2	e3955	foodon
fo4951	e3645	r2	e8040	foodon
fo4952	e8040	r2	e5525	foodon
fo4953	e8040	r2	e9861	foodon
fo4954	e5525	r2	e8224	foodon
fo4955	e3646	r2	e9053	foodon
fo4956	e3647	r2	e3747	foodon
fo4957	e3747	r2	e9053	foodon
fo4958	e3648	r2	e1806	foodon
fo4959	e3649	r2	e548	foodon
fo4960	e3650	r2	e405	foodon
fo4961	e3651	r2	e1798	foodon
fo4962	e3652	r2	e4606	foodon
fo4963	e3653	r2	e41	foodon
fo4964	e3653	r2	e3104	foodon
fo4965	e3653	r2	e3112	foodon
fo4966	e3653	r2	e7662	foodon
fo4967	e3654	r2	e2717	foodon
fo4968	e3655	r2	e4606	foodon
fo4969	e3656	r2	e591	foodon
fo4970	e3657	r2	e9344	foodon
fo4971	e9344	r2	e623	foodon
fo4972	e3658	r2	e317	foodon
fo4973	e3659	r2	e561	foodon
fo4974	e3663	r2	e5672	foodon
fo4975	e5672	r2	e431	foodon
fo4976	e3664	r2	e1705	foodon
fo4977	e3665	r2	e909	foodon
fo4978	e3665	r2	e4197	foodon
fo4979	e3666	r2	e598	foodon
fo4980	e3667	r2	e634	foodon
fo4981	e3668	r2	e1170	foodon
fo4982	e3669	r2	e863	foodon
fo4983	e3670	r2	e783	foodon
fo4984	e3671	r2	e317	foodon
fo4985	e3672	r2	e1813	foodon
fo4986	e3673	r2	e744	foodon
fo4987	e3674	r2	e687	foodon
fo4988	e3675	r2	e1265	foodon
fo4989	e3676	r2	e805	foodon
fo4990	e3677	r2	e806	foodon
fo4991	e3678	r2	e1797	foodon
fo4992	e3679	r2	e335	foodon
fo4993	e3680	r2	e687	foodon
fo4994	e3681	r2	e551	foodon
fo4995	e3682	r2	e3650	foodon
fo4996	e3683	r2	e209	foodon
fo4997	e3686	r2	e313	foodon
fo4998	e3687	r2	e1215	foodon
fo4999	e3688	r2	e1508	foodon
fo5000	e3689	r2	e1572	foodon
fo5001	e3690	r2	e390	foodon
fo5002	e3692	r2	e902	foodon
fo5003	e3692	r2	e4197	foodon
fo5004	e3693	r2	e902	foodon
fo5005	e3693	r2	e3626	foodon
fo5006	e3694	r2	e444	foodon
fo5007	e3696	r2	e455	foodon
fo5008	e3697	r2	e455	foodon
fo5009	e3698	r2	e487	foodon
fo5010	e3699	r2	e394	foodon
fo5011	e3700	r2	e207	foodon
fo5012	e3700	r2	e888	foodon
fo5013	e3701	r2	e586	foodon
fo5014	e3702	r2	e9227	foodon
fo5015	e9227	r2	e390	foodon
fo5016	e3703	r2	e1215	foodon
fo5017	e3704	r2	e410	foodon
fo5018	e3705	r2	e4107	foodon
fo5019	e3705	r2	e9888	foodon
fo5020	e3706	r2	e627	foodon
fo5021	e3707	r2	e627	foodon
fo5022	e3708	r2	e3707	foodon
fo5023	e3709	r2	e3707	foodon
fo5024	e3710	r2	e3707	foodon
fo5025	e3711	r2	e3707	foodon
fo5026	e3712	r2	e9307	foodon
fo5027	e9307	r2	e627	foodon
fo5028	e3713	r2	e1214	foodon
fo5029	e3713	r2	e3705	foodon
fo5030	e3714	r2	e532	foodon
fo5031	e3714	r2	e9888	foodon
fo5032	e3715	r2	e6921	foodon
fo5033	e6921	r2	e627	foodon
fo5034	e3716	r2	e908	foodon
fo5035	e3716	r2	e4197	foodon
fo5036	e3717	r2	e908	foodon
fo5037	e3718	r2	e409	foodon
fo5038	e3718	r2	e3716	foodon
fo5039	e3719	r2	e3716	foodon
fo5040	e3721	r2	e679	foodon
fo5041	e3721	r2	e1015	foodon
fo5042	e3722	r2	e133	foodon
fo5043	e3723	r2	e697	foodon
fo5044	e3724	r2	e9590	foodon
fo5045	e3725	r2	e9590	foodon
fo5046	e3727	r2	e788	foodon
fo5047	e3728	r2	e315	foodon
fo5048	e3729	r2	e656	foodon
fo5049	e3730	r2	e664	foodon
fo5050	e3731	r2	e909	foodon
fo5051	e3732	r2	e656	foodon
fo5052	e3733	r2	e664	foodon
fo5053	e3735	r2	e663	foodon
fo5054	e3736	r2	e665	foodon
fo5055	e3737	r2	e132	foodon
fo5056	e3738	r2	e5871	foodon
fo5057	e3739	r2	e299	foodon
fo5058	e3740	r2	e1340	foodon
fo5059	e3742	r2	e1544	foodon
fo5060	e3743	r2	e1388	foodon
fo5061	e3744	r2	e1388	foodon
fo5062	e3745	r2	e630	foodon
fo5063	e3746	r2	e58	foodon
fo5064	e3746	r2	e624	foodon
fo5065	e3748	r2	e1339	foodon
fo5066	e3749	r2	e318	foodon
fo5067	e3750	r2	e870	foodon
fo5068	e3751	r2	e870	foodon
fo5069	e3753	r2	e8879	foodon
fo5070	e3754	r2	e4036	foodon
fo5071	e3755	r2	e387	foodon
fo5072	e3755	r2	e690	foodon
fo5073	e3757	r2	e171	foodon
fo5074	e3758	r2	e171	foodon
fo5075	e3759	r2	e298	foodon
fo5076	e3760	r2	e837	foodon
fo5077	e3761	r2	e1339	foodon
fo5078	e3763	r2	e161	foodon
fo5079	e3764	r2	e300	foodon
fo5080	e3765	r2	e1626	foodon
fo5081	e3766	r2	e395	foodon
fo5082	e3767	r2	e395	foodon
fo5083	e3768	r2	e1510	foodon
fo5084	e3769	r2	e309	foodon
fo5085	e3769	r2	e9432	foodon
fo5086	e9432	r2	e9156	foodon
fo5087	e3770	r2	e613	foodon
fo5088	e3772	r2	e319	foodon
fo5089	e3773	r2	e5974	foodon
fo5090	e3774	r2	e1586	foodon
fo5091	e3775	r2	e1713	foodon
fo5092	e3776	r2	e319	foodon
fo5093	e3777	r2	e179	foodon
fo5094	e3777	r2	e3741	foodon
fo5095	e3778	r2	e778	foodon
fo5096	e3779	r2	e778	foodon
fo5097	e3780	r2	e825	foodon
fo5098	e3781	r2	e333	foodon
fo5099	e3782	r2	e677	foodon
fo5100	e3783	r2	e724	foodon
fo5101	e3784	r2	e1512	foodon
fo5102	e3785	r2	e356	foodon
fo5103	e3786	r2	e8759	foodon
fo5104	e8759	r2	e359	foodon
fo5105	e3787	r2	e4354	foodon
fo5106	e4354	r2	e1462	foodon
fo5107	e3788	r2	e4354	foodon
fo5108	e3789	r2	e134	foodon
fo5109	e3790	r2	e687	foodon
fo5110	e3791	r2	e615	foodon
fo5111	e3792	r2	e135	foodon
fo5112	e3793	r2	e381	foodon
fo5113	e3794	r2	e332	foodon
fo5114	e3795	r2	e713	foodon
fo5115	e3796	r2	e28	foodon
fo5116	e3797	r2	e6261	foodon
fo5117	e6261	r2	e1764	foodon
fo5118	e3798	r2	e514	foodon
fo5119	e3800	r2	e544	foodon
fo5120	e3801	r2	e820	foodon
fo5121	e3802	r2	e714	foodon
fo5122	e3803	r2	e503	foodon
fo5123	e3804	r2	e88	foodon
fo5124	e3805	r2	e697	foodon
fo5125	e3807	r2	e476	foodon
fo5126	e3808	r2	e170	foodon
fo5127	e3809	r2	e61	foodon
fo5128	e3811	r2	e1790	foodon
fo5129	e3812	r2	e2203	foodon
fo5130	e3813	r2	e5261	foodon
fo5131	e5261	r2	e834	foodon
fo5132	e5261	r2	e8991	foodon
fo5133	e8991	r2	e231	foodon
fo5134	e3814	r2	e299	foodon
fo5135	e3815	r2	e912	foodon
fo5136	e3816	r2	e8811	foodon
fo5137	e3816	r2	e9343	foodon
fo5138	e9343	r2	e247	foodon
fo5139	e3817	r2	e9110	foodon
fo5140	e9110	r2	e8811	foodon
fo5141	e3818	r2	e3756	foodon
fo5142	e3818	r2	e8812	foodon
fo5143	e8812	r2	e1407	foodon
fo5144	e8812	r2	e1410	foodon
fo5145	e3819	r2	e1069	foodon
fo5146	e3822	r2	e1043	foodon
fo5147	e3823	r2	e8894	foodon
fo5148	e3824	r2	e1765	foodon
fo5149	e3825	r2	e796	foodon
fo5150	e3826	r2	e809	foodon
fo5151	e3826	r2	e4197	foodon
fo5152	e3828	r2	e807	foodon
fo5153	e3829	r2	e809	foodon
fo5154	e3830	r2	e809	foodon
fo5155	e3831	r2	e3826	foodon
fo5156	e3832	r2	e809	foodon
fo5157	e3833	r2	e3832	foodon
fo5158	e3835	r2	e484	foodon
fo5159	e3837	r2	e761	foodon
fo5160	e3839	r2	e634	foodon
fo5161	e3842	r2	e4247	foodon
fo5162	e4247	r2	e433	foodon
fo5163	e3843	r2	e598	foodon
fo5164	e3844	r2	e598	foodon
fo5165	e3845	r2	e806	foodon
fo5166	e3846	r2	e4289	foodon
fo5167	e3847	r2	e433	foodon
fo5168	e3848	r2	e446	foodon
fo5169	e3849	r2	e3850	foodon
fo5170	e3850	r2	e4169	foodon
fo5171	e3851	r2	e4169	foodon
fo5172	e3852	r2	e4169	foodon
fo5173	e3853	r2	e429	foodon
fo5174	e3854	r2	e18	foodon
fo5175	e3855	r2	e4169	foodon
fo5176	e3856	r2	e744	foodon
fo5177	e3857	r2	e3855	foodon
fo5178	e3858	r2	e4169	foodon
fo5179	e3859	r2	e501	foodon
fo5180	e3860	r2	e4951	foodon
fo5181	e4951	r2	e9919	foodon
fo5182	e9919	r2	e1365	foodon
fo5183	e3861	r2	e247	foodon
fo5184	e3862	r2	e17	foodon
fo5185	e3863	r2	e450	foodon
fo5186	e3864	r2	e7880	foodon
fo5187	e7880	r2	e8135	foodon
fo5188	e8135	r2	e134	foodon
fo5189	e3865	r2	e796	foodon
fo5190	e3866	r2	e9032	foodon
fo5191	e3867	r2	e8880	foodon
fo5192	e3868	r2	e19	foodon
fo5193	e3868	r2	e5152	foodon
fo5194	e5152	r2	e3521	foodon
fo5195	e3869	r2	e340	foodon
fo5196	e3870	r2	e829	foodon
fo5197	e3871	r2	e9344	foodon
fo5198	e3872	r2	e220	foodon
fo5199	e3873	r2	e594	foodon
fo5200	e3874	r2	e3954	foodon
fo5201	e3954	r2	e336	foodon
fo5202	e3954	r2	e443	foodon
fo5203	e3875	r2	e3954	foodon
fo5204	e3876	r2	e61	foodon
fo5205	e3877	r2	e590	foodon
fo5206	e3878	r2	e315	foodon
fo5207	e3879	r2	e909	foodon
fo5208	e3880	r2	e9032	foodon
fo5209	e3882	r2	e751	foodon
fo5210	e3883	r2	e1452	foodon
fo5211	e3884	r2	e4606	foodon
fo5212	e3885	r2	e815	foodon
fo5213	e3886	r2	e997	foodon
fo5214	e3887	r2	e3650	foodon
fo5215	e3889	r2	e598	foodon
fo5216	e3890	r2	e744	foodon
fo5217	e3891	r2	e1585	foodon
fo5218	e3891	r2	e4107	foodon
fo5219	e3893	r2	e296	foodon
fo5220	e3894	r2	e296	foodon
fo5221	e3895	r2	e1445	foodon
fo5222	e3896	r2	e1000	foodon
fo5223	e3897	r2	e148	foodon
fo5224	e3898	r2	e428	foodon
fo5225	e3900	r2	e8880	foodon
fo5226	e3901	r2	e1011	foodon
fo5227	e3901	r2	e4107	foodon
fo5228	e3902	r2	e1504	foodon
fo5229	e3902	r2	e4106	foodon
fo5230	e3903	r2	e683	foodon
fo5231	e3904	r2	e8304	foodon
fo5232	e8304	r2	e88	foodon
fo5233	e3905	r2	e8304	foodon
fo5234	e3906	r2	e464	foodon
fo5235	e3907	r2	e142	foodon
fo5236	e3908	r2	e792	foodon
fo5237	e3909	r2	e5770	foodon
fo5238	e3910	r2	e811	foodon
fo5239	e3912	r2	e5471	foodon
fo5240	e5471	r2	e296	foodon
fo5241	e3914	r2	e783	foodon
fo5242	e3915	r2	e491	foodon
fo5243	e3916	r2	e134	foodon
fo5244	e3919	r2	e459	foodon
fo5245	e3920	r2	e459	foodon
fo5246	e3921	r2	e911	foodon
fo5247	e3922	r2	e711	foodon
fo5248	e3923	r2	e1526	foodon
fo5249	e3923	r2	e4107	foodon
fo5250	e3924	r2	e747	foodon
fo5251	e3925	r2	e463	foodon
fo5252	e3926	r2	e233	foodon
fo5253	e3926	r2	e480	foodon
fo5254	e3927	r2	e3589	foodon
fo5255	e3928	r2	e4007	foodon
fo5256	e4007	r2	e428	foodon
fo5257	e3929	r2	e5662	foodon
fo5258	e5662	r2	e6	foodon
fo5259	e3930	r2	e1323	foodon
fo5260	e3931	r2	e2062	foodon
fo5261	e3932	r2	e3812	foodon
fo5262	e3933	r2	e462	foodon
fo5263	e3934	r2	e3941	foodon
fo5264	e3934	r2	e8599	foodon
fo5265	e3935	r2	e97	foodon
fo5266	e3936	r2	e165	foodon
fo5267	e3938	r2	e193	foodon
fo5268	e3938	r2	e1050	foodon
fo5269	e3939	r2	e834	foodon
fo5270	e3940	r2	e354	foodon
fo5271	e3942	r2	e159	foodon
fo5272	e3943	r2	e5261	foodon
fo5273	e3944	r2	e433	foodon
fo5274	e3945	r2	e430	foodon
fo5275	e3947	r2	e412	foodon
fo5276	e3948	r2	e412	foodon
fo5277	e3949	r2	e711	foodon
fo5278	e3950	r2	e8879	foodon
fo5279	e3951	r2	e544	foodon
fo5280	e3952	r2	e811	foodon
fo5281	e3953	r2	e682	foodon
fo5282	e3956	r2	e734	foodon
fo5283	e3957	r2	e3593	foodon
fo5284	e3958	r2	e807	foodon
fo5285	e3959	r2	e1579	foodon
fo5286	e3960	r2	e641	foodon
fo5287	e3961	r2	e3820	foodon
fo5288	e3962	r2	e4606	foodon
fo5289	e3963	r2	e17	foodon
fo5290	e3964	r2	e17	foodon
fo5291	e3965	r2	e17	foodon
fo5292	e3966	r2	e4322	foodon
fo5293	e4322	r2	e683	foodon
fo5294	e4322	r2	e1025	foodon
fo5295	e3967	r2	e3955	foodon
fo5296	e3968	r2	e1507	foodon
fo5297	e3969	r2	e909	foodon
fo5298	e3969	r2	e4107	foodon
fo5299	e3970	r2	e1569	foodon
fo5300	e3970	r2	e3756	foodon
fo5301	e3971	r2	e259	foodon
fo5302	e3973	r2	e616	foodon
fo5303	e3975	r2	e1442	foodon
fo5304	e3975	r2	e4107	foodon
fo5305	e3976	r2	e8759	foodon
fo5306	e3977	r2	e1505	foodon
fo5307	e3978	r2	e1515	foodon
fo5308	e3979	r2	e1477	foodon
fo5309	e3980	r2	e4107	foodon
fo5310	e3980	r2	e8979	foodon
fo5311	e3981	r2	e1553	foodon
fo5312	e3982	r2	e1476	foodon
fo5313	e3983	r2	e1666	foodon
fo5314	e3985	r2	e1448	foodon
fo5315	e3986	r2	e436	foodon
fo5316	e3987	r2	e436	foodon
fo5317	e3988	r2	e436	foodon
fo5318	e3989	r2	e818	foodon
fo5319	e3990	r2	e436	foodon
fo5320	e3991	r2	e434	foodon
fo5321	e3992	r2	e754	foodon
fo5322	e3993	r2	e540	foodon
fo5323	e3994	r2	e754	foodon
fo5324	e3995	r2	e208	foodon
fo5325	e3996	r2	e419	foodon
fo5326	e3997	r2	e3661	foodon
fo5327	e3998	r2	e1001	foodon
fo5328	e3999	r2	e757	foodon
fo5329	e4000	r2	e947	foodon
fo5330	e4002	r2	e909	foodon
fo5331	e4002	r2	e5516	foodon
fo5332	e5516	r2	e10148	foodon
fo5333	e4003	r2	e667	foodon
fo5334	e4004	r2	e807	foodon
fo5335	e4005	r2	e4083	foodon
fo5336	e4083	r2	e88	foodon
fo5337	e4006	r2	e428	foodon
fo5338	e4008	r2	e671	foodon
fo5339	e4009	r2	e1256	foodon
fo5340	e4010	r2	e311	foodon
fo5341	e4011	r2	e319	foodon
fo5342	e4011	r2	e4107	foodon
fo5343	e4012	r2	e1049	foodon
fo5344	e4012	r2	e3720	foodon
fo5345	e4013	r2	e432	foodon
fo5346	e4014	r2	e3917	foodon
fo5347	e4015	r2	e817	foodon
fo5348	e4016	r2	e406	foodon
fo5349	e4017	r2	e345	foodon
fo5350	e4018	r2	e433	foodon
fo5351	e4019	r2	e4247	foodon
fo5352	e4020	r2	e4247	foodon
fo5353	e4021	r2	e293	foodon
fo5354	e4022	r2	e117	foodon
fo5355	e4023	r2	e1378	foodon
fo5356	e4024	r2	e636	foodon
fo5357	e4025	r2	e503	foodon
fo5358	e4026	r2	e1554	foodon
fo5359	e4027	r2	e408	foodon
fo5360	e4028	r2	e429	foodon
fo5361	e4029	r2	e5449	foodon
fo5362	e4030	r2	e117	foodon
fo5363	e4031	r2	e6155	foodon
fo5364	e4032	r2	e6155	foodon
fo5365	e4033	r2	e3940	foodon
fo5366	e4034	r2	e1729	foodon
fo5367	e4035	r2	e1699	foodon
fo5368	e4037	r2	e1689	foodon
fo5369	e4038	r2	e8464	foodon
fo5370	e8464	r2	e94	foodon
fo5371	e4039	r2	e1556	foodon
fo5372	e4041	r2	e9200	foodon
fo5373	e9200	r2	e1088	foodon
fo5374	e4042	r2	e259	foodon
fo5375	e4043	r2	e259	foodon
fo5376	e4044	r2	e6964	foodon
fo5377	e4046	r2	e7596	foodon
fo5378	e4047	r2	e1796	foodon
fo5379	e4048	r2	e4909	foodon
fo5380	e4909	r2	e4606	foodon
fo5381	e4049	r2	e508	foodon
fo5382	e4050	r2	e628	foodon
fo5383	e4051	r2	e173	foodon
fo5384	e4052	r2	e815	foodon
fo5385	e4053	r2	e353	foodon
fo5386	e4054	r2	e353	foodon
fo5387	e4055	r2	e586	foodon
fo5388	e4056	r2	e678	foodon
fo5389	e4057	r2	e1932	foodon
fo5390	e4057	r2	e4606	foodon
fo5391	e4058	r2	e1229	foodon
fo5392	e4059	r2	e395	foodon
fo5393	e4060	r2	e714	foodon
fo5394	e4061	r2	e1111	foodon
fo5395	e4062	r2	e252	foodon
fo5396	e4063	r2	e505	foodon
fo5397	e4064	r2	e1087	foodon
fo5398	e4065	r2	e252	foodon
fo5399	e4066	r2	e818	foodon
fo5400	e4067	r2	e999	foodon
fo5401	e4068	r2	e3941	foodon
fo5402	e4069	r2	e868	foodon
fo5403	e4069	r2	e3820	foodon
fo5404	e4069	r2	e3934	foodon
fo5405	e4070	r2	e388	foodon
fo5406	e4071	r2	e829	foodon
fo5407	e4072	r2	e228	foodon
fo5408	e4073	r2	e302	foodon
fo5409	e4074	r2	e8132	foodon
fo5410	e4075	r2	e461	foodon
fo5411	e4076	r2	e8132	foodon
fo5412	e4077	r2	e1005	foodon
fo5413	e4077	r2	e7662	foodon
fo5414	e4078	r2	e1288	foodon
fo5415	e4079	r2	e830	foodon
fo5416	e4080	r2	e674	foodon
fo5417	e4081	r2	e522	foodon
fo5418	e4082	r2	e468	foodon
fo5419	e4084	r2	e4249	foodon
fo5420	e4085	r2	e8036	foodon
fo5421	e4086	r2	e856	foodon
fo5422	e4086	r2	e10144	foodon
fo5423	e4088	r2	e5516	foodon
fo5424	e4088	r2	e8132	foodon
fo5425	e4089	r2	e8132	foodon
fo5426	e4090	r2	e8132	foodon
fo5427	e4091	r2	e299	foodon
fo5428	e4092	r2	e9800	foodon
fo5429	e4093	r2	e311	foodon
fo5430	e4094	r2	e461	foodon
fo5431	e4095	r2	e1088	foodon
fo5432	e4096	r2	e9800	foodon
fo5433	e4097	r2	e9116	foodon
fo5434	e4098	r2	e421	foodon
fo5435	e4099	r2	e327	foodon
fo5436	e4100	r2	e4249	foodon
fo5437	e4101	r2	e1043	foodon
fo5438	e4102	r2	e70	foodon
fo5439	e4103	r2	e70	foodon
fo5440	e4104	r2	e3593	foodon
fo5441	e4109	r2	e43	foodon
fo5442	e4110	r2	e390	foodon
fo5443	e4111	r2	e442	foodon
fo5444	e4112	r2	e142	foodon
fo5445	e4113	r2	e44	foodon
fo5446	e4114	r2	e333	foodon
fo5447	e4115	r2	e333	foodon
fo5448	e4116	r2	e333	foodon
fo5449	e4118	r2	e1750	foodon
fo5450	e4119	r2	e333	foodon
fo5451	e4120	r2	e792	foodon
fo5452	e4121	r2	e1449	foodon
fo5453	e4122	r2	e4169	foodon
fo5454	e4123	r2	e342	foodon
fo5455	e4124	r2	e342	foodon
fo5456	e4125	r2	e1557	foodon
fo5457	e4126	r2	e1560	foodon
fo5458	e4127	r2	e476	foodon
fo5459	e4128	r2	e477	foodon
fo5460	e4129	r2	e1500	foodon
fo5461	e4130	r2	e1571	foodon
fo5462	e4133	r2	e1069	foodon
fo5463	e4134	r2	e1744	foodon
fo5464	e4135	r2	e1017	foodon
fo5465	e4135	r2	e4621	foodon
fo5466	e4621	r2	e3834	foodon
fo5467	e4136	r2	e7666	foodon
fo5468	e4136	r2	e8105	foodon
fo5469	e8105	r2	e185	foodon
fo5470	e8105	r2	e1049	foodon
fo5471	e8105	r2	e1056	foodon
fo5472	e4137	r2	e185	foodon
fo5473	e4137	r2	e1049	foodon
fo5474	e4137	r2	e7761	foodon
fo5475	e7761	r2	e734	foodon
fo5476	e7761	r2	e1050	foodon
fo5477	e4139	r2	e185	foodon
fo5478	e4139	r2	e1049	foodon
fo5479	e4139	r2	e4132	foodon
fo5480	e4140	r2	e1061	foodon
fo5481	e4143	r2	e4132	foodon
fo5482	e4144	r2	e1077	foodon
fo5483	e4145	r2	e1056	foodon
fo5484	e4146	r2	e166	foodon
fo5485	e4146	r2	e558	foodon
fo5486	e4147	r2	e528	foodon
fo5487	e4148	r2	e345	foodon
fo5488	e4150	r2	e1326	foodon
fo5489	e4150	r2	e10144	foodon
fo5490	e4151	r2	e44	foodon
fo5491	e4152	r2	e8880	foodon
fo5492	e4153	r2	e44	foodon
fo5493	e4155	r2	e377	foodon
fo5494	e4156	r2	e44	foodon
fo5495	e4157	r2	e9803	foodon
fo5496	e9803	r2	e252	foodon
fo5497	e4158	r2	e9803	foodon
fo5498	e4159	r2	e44	foodon
fo5499	e4160	r2	e387	foodon
fo5500	e4161	r2	e233	foodon
fo5501	e4162	r2	e233	foodon
fo5502	e4163	r2	e233	foodon
fo5503	e4164	r2	e233	foodon
fo5504	e4166	r2	e682	foodon
fo5505	e4167	r2	e233	foodon
fo5506	e4168	r2	e821	foodon
fo5507	e4170	r2	e9031	foodon
fo5508	e4171	r2	e347	foodon
fo5509	e4172	r2	e344	foodon
fo5510	e4172	r2	e504	foodon
fo5511	e4173	r2	e1263	foodon
fo5512	e4174	r2	e1625	foodon
fo5513	e4175	r2	e337	foodon
fo5514	e4176	r2	e776	foodon
fo5515	e4178	r2	e490	foodon
fo5516	e4179	r2	e4310	foodon
fo5517	e4310	r2	e783	foodon
fo5518	e4310	r2	e966	foodon
fo5519	e4180	r2	e682	foodon
fo5520	e4181	r2	e682	foodon
fo5521	e4182	r2	e682	foodon
fo5522	e4183	r2	e682	foodon
fo5523	e4184	r2	e682	foodon
fo5524	e4185	r2	e854	foodon
fo5525	e4186	r2	e331	foodon
fo5526	e4187	r2	e159	foodon
fo5527	e4187	r2	e525	foodon
fo5528	e4188	r2	e810	foodon
fo5529	e4189	r2	e798	foodon
fo5530	e4189	r2	e924	foodon
fo5531	e4190	r2	e9064	foodon
fo5532	e4191	r2	e4220	foodon
fo5533	e4220	r2	e465	foodon
fo5534	e4192	r2	e469	foodon
fo5535	e4193	r2	e463	foodon
fo5536	e4194	r2	e8880	foodon
fo5537	e4195	r2	e837	foodon
fo5538	e4196	r2	e671	foodon
fo5539	e4198	r2	e5723	foodon
fo5540	e4198	r2	e8894	foodon
fo5541	e5723	r2	e1088	foodon
fo5542	e4199	r2	e9241	foodon
fo5543	e9241	r2	e140	foodon
fo5544	e4200	r2	e3604	foodon
fo5545	e4201	r2	e829	foodon
fo5546	e4202	r2	e162	foodon
fo5547	e4203	r2	e1677	foodon
fo5548	e4204	r2	e909	foodon
fo5549	e4205	r2	e9862	foodon
fo5550	e9862	r2	e3836	foodon
fo5551	e4206	r2	e5453	foodon
fo5552	e5453	r2	e373	foodon
fo5553	e5453	r2	e4194	foodon
fo5554	e4207	r2	e372	foodon
fo5555	e4208	r2	e5115	foodon
fo5556	e5115	r2	e373	foodon
fo5557	e4209	r2	e373	foodon
fo5558	e4210	r2	e373	foodon
fo5559	e4211	r2	e687	foodon
fo5560	e4212	r2	e8071	foodon
fo5561	e8071	r2	e9190	foodon
fo5562	e9190	r2	e132	foodon
fo5563	e4213	r2	e3604	foodon
fo5564	e4214	r2	e682	foodon
fo5565	e4215	r2	e682	foodon
fo5566	e4215	r2	e890	foodon
fo5567	e4215	r2	e3820	foodon
fo5568	e4216	r2	e132	foodon
fo5569	e4217	r2	e87	foodon
fo5570	e4217	r2	e308	foodon
fo5571	e4218	r2	e146	foodon
fo5572	e4219	r2	e463	foodon
fo5573	e4221	r2	e463	foodon
fo5574	e4222	r2	e682	foodon
fo5575	e4223	r2	e682	foodon
fo5576	e4224	r2	e439	foodon
fo5577	e4225	r2	e439	foodon
fo5578	e4226	r2	e682	foodon
fo5579	e4227	r2	e682	foodon
fo5580	e4228	r2	e682	foodon
fo5581	e4230	r2	e682	foodon
fo5582	e4231	r2	e758	foodon
fo5583	e4232	r2	e10	foodon
fo5584	e4233	r2	e1446	foodon
fo5585	e4234	r2	e636	foodon
fo5586	e4235	r2	e747	foodon
fo5587	e4236	r2	e302	foodon
fo5588	e4237	r2	e797	foodon
fo5589	e4238	r2	e797	foodon
fo5590	e4239	r2	e797	foodon
fo5591	e4240	r2	e829	foodon
fo5592	e4241	r2	e468	foodon
fo5593	e4242	r2	e797	foodon
fo5594	e4243	r2	e761	foodon
fo5595	e4244	r2	e9949	foodon
fo5596	e9949	r2	e8842	foodon
fo5597	e4245	r2	e797	foodon
fo5598	e4246	r2	e678	foodon
fo5599	e4248	r2	e140	foodon
fo5600	e4251	r2	e8811	foodon
fo5601	e4252	r2	e832	foodon
fo5602	e4253	r2	e751	foodon
fo5603	e4254	r2	e1087	foodon
fo5604	e4255	r2	e890	foodon
fo5605	e4256	r2	e576	foodon
fo5606	e4256	r2	e3820	foodon
fo5607	e4257	r2	e146	foodon
fo5608	e4257	r2	e9190	foodon
fo5609	e4258	r2	e4193	foodon
fo5610	e4260	r2	e4259	foodon
fo5611	e4261	r2	e682	foodon
fo5612	e4262	r2	e132	foodon
fo5613	e4263	r2	e966	foodon
fo5614	e4264	r2	e4310	foodon
fo5615	e4265	r2	e1747	foodon
fo5616	e4266	r2	e682	foodon
fo5617	e4267	r2	e514	foodon
fo5618	e4268	r2	e93	foodon
fo5619	e4269	r2	e132	foodon
fo5620	e4269	r2	e464	foodon
fo5621	e4270	r2	e146	foodon
fo5622	e4271	r2	e576	foodon
fo5623	e4272	r2	e161	foodon
fo5624	e4273	r2	e161	foodon
fo5625	e4275	r2	e4765	foodon
fo5626	e4276	r2	e432	foodon
fo5627	e4277	r2	e432	foodon
fo5628	e4278	r2	e194	foodon
fo5629	e4279	r2	e436	foodon
fo5630	e4283	r2	e433	foodon
fo5631	e4285	r2	e655	foodon
fo5632	e4286	r2	e683	foodon
fo5633	e4288	r2	e633	foodon
fo5634	e4290	r2	e828	foodon
fo5635	e4291	r2	e432	foodon
fo5636	e4292	r2	e432	foodon
fo5637	e4293	r2	e432	foodon
fo5638	e4294	r2	e829	foodon
fo5639	e4295	r2	e4249	foodon
fo5640	e4296	r2	e429	foodon
fo5641	e4297	r2	e432	foodon
fo5642	e4298	r2	e468	foodon
fo5643	e4299	r2	e829	foodon
fo5644	e4300	r2	e432	foodon
fo5645	e4301	r2	e432	foodon
fo5646	e4302	r2	e432	foodon
fo5647	e4303	r2	e1087	foodon
fo5648	e4304	r2	e655	foodon
fo5649	e4305	r2	e656	foodon
fo5650	e4306	r2	e429	foodon
fo5651	e4307	r2	e636	foodon
fo5652	e4308	r2	e4259	foodon
fo5653	e4309	r2	e1750	foodon
fo5654	e4311	r2	e7880	foodon
fo5655	e4312	r2	e7880	foodon
fo5656	e4313	r2	e7880	foodon
fo5657	e4314	r2	e4169	foodon
fo5658	e4315	r2	e48	foodon
fo5659	e4316	r2	e474	foodon
fo5660	e4317	r2	e832	foodon
fo5661	e4318	r2	e498	foodon
fo5662	e4319	r2	e669	foodon
fo5663	e4320	r2	e527	foodon
fo5664	e4321	r2	e368	foodon
fo5665	e4323	r2	e829	foodon
fo5666	e4324	r2	e429	foodon
fo5667	e4325	r2	e615	foodon
fo5668	e4326	r2	e4612	foodon
fo5669	e4612	r2	e206	foodon
fo5670	e4327	r2	e615	foodon
fo5671	e4328	r2	e829	foodon
fo5672	e4329	r2	e683	foodon
fo5673	e4330	r2	e5350	foodon
fo5674	e4331	r2	e433	foodon
fo5675	e4332	r2	e432	foodon
fo5676	e4333	r2	e432	foodon
fo5677	e4334	r2	e432	foodon
fo5678	e4335	r2	e133	foodon
fo5679	e4336	r2	e112	foodon
fo5680	e4337	r2	e429	foodon
fo5681	e4338	r2	e828	foodon
fo5682	e4339	r2	e4336	foodon
fo5683	e4340	r2	e5701	foodon
fo5684	e5701	r2	e136	foodon
fo5685	e4341	r2	e161	foodon
fo5686	e4342	r2	e4765	foodon
fo5687	e4343	r2	e4765	foodon
fo5688	e4344	r2	e433	foodon
fo5689	e4345	r2	e4329	foodon
fo5690	e4346	r2	e432	foodon
fo5691	e4347	r2	e163	foodon
fo5692	e4348	r2	e429	foodon
fo5693	e4349	r2	e832	foodon
fo5694	e4350	r2	e10144	foodon
fo5695	e4351	r2	e683	foodon
fo5696	e4352	r2	e8918	foodon
fo5697	e4353	r2	e9862	foodon
fo5698	e4355	r2	e3829	foodon
fo5699	e4356	r2	e3826	foodon
fo5700	e4357	r2	e228	foodon
fo5701	e4358	r2	e495	foodon
fo5702	e4359	r2	e652	foodon
fo5703	e4360	r2	e15	foodon
fo5704	e4361	r2	e831	foodon
fo5705	e4362	r2	e3812	foodon
fo5706	e4363	r2	e4364	foodon
fo5707	e4364	r2	e4606	foodon
fo5708	e4365	r2	e947	foodon
fo5709	e4366	r2	e683	foodon
fo5710	e4367	r2	e5417	foodon
fo5711	e5417	r2	e146	foodon
fo5712	e5417	r2	e4256	foodon
fo5713	e4368	r2	e1091	foodon
fo5714	e4369	r2	e547	foodon
fo5715	e4369	r2	e10144	foodon
fo5716	e4370	r2	e1635	foodon
fo5717	e4371	r2	e1462	foodon
fo5718	e4372	r2	e1447	foodon
fo5719	e4372	r2	e4107	foodon
fo5720	e4373	r2	e134	foodon
fo5721	e4374	r2	e44	foodon
fo5722	e4375	r2	e41	foodon
fo5723	e4376	r2	e660	foodon
fo5724	e4377	r2	e10	foodon
fo5725	e4378	r2	e41	foodon
fo5726	e4379	r2	e449	foodon
fo5727	e4380	r2	e2072	foodon
fo5728	e4381	r2	e524	foodon
fo5729	e4382	r2	e711	foodon
fo5730	e4383	r2	e1061	foodon
fo5731	e4384	r2	e780	foodon
fo5732	e4385	r2	e333	foodon
fo5733	e4386	r2	e776	foodon
fo5734	e4387	r2	e9053	foodon
fo5735	e4389	r2	e682	foodon
fo5736	e4390	r2	e553	foodon
fo5737	e4391	r2	e922	foodon
fo5738	e4391	r2	e10144	foodon
fo5739	e4392	r2	e443	foodon
fo5740	e4393	r2	e17	foodon
fo5741	e4394	r2	e1590	foodon
fo5742	e4395	r2	e5449	foodon
fo5743	e4396	r2	e250	foodon
fo5744	e4397	r2	e414	foodon
fo5745	e4398	r2	e8879	foodon
fo5746	e4399	r2	e791	foodon
fo5747	e4400	r2	e250	foodon
fo5748	e4401	r2	e6337	foodon
fo5749	e6337	r2	e250	foodon
fo5750	e4402	r2	e250	foodon
fo5751	e4403	r2	e363	foodon
fo5752	e4404	r2	e735	foodon
fo5753	e4405	r2	e831	foodon
fo5754	e4406	r2	e829	foodon
fo5755	e4407	r2	e390	foodon
fo5756	e4408	r2	e612	foodon
fo5757	e4409	r2	e439	foodon
fo5758	e4410	r2	e829	foodon
fo5759	e4411	r2	e829	foodon
fo5760	e4412	r2	e829	foodon
fo5761	e4413	r2	e656	foodon
fo5762	e4414	r2	e829	foodon
fo5763	e4415	r2	e829	foodon
fo5764	e4416	r2	e829	foodon
fo5765	e4417	r2	e742	foodon
fo5766	e4418	r2	e415	foodon
fo5767	e4419	r2	e415	foodon
fo5768	e4420	r2	e3761	foodon
fo5769	e4421	r2	e3060	foodon
fo5770	e4422	r2	e442	foodon
fo5771	e4423	r2	e424	foodon
fo5772	e4424	r2	e829	foodon
fo5773	e4425	r2	e4247	foodon
fo5774	e4426	r2	e829	foodon
fo5775	e4427	r2	e656	foodon
fo5776	e4427	r2	e9021	foodon
fo5777	e9021	r2	e9032	foodon
fo5778	e4428	r2	e4430	foodon
fo5779	e4430	r2	e483	foodon
fo5780	e4429	r2	e4430	foodon
fo5781	e4431	r2	e8289	foodon
fo5782	e4432	r2	e831	foodon
fo5783	e4433	r2	e2078	foodon
fo5784	e4435	r2	e436	foodon
fo5785	e4436	r2	e121	foodon
fo5786	e4437	r2	e753	foodon
fo5787	e4438	r2	e791	foodon
fo5788	e4439	r2	e2026	foodon
fo5789	e4440	r2	e1602	foodon
fo5790	e4441	r2	e7539	foodon
fo5791	e7539	r2	e9434	foodon
fo5792	e9434	r2	e9707	foodon
fo5793	e4442	r2	e8842	foodon
fo5794	e4443	r2	e490	foodon
fo5795	e4444	r2	e7897	foodon
fo5796	e7897	r2	e84	foodon
fo5797	e7897	r2	e484	foodon
fo5798	e4445	r2	e531	foodon
fo5799	e4446	r2	e692	foodon
fo5800	e4447	r2	e363	foodon
fo5801	e4448	r2	e5240	foodon
fo5802	e4449	r2	e251	foodon
fo5803	e4450	r2	e251	foodon
fo5804	e4451	r2	e902	foodon
fo5805	e4452	r2	e3702	foodon
fo5806	e4453	r2	e3702	foodon
fo5807	e4453	r2	e9226	foodon
fo5808	e9226	r2	e390	foodon
fo5809	e4454	r2	e9226	foodon
fo5810	e4455	r2	e390	foodon
fo5811	e4456	r2	e390	foodon
fo5812	e4457	r2	e390	foodon
fo5813	e4458	r2	e415	foodon
fo5814	e4459	r2	e416	foodon
fo5815	e4460	r2	e4604	foodon
fo5816	e4604	r2	e830	foodon
fo5817	e4461	r2	e395	foodon
fo5818	e4462	r2	e832	foodon
fo5819	e4463	r2	e537	foodon
fo5820	e4464	r2	e395	foodon
fo5821	e4465	r2	e1584	foodon
fo5822	e4466	r2	e436	foodon
fo5823	e4467	r2	e17	foodon
fo5824	e4468	r2	e3917	foodon
fo5825	e4469	r2	e450	foodon
fo5826	e4470	r2	e541	foodon
fo5827	e4471	r2	e1731	foodon
fo5828	e4472	r2	e442	foodon
fo5829	e4473	r2	e1368	foodon
fo5830	e4473	r2	e4393	foodon
fo5831	e4474	r2	e754	foodon
fo5832	e4475	r2	e540	foodon
fo5833	e4476	r2	e3589	foodon
fo5834	e4477	r2	e4066	foodon
fo5835	e4478	r2	e637	foodon
fo5836	e4479	r2	e17	foodon
fo5837	e4480	r2	e754	foodon
fo5838	e4481	r2	e875	foodon
fo5839	e4481	r2	e3522	foodon
fo5840	e4481	r2	e4107	foodon
fo5841	e4482	r2	e17	foodon
fo5842	e4483	r2	e419	foodon
fo5843	e4484	r2	e652	foodon
fo5844	e4485	r2	e818	foodon
fo5845	e4486	r2	e652	foodon
fo5846	e4487	r2	e771	foodon
fo5847	e4488	r2	e17	foodon
fo5848	e4489	r2	e223	foodon
fo5849	e4489	r2	e489	foodon
fo5850	e4490	r2	e8152	foodon
fo5851	e8152	r2	e2028	foodon
fo5852	e4491	r2	e397	foodon
fo5853	e4492	r2	e43	foodon
fo5854	e4493	r2	e2717	foodon
fo5855	e4493	r2	e2722	foodon
fo5856	e4495	r2	e813	foodon
fo5857	e4496	r2	e256	foodon
fo5858	e4497	r2	e934	foodon
fo5859	e4498	r2	e43	foodon
fo5860	e4499	r2	e43	foodon
fo5861	e4500	r2	e924	foodon
fo5862	e4501	r2	e738	foodon
fo5863	e4502	r2	e2717	foodon
fo5864	e4504	r2	e1431	foodon
fo5865	e4505	r2	e5283	foodon
fo5866	e5283	r2	e702	foodon
fo5867	e4506	r2	e2731	foodon
fo5868	e4506	r2	e2747	foodon
fo5869	e4507	r2	e43	foodon
fo5870	e4508	r2	e2028	foodon
fo5871	e4509	r2	e88	foodon
fo5872	e4510	r2	e202	foodon
fo5873	e4511	r2	e837	foodon
fo5874	e4512	r2	e179	foodon
fo5875	e4514	r2	e298	foodon
fo5876	e4514	r2	e3820	foodon
fo5877	e4515	r2	e391	foodon
fo5878	e4516	r2	e3621	foodon
fo5879	e4517	r2	e3621	foodon
fo5880	e4518	r2	e248	foodon
fo5881	e4519	r2	e92	foodon
fo5882	e4520	r2	e391	foodon
fo5883	e4521	r2	e132	foodon
fo5884	e4522	r2	e142	foodon
fo5885	e4522	r2	e9132	foodon
fo5886	e9132	r2	e59	foodon
fo5887	e4523	r2	e142	foodon
fo5888	e4524	r2	e5758	foodon
fo5889	e5758	r2	e146	foodon
fo5890	e5758	r2	e890	foodon
fo5891	e4525	r2	e142	foodon
fo5892	e4526	r2	e594	foodon
fo5893	e4526	r2	e7688	foodon
fo5894	e7688	r2	e3756	foodon
fo5895	e7688	r2	e8813	foodon
fo5896	e4527	r2	e1509	foodon
fo5897	e4528	r2	e7706	foodon
fo5898	e4529	r2	e1480	foodon
fo5899	e4530	r2	e7706	foodon
fo5900	e4531	r2	e7706	foodon
fo5901	e4532	r2	e7706	foodon
fo5902	e4533	r2	e8918	foodon
fo5903	e4534	r2	e4353	foodon
fo5904	e4535	r2	e219	foodon
fo5905	e4536	r2	e44	foodon
fo5906	e4537	r2	e3836	foodon
fo5907	e4538	r2	e131	foodon
fo5908	e4539	r2	e8918	foodon
fo5909	e4540	r2	e9862	foodon
fo5910	e4541	r2	e4542	foodon
fo5911	e4542	r2	e783	foodon
fo5912	e4543	r2	e822	foodon
fo5913	e4544	r2	e3572	foodon
fo5914	e4545	r2	e133	foodon
fo5915	e4546	r2	e219	foodon
fo5916	e4547	r2	e8918	foodon
fo5917	e4548	r2	e3836	foodon
fo5918	e4549	r2	e903	foodon
fo5919	e4549	r2	e4522	foodon
fo5920	e4550	r2	e390	foodon
fo5921	e4551	r2	e428	foodon
fo5922	e4552	r2	e9032	foodon
fo5923	e4553	r2	e3702	foodon
fo5924	e4554	r2	e678	foodon
fo5925	e4555	r2	e3589	foodon
fo5926	e4556	r2	e430	foodon
fo5927	e4557	r2	e487	foodon
fo5928	e4559	r2	e3587	foodon
fo5929	e4560	r2	e854	foodon
fo5930	e4561	r2	e9467	foodon
fo5931	e9467	r2	e8879	foodon
fo5932	e4562	r2	e665	foodon
fo5933	e4563	r2	e3060	foodon
fo5934	e4564	r2	e132	foodon
fo5935	e4564	r2	e344	foodon
fo5936	e4565	r2	e7897	foodon
fo5937	e4566	r2	e1237	foodon
fo5938	e4567	r2	e1237	foodon
fo5939	e4568	r2	e4354	foodon
fo5940	e4569	r2	e7897	foodon
fo5941	e4570	r2	e7897	foodon
fo5942	e4571	r2	e4282	foodon
fo5943	e4572	r2	e7897	foodon
fo5944	e4573	r2	e84	foodon
fo5945	e4574	r2	e7897	foodon
fo5946	e4575	r2	e4354	foodon
fo5947	e4576	r2	e1788	foodon
fo5948	e4577	r2	e1787	foodon
fo5949	e4578	r2	e470	foodon
fo5950	e4579	r2	e470	foodon
fo5951	e4580	r2	e832	foodon
fo5952	e4581	r2	e832	foodon
fo5953	e4582	r2	e832	foodon
fo5954	e4583	r2	e832	foodon
fo5955	e4584	r2	e174	foodon
fo5956	e4584	r2	e522	foodon
fo5957	e4585	r2	e832	foodon
fo5958	e4586	r2	e832	foodon
fo5959	e4587	r2	e1030	foodon
fo5960	e4588	r2	e444	foodon
fo5961	e4589	r2	e9053	foodon
fo5962	e4590	r2	e4449	foodon
fo5963	e4591	r2	e251	foodon
fo5964	e4592	r2	e382	foodon
fo5965	e4593	r2	e752	foodon
fo5966	e4594	r2	e6155	foodon
fo5967	e4595	r2	e3887	foodon
fo5968	e4596	r2	e742	foodon
fo5969	e4597	r2	e395	foodon
fo5970	e4598	r2	e315	foodon
fo5971	e4599	r2	e4027	foodon
fo5972	e4600	r2	e547	foodon
fo5973	e4601	r2	e395	foodon
fo5974	e4602	r2	e368	foodon
fo5975	e4603	r2	e1932	foodon
fo5976	e4605	r2	e382	foodon
fo5977	e4607	r2	e374	foodon
fo5978	e4608	r2	e762	foodon
fo5979	e4609	r2	e3737	foodon
fo5980	e4610	r2	e399	foodon
fo5981	e4610	r2	e8133	foodon
fo5982	e4611	r2	e883	foodon
fo5983	e4613	r2	e1087	foodon
fo5984	e4614	r2	e1454	foodon
fo5985	e4616	r2	e1591	foodon
fo5986	e4616	r2	e4107	foodon
fo5987	e4617	r2	e470	foodon
fo5988	e4618	r2	e3737	foodon
fo5989	e4619	r2	e48	foodon
fo5990	e4620	r2	e524	foodon
fo5991	e4622	r2	e1038	foodon
fo5992	e4623	r2	e44	foodon
fo5993	e4624	r2	e321	foodon
fo5994	e4625	r2	e747	foodon
fo5995	e4626	r2	e560	foodon
fo5996	e4627	r2	e322	foodon
fo5997	e4628	r2	e3638	foodon
fo5998	e4629	r2	e3638	foodon
fo5999	e4630	r2	e415	foodon
fo6000	e4631	r2	e1150	foodon
fo6001	e4632	r2	e34	foodon
fo6002	e4632	r2	e754	foodon
fo6003	e4633	r2	e17	foodon
fo6004	e4634	r2	e436	foodon
fo6005	e4635	r2	e754	foodon
fo6006	e4636	r2	e771	foodon
fo6007	e4637	r2	e4066	foodon
fo6008	e4638	r2	e124	foodon
fo6009	e4639	r2	e17	foodon
fo6010	e4641	r2	e442	foodon
fo6011	e4642	r2	e652	foodon
fo6012	e4645	r2	e8345	foodon
fo6013	e8345	r2	e567	foodon
fo6014	e8345	r2	e4621	foodon
fo6015	e4646	r2	e1063	foodon
fo6016	e4647	r2	e4289	foodon
fo6017	e4648	r2	e436	foodon
fo6018	e4649	r2	e4468	foodon
fo6019	e4650	r2	e4468	foodon
fo6020	e4651	r2	e3917	foodon
fo6021	e4652	r2	e419	foodon
fo6022	e4653	r2	e442	foodon
fo6023	e4654	r2	e754	foodon
fo6024	e4655	r2	e753	foodon
fo6025	e4656	r2	e754	foodon
fo6026	e4657	r2	e3917	foodon
fo6027	e4658	r2	e121	foodon
fo6028	e4659	r2	e754	foodon
fo6029	e4660	r2	e754	foodon
fo6030	e4661	r2	e4279	foodon
fo6031	e4662	r2	e754	foodon
fo6032	e4663	r2	e434	foodon
fo6033	e4664	r2	e652	foodon
fo6034	e4665	r2	e653	foodon
fo6035	e4666	r2	e450	foodon
fo6036	e4667	r2	e4468	foodon
fo6037	e4668	r2	e3917	foodon
fo6038	e4669	r2	e754	foodon
fo6039	e4670	r2	e818	foodon
fo6040	e4671	r2	e1049	foodon
fo6041	e4672	r2	e1061	foodon
fo6042	e4673	r2	e681	foodon
fo6043	e4674	r2	e619	foodon
fo6044	e4675	r2	e679	foodon
fo6045	e4675	r2	e1015	foodon
fo6046	e4676	r2	e142	foodon
fo6047	e4677	r2	e834	foodon
fo6048	e4678	r2	e347	foodon
fo6049	e4679	r2	e353	foodon
fo6050	e4680	r2	e503	foodon
fo6051	e4681	r2	e9775	foodon
fo6052	e4682	r2	e9775	foodon
fo6053	e4683	r2	e132	foodon
fo6054	e4684	r2	e3604	foodon
fo6055	e4685	r2	e462	foodon
fo6056	e4686	r2	e3917	foodon
fo6057	e4687	r2	e653	foodon
fo6058	e4688	r2	e17	foodon
fo6059	e4689	r2	e17	foodon
fo6060	e4690	r2	e3917	foodon
fo6061	e4691	r2	e754	foodon
fo6062	e4693	r2	e817	foodon
fo6063	e4694	r2	e4640	foodon
fo6064	e4695	r2	e436	foodon
fo6065	e4696	r2	e828	foodon
fo6066	e4697	r2	e1368	foodon
fo6067	e4698	r2	e117	foodon
fo6068	e4699	r2	e791	foodon
fo6069	e4700	r2	e437	foodon
fo6070	e4701	r2	e6337	foodon
fo6071	e4702	r2	e791	foodon
fo6072	e4703	r2	e791	foodon
fo6073	e4704	r2	e6337	foodon
fo6074	e4705	r2	e4842	foodon
fo6075	e4842	r2	e791	foodon
fo6076	e4706	r2	e6337	foodon
fo6077	e4707	r2	e217	foodon
fo6078	e4708	r2	e807	foodon
fo6079	e4709	r2	e463	foodon
fo6080	e4710	r2	e710	foodon
fo6081	e4711	r2	e3917	foodon
fo6082	e4712	r2	e17	foodon
fo6083	e4713	r2	e4279	foodon
fo6084	e4714	r2	e652	foodon
fo6085	e4715	r2	e123	foodon
fo6086	e4716	r2	e3988	foodon
fo6087	e4717	r2	e17	foodon
fo6088	e4718	r2	e436	foodon
fo6089	e4719	r2	e652	foodon
fo6090	e4720	r2	e652	foodon
fo6091	e4721	r2	e450	foodon
fo6092	e4722	r2	e122	foodon
fo6093	e4723	r2	e436	foodon
fo6094	e4724	r2	e436	foodon
fo6095	e4725	r2	e436	foodon
fo6096	e4726	r2	e436	foodon
fo6097	e4727	r2	e754	foodon
fo6098	e4728	r2	e17	foodon
fo6099	e4729	r2	e653	foodon
fo6100	e4730	r2	e1368	foodon
fo6101	e4731	r2	e754	foodon
fo6102	e4732	r2	e652	foodon
fo6103	e4733	r2	e818	foodon
fo6104	e4734	r2	e3917	foodon
fo6105	e4735	r2	e754	foodon
fo6106	e4736	r2	e653	foodon
fo6107	e4737	r2	e436	foodon
fo6108	e4738	r2	e3917	foodon
fo6109	e4739	r2	e753	foodon
fo6110	e4740	r2	e653	foodon
fo6111	e4741	r2	e818	foodon
fo6112	e4742	r2	e818	foodon
fo6113	e4743	r2	e121	foodon
fo6114	e4744	r2	e754	foodon
fo6115	e4745	r2	e12	foodon
fo6116	e4746	r2	e436	foodon
fo6117	e4747	r2	e652	foodon
fo6118	e4748	r2	e419	foodon
fo6119	e4749	r2	e339	foodon
fo6120	e4750	r2	e326	foodon
fo6121	e4751	r2	e132	foodon
fo6122	e4751	r2	e326	foodon
fo6123	e4752	r2	e431	foodon
fo6124	e4753	r2	e3917	foodon
fo6125	e4754	r2	e250	foodon
fo6126	e4754	r2	e484	foodon
fo6127	e4755	r2	e299	foodon
fo6128	e4756	r2	e793	foodon
fo6129	e4757	r2	e6337	foodon
fo6130	e4758	r2	e311	foodon
fo6131	e4759	r2	e146	foodon
fo6132	e4760	r2	e159	foodon
fo6133	e4761	r2	e4765	foodon
fo6134	e4762	r2	e4287	foodon
fo6135	e4763	r2	e4765	foodon
fo6136	e4764	r2	e4287	foodon
fo6137	e4766	r2	e4025	foodon
fo6138	e4767	r2	e3921	foodon
fo6139	e4768	r2	e5350	foodon
fo6140	e4769	r2	e484	foodon
fo6141	e4770	r2	e18	foodon
fo6142	e4771	r2	e652	foodon
fo6143	e4772	r2	e771	foodon
fo6144	e4773	r2	e436	foodon
fo6145	e4774	r2	e3917	foodon
fo6146	e4775	r2	e4773	foodon
fo6147	e4776	r2	e436	foodon
fo6148	e4777	r2	e436	foodon
fo6149	e4778	r2	e436	foodon
fo6150	e4779	r2	e436	foodon
fo6151	e4780	r2	e17	foodon
fo6152	e4781	r2	e754	foodon
fo6153	e4782	r2	e4105	foodon
fo6154	e4783	r2	e540	foodon
fo6155	e4784	r2	e17	foodon
fo6156	e4785	r2	e754	foodon
fo6157	e4786	r2	e437	foodon
fo6158	e4787	r2	e436	foodon
fo6159	e4788	r2	e436	foodon
fo6160	e4789	r2	e17	foodon
fo6161	e4790	r2	e817	foodon
fo6162	e4791	r2	e436	foodon
fo6163	e4792	r2	e444	foodon
fo6164	e4793	r2	e8046	foodon
fo6165	e4793	r2	e9770	foodon
fo6166	e9770	r2	e202	foodon
fo6167	e9770	r2	e9780	foodon
fo6168	e9780	r2	e309	foodon
fo6169	e8046	r2	e1035	foodon
fo6170	e4794	r2	e3645	foodon
fo6171	e4795	r2	e682	foodon
fo6172	e4796	r2	e3955	foodon
fo6173	e4797	r2	e1043	foodon
fo6174	e4798	r2	e821	foodon
fo6175	e4799	r2	e9200	foodon
fo6176	e4800	r2	e121	foodon
fo6177	e4801	r2	e429	foodon
fo6178	e4802	r2	e4169	foodon
fo6179	e4803	r2	e8834	foodon
fo6180	e4805	r2	e680	foodon
fo6181	e4805	r2	e1015	foodon
fo6182	e4806	r2	e789	foodon
fo6183	e4807	r2	e395	foodon
fo6184	e4808	r2	e550	foodon
fo6185	e4808	r2	e2667	foodon
fo6186	e4809	r2	e683	foodon
fo6187	e4809	r2	e868	foodon
fo6188	e4810	r2	e672	foodon
fo6189	e4811	r2	e1228	foodon
fo6190	e4812	r2	e1061	foodon
fo6191	e4813	r2	e4041	foodon
fo6192	e4814	r2	e828	foodon
fo6193	e4815	r2	e831	foodon
fo6194	e4816	r2	e780	foodon
fo6195	e4816	r2	e5405	foodon
fo6196	e5405	r2	e8880	foodon
fo6197	e4817	r2	e658	foodon
fo6198	e4818	r2	e642	foodon
fo6199	e4818	r2	e1015	foodon
fo6200	e4819	r2	e9592	foodon
fo6201	e4820	r2	e596	foodon
fo6202	e4821	r2	e681	foodon
fo6203	e4822	r2	e811	foodon
fo6204	e4823	r2	e440	foodon
fo6205	e4824	r2	e440	foodon
fo6206	e4825	r2	e440	foodon
fo6207	e4826	r2	e1386	foodon
fo6208	e4827	r2	e506	foodon
fo6209	e4828	r2	e448	foodon
fo6210	e4829	r2	e4249	foodon
fo6211	e4830	r2	e836	foodon
fo6212	e4831	r2	e432	foodon
fo6213	e4832	r2	e535	foodon
fo6214	e4833	r2	e468	foodon
fo6215	e4834	r2	e5333	foodon
fo6216	e5333	r2	e8879	foodon
fo6217	e4835	r2	e837	foodon
fo6218	e4836	r2	e752	foodon
fo6219	e4837	r2	e821	foodon
fo6220	e4838	r2	e9805	foodon
fo6221	e9805	r2	e310	foodon
fo6222	e4839	r2	e808	foodon
fo6223	e4840	r2	e726	foodon
fo6224	e4841	r2	e44	foodon
fo6225	e4843	r2	e4844	foodon
fo6226	e4844	r2	e609	foodon
fo6227	e4845	r2	e19	foodon
fo6228	e4845	r2	e136	foodon
fo6229	e4846	r2	e527	foodon
fo6230	e4847	r2	e761	foodon
fo6231	e4848	r2	e1431	foodon
fo6232	e4849	r2	e630	foodon
fo6233	e4850	r2	e747	foodon
fo6234	e4851	r2	e4354	foodon
fo6235	e4852	r2	e791	foodon
fo6236	e4853	r2	e796	foodon
fo6237	e4854	r2	e755	foodon
fo6238	e4854	r2	e10144	foodon
fo6239	e4855	r2	e755	foodon
fo6240	e4856	r2	e636	foodon
fo6241	e4857	r2	e87	foodon
fo6242	e4857	r2	e704	foodon
fo6243	e4858	r2	e195	foodon
fo6244	e4859	r2	e641	foodon
fo6245	e4860	r2	e331	foodon
fo6246	e4860	r2	e8941	foodon
fo6247	e8941	r2	e4105	foodon
fo6248	e4861	r2	e8094	foodon
fo6249	e4862	r2	e747	foodon
fo6250	e4863	r2	e747	foodon
fo6251	e4864	r2	e544	foodon
fo6252	e4865	r2	e636	foodon
fo6253	e4866	r2	e8032	foodon
fo6254	e4867	r2	e629	foodon
fo6255	e4868	r2	e614	foodon
fo6256	e4869	r2	e654	foodon
fo6257	e4870	r2	e726	foodon
fo6258	e4871	r2	e7036	foodon
fo6259	e7036	r2	e259	foodon
fo6260	e4872	r2	e752	foodon
fo6261	e4873	r2	e9805	foodon
fo6262	e4874	r2	e5215	foodon
fo6263	e5215	r2	e1313	foodon
fo6264	e4875	r2	e4899	foodon
fo6265	e4899	r2	e2062	foodon
fo6266	e4876	r2	e585	foodon
fo6267	e4877	r2	e132	foodon
fo6268	e4877	r2	e464	foodon
fo6269	e4878	r2	e3060	foodon
fo6270	e4879	r2	e8571	foodon
fo6271	e8571	r2	e15	foodon
fo6272	e8571	r2	e9717	foodon
fo6273	e9717	r2	e231	foodon
fo6274	e4880	r2	e9116	foodon
fo6275	e4881	r2	e10	foodon
fo6276	e4882	r2	e3755	foodon
fo6277	e4883	r2	e1431	foodon
fo6278	e4884	r2	e761	foodon
fo6279	e4885	r2	e3060	foodon
fo6280	e4886	r2	e538	foodon
fo6281	e4887	r2	e538	foodon
fo6282	e4888	r2	e9592	foodon
fo6283	e4889	r2	e658	foodon
fo6284	e4890	r2	e259	foodon
fo6285	e4891	r2	e310	foodon
fo6286	e4892	r2	e654	foodon
fo6287	e4893	r2	e716	foodon
fo6288	e4894	r2	e752	foodon
fo6289	e4895	r2	e87	foodon
fo6290	e4895	r2	e396	foodon
fo6291	e4896	r2	e614	foodon
fo6292	e4897	r2	e654	foodon
fo6293	e4898	r2	e490	foodon
fo6294	e4900	r2	e616	foodon
fo6295	e4901	r2	e621	foodon
fo6296	e4901	r2	e752	foodon
fo6297	e4902	r2	e702	foodon
fo6298	e4903	r2	e6155	foodon
fo6299	e4904	r2	e314	foodon
fo6300	e4905	r2	e95	foodon
fo6301	e4906	r2	e3619	foodon
fo6302	e4907	r2	e548	foodon
fo6303	e4908	r2	e671	foodon
fo6304	e4910	r2	e1815	foodon
fo6305	e4911	r2	e6337	foodon
fo6306	e4913	r2	e4972	foodon
fo6307	e4972	r2	e3840	foodon
fo6308	e4914	r2	e4227	foodon
fo6309	e4915	r2	e682	foodon
fo6310	e4916	r2	e4227	foodon
fo6311	e4917	r2	e682	foodon
fo6312	e4918	r2	e682	foodon
fo6313	e4919	r2	e682	foodon
fo6314	e4920	r2	e682	foodon
fo6315	e4921	r2	e4227	foodon
fo6316	e4922	r2	e442	foodon
fo6317	e4923	r2	e10	foodon
fo6318	e4925	r2	e2	foodon
fo6319	e4926	r2	e599	foodon
fo6320	e4927	r2	e472	foodon
fo6321	e4928	r2	e751	foodon
fo6322	e4929	r2	e839	foodon
fo6323	e4930	r2	e670	foodon
fo6324	e4931	r2	e788	foodon
fo6325	e4932	r2	e788	foodon
fo6326	e4933	r2	e788	foodon
fo6327	e4934	r2	e788	foodon
fo6328	e4935	r2	e597	foodon
fo6329	e4936	r2	e311	foodon
fo6330	e4937	r2	e706	foodon
fo6331	e4938	r2	e4169	foodon
fo6332	e4939	r2	e86	foodon
fo6333	e4940	r2	e430	foodon
fo6334	e4940	r2	e6441	foodon
fo6335	e6441	r2	e431	foodon
fo6336	e4941	r2	e4169	foodon
fo6337	e4942	r2	e4169	foodon
fo6338	e4943	r2	e430	foodon
fo6339	e4944	r2	e3855	foodon
fo6340	e4945	r2	e1365	foodon
fo6341	e4945	r2	e4944	foodon
fo6342	e4946	r2	e3559	foodon
fo6343	e4947	r2	e117	foodon
fo6344	e4948	r2	e431	foodon
fo6345	e4949	r2	e4938	foodon
fo6346	e4950	r2	e431	foodon
fo6347	e4952	r2	e4169	foodon
fo6348	e4953	r2	e3946	foodon
fo6349	e4954	r2	e3855	foodon
fo6350	e4954	r2	e8268	foodon
fo6351	e8268	r2	e1365	foodon
fo6352	e4955	r2	e431	foodon
fo6353	e4956	r2	e636	foodon
fo6354	e4957	r2	e409	foodon
fo6355	e4958	r2	e251	foodon
fo6356	e4959	r2	e832	foodon
fo6357	e4960	r2	e832	foodon
fo6358	e4961	r2	e4025	foodon
fo6359	e4962	r2	e711	foodon
fo6360	e4963	r2	e711	foodon
fo6361	e4964	r2	e44	foodon
fo6362	e4965	r2	e742	foodon
fo6363	e4966	r2	e5240	foodon
fo6364	e4967	r2	e524	foodon
fo6365	e4968	r2	e5758	foodon
fo6366	e4969	r2	e342	foodon
fo6367	e4970	r2	e4952	foodon
fo6368	e4971	r2	e5359	foodon
fo6369	e5359	r2	e433	foodon
fo6370	e4973	r2	e8721	foodon
fo6371	e4974	r2	e615	foodon
fo6372	e4975	r2	e532	foodon
fo6373	e4976	r2	e4250	foodon
fo6374	e4977	r2	e470	foodon
fo6375	e4977	r2	e4249	foodon
fo6376	e4978	r2	e2208	foodon
fo6377	e4979	r2	e4249	foodon
fo6378	e4980	r2	e4249	foodon
fo6379	e4981	r2	e4250	foodon
fo6380	e4982	r2	e8842	foodon
fo6381	e4983	r2	e4249	foodon
fo6382	e4984	r2	e194	foodon
fo6383	e4985	r2	e695	foodon
fo6384	e4986	r2	e2207	foodon
fo6385	e4987	r2	e58	foodon
fo6386	e4988	r2	e194	foodon
fo6387	e4989	r2	e772	foodon
fo6388	e4990	r2	e754	foodon
fo6389	e4991	r2	e173	foodon
fo6390	e4993	r2	e9054	foodon
fo6391	e9054	r2	e9707	foodon
fo6392	e4994	r2	e656	foodon
fo6393	e4994	r2	e9021	foodon
fo6394	e4995	r2	e455	foodon
fo6395	e4996	r2	e515	foodon
fo6396	e4997	r2	e788	foodon
fo6397	e4998	r2	e682	foodon
fo6398	e4999	r2	e682	foodon
fo6399	e5000	r2	e766	foodon
fo6400	e5001	r2	e716	foodon
fo6401	e5002	r2	e682	foodon
fo6402	e5003	r2	e716	foodon
fo6403	e5004	r2	e716	foodon
fo6404	e5005	r2	e831	foodon
fo6405	e5006	r2	e716	foodon
fo6406	e5007	r2	e735	foodon
fo6407	e5008	r2	e621	foodon
fo6408	e5009	r2	e5449	foodon
fo6409	e5010	r2	e2072	foodon
fo6410	e5011	r2	e4249	foodon
fo6411	e5012	r2	e133	foodon
fo6412	e5013	r2	e194	foodon
fo6413	e5014	r2	e183	foodon
fo6414	e5014	r2	e859	foodon
fo6415	e5015	r2	e1339	foodon
fo6416	e5017	r2	e44	foodon
fo6417	e5018	r2	e43	foodon
fo6418	e5019	r2	e256	foodon
fo6419	e5020	r2	e682	foodon
fo6420	e5021	r2	e3941	foodon
fo6421	e5022	r2	e736	foodon
fo6422	e5023	r2	e171	foodon
fo6423	e5024	r2	e9805	foodon
fo6424	e5025	r2	e2207	foodon
fo6425	e5025	r2	e8721	foodon
fo6426	e5026	r2	e2068	foodon
fo6427	e5027	r2	e2072	foodon
fo6428	e5028	r2	e2072	foodon
fo6429	e5029	r2	e2072	foodon
fo6430	e5030	r2	e964	foodon
fo6431	e5031	r2	e1752	foodon
fo6432	e5032	r2	e739	foodon
fo6433	e5033	r2	e739	foodon
fo6434	e5034	r2	e5168	foodon
fo6435	e5168	r2	e503	foodon
fo6436	e5035	r2	e3934	foodon
fo6437	e5036	r2	e503	foodon
fo6438	e5037	r2	e2068	foodon
fo6439	e5038	r2	e400	foodon
fo6440	e5039	r2	e743	foodon
fo6441	e5040	r2	e4279	foodon
fo6442	e5041	r2	e317	foodon
fo6443	e5042	r2	e448	foodon
fo6444	e5043	r2	e716	foodon
fo6445	e5044	r2	e6	foodon
fo6446	e5045	r2	e9594	foodon
fo6447	e5047	r2	e3812	foodon
fo6448	e5048	r2	e3812	foodon
fo6449	e5049	r2	e5521	foodon
fo6450	e5521	r2	e48	foodon
fo6451	e5050	r2	e8880	foodon
fo6452	e5051	r2	e1091	foodon
fo6453	e5052	r2	e9207	foodon
fo6454	e5053	r2	e3737	foodon
fo6455	e5054	r2	e132	foodon
fo6456	e5054	r2	e487	foodon
fo6457	e5055	r2	e1043	foodon
fo6458	e5056	r2	e708	foodon
fo6459	e5056	r2	e9343	foodon
fo6460	e5057	r2	e9207	foodon
fo6461	e5058	r2	e166	foodon
fo6462	e5059	r2	e9110	foodon
fo6463	e5060	r2	e430	foodon
fo6464	e5061	r2	e708	foodon
fo6465	e5062	r2	e4249	foodon
fo6466	e5063	r2	e733	foodon
fo6467	e5064	r2	e823	foodon
fo6468	e5065	r2	e3941	foodon
fo6469	e5066	r2	e767	foodon
fo6470	e5067	r2	e3941	foodon
fo6471	e5068	r2	e3941	foodon
fo6472	e5069	r2	e88	foodon
fo6473	e5069	r2	e250	foodon
fo6474	e5070	r2	e733	foodon
fo6475	e5071	r2	e4878	foodon
fo6476	e5072	r2	e4274	foodon
fo6477	e5074	r2	e916	foodon
fo6478	e5074	r2	e3934	foodon
fo6479	e5075	r2	e3796	foodon
fo6480	e5076	r2	e9803	foodon
fo6481	e5077	r2	e44	foodon
fo6482	e5078	r2	e3826	foodon
fo6483	e5079	r2	e959	foodon
fo6484	e5079	r2	e1263	foodon
fo6485	e5080	r2	e388	foodon
fo6486	e5081	r2	e130	foodon
fo6487	e5082	r2	e5068	foodon
fo6488	e5083	r2	e4169	foodon
fo6489	e5084	r2	e620	foodon
fo6490	e5085	r2	e3941	foodon
fo6491	e5086	r2	e3796	foodon
fo6492	e5087	r2	e8805	foodon
fo6493	e5088	r2	e3796	foodon
fo6494	e5089	r2	e448	foodon
fo6495	e5090	r2	e1158	foodon
fo6496	e5090	r2	e3752	foodon
fo6497	e5091	r2	e3934	foodon
fo6498	e5092	r2	e505	foodon
fo6499	e5093	r2	e4169	foodon
fo6500	e5094	r2	e81	foodon
fo6501	e5095	r2	e517	foodon
fo6502	e5096	r2	e3840	foodon
fo6503	e5097	r2	e81	foodon
fo6504	e5098	r2	e4804	foodon
fo6505	e5099	r2	e97	foodon
fo6506	e5100	r2	e446	foodon
fo6507	e5101	r2	e20	foodon
fo6508	e5102	r2	e5160	foodon
fo6509	e5160	r2	e8811	foodon
fo6510	e5103	r2	e3737	foodon
fo6511	e5104	r2	e615	foodon
fo6512	e5105	r2	e328	foodon
fo6513	e5106	r2	e4036	foodon
fo6514	e5107	r2	e9592	foodon
fo6515	e5108	r2	e401	foodon
fo6516	e5109	r2	e696	foodon
fo6517	e5110	r2	e5160	foodon
fo6518	e5111	r2	e425	foodon
fo6519	e5112	r2	e908	foodon
fo6520	e5113	r2	e440	foodon
fo6521	e5114	r2	e652	foodon
fo6522	e5116	r2	e7516	foodon
fo6523	e7516	r2	e3761	foodon
fo6524	e5117	r2	e668	foodon
fo6525	e5118	r2	e9862	foodon
fo6526	e5119	r2	e317	foodon
fo6527	e5120	r2	e695	foodon
fo6528	e5121	r2	e415	foodon
fo6529	e5122	r2	e44	foodon
fo6530	e5123	r2	e5142	foodon
fo6531	e5142	r2	e8805	foodon
fo6532	e5124	r2	e5142	foodon
fo6533	e5125	r2	e3941	foodon
fo6534	e5126	r2	e3941	foodon
fo6535	e5127	r2	e3941	foodon
fo6536	e5128	r2	e3941	foodon
fo6537	e5129	r2	e3941	foodon
fo6538	e5130	r2	e3941	foodon
fo6539	e5131	r2	e708	foodon
fo6540	e5132	r2	e3941	foodon
fo6541	e5134	r2	e5548	foodon
fo6542	e5548	r2	e807	foodon
fo6543	e5135	r2	e61	foodon
fo6544	e5136	r2	e708	foodon
fo6545	e5137	r2	e708	foodon
fo6546	e5137	r2	e9894	foodon
fo6547	e9894	r2	e247	foodon
fo6548	e5138	r2	e708	foodon
fo6549	e5138	r2	e9894	foodon
fo6550	e5139	r2	e5160	foodon
fo6551	e5140	r2	e117	foodon
fo6552	e5141	r2	e667	foodon
fo6553	e5143	r2	e17	foodon
fo6554	e5144	r2	e710	foodon
fo6555	e5145	r2	e259	foodon
fo6556	e5146	r2	e415	foodon
fo6557	e5147	r2	e625	foodon
fo6558	e5148	r2	e440	foodon
fo6559	e5150	r2	e3521	foodon
fo6560	e5151	r2	e3521	foodon
fo6561	e5153	r2	e629	foodon
fo6562	e5154	r2	e4227	foodon
fo6563	e5155	r2	e9164	foodon
fo6564	e5156	r2	e1799	foodon
fo6565	e5157	r2	e473	foodon
fo6566	e5158	r2	e9343	foodon
fo6567	e5161	r2	e3852	foodon
fo6568	e5162	r2	e469	foodon
fo6569	e5163	r2	e117	foodon
fo6570	e5164	r2	e6323	foodon
fo6571	e6323	r2	e816	foodon
fo6572	e5165	r2	e469	foodon
fo6573	e5166	r2	e4556	foodon
fo6574	e5167	r2	e473	foodon
fo6575	e5169	r2	e869	foodon
fo6576	e5170	r2	e206	foodon
fo6577	e5171	r2	e657	foodon
fo6578	e5172	r2	e3616	foodon
fo6579	e5173	r2	e3941	foodon
fo6580	e5174	r2	e469	foodon
fo6581	e5175	r2	e1520	foodon
fo6582	e5176	r2	e1519	foodon
fo6583	e5177	r2	e3721	foodon
fo6584	e5178	r2	e678	foodon
fo6585	e5179	r2	e5142	foodon
fo6586	e5180	r2	e353	foodon
fo6587	e5181	r2	e642	foodon
fo6588	e5182	r2	e1594	foodon
fo6589	e5183	r2	e713	foodon
fo6590	e5183	r2	e4992	foodon
fo6591	e5184	r2	e620	foodon
fo6592	e5185	r2	e642	foodon
fo6593	e5185	r2	e1015	foodon
fo6594	e5186	r2	e755	foodon
fo6595	e5187	r2	e543	foodon
fo6596	e5188	r2	e755	foodon
fo6597	e5189	r2	e3934	foodon
fo6598	e5190	r2	e8836	foodon
fo6599	e8836	r2	e8805	foodon
fo6600	e5191	r2	e3941	foodon
fo6601	e5192	r2	e6551	foodon
fo6602	e5193	r2	e1159	foodon
fo6603	e5194	r2	e3826	foodon
fo6604	e5195	r2	e5194	foodon
fo6605	e5196	r2	e3826	foodon
fo6606	e5197	r2	e3826	foodon
fo6607	e5198	r2	e1736	foodon
fo6608	e5199	r2	e809	foodon
fo6609	e5200	r2	e1389	foodon
fo6610	e5201	r2	e809	foodon
fo6611	e5202	r2	e544	foodon
fo6612	e5203	r2	e2078	foodon
fo6613	e5203	r2	e4393	foodon
fo6614	e5204	r2	e414	foodon
fo6615	e5205	r2	e721	foodon
fo6616	e5206	r2	e791	foodon
fo6617	e5207	r2	e656	foodon
fo6618	e5208	r2	e629	foodon
fo6619	e5209	r2	e4446	foodon
fo6620	e5210	r2	e808	foodon
fo6621	e5211	r2	e614	foodon
fo6622	e5212	r2	e821	foodon
fo6623	e5213	r2	e8583	foodon
fo6624	e8583	r2	e373	foodon
fo6625	e8583	r2	e821	foodon
fo6626	e5214	r2	e462	foodon
fo6627	e5216	r2	e9805	foodon
fo6628	e5217	r2	e310	foodon
fo6629	e5218	r2	e9805	foodon
fo6630	e5219	r2	e9805	foodon
fo6631	e5220	r2	e654	foodon
fo6632	e5221	r2	e702	foodon
fo6633	e5222	r2	e8918	foodon
fo6634	e5223	r2	e220	foodon
fo6635	e5224	r2	e87	foodon
fo6636	e5224	r2	e310	foodon
fo6637	e5225	r2	e331	foodon
fo6638	e5226	r2	e87	foodon
fo6639	e5226	r2	e396	foodon
fo6640	e5227	r2	e629	foodon
fo6641	e5228	r2	e726	foodon
fo6642	e5229	r2	e821	foodon
fo6643	e5230	r2	e614	foodon
fo6644	e5231	r2	e752	foodon
fo6645	e5232	r2	e821	foodon
fo6646	e5233	r2	e5839	foodon
fo6647	e5839	r2	e206	foodon
fo6648	e5234	r2	e498	foodon
fo6649	e5235	r2	e776	foodon
fo6650	e5236	r2	e498	foodon
fo6651	e5237	r2	e556	foodon
fo6652	e5238	r2	e5168	foodon
fo6653	e5239	r2	e5240	foodon
fo6654	e5241	r2	e252	foodon
fo6655	e5242	r2	e52	foodon
fo6656	e5243	r2	e5817	foodon
fo6657	e5244	r2	e809	foodon
fo6658	e5245	r2	e1769	foodon
fo6659	e5246	r2	e19	foodon
fo6660	e5246	r2	e8137	foodon
fo6661	e8137	r2	e711	foodon
fo6662	e5247	r2	e777	foodon
fo6663	e5248	r2	e5168	foodon
fo6664	e5249	r2	e3841	foodon
fo6665	e5250	r2	e3841	foodon
fo6666	e5251	r2	e223	foodon
fo6667	e5252	r2	e8571	foodon
fo6668	e5254	r2	e796	foodon
fo6669	e5255	r2	e9110	foodon
fo6670	e5256	r2	e19	foodon
fo6671	e5256	r2	e8137	foodon
fo6672	e5257	r2	e683	foodon
fo6673	e5258	r2	e1049	foodon
fo6674	e5258	r2	e7654	foodon
fo6675	e5259	r2	e9110	foodon
fo6676	e5260	r2	e636	foodon
fo6677	e5262	r2	e879	foodon
fo6678	e5263	r2	e479	foodon
fo6679	e5263	r2	e3941	foodon
fo6680	e5264	r2	e6964	foodon
fo6681	e5265	r2	e498	foodon
fo6682	e5266	r2	e332	foodon
fo6683	e5267	r2	e4036	foodon
fo6684	e5268	r2	e678	foodon
fo6685	e5269	r2	e18	foodon
fo6686	e5270	r2	e1670	foodon
fo6687	e5271	r2	e5770	foodon
fo6688	e5272	r2	e682	foodon
fo6689	e5273	r2	e2731	foodon
fo6690	e5273	r2	e2746	foodon
fo6691	e5273	r2	e2888	foodon
fo6692	e5275	r2	e481	foodon
fo6693	e5276	r2	e14	foodon
fo6694	e5277	r2	e682	foodon
fo6695	e5279	r2	e1378	foodon
fo6696	e5280	r2	e502	foodon
fo6697	e5281	r2	e319	foodon
fo6698	e5281	r2	e5232	foodon
fo6699	e5282	r2	e821	foodon
fo6700	e5284	r2	e711	foodon
fo6701	e5285	r2	e4289	foodon
fo6702	e5286	r2	e133	foodon
fo6703	e5287	r2	e133	foodon
fo6704	e5288	r2	e8036	foodon
fo6705	e5289	r2	e1008	foodon
fo6706	e5290	r2	e718	foodon
fo6707	e5291	r2	e59	foodon
fo6708	e5292	r2	e390	foodon
fo6709	e5293	r2	e505	foodon
fo6710	e5294	r2	e476	foodon
fo6711	e5295	r2	e902	foodon
fo6712	e5296	r2	e455	foodon
fo6713	e5297	r2	e819	foodon
fo6714	e5298	r2	e3933	foodon
fo6715	e5299	r2	e830	foodon
fo6716	e5300	r2	e611	foodon
fo6717	e5301	r2	e4025	foodon
fo6718	e5302	r2	e1365	foodon
fo6719	e5303	r2	e59	foodon
fo6720	e5304	r2	e8878	foodon
fo6721	e8878	r2	e687	foodon
fo6722	e5305	r2	e957	foodon
fo6723	e5306	r2	e957	foodon
fo6724	e5307	r2	e829	foodon
fo6725	e5308	r2	e462	foodon
fo6726	e5309	r2	e421	foodon
fo6727	e5310	r2	e642	foodon
fo6728	e5311	r2	e3921	foodon
fo6729	e5312	r2	e4909	foodon
fo6730	e5313	r2	e2072	foodon
fo6731	e5314	r2	e133	foodon
fo6732	e5315	r2	e6155	foodon
fo6733	e5316	r2	e513	foodon
fo6734	e5316	r2	e514	foodon
fo6735	e5317	r2	e514	foodon
fo6736	e5318	r2	e512	foodon
fo6737	e5319	r2	e512	foodon
fo6738	e5320	r2	e513	foodon
fo6739	e5320	r2	e514	foodon
fo6740	e5321	r2	e789	foodon
fo6741	e5322	r2	e9013	foodon
fo6742	e9013	r2	e708	foodon
fo6743	e5323	r2	e9013	foodon
fo6744	e5324	r2	e1595	foodon
fo6745	e5325	r2	e2208	foodon
fo6746	e5326	r2	e508	foodon
fo6747	e5327	r2	e791	foodon
fo6748	e5328	r2	e9032	foodon
fo6749	e5329	r2	e1785	foodon
fo6750	e5330	r2	e390	foodon
fo6751	e5331	r2	e463	foodon
fo6752	e5332	r2	e124	foodon
fo6753	e5334	r2	e463	foodon
fo6754	e5335	r2	e1611	foodon
fo6755	e5335	r2	e4107	foodon
fo6756	e5337	r2	e678	foodon
fo6757	e5338	r2	e3721	foodon
fo6758	e5339	r2	e788	foodon
fo6759	e5340	r2	e680	foodon
fo6760	e5340	r2	e1015	foodon
fo6761	e5341	r2	e789	foodon
fo6762	e5342	r2	e5990	foodon
fo6763	e5990	r2	e347	foodon
fo6764	e5990	r2	e6036	foodon
fo6765	e6036	r2	e9032	foodon
fo6766	e5343	r2	e5667	foodon
fo6767	e5343	r2	e5991	foodon
fo6768	e5991	r2	e656	foodon
fo6769	e5991	r2	e6036	foodon
fo6770	e5667	r2	e6036	foodon
fo6771	e5345	r2	e8842	foodon
fo6772	e5346	r2	e167	foodon
fo6773	e5347	r2	e4247	foodon
fo6774	e5348	r2	e4247	foodon
fo6775	e5349	r2	e832	foodon
fo6776	e5351	r2	e433	foodon
fo6777	e5352	r2	e433	foodon
fo6778	e5352	r2	e446	foodon
fo6779	e5353	r2	e5359	foodon
fo6780	e5354	r2	e830	foodon
fo6781	e5355	r2	e4247	foodon
fo6782	e5356	r2	e17	foodon
fo6783	e5357	r2	e433	foodon
fo6784	e5358	r2	e4289	foodon
fo6785	e5360	r2	e1639	foodon
fo6786	e5361	r2	e1281	foodon
fo6787	e5362	r2	e644	foodon
fo6788	e5363	r2	e4259	foodon
fo6789	e5364	r2	e3595	foodon
fo6790	e5365	r2	e642	foodon
fo6791	e5366	r2	e596	foodon
fo6792	e5367	r2	e421	foodon
fo6793	e5368	r2	e1015	foodon
fo6794	e5368	r2	e4197	foodon
fo6795	e5369	r2	e1680	foodon
fo6796	e5370	r2	e608	foodon
fo6797	e5371	r2	e463	foodon
fo6798	e5372	r2	e5829	foodon
fo6799	e5373	r2	e206	foodon
fo6800	e5374	r2	e503	foodon
fo6801	e5375	r2	e510	foodon
fo6802	e5376	r2	e255	foodon
fo6803	e5377	r2	e481	foodon
fo6804	e5378	r2	e9032	foodon
fo6805	e5379	r2	e3611	foodon
fo6806	e5380	r2	e1633	foodon
fo6807	e5381	r2	e1168	foodon
fo6808	e5381	r2	e4107	foodon
fo6809	e5382	r2	e1696	foodon
fo6810	e5383	r2	e1015	foodon
fo6811	e5383	r2	e3611	foodon
fo6812	e5384	r2	e132	foodon
fo6813	e5385	r2	e663	foodon
fo6814	e5386	r2	e536	foodon
fo6815	e5387	r2	e1553	foodon
fo6816	e5387	r2	e1817	foodon
fo6817	e5388	r2	e87	foodon
fo6818	e5388	r2	e799	foodon
fo6819	e5389	r2	e44	foodon
fo6820	e5390	r2	e43	foodon
fo6821	e5391	r2	e43	foodon
fo6822	e5392	r2	e2717	foodon
fo6823	e5393	r2	e2028	foodon
fo6824	e5394	r2	e2028	foodon
fo6825	e5395	r2	e3060	foodon
fo6826	e5397	r2	e250	foodon
fo6827	e5398	r2	e194	foodon
fo6828	e5399	r2	e912	foodon
fo6829	e5400	r2	e9065	foodon
fo6830	e9065	r2	e8842	foodon
fo6831	e5401	r2	e3607	foodon
fo6832	e5402	r2	e382	foodon
fo6833	e5403	r2	e642	foodon
fo6834	e5403	r2	e1015	foodon
fo6835	e5404	r2	e642	foodon
fo6836	e5406	r2	e3955	foodon
fo6837	e5407	r2	e3607	foodon
fo6838	e5408	r2	e4289	foodon
fo6839	e5409	r2	e433	foodon
fo6840	e5410	r2	e463	foodon
fo6841	e5411	r2	e5359	foodon
fo6842	e5412	r2	e433	foodon
fo6843	e5413	r2	e4247	foodon
fo6844	e5414	r2	e8289	foodon
fo6845	e5415	r2	e3572	foodon
fo6846	e5416	r2	e439	foodon
fo6847	e5418	r2	e4446	foodon
fo6848	e5419	r2	e4371	foodon
fo6849	e5420	r2	e498	foodon
fo6850	e5421	r2	e5261	foodon
fo6851	e5422	r2	e893	foodon
fo6852	e5423	r2	e166	foodon
fo6853	e5424	r2	e166	foodon
fo6854	e5425	r2	e811	foodon
fo6855	e5426	r2	e4606	foodon
fo6856	e5427	r2	e93	foodon
fo6857	e5428	r2	e5965	foodon
fo6858	e5965	r2	e463	foodon
fo6859	e5429	r2	e788	foodon
fo6860	e5430	r2	e888	foodon
fo6861	e5431	r2	e889	foodon
fo6862	e5432	r2	e520	foodon
fo6863	e5433	r2	e802	foodon
fo6864	e5434	r2	e538	foodon
fo6865	e5435	r2	e464	foodon
fo6866	e5436	r2	e6407	foodon
fo6867	e6407	r2	e463	foodon
fo6868	e5437	r2	e1087	foodon
fo6869	e5438	r2	e48	foodon
fo6870	e5439	r2	e553	foodon
fo6871	e5441	r2	e9594	foodon
fo6872	e5442	r2	e139	foodon
fo6873	e5443	r2	e9594	foodon
fo6874	e5444	r2	e176	foodon
fo6875	e5445	r2	e553	foodon
fo6876	e5446	r2	e1061	foodon
fo6877	e5447	r2	e538	foodon
fo6878	e5448	r2	e761	foodon
fo6879	e5450	r2	e1737	foodon
fo6880	e5451	r2	e783	foodon
fo6881	e5454	r2	e433	foodon
fo6882	e5455	r2	e751	foodon
fo6883	e5456	r2	e1176	foodon
fo6884	e5457	r2	e133	foodon
fo6885	e5458	r2	e167	foodon
fo6886	e5459	r2	e167	foodon
fo6887	e5460	r2	e886	foodon
fo6888	e5461	r2	e167	foodon
fo6889	e5462	r2	e886	foodon
fo6890	e5463	r2	e167	foodon
fo6891	e5464	r2	e886	foodon
fo6892	e5465	r2	e886	foodon
fo6893	e5466	r2	e19	foodon
fo6894	e5466	r2	e167	foodon
fo6895	e5467	r2	e1228	foodon
fo6896	e5468	r2	e1228	foodon
fo6897	e5469	r2	e1653	foodon
fo6898	e5470	r2	e783	foodon
fo6899	e5472	r2	e1734	foodon
fo6900	e5473	r2	e5770	foodon
fo6901	e5474	r2	e527	foodon
fo6902	e5475	r2	e3970	foodon
fo6903	e5476	r2	e1323	foodon
fo6904	e5477	r2	e1049	foodon
fo6905	e5478	r2	e924	foodon
fo6906	e5478	r2	e5933	foodon
fo6907	e5933	r2	e9054	foodon
fo6908	e5479	r2	e924	foodon
fo6909	e5480	r2	e564	foodon
fo6910	e5481	r2	e924	foodon
fo6911	e5482	r2	e86	foodon
fo6912	e5482	r2	e3841	foodon
fo6913	e5483	r2	e8224	foodon
fo6914	e5484	r2	e8960	foodon
fo6915	e8960	r2	e260	foodon
fo6916	e5485	r2	e9196	foodon
fo6917	e9196	r2	e225	foodon
fo6918	e5486	r2	e467	foodon
fo6919	e5487	r2	e1009	foodon
fo6920	e5488	r2	e7999	foodon
fo6921	e5490	r2	e745	foodon
fo6922	e5491	r2	e4169	foodon
fo6923	e5492	r2	e4169	foodon
fo6924	e5493	r2	e5160	foodon
fo6925	e5494	r2	e1032	foodon
fo6926	e5495	r2	e8599	foodon
fo6927	e5496	r2	e300	foodon
fo6928	e5497	r2	e544	foodon
fo6929	e5498	r2	e2203	foodon
fo6930	e5499	r2	e2203	foodon
fo6931	e5500	r2	e6964	foodon
fo6932	e5501	r2	e3812	foodon
fo6933	e5502	r2	e167	foodon
fo6934	e5503	r2	e7706	foodon
fo6935	e5504	r2	e7706	foodon
fo6936	e5505	r2	e167	foodon
fo6937	e5506	r2	e7706	foodon
fo6938	e5507	r2	e3755	foodon
fo6939	e5508	r2	e167	foodon
fo6940	e5509	r2	e6110	foodon
fo6941	e6110	r2	e1339	foodon
fo6942	e5510	r2	e7897	foodon
fo6943	e5511	r2	e7897	foodon
fo6944	e5512	r2	e7897	foodon
fo6945	e5513	r2	e553	foodon
fo6946	e5514	r2	e553	foodon
fo6947	e5515	r2	e44	foodon
fo6948	e5517	r2	e390	foodon
fo6949	e5518	r2	e463	foodon
fo6950	e5519	r2	e6	foodon
fo6951	e5520	r2	e3737	foodon
fo6952	e5522	r2	e48	foodon
fo6953	e5523	r2	e48	foodon
fo6954	e5524	r2	e48	foodon
fo6955	e5526	r2	e311	foodon
fo6956	e5526	r2	e6036	foodon
fo6957	e5527	r2	e4169	foodon
fo6958	e5528	r2	e752	foodon
fo6959	e5529	r2	e9592	foodon
fo6960	e5530	r2	e745	foodon
fo6961	e5531	r2	e745	foodon
fo6962	e5532	r2	e791	foodon
fo6963	e5533	r2	e828	foodon
fo6964	e5534	r2	e895	foodon
fo6965	e5535	r2	e171	foodon
fo6966	e5536	r2	e311	foodon
fo6967	e5537	r2	e5872	foodon
fo6968	e5872	r2	e9064	foodon
fo6969	e5538	r2	e365	foodon
fo6970	e5539	r2	e490	foodon
fo6971	e5540	r2	e4105	foodon
fo6972	e5541	r2	e251	foodon
fo6973	e5542	r2	e757	foodon
fo6974	e5543	r2	e747	foodon
fo6975	e5544	r2	e708	foodon
fo6976	e5545	r2	e1008	foodon
fo6977	e5546	r2	e5054	foodon
fo6978	e5547	r2	e524	foodon
fo6979	e5549	r2	e710	foodon
fo6980	e5550	r2	e146	foodon
fo6981	e5551	r2	e61	foodon
fo6982	e5552	r2	e95	foodon
fo6983	e5553	r2	e61	foodon
fo6984	e5554	r2	e5417	foodon
fo6985	e5555	r2	e3954	foodon
fo6986	e5556	r2	e855	foodon
fo6987	e5557	r2	e3721	foodon
fo6988	e5558	r2	e595	foodon
fo6989	e5559	r2	e609	foodon
fo6990	e5560	r2	e807	foodon
fo6991	e5561	r2	e132	foodon
fo6992	e5561	r2	e580	foodon
fo6993	e5562	r2	e807	foodon
fo6994	e5563	r2	e710	foodon
fo6995	e5564	r2	e132	foodon
fo6996	e5564	r2	e723	foodon
fo6997	e5565	r2	e2203	foodon
fo6998	e5566	r2	e631	foodon
fo6999	e5567	r2	e831	foodon
fo7000	e5568	r2	e524	foodon
fo7001	e5569	r2	e807	foodon
fo7002	e5570	r2	e609	foodon
fo7003	e5571	r2	e524	foodon
fo7004	e5572	r2	e5770	foodon
fo7005	e5573	r2	e8855	foodon
fo7006	e8855	r2	e1706	foodon
fo7007	e5574	r2	e5758	foodon
fo7008	e5575	r2	e647	foodon
fo7009	e5575	r2	e648	foodon
fo7010	e5576	r2	e3604	foodon
fo7011	e5577	r2	e1407	foodon
fo7012	e5578	r2	e556	foodon
fo7013	e5579	r2	e316	foodon
fo7014	e5580	r2	e206	foodon
fo7015	e5581	r2	e657	foodon
fo7016	e5582	r2	e3610	foodon
fo7017	e5583	r2	e3812	foodon
fo7018	e5584	r2	e3812	foodon
fo7019	e5585	r2	e3812	foodon
fo7020	e5586	r2	e3812	foodon
fo7021	e5587	r2	e3812	foodon
fo7022	e5588	r2	e2203	foodon
fo7023	e5589	r2	e554	foodon
fo7024	e5590	r2	e3812	foodon
fo7025	e5591	r2	e498	foodon
fo7026	e5592	r2	e5521	foodon
fo7027	e5593	r2	e3812	foodon
fo7028	e5594	r2	e517	foodon
fo7029	e5594	r2	e2923	foodon
fo7030	e5596	r2	e468	foodon
fo7031	e5597	r2	e59	foodon
fo7032	e5598	r2	e10	foodon
fo7033	e5599	r2	e159	foodon
fo7034	e5600	r2	e8132	foodon
fo7035	e5601	r2	e5597	foodon
fo7036	e5602	r2	e3726	foodon
fo7037	e5603	r2	e504	foodon
fo7038	e5604	r2	e44	foodon
fo7039	e5605	r2	e44	foodon
fo7040	e5606	r2	e796	foodon
fo7041	e5607	r2	e5974	foodon
fo7042	e5608	r2	e179	foodon
fo7043	e5609	r2	e468	foodon
fo7044	e5610	r2	e3812	foodon
fo7045	e5611	r2	e48	foodon
fo7046	e5612	r2	e2203	foodon
fo7047	e5613	r2	e3812	foodon
fo7048	e5614	r2	e3812	foodon
fo7049	e5615	r2	e3812	foodon
fo7050	e5616	r2	e1481	foodon
fo7051	e5616	r2	e5368	foodon
fo7052	e5617	r2	e3812	foodon
fo7053	e5618	r2	e3812	foodon
fo7054	e5619	r2	e3812	foodon
fo7055	e5620	r2	e556	foodon
fo7056	e5621	r2	e556	foodon
fo7057	e5622	r2	e556	foodon
fo7058	e5623	r2	e722	foodon
fo7059	e5624	r2	e503	foodon
fo7060	e5625	r2	e5168	foodon
fo7061	e5626	r2	e207	foodon
fo7062	e5626	r2	e325	foodon
fo7063	e5627	r2	e503	foodon
fo7064	e5628	r2	e365	foodon
fo7065	e5629	r2	e1217	foodon
fo7066	e5630	r2	e868	foodon
fo7067	e5631	r2	e316	foodon
fo7068	e5632	r2	e503	foodon
fo7069	e5633	r2	e5168	foodon
fo7070	e5634	r2	e4025	foodon
fo7071	e5635	r2	e503	foodon
fo7072	e5636	r2	e503	foodon
fo7073	e5637	r2	e503	foodon
fo7074	e5638	r2	e503	foodon
fo7075	e5639	r2	e5637	foodon
fo7076	e5640	r2	e5168	foodon
fo7077	e5641	r2	e4025	foodon
fo7078	e5642	r2	e503	foodon
fo7079	e5643	r2	e159	foodon
fo7080	e5644	r2	e503	foodon
fo7081	e5645	r2	e503	foodon
fo7082	e5646	r2	e503	foodon
fo7083	e5647	r2	e503	foodon
fo7084	e5648	r2	e503	foodon
fo7085	e5649	r2	e503	foodon
fo7086	e5650	r2	e5168	foodon
fo7087	e5651	r2	e7754	foodon
fo7088	e7754	r2	e207	foodon
fo7089	e5652	r2	e556	foodon
fo7090	e5653	r2	e5839	foodon
fo7091	e5654	r2	e7754	foodon
fo7092	e5655	r2	e5839	foodon
fo7093	e5656	r2	e207	foodon
fo7094	e5657	r2	e4220	foodon
fo7095	e5658	r2	e6	foodon
fo7096	e5659	r2	e6	foodon
fo7097	e5660	r2	e5662	foodon
fo7098	e5661	r2	e5662	foodon
fo7099	e5663	r2	e59	foodon
fo7100	e5664	r2	e4310	foodon
fo7101	e5665	r2	e4310	foodon
fo7102	e5666	r2	e566	foodon
fo7103	e5668	r2	e527	foodon
fo7104	e5669	r2	e630	foodon
fo7105	e5670	r2	e903	foodon
fo7106	e5670	r2	e4197	foodon
fo7107	e5671	r2	e582	foodon
fo7108	e5673	r2	e821	foodon
fo7109	e5674	r2	e706	foodon
fo7110	e5675	r2	e5384	foodon
fo7111	e5676	r2	e8477	foodon
fo7112	e8477	r2	e3737	foodon
fo7113	e5677	r2	e5662	foodon
fo7114	e5678	r2	e8464	foodon
fo7115	e5679	r2	e5659	foodon
fo7116	e5680	r2	e6	foodon
fo7117	e5681	r2	e142	foodon
fo7118	e5682	r2	e3607	foodon
fo7119	e5683	r2	e3604	foodon
fo7120	e5684	r2	e5659	foodon
fo7121	e5685	r2	e5662	foodon
fo7122	e5686	r2	e3933	foodon
fo7123	e5687	r2	e697	foodon
fo7124	e5688	r2	e4221	foodon
fo7125	e5689	r2	e632	foodon
fo7126	e5690	r2	e595	foodon
fo7127	e5691	r2	e6	foodon
fo7128	e5692	r2	e4220	foodon
fo7129	e5693	r2	e5662	foodon
fo7130	e5694	r2	e8464	foodon
fo7131	e5695	r2	e4041	foodon
fo7132	e5696	r2	e448	foodon
fo7133	e5697	r2	e570	foodon
fo7134	e5698	r2	e570	foodon
fo7135	e5699	r2	e570	foodon
fo7136	e5700	r2	e176	foodon
fo7137	e5702	r2	e48	foodon
fo7138	e5703	r2	e343	foodon
fo7139	e5704	r2	e7706	foodon
fo7140	e5705	r2	e4606	foodon
fo7141	e5706	r2	e678	foodon
fo7142	e5707	r2	e9540	foodon
fo7143	e9540	r2	e487	foodon
fo7144	e5708	r2	e889	foodon
fo7145	e5709	r2	e545	foodon
fo7146	e5710	r2	e194	foodon
fo7147	e5711	r2	e9337	foodon
fo7148	e9337	r2	e176	foodon
fo7149	e5712	r2	e5637	foodon
fo7150	e5713	r2	e503	foodon
fo7151	e5714	r2	e4025	foodon
fo7152	e5715	r2	e783	foodon
fo7153	e5716	r2	e3658	foodon
fo7154	e5717	r2	e883	foodon
fo7155	e5718	r2	e539	foodon
fo7156	e5719	r2	e398	foodon
fo7157	e5720	r2	e682	foodon
fo7158	e5721	r2	e519	foodon
fo7159	e5722	r2	e146	foodon
fo7160	e5724	r2	e1558	foodon
fo7161	e5725	r2	e582	foodon
fo7162	e5725	r2	e583	foodon
fo7163	e5726	r2	e582	foodon
fo7164	e5726	r2	e583	foodon
fo7165	e5727	r2	e444	foodon
fo7166	e5728	r2	e582	foodon
fo7167	e5729	r2	e582	foodon
fo7168	e5730	r2	e582	foodon
fo7169	e5731	r2	e4227	foodon
fo7170	e5732	r2	e582	foodon
fo7171	e5733	r2	e582	foodon
fo7172	e5734	r2	e582	foodon
fo7173	e5736	r2	e6155	foodon
fo7174	e5737	r2	e1529	foodon
fo7175	e5738	r2	e578	foodon
fo7176	e5739	r2	e1014	foodon
fo7177	e5739	r2	e3923	foodon
fo7178	e5739	r2	e8133	foodon
fo7179	e5740	r2	e582	foodon
fo7180	e5741	r2	e410	foodon
fo7181	e5742	r2	e410	foodon
fo7182	e5743	r2	e654	foodon
fo7183	e5744	r2	e121	foodon
fo7184	e5745	r2	e1794	foodon
fo7185	e5745	r2	e3820	foodon
fo7186	e5745	r2	e8805	foodon
fo7187	e5746	r2	e1228	foodon
fo7188	e5747	r2	e1407	foodon
fo7189	e5748	r2	e462	foodon
fo7190	e5749	r2	e336	foodon
fo7191	e5749	r2	e4229	foodon
fo7192	e5750	r2	e3954	foodon
fo7193	e5751	r2	e5758	foodon
fo7194	e5752	r2	e710	foodon
fo7195	e5753	r2	e5770	foodon
fo7196	e5754	r2	e5770	foodon
fo7197	e5755	r2	e463	foodon
fo7198	e5756	r2	e159	foodon
fo7199	e5757	r2	e524	foodon
fo7200	e5759	r2	e132	foodon
fo7201	e5759	r2	e464	foodon
fo7202	e5760	r2	e463	foodon
fo7203	e5761	r2	e508	foodon
fo7204	e5762	r2	e710	foodon
fo7205	e5763	r2	e609	foodon
fo7206	e5764	r2	e61	foodon
fo7207	e5765	r2	e5770	foodon
fo7208	e5766	r2	e4193	foodon
fo7209	e5767	r2	e609	foodon
fo7210	e5768	r2	e5770	foodon
fo7211	e5769	r2	e3737	foodon
fo7212	e5771	r2	e336	foodon
fo7213	e5772	r2	e3737	foodon
fo7214	e5773	r2	e524	foodon
fo7215	e5774	r2	e7706	foodon
fo7216	e5775	r2	e3954	foodon
fo7217	e5777	r2	e5142	foodon
fo7218	e5778	r2	e5417	foodon
fo7219	e5779	r2	e576	foodon
fo7220	e5780	r2	e682	foodon
fo7221	e5781	r2	e6155	foodon
fo7222	e5782	r2	e163	foodon
fo7223	e5782	r2	e922	foodon
fo7224	e5783	r2	e4329	foodon
fo7225	e5784	r2	e1802	foodon
fo7226	e5785	r2	e3721	foodon
fo7227	e5786	r2	e2078	foodon
fo7228	e5786	r2	e4393	foodon
fo7229	e5787	r2	e600	foodon
fo7230	e5788	r2	e678	foodon
fo7231	e5789	r2	e300	foodon
fo7232	e5790	r2	e1838	foodon
fo7233	e5791	r2	e4154	foodon
fo7234	e5792	r2	e682	foodon
fo7235	e5793	r2	e919	foodon
fo7236	e5793	r2	e3934	foodon
fo7237	e5794	r2	e8289	foodon
fo7238	e5795	r2	e3822	foodon
fo7239	e5795	r2	e9343	foodon
fo7240	e5796	r2	e5240	foodon
fo7241	e5797	r2	e7706	foodon
fo7242	e5798	r2	e424	foodon
fo7243	e5799	r2	e596	foodon
fo7244	e5800	r2	e470	foodon
fo7245	e5801	r2	e161	foodon
fo7246	e5802	r2	e4041	foodon
fo7247	e5803	r2	e4282	foodon
fo7248	e5804	r2	e590	foodon
fo7249	e5805	r2	e6155	foodon
fo7250	e5806	r2	e44	foodon
fo7251	e5806	r2	e2668	foodon
fo7252	e5807	r2	e5821	foodon
fo7253	e5821	r2	e590	foodon
fo7254	e5808	r2	e5821	foodon
fo7255	e5809	r2	e319	foodon
fo7256	e5810	r2	e5366	foodon
fo7257	e5811	r2	e10	foodon
fo7258	e5812	r2	e251	foodon
fo7259	e5813	r2	e3934	foodon
fo7260	e5814	r2	e259	foodon
fo7261	e5815	r2	e616	foodon
fo7262	e5816	r2	e11	foodon
fo7263	e5818	r2	e9707	foodon
fo7264	e5819	r2	e5821	foodon
fo7265	e5820	r2	e5821	foodon
fo7266	e5822	r2	e630	foodon
fo7267	e5823	r2	e159	foodon
fo7268	e5824	r2	e15	foodon
fo7269	e5825	r2	e797	foodon
fo7270	e5826	r2	e209	foodon
fo7271	e5827	r2	e209	foodon
fo7272	e5828	r2	e159	foodon
fo7273	e5830	r2	e906	foodon
fo7274	e5831	r2	e3611	foodon
fo7275	e5832	r2	e3611	foodon
fo7276	e5833	r2	e831	foodon
fo7277	e5834	r2	e7688	foodon
fo7278	e5835	r2	e511	foodon
fo7279	e5836	r2	e556	foodon
fo7280	e5837	r2	e5839	foodon
fo7281	e5838	r2	e633	foodon
fo7282	e5840	r2	e725	foodon
fo7283	e5841	r2	e725	foodon
fo7284	e5842	r2	e5839	foodon
fo7285	e5843	r2	e633	foodon
fo7286	e5844	r2	e633	foodon
fo7287	e5845	r2	e312	foodon
fo7288	e5846	r2	e511	foodon
fo7289	e5847	r2	e4027	foodon
fo7290	e5848	r2	e581	foodon
fo7291	e5849	r2	e581	foodon
fo7292	e5850	r2	e888	foodon
fo7293	e5850	r2	e8714	foodon
fo7294	e8714	r2	e206	foodon
fo7295	e5851	r2	e633	foodon
fo7296	e5852	r2	e4027	foodon
fo7297	e5853	r2	e316	foodon
fo7298	e5854	r2	e316	foodon
fo7299	e5855	r2	e527	foodon
fo7300	e5856	r2	e556	foodon
fo7301	e5857	r2	e556	foodon
fo7302	e5858	r2	e633	foodon
fo7303	e5859	r2	e633	foodon
fo7304	e5860	r2	e633	foodon
fo7305	e5861	r2	e43	foodon
fo7306	e5861	r2	e8036	foodon
fo7307	e5862	r2	e133	foodon
fo7308	e5863	r2	e780	foodon
fo7309	e5864	r2	e41	foodon
fo7310	e5865	r2	e924	foodon
fo7311	e5866	r2	e1256	foodon
fo7312	e5867	r2	e10	foodon
fo7313	e5868	r2	e491	foodon
fo7314	e5869	r2	e789	foodon
fo7315	e5870	r2	e462	foodon
fo7316	e5873	r2	e924	foodon
fo7317	e5874	r2	e377	foodon
fo7318	e5875	r2	e44	foodon
fo7319	e5876	r2	e798	foodon
fo7320	e5877	r2	e754	foodon
fo7321	e5878	r2	e491	foodon
fo7322	e5879	r2	e9054	foodon
fo7323	e5880	r2	e545	foodon
fo7324	e5881	r2	e10	foodon
fo7325	e5882	r2	e360	foodon
fo7326	e5883	r2	e729	foodon
fo7327	e5883	r2	e5871	foodon
fo7328	e5884	r2	e3073	foodon
fo7329	e5885	r2	e1176	foodon
fo7330	e5886	r2	e874	foodon
fo7331	e5886	r2	e5890	foodon
fo7332	e5890	r2	e457	foodon
fo7333	e5890	r2	e5871	foodon
fo7334	e5887	r2	e457	foodon
fo7335	e5887	r2	e729	foodon
fo7336	e5888	r2	e882	foodon
fo7337	e5889	r2	e360	foodon
fo7338	e5891	r2	e457	foodon
fo7339	e5891	r2	e4993	foodon
fo7340	e5892	r2	e457	foodon
fo7341	e5893	r2	e254	foodon
fo7342	e5894	r2	e716	foodon
fo7343	e5895	r2	e457	foodon
fo7344	e5896	r2	e716	foodon
fo7345	e5897	r2	e360	foodon
fo7346	e5898	r2	e10	foodon
fo7347	e5899	r2	e10	foodon
fo7348	e5900	r2	e1176	foodon
fo7349	e5901	r2	e457	foodon
fo7350	e5901	r2	e7906	foodon
fo7351	e7906	r2	e9054	foodon
fo7352	e5902	r2	e360	foodon
fo7353	e5903	r2	e998	foodon
fo7354	e5904	r2	e716	foodon
fo7355	e5905	r2	e564	foodon
fo7356	e5906	r2	e10	foodon
fo7357	e5907	r2	e615	foodon
fo7358	e5908	r2	e615	foodon
fo7359	e5909	r2	e728	foodon
fo7360	e5910	r2	e309	foodon
fo7361	e5911	r2	e8036	foodon
fo7362	e5912	r2	e636	foodon
fo7363	e5913	r2	e706	foodon
fo7364	e5914	r2	e5974	foodon
fo7365	e5915	r2	e1622	foodon
fo7366	e5916	r2	e786	foodon
fo7367	e5917	r2	e1947	foodon
fo7368	e5918	r2	e4558	foodon
fo7369	e5919	r2	e4558	foodon
fo7370	e5920	r2	e1196	foodon
fo7371	e5921	r2	e6155	foodon
fo7372	e5922	r2	e625	foodon
fo7373	e5923	r2	e630	foodon
fo7374	e5924	r2	e615	foodon
fo7375	e5925	r2	e3742	foodon
fo7376	e5926	r2	e9982	foodon
fo7377	e9982	r2	e1544	foodon
fo7378	e5927	r2	e10000	foodon
fo7379	e10000	r2	e3515	foodon
fo7380	e5928	r2	e3791	foodon
fo7381	e5929	r2	e3742	foodon
fo7382	e5930	r2	e315	foodon
fo7383	e5931	r2	e674	foodon
fo7384	e5934	r2	e510	foodon
fo7385	e5935	r2	e723	foodon
fo7386	e5936	r2	e338	foodon
fo7387	e5937	r2	e4351	foodon
fo7388	e5938	r2	e4351	foodon
fo7389	e5939	r2	e1126	foodon
fo7390	e5940	r2	e683	foodon
fo7391	e5941	r2	e9305	foodon
fo7392	e5942	r2	e636	foodon
fo7393	e5943	r2	e250	foodon
fo7394	e5944	r2	e117	foodon
fo7395	e5945	r2	e5449	foodon
fo7396	e5946	r2	e791	foodon
fo7397	e5947	r2	e5449	foodon
fo7398	e5949	r2	e431	foodon
fo7399	e5950	r2	e328	foodon
fo7400	e5951	r2	e430	foodon
fo7401	e5952	r2	e58	foodon
fo7402	e5953	r2	e660	foodon
fo7403	e5954	r2	e406	foodon
fo7404	e5954	r2	e3756	foodon
fo7405	e5955	r2	e1694	foodon
fo7406	e5955	r2	e3756	foodon
fo7407	e5956	r2	e789	foodon
fo7408	e5957	r2	e5925	foodon
fo7409	e5958	r2	e618	foodon
fo7410	e5958	r2	e1015	foodon
fo7411	e5959	r2	e618	foodon
fo7412	e5959	r2	e1015	foodon
fo7413	e5960	r2	e463	foodon
fo7414	e5961	r2	e618	foodon
fo7415	e5961	r2	e1015	foodon
fo7416	e5962	r2	e618	foodon
fo7417	e5962	r2	e1015	foodon
fo7418	e5963	r2	e48	foodon
fo7419	e5964	r2	e463	foodon
fo7420	e5966	r2	e830	foodon
fo7421	e5967	r2	e468	foodon
fo7422	e5969	r2	e693	foodon
fo7423	e5970	r2	e508	foodon
fo7424	e5971	r2	e468	foodon
fo7425	e5972	r2	e468	foodon
fo7426	e5973	r2	e468	foodon
fo7427	e5976	r2	e4351	foodon
fo7428	e5977	r2	e683	foodon
fo7429	e5978	r2	e4036	foodon
fo7430	e5979	r2	e592	foodon
fo7431	e5980	r2	e4351	foodon
fo7432	e5981	r2	e439	foodon
fo7433	e5982	r2	e1104	foodon
fo7434	e5983	r2	e125	foodon
fo7435	e5984	r2	e821	foodon
fo7436	e5985	r2	e149	foodon
fo7437	e5985	r2	e662	foodon
fo7438	e5986	r2	e4351	foodon
fo7439	e5987	r2	e5350	foodon
fo7440	e5988	r2	e5350	foodon
fo7441	e5992	r2	e504	foodon
fo7442	e5993	r2	e547	foodon
fo7443	e5994	r2	e630	foodon
fo7444	e5995	r2	e142	foodon
fo7445	e5996	r2	e3970	foodon
fo7446	e5997	r2	e9032	foodon
fo7447	e5998	r2	e903	foodon
fo7448	e5999	r2	e544	foodon
fo7449	e6000	r2	e179	foodon
fo7450	e6001	r2	e333	foodon
fo7451	e6002	r2	e1644	foodon
fo7452	e6003	r2	e1642	foodon
fo7453	e6004	r2	e3917	foodon
fo7454	e6005	r2	e6155	foodon
fo7455	e6006	r2	e223	foodon
fo7456	e6007	r2	e678	foodon
fo7457	e6007	r2	e6036	foodon
fo7458	e6008	r2	e829	foodon
fo7459	e6009	r2	e678	foodon
fo7460	e6010	r2	e4197	foodon
fo7461	e6011	r2	e711	foodon
fo7462	e6012	r2	e791	foodon
fo7463	e6013	r2	e6076	foodon
fo7464	e6076	r2	e5	foodon
fo7465	e6014	r2	e724	foodon
fo7466	e6015	r2	e671	foodon
fo7467	e6016	r2	e1563	foodon
fo7468	e6017	r2	e670	foodon
fo7469	e6018	r2	e548	foodon
fo7470	e6019	r2	e547	foodon
fo7471	e6019	r2	e560	foodon
fo7472	e6020	r2	e1506	foodon
fo7473	e6021	r2	e317	foodon
fo7474	e6022	r2	e1767	foodon
fo7475	e6023	r2	e341	foodon
fo7476	e6024	r2	e1814	foodon
fo7477	e6025	r2	e909	foodon
fo7478	e6026	r2	e106	foodon
fo7479	e6027	r2	e6030	foodon
fo7480	e6030	r2	e448	foodon
fo7481	e6028	r2	e448	foodon
fo7482	e6029	r2	e449	foodon
fo7483	e6031	r2	e552	foodon
fo7484	e6032	r2	e504	foodon
fo7485	e6033	r2	e437	foodon
fo7486	e6035	r2	e858	foodon
fo7487	e6035	r2	e6037	foodon
fo7488	e6037	r2	e393	foodon
fo7489	e6037	r2	e9777	foodon
fo7490	e6038	r2	e437	foodon
fo7491	e6039	r2	e9777	foodon
fo7492	e6040	r2	e674	foodon
fo7493	e6041	r2	e504	foodon
fo7494	e6042	r2	e59	foodon
fo7495	e6043	r2	e674	foodon
fo7496	e6044	r2	e830	foodon
fo7497	e6045	r2	e5526	foodon
fo7498	e6045	r2	e5667	foodon
fo7499	e6046	r2	e437	foodon
fo7500	e6048	r2	e390	foodon
fo7501	e6049	r2	e674	foodon
fo7502	e6050	r2	e678	foodon
fo7503	e6051	r2	e678	foodon
fo7504	e6052	r2	e678	foodon
fo7505	e6053	r2	e809	foodon
fo7506	e6054	r2	e541	foodon
fo7507	e6054	r2	e4393	foodon
fo7508	e6055	r2	e541	foodon
fo7509	e6056	r2	e1050	foodon
fo7510	e6057	r2	e3723	foodon
fo7511	e6058	r2	e3723	foodon
fo7512	e6059	r2	e1746	foodon
fo7513	e6060	r2	e795	foodon
fo7514	e6060	r2	e6065	foodon
fo7515	e6065	r2	e5	foodon
fo7516	e6061	r2	e1795	foodon
fo7517	e6062	r2	e675	foodon
fo7518	e6063	r2	e6076	foodon
fo7519	e6064	r2	e5	foodon
fo7520	e6067	r2	e179	foodon
fo7521	e6068	r2	e1741	foodon
fo7522	e6070	r2	e1575	foodon
fo7523	e6070	r2	e4107	foodon
fo7524	e6071	r2	e924	foodon
fo7525	e6072	r2	e6065	foodon
fo7526	e6073	r2	e345	foodon
fo7527	e6074	r2	e924	foodon
fo7528	e6075	r2	e924	foodon
fo7529	e6077	r2	e468	foodon
fo7530	e6078	r2	e828	foodon
fo7531	e6079	r2	e828	foodon
fo7532	e6080	r2	e828	foodon
fo7533	e6081	r2	e7724	foodon
fo7534	e7724	r2	e9053	foodon
fo7535	e6082	r2	e1301	foodon
fo7536	e6083	r2	e1717	foodon
fo7537	e6084	r2	e463	foodon
fo7538	e6085	r2	e642	foodon
fo7539	e6086	r2	e5261	foodon
fo7540	e6087	r2	e644	foodon
fo7541	e6088	r2	e642	foodon
fo7542	e6088	r2	e1015	foodon
fo7543	e6089	r2	e1088	foodon
fo7544	e6090	r2	e642	foodon
fo7545	e6091	r2	e642	foodon
fo7546	e6092	r2	e642	foodon
fo7547	e6093	r2	e642	foodon
fo7548	e6093	r2	e1015	foodon
fo7549	e6094	r2	e1653	foodon
fo7550	e6095	r2	e643	foodon
fo7551	e6096	r2	e1084	foodon
fo7552	e6097	r2	e1087	foodon
fo7553	e6098	r2	e1087	foodon
fo7554	e6099	r2	e1088	foodon
fo7555	e6100	r2	e6110	foodon
fo7556	e6101	r2	e1339	foodon
fo7557	e6102	r2	e6110	foodon
fo7558	e6103	r2	e6131	foodon
fo7559	e6131	r2	e1339	foodon
fo7560	e6104	r2	e660	foodon
fo7561	e6105	r2	e6110	foodon
fo7562	e6106	r2	e6110	foodon
fo7563	e6107	r2	e6110	foodon
fo7564	e6108	r2	e6110	foodon
fo7565	e6109	r2	e6110	foodon
fo7566	e6111	r2	e140	foodon
fo7567	e6112	r2	e6110	foodon
fo7568	e6113	r2	e6110	foodon
fo7569	e6114	r2	e3761	foodon
fo7570	e6115	r2	e4041	foodon
fo7571	e6116	r2	e6110	foodon
fo7572	e6117	r2	e6131	foodon
fo7573	e6118	r2	e254	foodon
fo7574	e6119	r2	e780	foodon
fo7575	e6120	r2	e780	foodon
fo7576	e6121	r2	e4095	foodon
fo7577	e6122	r2	e254	foodon
fo7578	e6123	r2	e468	foodon
fo7579	e6124	r2	e468	foodon
fo7580	e6125	r2	e1688	foodon
fo7581	e6126	r2	e697	foodon
fo7582	e6129	r2	e375	foodon
fo7583	e6130	r2	e3761	foodon
fo7584	e6132	r2	e6131	foodon
fo7585	e6133	r2	e6110	foodon
fo7586	e6134	r2	e6110	foodon
fo7587	e6135	r2	e3761	foodon
fo7588	e6136	r2	e6110	foodon
fo7589	e6137	r2	e2068	foodon
fo7590	e6138	r2	e3761	foodon
fo7591	e6139	r2	e3740	foodon
fo7592	e6140	r2	e3740	foodon
fo7593	e6141	r2	e5117	foodon
fo7594	e6142	r2	e8855	foodon
fo7595	e6143	r2	e677	foodon
fo7596	e6144	r2	e677	foodon
fo7597	e6145	r2	e652	foodon
fo7598	e6146	r2	e678	foodon
fo7599	e6147	r2	e678	foodon
fo7600	e6148	r2	e678	foodon
fo7601	e6149	r2	e552	foodon
fo7602	e6150	r2	e820	foodon
fo7603	e6151	r2	e448	foodon
fo7604	e6152	r2	e448	foodon
fo7605	e6153	r2	e448	foodon
fo7606	e6154	r2	e59	foodon
fo7607	e6156	r2	e752	foodon
fo7608	e6156	r2	e9805	foodon
fo7609	e6157	r2	e6155	foodon
fo7610	e6158	r2	e6155	foodon
fo7611	e6159	r2	e176	foodon
fo7612	e6159	r2	e3554	foodon
fo7613	e6159	r2	e9613	foodon
fo7614	e9613	r2	e590	foodon
fo7615	e6160	r2	e6155	foodon
fo7616	e6161	r2	e6155	foodon
fo7617	e6162	r2	e6155	foodon
fo7618	e6163	r2	e6155	foodon
fo7619	e6164	r2	e6155	foodon
fo7620	e6165	r2	e6155	foodon
fo7621	e6166	r2	e6155	foodon
fo7622	e6167	r2	e5449	foodon
fo7623	e6168	r2	e350	foodon
fo7624	e6169	r2	e345	foodon
fo7625	e6170	r2	e838	foodon
fo7626	e6171	r2	e909	foodon
fo7627	e6172	r2	e556	foodon
fo7628	e6173	r2	e5373	foodon
fo7629	e6174	r2	e721	foodon
fo7630	e6175	r2	e394	foodon
fo7631	e6176	r2	e315	foodon
fo7632	e6177	r2	e678	foodon
fo7633	e6178	r2	e255	foodon
fo7634	e6179	r2	e421	foodon
fo7635	e6180	r2	e395	foodon
fo7636	e6181	r2	e9462	foodon
fo7637	e9462	r2	e395	foodon
fo7638	e6182	r2	e395	foodon
fo7639	e6183	r2	e3765	foodon
fo7640	e6184	r2	e3716	foodon
fo7641	e6185	r2	e924	foodon
fo7642	e6186	r2	e3921	foodon
fo7643	e6187	r2	e656	foodon
fo7644	e6188	r2	e656	foodon
fo7645	e6189	r2	e761	foodon
fo7646	e6190	r2	e3921	foodon
fo7647	e6191	r2	e656	foodon
fo7648	e6192	r2	e656	foodon
fo7649	e6193	r2	e415	foodon
fo7650	e6195	r2	e804	foodon
fo7651	e6196	r2	e695	foodon
fo7652	e6197	r2	e800	foodon
fo7653	e6197	r2	e995	foodon
fo7654	e6198	r2	e8894	foodon
fo7655	e6199	r2	e796	foodon
fo7656	e6200	r2	e796	foodon
fo7657	e6201	r2	e3823	foodon
fo7658	e6202	r2	e3823	foodon
fo7659	e6203	r2	e3823	foodon
fo7660	e6204	r2	e3823	foodon
fo7661	e6205	r2	e4041	foodon
fo7662	e6206	r2	e4041	foodon
fo7663	e6207	r2	e4041	foodon
fo7664	e6208	r2	e1088	foodon
fo7665	e6209	r2	e1088	foodon
fo7666	e6210	r2	e4041	foodon
fo7667	e6211	r2	e1479	foodon
fo7668	e6212	r2	e1084	foodon
fo7669	e6213	r2	e1087	foodon
fo7670	e6214	r2	e6962	foodon
fo7671	e6962	r2	e761	foodon
fo7672	e6215	r2	e747	foodon
fo7673	e6216	r2	e44	foodon
fo7674	e6217	r2	e4041	foodon
fo7675	e6218	r2	e4041	foodon
fo7676	e6219	r2	e743	foodon
fo7677	e6220	r2	e462	foodon
fo7678	e6221	r2	e8036	foodon
fo7679	e6223	r2	e8036	foodon
fo7680	e6224	r2	e738	foodon
fo7681	e6225	r2	e738	foodon
fo7682	e6226	r2	e738	foodon
fo7683	e6227	r2	e8036	foodon
fo7684	e6228	r2	e682	foodon
fo7685	e6229	r2	e8036	foodon
fo7686	e6230	r2	e256	foodon
fo7687	e6231	r2	e787	foodon
fo7688	e6232	r2	e9032	foodon
fo7689	e6233	r2	e300	foodon
fo7690	e6234	r2	e1407	foodon
fo7691	e6235	r2	e206	foodon
fo7692	e6236	r2	e787	foodon
fo7693	e6237	r2	e721	foodon
fo7694	e6238	r2	e631	foodon
fo7695	e6239	r2	e6254	foodon
fo7696	e6254	r2	e4274	foodon
fo7697	e6240	r2	e159	foodon
fo7698	e6240	r2	e525	foodon
fo7699	e6241	r2	e1553	foodon
fo7700	e6242	r2	e9590	foodon
fo7701	e6243	r2	e709	foodon
fo7702	e6244	r2	e709	foodon
fo7703	e6245	r2	e19	foodon
fo7704	e6245	r2	e8137	foodon
fo7705	e6246	r2	e19	foodon
fo7706	e6246	r2	e8137	foodon
fo7707	e6247	r2	e19	foodon
fo7708	e6247	r2	e8137	foodon
fo7709	e6248	r2	e711	foodon
fo7710	e6249	r2	e711	foodon
fo7711	e6250	r2	e5974	foodon
fo7712	e6251	r2	e468	foodon
fo7713	e6253	r2	e832	foodon
fo7714	e6255	r2	e523	foodon
fo7715	e6256	r2	e7754	foodon
fo7716	e6257	r2	e1468	foodon
fo7717	e6258	r2	e789	foodon
fo7718	e6259	r2	e3823	foodon
fo7719	e6260	r2	e1088	foodon
fo7720	e6262	r2	e1766	foodon
fo7721	e6263	r2	e6099	foodon
fo7722	e6263	r2	e7967	foodon
fo7723	e7967	r2	e1087	foodon
fo7724	e6264	r2	e8850	foodon
fo7725	e8850	r2	e796	foodon
fo7726	e6265	r2	e4303	foodon
fo7727	e6266	r2	e4041	foodon
fo7728	e6267	r2	e682	foodon
fo7729	e6268	r2	e544	foodon
fo7730	e6269	r2	e627	foodon
fo7731	e6270	r2	e9307	foodon
fo7732	e6271	r2	e532	foodon
fo7733	e6272	r2	e532	foodon
fo7734	e6273	r2	e6921	foodon
fo7735	e6274	r2	e805	foodon
fo7736	e6275	r2	e532	foodon
fo7737	e6276	r2	e6921	foodon
fo7738	e6277	r2	e627	foodon
fo7739	e6278	r2	e627	foodon
fo7740	e6279	r2	e6921	foodon
fo7741	e6280	r2	e532	foodon
fo7742	e6281	r2	e171	foodon
fo7743	e6282	r2	e2072	foodon
fo7744	e6283	r2	e2207	foodon
fo7745	e6283	r2	e8721	foodon
fo7746	e6284	r2	e2072	foodon
fo7747	e6285	r2	e736	foodon
fo7748	e6286	r2	e2072	foodon
fo7749	e6287	r2	e2072	foodon
fo7750	e6288	r2	e2072	foodon
fo7751	e6289	r2	e1470	foodon
fo7752	e6289	r2	e3625	foodon
fo7753	e6290	r2	e4274	foodon
fo7754	e6291	r2	e4025	foodon
fo7755	e6292	r2	e1735	foodon
fo7756	e6292	r2	e6257	foodon
fo7757	e6293	r2	e5373	foodon
fo7758	e6294	r2	e657	foodon
fo7759	e6295	r2	e5373	foodon
fo7760	e6296	r2	e4274	foodon
fo7761	e6297	r2	e1281	foodon
fo7762	e6298	r2	e4612	foodon
fo7763	e6299	r2	e444	foodon
fo7764	e6300	r2	e443	foodon
fo7765	e6301	r2	e536	foodon
fo7766	e6302	r2	e4248	foodon
fo7767	e6303	r2	e4844	foodon
fo7768	e6304	r2	e708	foodon
fo7769	e6305	r2	e251	foodon
fo7770	e6306	r2	e6304	foodon
fo7771	e6307	r2	e6304	foodon
fo7772	e6308	r2	e886	foodon
fo7773	e6309	r2	e886	foodon
fo7774	e6310	r2	e313	foodon
fo7775	e6311	r2	e19	foodon
fo7776	e6311	r2	e167	foodon
fo7777	e6312	r2	e159	foodon
fo7778	e6313	r2	e207	foodon
fo7779	e6314	r2	e159	foodon
fo7780	e6315	r2	e207	foodon
fo7781	e6316	r2	e372	foodon
fo7782	e6317	r2	e641	foodon
fo7783	e6318	r2	e682	foodon
fo7784	e6319	r2	e524	foodon
fo7785	e6320	r2	e468	foodon
fo7786	e6321	r2	e256	foodon
fo7787	e6322	r2	e256	foodon
fo7788	e6324	r2	e1087	foodon
fo7789	e6325	r2	e1079	foodon
fo7790	e6326	r2	e5240	foodon
fo7791	e6327	r2	e602	foodon
fo7792	e6328	r2	e702	foodon
fo7793	e6329	r2	e824	foodon
fo7794	e6330	r2	e824	foodon
fo7795	e6331	r2	e503	foodon
fo7796	e6332	r2	e5168	foodon
fo7797	e6333	r2	e822	foodon
fo7798	e6334	r2	e4108	foodon
fo7799	e6335	r2	e3812	foodon
fo7800	e6336	r2	e641	foodon
fo7801	e6338	r2	e1701	foodon
fo7802	e6339	r2	e1609	foodon
fo7803	e6340	r2	e658	foodon
fo7804	e6341	r2	e819	foodon
fo7805	e6342	r2	e653	foodon
fo7806	e6343	r2	e419	foodon
fo7807	e6344	r2	e4066	foodon
fo7808	e6346	r2	e1015	foodon
fo7809	e6347	r2	e9032	foodon
fo7810	e6348	r2	e1619	foodon
fo7811	e6349	r2	e3557	foodon
fo7812	e6350	r2	e229	foodon
fo7813	e6350	r2	e510	foodon
fo7814	e6351	r2	e832	foodon
fo7815	e6352	r2	e886	foodon
fo7816	e6353	r2	e390	foodon
fo7817	e6354	r2	e640	foodon
fo7818	e6355	r2	e6065	foodon
fo7819	e6356	r2	e345	foodon
fo7820	e6357	r2	e1008	foodon
fo7821	e6358	r2	e9949	foodon
fo7822	e6359	r2	e9949	foodon
fo7823	e6360	r2	e537	foodon
fo7824	e6361	r2	e3060	foodon
fo7825	e6362	r2	e1028	foodon
fo7826	e6363	r2	e537	foodon
fo7827	e6364	r2	e810	foodon
fo7828	e6365	r2	e9053	foodon
fo7829	e6366	r2	e842	foodon
fo7830	e6367	r2	e3645	foodon
fo7831	e6368	r2	e117	foodon
fo7832	e6369	r2	e117	foodon
fo7833	e6370	r2	e348	foodon
fo7834	e6371	r2	e131	foodon
fo7835	e6372	r2	e503	foodon
fo7836	e6373	r2	e824	foodon
fo7837	e6374	r2	e824	foodon
fo7838	e6375	r2	e824	foodon
fo7839	e6376	r2	e409	foodon
fo7840	e6376	r2	e3716	foodon
fo7841	e6377	r2	e437	foodon
fo7842	e6378	r2	e815	foodon
fo7843	e6379	r2	e1124	foodon
fo7844	e6380	r2	e544	foodon
fo7845	e6381	r2	e544	foodon
fo7846	e6382	r2	e526	foodon
fo7847	e6383	r2	e345	foodon
fo7848	e6384	r2	e526	foodon
fo7849	e6385	r2	e1032	foodon
fo7850	e6386	r2	e5261	foodon
fo7851	e6387	r2	e5261	foodon
fo7852	e6388	r2	e834	foodon
fo7853	e6389	r2	e3971	foodon
fo7854	e6390	r2	e259	foodon
fo7855	e6391	r2	e259	foodon
fo7856	e6392	r2	e4042	foodon
fo7857	e6393	r2	e676	foodon
fo7858	e6394	r2	e3661	foodon
fo7859	e6395	r2	e223	foodon
fo7860	e6396	r2	e3661	foodon
fo7861	e6397	r2	e259	foodon
fo7862	e6398	r2	e3971	foodon
fo7863	e6399	r2	e3971	foodon
fo7864	e6400	r2	e3971	foodon
fo7865	e6401	r2	e3971	foodon
fo7866	e6402	r2	e3971	foodon
fo7867	e6403	r2	e133	foodon
fo7868	e6404	r2	e133	foodon
fo7869	e6405	r2	e841	foodon
fo7870	e6406	r2	e747	foodon
fo7871	e6408	r2	e3820	foodon
fo7872	e6409	r2	e504	foodon
fo7873	e6410	r2	e250	foodon
fo7874	e6411	r2	e6413	foodon
fo7875	e6413	r2	e18	foodon
fo7876	e6412	r2	e18	foodon
fo7877	e6414	r2	e18	foodon
fo7878	e6415	r2	e500	foodon
fo7879	e6416	r2	e500	foodon
fo7880	e6417	r2	e548	foodon
fo7881	e6419	r2	e415	foodon
fo7882	e6420	r2	e728	foodon
fo7883	e6421	r2	e537	foodon
fo7884	e6422	r2	e371	foodon
fo7885	e6423	r2	e2908	foodon
fo7886	e6423	r2	e4169	foodon
fo7887	e6424	r2	e3855	foodon
fo7888	e6425	r2	e1365	foodon
fo7889	e6425	r2	e4938	foodon
fo7890	e6426	r2	e3840	foodon
fo7891	e6427	r2	e807	foodon
fo7892	e6428	r2	e3841	foodon
fo7893	e6429	r2	e566	foodon
fo7894	e6430	r2	e5359	foodon
fo7895	e6431	r2	e117	foodon
fo7896	e6432	r2	e117	foodon
fo7897	e6433	r2	e674	foodon
fo7898	e6434	r2	e430	foodon
fo7899	e6435	r2	e3737	foodon
fo7900	e6436	r2	e2202	foodon
fo7901	e6436	r2	e5948	foodon
fo7902	e6436	r2	e8764	foodon
fo7903	e8764	r2	e431	foodon
fo7904	e6437	r2	e117	foodon
fo7905	e6438	r2	e1365	foodon
fo7906	e6439	r2	e4169	foodon
fo7907	e6440	r2	e3857	foodon
fo7908	e6442	r2	e3665	foodon
fo7909	e6443	r2	e3716	foodon
fo7910	e6444	r2	e142	foodon
fo7911	e6445	r2	e146	foodon
fo7912	e6446	r2	e774	foodon
fo7913	e6447	r2	e4227	foodon
fo7914	e6448	r2	e682	foodon
fo7915	e6449	r2	e682	foodon
fo7916	e6450	r2	e4227	foodon
fo7917	e6451	r2	e621	foodon
fo7918	e6452	r2	e754	foodon
fo7919	e6453	r2	e628	foodon
fo7920	e6454	r2	e778	foodon
fo7921	e6455	r2	e711	foodon
fo7922	e6456	r2	e6111	foodon
fo7923	e6457	r2	e4542	foodon
fo7924	e6458	r2	e736	foodon
fo7925	e6459	r2	e1087	foodon
fo7926	e6460	r2	e3619	foodon
fo7927	e6461	r2	e159	foodon
fo7928	e6463	r2	e770	foodon
fo7929	e6464	r2	e397	foodon
fo7930	e6465	r2	e813	foodon
fo7931	e6466	r2	e397	foodon
fo7932	e6467	r2	e828	foodon
fo7933	e6468	r2	e9116	foodon
fo7934	e6469	r2	e682	foodon
fo7935	e6470	r2	e312	foodon
fo7936	e6471	r2	e906	foodon
fo7937	e6471	r2	e4074	foodon
fo7938	e6472	r2	e415	foodon
fo7939	e6473	r2	e9032	foodon
fo7940	e6474	r2	e8880	foodon
fo7941	e6475	r2	e501	foodon
fo7942	e6476	r2	e9032	foodon
fo7943	e6477	r2	e663	foodon
fo7944	e6478	r2	e8464	foodon
fo7945	e6479	r2	e906	foodon
fo7946	e6479	r2	e4090	foodon
fo7947	e6480	r2	e908	foodon
fo7948	e6481	r2	e4088	foodon
fo7949	e6482	r2	e1087	foodon
fo7950	e6483	r2	e1478	foodon
fo7951	e6484	r2	e1324	foodon
fo7952	e6485	r2	e504	foodon
fo7953	e6486	r2	e522	foodon
fo7954	e6488	r2	e220	foodon
fo7955	e6489	r2	e654	foodon
fo7956	e6490	r2	e702	foodon
fo7957	e6491	r2	e8918	foodon
fo7958	e6492	r2	e5142	foodon
fo7959	e6493	r2	e8805	foodon
fo7960	e6494	r2	e3872	foodon
fo7961	e6495	r2	e3941	foodon
fo7962	e6496	r2	e4479	foodon
fo7963	e6497	r2	e687	foodon
fo7964	e6498	r2	e764	foodon
fo7965	e6499	r2	e4227	foodon
fo7966	e6500	r2	e1061	foodon
fo7967	e6501	r2	e888	foodon
fo7968	e6502	r2	e1087	foodon
fo7969	e6503	r2	e176	foodon
fo7970	e6504	r2	e6482	foodon
fo7971	e6505	r2	e9241	foodon
fo7972	e6506	r2	e431	foodon
fo7973	e6507	r2	e482	foodon
fo7974	e6508	r2	e832	foodon
fo7975	e6509	r2	e442	foodon
fo7976	e6510	r2	e652	foodon
fo7977	e6511	r2	e87	foodon
fo7978	e6511	r2	e398	foodon
fo7979	e6512	r2	e800	foodon
fo7980	e6512	r2	e995	foodon
fo7981	e6513	r2	e999	foodon
fo7982	e6514	r2	e832	foodon
fo7983	e6515	r2	e3941	foodon
fo7984	e6516	r2	e3941	foodon
fo7985	e6517	r2	e3941	foodon
fo7986	e6518	r2	e3941	foodon
fo7987	e6519	r2	e3941	foodon
fo7988	e6520	r2	e3941	foodon
fo7989	e6521	r2	e783	foodon
fo7990	e6522	r2	e8880	foodon
fo7991	e6523	r2	e52	foodon
fo7992	e6524	r2	e8662	foodon
fo7993	e8662	r2	e8842	foodon
fo7994	e6525	r2	e1042	foodon
fo7995	e6526	r2	e3273	foodon
fo7996	e6527	r2	e512	foodon
fo7997	e6528	r2	e8836	foodon
fo7998	e6529	r2	e130	foodon
fo7999	e6530	r2	e442	foodon
fo8000	e6531	r2	e43	foodon
fo8001	e6532	r2	e3838	foodon
fo8002	e6533	r2	e419	foodon
fo8003	e6534	r2	e3826	foodon
fo8004	e6535	r2	e3826	foodon
fo8005	e6536	r2	e809	foodon
fo8006	e6537	r2	e450	foodon
fo8007	e6538	r2	e17	foodon
fo8008	e6539	r2	e3941	foodon
fo8009	e6540	r2	e3941	foodon
fo8010	e6541	r2	e8836	foodon
fo8011	e6542	r2	e5179	foodon
fo8012	e6543	r2	e130	foodon
fo8013	e6544	r2	e5142	foodon
fo8014	e6545	r2	e8805	foodon
fo8015	e6546	r2	e8805	foodon
fo8016	e6547	r2	e3941	foodon
fo8017	e6548	r2	e3941	foodon
fo8018	e6549	r2	e793	foodon
fo8019	e6550	r2	e3941	foodon
fo8020	e6552	r2	e3941	foodon
fo8021	e6553	r2	e142	foodon
fo8022	e6554	r2	e9343	foodon
fo8023	e6555	r2	e9861	foodon
fo8024	e6556	r2	e1470	foodon
fo8025	e6556	r2	e3625	foodon
fo8026	e6557	r2	e10	foodon
fo8027	e6558	r2	e4951	foodon
fo8028	e6560	r2	e313	foodon
fo8029	e6561	r2	e313	foodon
fo8030	e6562	r2	e313	foodon
fo8031	e6563	r2	e313	foodon
fo8032	e6564	r2	e841	foodon
fo8033	e6565	r2	e841	foodon
fo8034	e6566	r2	e7957	foodon
fo8035	e7957	r2	e8184	foodon
fo8036	e8184	r2	e5701	foodon
fo8037	e6567	r2	e7957	foodon
fo8038	e6568	r2	e7957	foodon
fo8039	e6569	r2	e568	foodon
fo8040	e6570	r2	e769	foodon
fo8041	e6571	r2	e58	foodon
fo8042	e6572	r2	e3636	foodon
fo8043	e6573	r2	e3636	foodon
fo8044	e6574	r2	e258	foodon
fo8045	e6575	r2	e258	foodon
fo8046	e6576	r2	e3634	foodon
fo8047	e6577	r2	e8032	foodon
fo8048	e6578	r2	e49	foodon
fo8049	e6579	r2	e3636	foodon
fo8050	e6580	r2	e3636	foodon
fo8051	e6581	r2	e258	foodon
fo8052	e6582	r2	e6581	foodon
fo8053	e6583	r2	e842	foodon
fo8054	e6584	r2	e6524	foodon
fo8055	e6585	r2	e544	foodon
fo8056	e6586	r2	e534	foodon
fo8057	e6587	r2	e810	foodon
fo8058	e6588	r2	e572	foodon
fo8059	e6589	r2	e788	foodon
fo8060	e6590	r2	e5871	foodon
fo8061	e6591	r2	e470	foodon
fo8062	e6592	r2	e4249	foodon
fo8063	e6593	r2	e5871	foodon
fo8064	e6594	r2	e779	foodon
fo8065	e6595	r2	e302	foodon
fo8066	e6596	r2	e223	foodon
fo8067	e6597	r2	e223	foodon
fo8068	e6598	r2	e812	foodon
fo8069	e6599	r2	e3263	foodon
fo8070	e6600	r2	e223	foodon
fo8071	e6601	r2	e757	foodon
fo8072	e6602	r2	e223	foodon
fo8073	e6603	r2	e389	foodon
fo8074	e6604	r2	e544	foodon
fo8075	e6605	r2	e592	foodon
fo8076	e6606	r2	e698	foodon
fo8077	e6606	r2	e3661	foodon
fo8078	e6607	r2	e4925	foodon
fo8079	e6608	r2	e3661	foodon
fo8080	e6609	r2	e223	foodon
fo8081	e6610	r2	e768	foodon
fo8082	e6611	r2	e757	foodon
fo8083	e6612	r2	e757	foodon
fo8084	e6613	r2	e528	foodon
fo8085	e6614	r2	e3971	foodon
fo8086	e6615	r2	e415	foodon
fo8087	e6616	r2	e415	foodon
fo8088	e6617	r2	e537	foodon
fo8089	e6618	r2	e358	foodon
fo8090	e6619	r2	e534	foodon
fo8091	e6620	r2	e223	foodon
fo8092	e6621	r2	e3661	foodon
fo8093	e6622	r2	e3661	foodon
fo8094	e6623	r2	e559	foodon
fo8095	e6624	r2	e451	foodon
fo8096	e6625	r2	e592	foodon
fo8097	e6626	r2	e466	foodon
fo8098	e6627	r2	e321	foodon
fo8099	e6628	r2	e3661	foodon
fo8100	e6629	r2	e5816	foodon
fo8101	e6630	r2	e696	foodon
fo8102	e6631	r2	e8842	foodon
fo8103	e6632	r2	e3589	foodon
fo8104	e6633	r2	e6577	foodon
fo8105	e6634	r2	e8032	foodon
fo8106	e6635	r2	e3634	foodon
fo8107	e6636	r2	e6581	foodon
fo8108	e6637	r2	e258	foodon
fo8109	e6638	r2	e3635	foodon
fo8110	e6639	r2	e3634	foodon
fo8111	e6640	r2	e3635	foodon
fo8112	e6641	r2	e3634	foodon
fo8113	e6642	r2	e745	foodon
fo8114	e6643	r2	e544	foodon
fo8115	e6644	r2	e538	foodon
fo8116	e6645	r2	e415	foodon
fo8117	e6646	r2	e8842	foodon
fo8118	e6647	r2	e673	foodon
fo8119	e6648	r2	e538	foodon
fo8120	e6649	r2	e3661	foodon
fo8121	e6650	r2	e7256	foodon
fo8122	e7256	r2	e1008	foodon
fo8123	e6651	r2	e1028	foodon
fo8124	e6652	r2	e1028	foodon
fo8125	e6653	r2	e728	foodon
fo8126	e6654	r2	e3589	foodon
fo8127	e6655	r2	e8662	foodon
fo8128	e6656	r2	e761	foodon
fo8129	e6657	r2	e4045	foodon
fo8130	e6658	r2	e837	foodon
fo8131	e6659	r2	e1008	foodon
fo8132	e6660	r2	e544	foodon
fo8133	e6661	r2	e544	foodon
fo8134	e6662	r2	e747	foodon
fo8135	e6663	r2	e544	foodon
fo8136	e6664	r2	e544	foodon
fo8137	e6665	r2	e544	foodon
fo8138	e6666	r2	e747	foodon
fo8139	e6667	r2	e544	foodon
fo8140	e6668	r2	e321	foodon
fo8141	e6669	r2	e321	foodon
fo8142	e6670	r2	e544	foodon
fo8143	e6671	r2	e747	foodon
fo8144	e6672	r2	e321	foodon
fo8145	e6673	r2	e321	foodon
fo8146	e6674	r2	e295	foodon
fo8147	e6675	r2	e544	foodon
fo8148	e6676	r2	e559	foodon
fo8149	e6676	r2	e3661	foodon
fo8150	e6677	r2	e544	foodon
fo8151	e6678	r2	e544	foodon
fo8152	e6679	r2	e747	foodon
fo8153	e6680	r2	e747	foodon
fo8154	e6681	r2	e747	foodon
fo8155	e6682	r2	e133	foodon
fo8156	e6683	r2	e258	foodon
fo8157	e6684	r2	e610	foodon
fo8158	e6685	r2	e7083	foodon
fo8159	e6685	r2	e7089	foodon
fo8160	e7089	r2	e3634	foodon
fo8161	e7083	r2	e3634	foodon
fo8162	e6686	r2	e7070	foodon
fo8163	e6686	r2	e7083	foodon
fo8164	e7070	r2	e3634	foodon
fo8165	e6687	r2	e7070	foodon
fo8166	e6688	r2	e7089	foodon
fo8167	e6689	r2	e3635	foodon
fo8168	e6690	r2	e3635	foodon
fo8169	e6691	r2	e616	foodon
fo8170	e6692	r2	e616	foodon
fo8171	e6693	r2	e3634	foodon
fo8172	e6694	r2	e445	foodon
fo8173	e6695	r2	e456	foodon
fo8174	e6696	r2	e781	foodon
fo8175	e6697	r2	e3638	foodon
fo8176	e6698	r2	e781	foodon
fo8177	e6699	r2	e781	foodon
fo8178	e6700	r2	e3971	foodon
fo8179	e6701	r2	e4043	foodon
fo8180	e6702	r2	e4043	foodon
fo8181	e6703	r2	e3971	foodon
fo8182	e6704	r2	e3971	foodon
fo8183	e6705	r2	e259	foodon
fo8184	e6706	r2	e259	foodon
fo8185	e6707	r2	e7036	foodon
fo8186	e6708	r2	e4890	foodon
fo8187	e6709	r2	e4890	foodon
fo8188	e6710	r2	e259	foodon
fo8189	e6711	r2	e4043	foodon
fo8190	e6712	r2	e3971	foodon
fo8191	e6713	r2	e3971	foodon
fo8192	e6714	r2	e3971	foodon
fo8193	e6715	r2	e3638	foodon
fo8194	e6716	r2	e3638	foodon
fo8195	e6717	r2	e3638	foodon
fo8196	e6718	r2	e3638	foodon
fo8197	e6719	r2	e3638	foodon
fo8198	e6720	r2	e3638	foodon
fo8199	e6721	r2	e3638	foodon
fo8200	e6722	r2	e3638	foodon
fo8201	e6723	r2	e638	foodon
fo8202	e6724	r2	e367	foodon
fo8203	e6724	r2	e3638	foodon
fo8204	e6725	r2	e1013	foodon
fo8205	e6726	r2	e3661	foodon
fo8206	e6727	r2	e4563	foodon
fo8207	e6728	r2	e4563	foodon
fo8208	e6729	r2	e769	foodon
fo8209	e6730	r2	e568	foodon
fo8210	e6730	r2	e4563	foodon
fo8211	e6731	r2	e565	foodon
fo8212	e6732	r2	e568	foodon
fo8213	e6733	r2	e568	foodon
fo8214	e6734	r2	e3634	foodon
fo8215	e6735	r2	e3634	foodon
fo8216	e6736	r2	e3634	foodon
fo8217	e6737	r2	e3634	foodon
fo8218	e6738	r2	e3661	foodon
fo8219	e6739	r2	e371	foodon
fo8220	e6740	r2	e3661	foodon
fo8221	e6741	r2	e544	foodon
fo8222	e6742	r2	e770	foodon
fo8223	e6743	r2	e770	foodon
fo8224	e6744	r2	e292	foodon
fo8225	e6744	r2	e7818	foodon
fo8226	e6745	r2	e878	foodon
fo8227	e6745	r2	e3661	foodon
fo8228	e6746	r2	e559	foodon
fo8229	e6746	r2	e3661	foodon
fo8230	e6747	r2	e4043	foodon
fo8231	e6748	r2	e3971	foodon
fo8232	e6749	r2	e322	foodon
fo8233	e6750	r2	e403	foodon
fo8234	e6751	r2	e636	foodon
fo8235	e6752	r2	e4563	foodon
fo8236	e6753	r2	e3638	foodon
fo8237	e6754	r2	e3661	foodon
fo8238	e6755	r2	e223	foodon
fo8239	e6756	r2	e497	foodon
fo8240	e6757	r2	e3661	foodon
fo8241	e6758	r2	e544	foodon
fo8242	e6759	r2	e456	foodon
fo8243	e6759	r2	e3638	foodon
fo8244	e6760	r2	e585	foodon
fo8245	e6760	r2	e3597	foodon
fo8246	e6760	r2	e10008	foodon
fo8247	e10008	r2	e1406	foodon
fo8248	e6761	r2	e3593	foodon
fo8249	e6762	r2	e3638	foodon
fo8250	e6763	r2	e3638	foodon
fo8251	e6764	r2	e781	foodon
fo8252	e6765	r2	e588	foodon
fo8253	e6766	r2	e559	foodon
fo8254	e6767	r2	e223	foodon
fo8255	e6768	r2	e673	foodon
fo8256	e6769	r2	e3971	foodon
fo8257	e6770	r2	e3971	foodon
fo8258	e6771	r2	e544	foodon
fo8259	e6772	r2	e322	foodon
fo8260	e6773	r2	e559	foodon
fo8261	e6773	r2	e699	foodon
fo8262	e6774	r2	e763	foodon
fo8263	e6775	r2	e700	foodon
fo8264	e6776	r2	e559	foodon
fo8265	e6776	r2	e699	foodon
fo8266	e6777	r2	e698	foodon
fo8267	e6778	r2	e223	foodon
fo8268	e6779	r2	e223	foodon
fo8269	e6780	r2	e223	foodon
fo8270	e6781	r2	e223	foodon
fo8271	e6782	r2	e773	foodon
fo8272	e6783	r2	e773	foodon
fo8273	e6784	r2	e3661	foodon
fo8274	e6785	r2	e773	foodon
fo8275	e6786	r2	e3661	foodon
fo8276	e6787	r2	e773	foodon
fo8277	e6788	r2	e352	foodon
fo8278	e6789	r2	e352	foodon
fo8279	e6790	r2	e352	foodon
fo8280	e6791	r2	e403	foodon
fo8281	e6792	r2	e745	foodon
fo8282	e6793	r2	e322	foodon
fo8283	e6794	r2	e636	foodon
fo8284	e6795	r2	e400	foodon
fo8285	e6796	r2	e636	foodon
fo8286	e6797	r2	e636	foodon
fo8287	e6798	r2	e838	foodon
fo8288	e6799	r2	e223	foodon
fo8289	e6800	r2	e259	foodon
fo8290	e6801	r2	e781	foodon
fo8291	e6803	r2	e8842	foodon
fo8292	e6804	r2	e417	foodon
fo8293	e6805	r2	e322	foodon
fo8294	e6806	r2	e737	foodon
fo8295	e6807	r2	e403	foodon
fo8296	e6808	r2	e302	foodon
fo8297	e6808	r2	e3661	foodon
fo8298	e6809	r2	e747	foodon
fo8299	e6810	r2	e544	foodon
fo8300	e6811	r2	e747	foodon
fo8301	e6812	r2	e747	foodon
fo8302	e6813	r2	e747	foodon
fo8303	e6814	r2	e544	foodon
fo8304	e6815	r2	e544	foodon
fo8305	e6816	r2	e3661	foodon
fo8306	e6817	r2	e747	foodon
fo8307	e6818	r2	e747	foodon
fo8308	e6819	r2	e295	foodon
fo8309	e6820	r2	e747	foodon
fo8310	e6821	r2	e3661	foodon
fo8311	e6822	r2	e544	foodon
fo8312	e6823	r2	e781	foodon
fo8313	e6824	r2	e4925	foodon
fo8314	e6825	r2	e894	foodon
fo8315	e6826	r2	e3638	foodon
fo8316	e6827	r2	e585	foodon
fo8317	e6828	r2	e1013	foodon
fo8318	e6829	r2	e1150	foodon
fo8319	e6830	r2	e3638	foodon
fo8320	e6831	r2	e3638	foodon
fo8321	e6832	r2	e1150	foodon
fo8322	e6833	r2	e894	foodon
fo8323	e6834	r2	e2206	foodon
fo8324	e6835	r2	e8842	foodon
fo8325	e6836	r2	e416	foodon
fo8326	e6837	r2	e781	foodon
fo8327	e6838	r2	e3638	foodon
fo8328	e6839	r2	e4563	foodon
fo8329	e6840	r2	e445	foodon
fo8330	e6841	r2	e3638	foodon
fo8331	e6842	r2	e4925	foodon
fo8332	e6843	r2	e638	foodon
fo8333	e6844	r2	e445	foodon
fo8334	e6845	r2	e6189	foodon
fo8335	e6846	r2	e456	foodon
fo8336	e6846	r2	e4925	foodon
fo8337	e6847	r2	e752	foodon
fo8338	e6848	r2	e810	foodon
fo8339	e6849	r2	e544	foodon
fo8340	e6850	r2	e8662	foodon
fo8341	e6851	r2	e8842	foodon
fo8342	e6852	r2	e810	foodon
fo8343	e6853	r2	e761	foodon
fo8344	e6854	r2	e490	foodon
fo8345	e6855	r2	e3589	foodon
fo8346	e6856	r2	e223	foodon
fo8347	e6857	r2	e1188	foodon
fo8348	e6858	r2	e538	foodon
fo8349	e6859	r2	e415	foodon
fo8350	e6860	r2	e537	foodon
fo8351	e6861	r2	e472	foodon
fo8352	e6862	r2	e412	foodon
fo8353	e6863	r2	e616	foodon
fo8354	e6864	r2	e764	foodon
fo8355	e6865	r2	e728	foodon
fo8356	e6866	r2	e7256	foodon
fo8357	e6867	r2	e1008	foodon
fo8358	e6868	r2	e292	foodon
fo8359	e6869	r2	e9053	foodon
fo8360	e6870	r2	e842	foodon
fo8361	e6871	r2	e490	foodon
fo8362	e6872	r2	e490	foodon
fo8363	e6873	r2	e490	foodon
fo8364	e6874	r2	e585	foodon
fo8365	e6874	r2	e752	foodon
fo8366	e6875	r2	e621	foodon
fo8367	e6876	r2	e752	foodon
fo8368	e6877	r2	e892	foodon
fo8369	e6878	r2	e892	foodon
fo8370	e6879	r2	e223	foodon
fo8371	e6880	r2	e223	foodon
fo8372	e6881	r2	e19	foodon
fo8373	e6881	r2	e223	foodon
fo8374	e6882	r2	e321	foodon
fo8375	e6883	r2	e747	foodon
fo8376	e6884	r2	e544	foodon
fo8377	e6884	r2	e3661	foodon
fo8378	e6885	r2	e747	foodon
fo8379	e6886	r2	e747	foodon
fo8380	e6887	r2	e747	foodon
fo8381	e6888	r2	e747	foodon
fo8382	e6889	r2	e559	foodon
fo8383	e6889	r2	e749	foodon
fo8384	e6890	r2	e559	foodon
fo8385	e6890	r2	e699	foodon
fo8386	e6891	r2	e349	foodon
fo8387	e6891	r2	e5425	foodon
fo8388	e6892	r2	e5425	foodon
fo8389	e6893	r2	e3661	foodon
fo8390	e6894	r2	e5425	foodon
fo8391	e6895	r2	e587	foodon
fo8392	e6895	r2	e5425	foodon
fo8393	e6896	r2	e3661	foodon
fo8394	e6897	r2	e223	foodon
fo8395	e6898	r2	e718	foodon
fo8396	e6899	r2	e3638	foodon
fo8397	e6900	r2	e3638	foodon
fo8398	e6901	r2	e839	foodon
fo8399	e6902	r2	e878	foodon
fo8400	e6903	r2	e559	foodon
fo8401	e6904	r2	e843	foodon
fo8402	e6904	r2	e5425	foodon
fo8403	e6905	r2	e779	foodon
fo8404	e6906	r2	e322	foodon
fo8405	e6907	r2	e544	foodon
fo8406	e6908	r2	e223	foodon
fo8407	e6909	r2	e700	foodon
fo8408	e6910	r2	e339	foodon
fo8409	e6911	r2	e472	foodon
fo8410	e6912	r2	e671	foodon
fo8411	e6913	r2	e677	foodon
fo8412	e6914	r2	e724	foodon
fo8413	e6915	r2	e671	foodon
fo8414	e6916	r2	e531	foodon
fo8415	e6917	r2	e1386	foodon
fo8416	e6918	r2	e6964	foodon
fo8417	e6919	r2	e901	foodon
fo8418	e6920	r2	e532	foodon
fo8419	e6922	r2	e682	foodon
fo8420	e6923	r2	e682	foodon
fo8421	e6924	r2	e3791	foodon
fo8422	e6925	r2	e615	foodon
fo8423	e6926	r2	e615	foodon
fo8424	e6927	r2	e615	foodon
fo8425	e6928	r2	e615	foodon
fo8426	e6929	r2	e125	foodon
fo8427	e6931	r2	e729	foodon
fo8428	e6932	r2	e9996	foodon
fo8429	e9996	r2	e1544	foodon
fo8430	e6933	r2	e1028	foodon
fo8431	e6934	r2	e415	foodon
fo8432	e6935	r2	e747	foodon
fo8433	e6936	r2	e329	foodon
fo8434	e6937	r2	e9065	foodon
fo8435	e6938	r2	e766	foodon
fo8436	e6939	r2	e3638	foodon
fo8437	e6940	r2	e638	foodon
fo8438	e6941	r2	e585	foodon
fo8439	e6941	r2	e3597	foodon
fo8440	e6941	r2	e10007	foodon
fo8441	e10007	r2	e1406	foodon
fo8442	e6942	r2	e1013	foodon
fo8443	e6943	r2	e892	foodon
fo8444	e6944	r2	e2902	foodon
fo8445	e6945	r2	e751	foodon
fo8446	e6946	r2	e751	foodon
fo8447	e6947	r2	e751	foodon
fo8448	e6948	r2	e751	foodon
fo8449	e6949	r2	e751	foodon
fo8450	e6950	r2	e751	foodon
fo8451	e6951	r2	e751	foodon
fo8452	e6952	r2	e751	foodon
fo8453	e6953	r2	e751	foodon
fo8454	e6954	r2	e751	foodon
fo8455	e6955	r2	e3661	foodon
fo8456	e6956	r2	e3661	foodon
fo8457	e6956	r2	e9974	foodon
fo8458	e9974	r2	e358	foodon
fo8459	e6957	r2	e400	foodon
fo8460	e6958	r2	e636	foodon
fo8461	e6959	r2	e636	foodon
fo8462	e6960	r2	e810	foodon
fo8463	e6961	r2	e636	foodon
fo8464	e6963	r2	e3645	foodon
fo8465	e6965	r2	e9156	foodon
fo8466	e6966	r2	e6964	foodon
fo8467	e6967	r2	e761	foodon
fo8468	e6968	r2	e761	foodon
fo8469	e6969	r2	e2902	foodon
fo8470	e6970	r2	e769	foodon
fo8471	e6971	r2	e769	foodon
fo8472	e6972	r2	e568	foodon
fo8473	e6973	r2	e769	foodon
fo8474	e6974	r2	e565	foodon
fo8475	e6975	r2	e4563	foodon
fo8476	e6976	r2	e4563	foodon
fo8477	e6977	r2	e568	foodon
fo8478	e6977	r2	e4563	foodon
fo8479	e6978	r2	e568	foodon
fo8480	e6978	r2	e4563	foodon
fo8481	e6979	r2	e6987	foodon
fo8482	e6987	r2	e3593	foodon
fo8483	e6980	r2	e568	foodon
fo8484	e6981	r2	e4563	foodon
fo8485	e6982	r2	e3060	foodon
fo8486	e6983	r2	e3060	foodon
fo8487	e6984	r2	e3593	foodon
fo8488	e6985	r2	e3060	foodon
fo8489	e6986	r2	e4563	foodon
fo8490	e6988	r2	e568	foodon
fo8491	e6989	r2	e3589	foodon
fo8492	e6990	r2	e635	foodon
fo8493	e6991	r2	e5395	foodon
fo8494	e6992	r2	e635	foodon
fo8495	e6992	r2	e4563	foodon
fo8496	e6993	r2	e4563	foodon
fo8497	e6994	r2	e3593	foodon
fo8498	e6995	r2	e3593	foodon
fo8499	e6996	r2	e3593	foodon
fo8500	e6997	r2	e4563	foodon
fo8501	e6998	r2	e7000	foodon
fo8502	e7000	r2	e3060	foodon
fo8503	e6999	r2	e3060	foodon
fo8504	e7001	r2	e769	foodon
fo8505	e7002	r2	e4878	foodon
fo8506	e7003	r2	e472	foodon
fo8507	e7004	r2	e223	foodon
fo8508	e7005	r2	e494	foodon
fo8509	e7006	r2	e3661	foodon
fo8510	e7007	r2	e3645	foodon
fo8511	e7008	r2	e4045	foodon
fo8512	e7009	r2	e3838	foodon
fo8513	e7010	r2	e8960	foodon
fo8514	e7011	r2	e7023	foodon
fo8515	e7023	r2	e8960	foodon
fo8516	e7012	r2	e3589	foodon
fo8517	e7013	r2	e745	foodon
fo8518	e7014	r2	e712	foodon
fo8519	e7015	r2	e223	foodon
fo8520	e7016	r2	e747	foodon
fo8521	e7017	r2	e751	foodon
fo8522	e7018	r2	e3661	foodon
fo8523	e7019	r2	e7023	foodon
fo8524	e7020	r2	e766	foodon
fo8525	e7021	r2	e794	foodon
fo8526	e7022	r2	e3634	foodon
fo8527	e7024	r2	e6964	foodon
fo8528	e7025	r2	e621	foodon
fo8529	e7026	r2	e3595	foodon
fo8530	e7027	r2	e3595	foodon
fo8531	e7028	r2	e3645	foodon
fo8532	e7029	r2	e6964	foodon
fo8533	e7030	r2	e3645	foodon
fo8534	e7031	r2	e6656	foodon
fo8535	e7032	r2	e4045	foodon
fo8536	e7033	r2	e4045	foodon
fo8537	e7034	r2	e3661	foodon
fo8538	e7035	r2	e3661	foodon
fo8539	e7037	r2	e292	foodon
fo8540	e7038	r2	e292	foodon
fo8541	e7039	r2	e838	foodon
fo8542	e7040	r2	e223	foodon
fo8543	e7041	r2	e5816	foodon
fo8544	e7042	r2	e3661	foodon
fo8545	e7043	r2	e223	foodon
fo8546	e7044	r2	e8842	foodon
fo8547	e7045	r2	e3971	foodon
fo8548	e7046	r2	e258	foodon
fo8549	e7047	r2	e467	foodon
fo8550	e7048	r2	e616	foodon
fo8551	e7049	r2	e3661	foodon
fo8552	e7050	r2	e3589	foodon
fo8553	e7051	r2	e766	foodon
fo8554	e7052	r2	e766	foodon
fo8555	e7053	r2	e766	foodon
fo8556	e7054	r2	e766	foodon
fo8557	e7055	r2	e559	foodon
fo8558	e7056	r2	e811	foodon
fo8559	e7057	r2	e763	foodon
fo8560	e7058	r2	e811	foodon
fo8561	e7059	r2	e811	foodon
fo8562	e7060	r2	e802	foodon
fo8563	e7061	r2	e763	foodon
fo8564	e7061	r2	e5425	foodon
fo8565	e7062	r2	e763	foodon
fo8566	e7063	r2	e843	foodon
fo8567	e7064	r2	e811	foodon
fo8568	e7065	r2	e811	foodon
fo8569	e7066	r2	e811	foodon
fo8570	e7067	r2	e811	foodon
fo8571	e7068	r2	e811	foodon
fo8572	e7069	r2	e811	foodon
fo8573	e7071	r2	e751	foodon
fo8574	e7072	r2	e751	foodon
fo8575	e7073	r2	e4043	foodon
fo8576	e7074	r2	e616	foodon
fo8577	e7075	r2	e3971	foodon
fo8578	e7076	r2	e3971	foodon
fo8579	e7077	r2	e3971	foodon
fo8580	e7078	r2	e766	foodon
fo8581	e7079	r2	e5000	foodon
fo8582	e7080	r2	e412	foodon
fo8583	e7081	r2	e3971	foodon
fo8584	e7082	r2	e616	foodon
fo8585	e7084	r2	e412	foodon
fo8586	e7085	r2	e412	foodon
fo8587	e7086	r2	e412	foodon
fo8588	e7087	r2	e610	foodon
fo8589	e7088	r2	e610	foodon
fo8590	e7090	r2	e3971	foodon
fo8591	e7091	r2	e7293	foodon
fo8592	e7293	r2	e880	foodon
fo8593	e7293	r2	e3661	foodon
fo8594	e7092	r2	e7293	foodon
fo8595	e7093	r2	e3955	foodon
fo8596	e7094	r2	e4043	foodon
fo8597	e7095	r2	e616	foodon
fo8598	e7096	r2	e696	foodon
fo8599	e7097	r2	e538	foodon
fo8600	e7097	r2	e3661	foodon
fo8601	e7098	r2	e3661	foodon
fo8602	e7099	r2	e223	foodon
fo8603	e7100	r2	e329	foodon
fo8604	e7101	r2	e329	foodon
fo8605	e7102	r2	e534	foodon
fo8606	e7103	r2	e1037	foodon
fo8607	e7104	r2	e534	foodon
fo8608	e7105	r2	e638	foodon
fo8609	e7106	r2	e19	foodon
fo8610	e7107	r2	e7112	foodon
fo8611	e7112	r2	e761	foodon
fo8612	e7108	r2	e752	foodon
fo8613	e7109	r2	e752	foodon
fo8614	e7110	r2	e6964	foodon
fo8615	e7111	r2	e761	foodon
fo8616	e7113	r2	e6964	foodon
fo8617	e7114	r2	e7112	foodon
fo8618	e7115	r2	e8842	foodon
fo8619	e7116	r2	e4045	foodon
fo8620	e7117	r2	e4045	foodon
fo8621	e7118	r2	e3645	foodon
fo8622	e7119	r2	e4045	foodon
fo8623	e7120	r2	e3638	foodon
fo8624	e7121	r2	e4045	foodon
fo8625	e7122	r2	e4045	foodon
fo8626	e7123	r2	e3645	foodon
fo8627	e7124	r2	e3645	foodon
fo8628	e7125	r2	e3645	foodon
fo8629	e7125	r2	e3838	foodon
fo8630	e7126	r2	e346	foodon
fo8631	e7126	r2	e559	foodon
fo8632	e7127	r2	e4878	foodon
fo8633	e7128	r2	e3593	foodon
fo8634	e7129	r2	e4878	foodon
fo8635	e7130	r2	e4563	foodon
fo8636	e7131	r2	e568	foodon
fo8637	e7132	r2	e4563	foodon
fo8638	e7133	r2	e769	foodon
fo8639	e7134	r2	e4563	foodon
fo8640	e7135	r2	e4563	foodon
fo8641	e7136	r2	e568	foodon
fo8642	e7137	r2	e3593	foodon
fo8643	e7138	r2	e3593	foodon
fo8644	e7139	r2	e3593	foodon
fo8645	e7140	r2	e568	foodon
fo8646	e7141	r2	e4563	foodon
fo8647	e7142	r2	e493	foodon
fo8648	e7143	r2	e493	foodon
fo8649	e7144	r2	e727	foodon
fo8650	e7145	r2	e768	foodon
fo8651	e7146	r2	e768	foodon
fo8652	e7147	r2	e223	foodon
fo8653	e7148	r2	e768	foodon
fo8654	e7149	r2	e466	foodon
fo8655	e7150	r2	e7106	foodon
fo8656	e7151	r2	e696	foodon
fo8657	e7152	r2	e472	foodon
fo8658	e7153	r2	e494	foodon
fo8659	e7154	r2	e329	foodon
fo8660	e7155	r2	e700	foodon
fo8661	e7156	r2	e496	foodon
fo8662	e7157	r2	e496	foodon
fo8663	e7158	r2	e466	foodon
fo8664	e7159	r2	e466	foodon
fo8665	e7160	r2	e466	foodon
fo8666	e7161	r2	e534	foodon
fo8667	e7162	r2	e3661	foodon
fo8668	e7163	r2	e362	foodon
fo8669	e7164	r2	e352	foodon
fo8670	e7165	r2	e223	foodon
fo8671	e7166	r2	e223	foodon
fo8672	e7167	r2	e878	foodon
fo8673	e7168	r2	e294	foodon
fo8674	e7169	r2	e472	foodon
fo8675	e7170	r2	e534	foodon
fo8676	e7171	r2	e223	foodon
fo8677	e7172	r2	e533	foodon
fo8678	e7173	r2	e3661	foodon
fo8679	e7174	r2	e544	foodon
fo8680	e7175	r2	e544	foodon
fo8681	e7176	r2	e544	foodon
fo8682	e7177	r2	e544	foodon
fo8683	e7178	r2	e346	foodon
fo8684	e7178	r2	e559	foodon
fo8685	e7179	r2	e559	foodon
fo8686	e7180	r2	e402	foodon
fo8687	e7181	r2	e592	foodon
fo8688	e7182	r2	e562	foodon
fo8689	e7183	r2	e636	foodon
fo8690	e7184	r2	e528	foodon
fo8691	e7185	r2	e528	foodon
fo8692	e7186	r2	e562	foodon
fo8693	e7187	r2	e528	foodon
fo8694	e7188	r2	e544	foodon
fo8695	e7189	r2	e3661	foodon
fo8696	e7190	r2	e727	foodon
fo8697	e7191	r2	e223	foodon
fo8698	e7192	r2	e223	foodon
fo8699	e7193	r2	e352	foodon
fo8700	e7194	r2	e427	foodon
fo8701	e7195	r2	e415	foodon
fo8702	e7196	r2	e3661	foodon
fo8703	e7197	r2	e768	foodon
fo8704	e7197	r2	e3661	foodon
fo8705	e7198	r2	e223	foodon
fo8706	e7199	r2	e593	foodon
fo8707	e7200	r2	e593	foodon
fo8708	e7201	r2	e768	foodon
fo8709	e7202	r2	e768	foodon
fo8710	e7202	r2	e3661	foodon
fo8711	e7203	r2	e727	foodon
fo8712	e7204	r2	e768	foodon
fo8713	e7205	r2	e768	foodon
fo8714	e7206	r2	e768	foodon
fo8715	e7207	r2	e877	foodon
fo8716	e7207	r2	e3661	foodon
fo8717	e7208	r2	e877	foodon
fo8718	e7208	r2	e3661	foodon
fo8719	e7209	r2	e3661	foodon
fo8720	e7210	r2	e3661	foodon
fo8721	e7211	r2	e223	foodon
fo8722	e7212	r2	e877	foodon
fo8723	e7213	r2	e877	foodon
fo8724	e7214	r2	e223	foodon
fo8725	e7215	r2	e223	foodon
fo8726	e7216	r2	e877	foodon
fo8727	e7216	r2	e3661	foodon
fo8728	e7217	r2	e223	foodon
fo8729	e7218	r2	e877	foodon
fo8730	e7219	r2	e768	foodon
fo8731	e7220	r2	e3661	foodon
fo8732	e7221	r2	e768	foodon
fo8733	e7222	r2	e768	foodon
fo8734	e7223	r2	e223	foodon
fo8735	e7224	r2	e3661	foodon
fo8736	e7225	r2	e223	foodon
fo8737	e7226	r2	e294	foodon
fo8738	e7227	r2	e811	foodon
fo8739	e7228	r2	e294	foodon
fo8740	e7229	r2	e811	foodon
fo8741	e7230	r2	e1042	foodon
fo8742	e7230	r2	e3661	foodon
fo8743	e7231	r2	e811	foodon
fo8744	e7232	r2	e811	foodon
fo8745	e7233	r2	e351	foodon
fo8746	e7234	r2	e294	foodon
fo8747	e7235	r2	e5425	foodon
fo8748	e7236	r2	e811	foodon
fo8749	e7237	r2	e329	foodon
fo8750	e7238	r2	e616	foodon
fo8751	e7239	r2	e745	foodon
fo8752	e7240	r2	e351	foodon
fo8753	e7241	r2	e1028	foodon
fo8754	e7242	r2	e8662	foodon
fo8755	e7243	r2	e366	foodon
fo8756	e7244	r2	e329	foodon
fo8757	e7245	r2	e445	foodon
fo8758	e7246	r2	e452	foodon
fo8759	e7247	r2	e762	foodon
fo8760	e7248	r2	e451	foodon
fo8761	e7249	r2	e839	foodon
fo8762	e7250	r2	e1028	foodon
fo8763	e7251	r2	e9065	foodon
fo8764	e7252	r2	e389	foodon
fo8765	e7253	r2	e223	foodon
fo8766	e7254	r2	e223	foodon
fo8767	e7255	r2	e415	foodon
fo8768	e7257	r2	e416	foodon
fo8769	e7258	r2	e223	foodon
fo8770	e7259	r2	e768	foodon
fo8771	e7260	r2	e812	foodon
fo8772	e7261	r2	e773	foodon
fo8773	e7262	r2	e366	foodon
fo8774	e7263	r2	e366	foodon
fo8775	e7264	r2	e5545	foodon
fo8776	e7265	r2	e320	foodon
fo8777	e7266	r2	e538	foodon
fo8778	e7267	r2	e538	foodon
fo8779	e7268	r2	e537	foodon
fo8780	e7269	r2	e415	foodon
fo8781	e7270	r2	e838	foodon
fo8782	e7271	r2	e533	foodon
fo8783	e7272	r2	e538	foodon
fo8784	e7273	r2	e223	foodon
fo8785	e7274	r2	e416	foodon
fo8786	e7275	r2	e538	foodon
fo8787	e7276	r2	e538	foodon
fo8788	e7277	r2	e533	foodon
fo8789	e7278	r2	e544	foodon
fo8790	e7279	r2	e544	foodon
fo8791	e7280	r2	e544	foodon
fo8792	e7281	r2	e544	foodon
fo8793	e7282	r2	e533	foodon
fo8794	e7283	r2	e1032	foodon
fo8795	e7284	r2	e544	foodon
fo8796	e7285	r2	e696	foodon
fo8797	e7286	r2	e223	foodon
fo8798	e7287	r2	e606	foodon
fo8799	e7288	r2	e606	foodon
fo8800	e7289	r2	e592	foodon
fo8801	e7290	r2	e352	foodon
fo8802	e7291	r2	e352	foodon
fo8803	e7292	r2	e3661	foodon
fo8804	e7294	r2	e712	foodon
fo8805	e7295	r2	e3661	foodon
fo8806	e7296	r2	e698	foodon
fo8807	e7297	r2	e698	foodon
fo8808	e7298	r2	e728	foodon
fo8809	e7299	r2	e676	foodon
fo8810	e7300	r2	e676	foodon
fo8811	e7301	r2	e676	foodon
fo8812	e7302	r2	e676	foodon
fo8813	e7303	r2	e673	foodon
fo8814	e7304	r2	e329	foodon
fo8815	e7305	r2	e559	foodon
fo8816	e7306	r2	e673	foodon
fo8817	e7307	r2	e842	foodon
fo8818	e7308	r2	e637	foodon
fo8819	e7309	r2	e559	foodon
fo8820	e7309	r2	e699	foodon
fo8821	e7310	r2	e3661	foodon
fo8822	e7310	r2	e9989	foodon
fo8823	e9989	r2	e223	foodon
fo8824	e7311	r2	e223	foodon
fo8825	e7312	r2	e700	foodon
fo8826	e7313	r2	e8746	foodon
fo8827	e8746	r2	e43	foodon
fo8828	e7314	r2	e700	foodon
fo8829	e7315	r2	e559	foodon
fo8830	e7316	r2	e673	foodon
fo8831	e7317	r2	e3661	foodon
fo8832	e7318	r2	e223	foodon
fo8833	e7319	r2	e3661	foodon
fo8834	e7320	r2	e700	foodon
fo8835	e7321	r2	e6726	foodon
fo8836	e7322	r2	e223	foodon
fo8837	e7323	r2	e223	foodon
fo8838	e7324	r2	e329	foodon
fo8839	e7325	r2	e3661	foodon
fo8840	e7326	r2	e223	foodon
fo8841	e7327	r2	e427	foodon
fo8842	e7328	r2	e447	foodon
fo8843	e7329	r2	e223	foodon
fo8844	e7330	r2	e415	foodon
fo8845	e7331	r2	e762	foodon
fo8846	e7332	r2	e3661	foodon
fo8847	e7333	r2	e223	foodon
fo8848	e7334	r2	e223	foodon
fo8849	e7335	r2	e466	foodon
fo8850	e7336	r2	e757	foodon
fo8851	e7337	r2	e616	foodon
fo8852	e7338	r2	e544	foodon
fo8853	e7339	r2	e812	foodon
fo8854	e7340	r2	e544	foodon
fo8855	e7341	r2	e416	foodon
fo8856	e7341	r2	e3661	foodon
fo8857	e7342	r2	e544	foodon
fo8858	e7343	r2	e3661	foodon
fo8859	e7344	r2	e544	foodon
fo8860	e7345	r2	e1032	foodon
fo8861	e7346	r2	e6836	foodon
fo8862	e7347	r2	e838	foodon
fo8863	e7348	r2	e3661	foodon
fo8864	e7349	r2	e404	foodon
fo8865	e7350	r2	e745	foodon
fo8866	e7351	r2	e748	foodon
fo8867	e7352	r2	e745	foodon
fo8868	e7353	r2	e352	foodon
fo8869	e7354	r2	e876	foodon
fo8870	e7354	r2	e3661	foodon
fo8871	e7355	r2	e876	foodon
fo8872	e7355	r2	e3661	foodon
fo8873	e7356	r2	e528	foodon
fo8874	e7357	r2	e528	foodon
fo8875	e7358	r2	e810	foodon
fo8876	e7359	r2	e358	foodon
fo8877	e7360	r2	e358	foodon
fo8878	e7361	r2	e812	foodon
fo8879	e7362	r2	e745	foodon
fo8880	e7363	r2	e223	foodon
fo8881	e7364	r2	e812	foodon
fo8882	e7365	r2	e627	foodon
fo8883	e7366	r2	e490	foodon
fo8884	e7367	r2	e790	foodon
fo8885	e7368	r2	e1005	foodon
fo8886	e7369	r2	e445	foodon
fo8887	e7370	r2	e3661	foodon
fo8888	e7371	r2	e370	foodon
fo8889	e7372	r2	e3661	foodon
fo8890	e7373	r2	e773	foodon
fo8891	e7373	r2	e3661	foodon
fo8892	e7374	r2	e1039	foodon
fo8893	e7375	r2	e878	foodon
fo8894	e7376	r2	e696	foodon
fo8895	e7377	r2	e223	foodon
fo8896	e7378	r2	e773	foodon
fo8897	e7379	r2	e878	foodon
fo8898	e7380	r2	e773	foodon
fo8899	e7381	r2	e223	foodon
fo8900	e7382	r2	e223	foodon
fo8901	e7383	r2	e773	foodon
fo8902	e7384	r2	e4045	foodon
fo8903	e7385	r2	e3661	foodon
fo8904	e7386	r2	e458	foodon
fo8905	e7387	r2	e782	foodon
fo8906	e7388	r2	e458	foodon
fo8907	e7389	r2	e782	foodon
fo8908	e7390	r2	e3661	foodon
fo8909	e7391	r2	e837	foodon
fo8910	e7392	r2	e223	foodon
fo8911	e7393	r2	e557	foodon
fo8912	e7394	r2	e417	foodon
fo8913	e7395	r2	e417	foodon
fo8914	e7396	r2	e557	foodon
fo8915	e7397	r2	e3661	foodon
fo8916	e7398	r2	e322	foodon
fo8917	e7399	r2	e223	foodon
fo8918	e7400	r2	e764	foodon
fo8919	e7401	r2	e223	foodon
fo8920	e7402	r2	e412	foodon
fo8921	e7403	r2	e412	foodon
fo8922	e7404	r2	e3634	foodon
fo8923	e7405	r2	e572	foodon
fo8924	e7406	r2	e837	foodon
fo8925	e7407	r2	e349	foodon
fo8926	e7408	r2	e223	foodon
fo8927	e7409	r2	e838	foodon
fo8928	e7410	r2	e559	foodon
fo8929	e7410	r2	e699	foodon
fo8930	e7411	r2	e592	foodon
fo8931	e7412	r2	e838	foodon
fo8932	e7413	r2	e322	foodon
fo8933	e7414	r2	e416	foodon
fo8934	e7415	r2	e223	foodon
fo8935	e7416	r2	e3661	foodon
fo8936	e7417	r2	e223	foodon
fo8937	e7418	r2	e416	foodon
fo8938	e7419	r2	e838	foodon
fo8939	e7420	r2	e1465	foodon
fo8940	e7421	r2	e947	foodon
fo8941	e7422	r2	e478	foodon
fo8942	e7423	r2	e5916	foodon
fo8943	e7424	r2	e683	foodon
fo8944	e7425	r2	e17	foodon
fo8945	e7426	r2	e8094	foodon
fo8946	e7427	r2	e842	foodon
fo8947	e7428	r2	e404	foodon
fo8948	e7429	r2	e842	foodon
fo8949	e7430	r2	e718	foodon
fo8950	e7431	r2	e5289	foodon
fo8951	e7431	r2	e7256	foodon
fo8952	e7432	r2	e404	foodon
fo8953	e7433	r2	e768	foodon
fo8954	e7434	r2	e19	foodon
fo8955	e7434	r2	e711	foodon
fo8956	e7436	r2	e373	foodon
fo8957	e7437	r2	e913	foodon
fo8958	e7438	r2	e162	foodon
fo8959	e7439	r2	e8918	foodon
fo8960	e7440	r2	e837	foodon
fo8961	e7441	r2	e831	foodon
fo8962	e7442	r2	e735	foodon
fo8963	e7443	r2	e524	foodon
fo8964	e7444	r2	e337	foodon
fo8965	e7445	r2	e757	foodon
fo8966	e7447	r2	e228	foodon
fo8967	e7448	r2	e745	foodon
fo8968	e7449	r2	e745	foodon
fo8969	e7450	r2	e881	foodon
fo8970	e7451	r2	e750	foodon
fo8971	e7452	r2	e750	foodon
fo8972	e7453	r2	e773	foodon
fo8973	e7454	r2	e782	foodon
fo8974	e7455	r2	e559	foodon
fo8975	e7455	r2	e3661	foodon
fo8976	e7456	r2	e223	foodon
fo8977	e7457	r2	e223	foodon
fo8978	e7458	r2	e773	foodon
fo8979	e7459	r2	e223	foodon
fo8980	e7460	r2	e743	foodon
fo8981	e7461	r2	e748	foodon
fo8982	e7462	r2	e415	foodon
fo8983	e7463	r2	e415	foodon
fo8984	e7464	r2	e466	foodon
fo8985	e7464	r2	e3661	foodon
fo8986	e7465	r2	e590	foodon
fo8987	e7466	r2	e310	foodon
fo8988	e7467	r2	e9064	foodon
fo8989	e7468	r2	e629	foodon
fo8990	e7469	r2	e9805	foodon
fo8991	e7470	r2	e821	foodon
fo8992	e7471	r2	e794	foodon
fo8993	e7472	r2	e693	foodon
fo8994	e7473	r2	e87	foodon
fo8995	e7473	r2	e9805	foodon
fo8996	e7474	r2	e457	foodon
fo8997	e7475	r2	e729	foodon
fo8998	e7476	r2	e729	foodon
fo8999	e7478	r2	e885	foodon
fo9000	e7479	r2	e226	foodon
fo9001	e7480	r2	e9707	foodon
fo9002	e7481	r2	e9707	foodon
fo9003	e7482	r2	e535	foodon
fo9004	e7483	r2	e535	foodon
fo9005	e7484	r2	e767	foodon
fo9006	e7485	r2	e318	foodon
fo9007	e7486	r2	e360	foodon
fo9008	e7487	r2	e1725	foodon
fo9009	e7488	r2	e674	foodon
fo9010	e7489	r2	e697	foodon
fo9011	e7490	r2	e1217	foodon
fo9012	e7491	r2	e9919	foodon
fo9013	e7492	r2	e390	foodon
fo9014	e7493	r2	e5829	foodon
fo9015	e7495	r2	e390	foodon
fo9016	e7496	r2	e302	foodon
fo9017	e7497	r2	e711	foodon
fo9018	e7498	r2	e708	foodon
fo9019	e7499	r2	e5373	foodon
fo9020	e7500	r2	e721	foodon
fo9021	e7501	r2	e9032	foodon
fo9022	e7502	r2	e6987	foodon
fo9023	e7503	r2	e314	foodon
fo9024	e7504	r2	e682	foodon
fo9025	e7505	r2	e194	foodon
fo9026	e7506	r2	e721	foodon
fo9027	e7507	r2	e311	foodon
fo9028	e7507	r2	e830	foodon
fo9029	e7508	r2	e1032	foodon
fo9030	e7508	r2	e3661	foodon
fo9031	e7509	r2	e871	foodon
fo9032	e7510	r2	e223	foodon
fo9033	e7511	r2	e472	foodon
fo9034	e7512	r2	e1087	foodon
fo9035	e7513	r2	e367	foodon
fo9036	e7513	r2	e9074	foodon
fo9037	e9074	r2	e892	foodon
fo9038	e7514	r2	e1032	foodon
fo9039	e7515	r2	e832	foodon
fo9040	e7517	r2	e1365	foodon
fo9041	e7518	r2	e3857	foodon
fo9042	e7519	r2	e117	foodon
fo9043	e7520	r2	e4468	foodon
fo9044	e7521	r2	e429	foodon
fo9045	e7522	r2	e5933	foodon
fo9046	e7523	r2	e4169	foodon
fo9047	e7524	r2	e4972	foodon
fo9048	e7525	r2	e834	foodon
fo9049	e7526	r2	e1574	foodon
fo9050	e7526	r2	e3823	foodon
fo9051	e7527	r2	e1683	foodon
fo9052	e7528	r2	e535	foodon
fo9053	e7529	r2	e615	foodon
fo9054	e7530	r2	e28	foodon
fo9055	e7531	r2	e599	foodon
fo9056	e7532	r2	e3934	foodon
fo9057	e7533	r2	e818	foodon
fo9058	e7534	r2	e9803	foodon
fo9059	e7535	r2	e3812	foodon
fo9060	e7536	r2	e7736	foodon
fo9061	e7537	r2	e1473	foodon
fo9062	e7538	r2	e313	foodon
fo9063	e7540	r2	e3826	foodon
fo9064	e7541	r2	e1751	foodon
fo9065	e7542	r2	e121	foodon
fo9066	e7543	r2	e3595	foodon
fo9067	e7544	r2	e3645	foodon
fo9068	e7545	r2	e828	foodon
fo9069	e7546	r2	e630	foodon
fo9070	e7547	r2	e7811	foodon
fo9071	e7811	r2	e1715	foodon
fo9072	e7811	r2	e3899	foodon
fo9073	e7548	r2	e4274	foodon
fo9074	e7549	r2	e4274	foodon
fo9075	e7550	r2	e6413	foodon
fo9076	e7551	r2	e6413	foodon
fo9077	e7552	r2	e356	foodon
fo9078	e7553	r2	e747	foodon
fo9079	e7554	r2	e747	foodon
fo9080	e7555	r2	e592	foodon
fo9081	e7556	r2	e4388	foodon
fo9082	e7557	r2	e781	foodon
fo9083	e7558	r2	e2206	foodon
fo9084	e7559	r2	e876	foodon
fo9085	e7560	r2	e3661	foodon
fo9086	e7561	r2	e351	foodon
fo9087	e7562	r2	e638	foodon
fo9088	e7563	r2	e4563	foodon
fo9089	e7564	r2	e811	foodon
fo9090	e7565	r2	e757	foodon
fo9091	e7566	r2	e258	foodon
fo9092	e7567	r2	e751	foodon
fo9093	e7568	r2	e810	foodon
fo9094	e7569	r2	e224	foodon
fo9095	e7570	r2	e322	foodon
fo9096	e7571	r2	e3661	foodon
fo9097	e7572	r2	e768	foodon
fo9098	e7573	r2	e352	foodon
fo9099	e7574	r2	e404	foodon
fo9100	e7575	r2	e3595	foodon
fo9101	e7576	r2	e568	foodon
fo9102	e7577	r2	e762	foodon
fo9103	e7577	r2	e3661	foodon
fo9104	e7578	r2	e745	foodon
fo9105	e7579	r2	e329	foodon
fo9106	e7580	r2	e878	foodon
fo9107	e7581	r2	e320	foodon
fo9108	e7582	r2	e636	foodon
fo9109	e7583	r2	e837	foodon
fo9110	e7584	r2	e415	foodon
fo9111	e7585	r2	e3941	foodon
fo9112	e7586	r2	e6413	foodon
fo9113	e7586	r2	e9717	foodon
fo9114	e7587	r2	e615	foodon
fo9115	e7588	r2	e162	foodon
fo9116	e7589	r2	e537	foodon
fo9117	e7590	r2	e327	foodon
fo9118	e7591	r2	e537	foodon
fo9119	e7592	r2	e1013	foodon
fo9120	e7593	r2	e3595	foodon
fo9121	e7594	r2	e5240	foodon
fo9122	e7595	r2	e776	foodon
fo9123	e7597	r2	e534	foodon
fo9124	e7598	r2	e811	foodon
fo9125	e7599	r2	e811	foodon
fo9126	e7600	r2	e3971	foodon
fo9127	e7601	r2	e259	foodon
fo9128	e7602	r2	e4042	foodon
fo9129	e7603	r2	e4042	foodon
fo9130	e7604	r2	e3971	foodon
fo9131	e7605	r2	e811	foodon
fo9132	e7606	r2	e322	foodon
fo9133	e7607	r2	e322	foodon
fo9134	e7608	r2	e258	foodon
fo9135	e7609	r2	e616	foodon
fo9136	e7610	r2	e768	foodon
fo9137	e7611	r2	e133	foodon
fo9138	e7612	r2	e1607	foodon
fo9139	e7613	r2	e49	foodon
fo9140	e7614	r2	e636	foodon
fo9141	e7615	r2	e747	foodon
fo9142	e7616	r2	e423	foodon
fo9143	e7617	r2	e1078	foodon
fo9144	e7618	r2	e755	foodon
fo9145	e7619	r2	e1087	foodon
fo9146	e7620	r2	e1629	foodon
fo9147	e7621	r2	e592	foodon
fo9148	e7622	r2	e362	foodon
fo9149	e7623	r2	e1728	foodon
fo9150	e7624	r2	e510	foodon
fo9151	e7625	r2	e473	foodon
fo9152	e7626	r2	e7988	foodon
fo9153	e7988	r2	e719	foodon
fo9154	e7988	r2	e10144	foodon
fo9155	e7627	r2	e640	foodon
fo9156	e7628	r2	e1691	foodon
fo9157	e7630	r2	e1612	foodon
fo9158	e7631	r2	e3661	foodon
fo9159	e7632	r2	e559	foodon
fo9160	e7633	r2	e8224	foodon
fo9161	e7634	r2	e8842	foodon
fo9162	e7635	r2	e712	foodon
fo9163	e7636	r2	e159	foodon
fo9164	e7637	r2	e7639	foodon
fo9165	e7639	r2	e3661	foodon
fo9166	e7638	r2	e559	foodon
fo9167	e7640	r2	e831	foodon
fo9168	e7641	r2	e134	foodon
fo9169	e7642	r2	e256	foodon
fo9170	e7643	r2	e4449	foodon
fo9171	e7644	r2	e44	foodon
fo9172	e7645	r2	e209	foodon
fo9173	e7646	r2	e254	foodon
fo9174	e7647	r2	e796	foodon
fo9175	e7649	r2	e1749	foodon
fo9176	e7650	r2	e793	foodon
fo9177	e7651	r2	e188	foodon
fo9178	e7651	r2	e1745	foodon
fo9179	e7652	r2	e795	foodon
fo9180	e7652	r2	e1576	foodon
fo9181	e7655	r2	e776	foodon
fo9182	e7656	r2	e5770	foodon
fo9183	e7657	r2	e463	foodon
fo9184	e7658	r2	e793	foodon
fo9185	e7659	r2	e7897	foodon
fo9186	e7660	r2	e1724	foodon
fo9187	e7661	r2	e1758	foodon
fo9188	e7663	r2	e1237	foodon
fo9189	e7664	r2	e300	foodon
fo9190	e7665	r2	e3765	foodon
fo9191	e7667	r2	e328	foodon
fo9192	e7668	r2	e1521	foodon
fo9193	e7669	r2	e1577	foodon
fo9194	e7670	r2	e627	foodon
fo9195	e7671	r2	e4193	foodon
fo9196	e7672	r2	e7706	foodon
fo9197	e7673	r2	e441	foodon
fo9198	e7674	r2	e678	foodon
fo9199	e7675	r2	e1757	foodon
fo9200	e7676	r2	e7706	foodon
fo9201	e7677	r2	e1061	foodon
fo9202	e7678	r2	e911	foodon
fo9203	e7679	r2	e5	foodon
fo9204	e7680	r2	e780	foodon
fo9205	e7681	r2	e56	foodon
fo9206	e7681	r2	e761	foodon
fo9207	e7682	r2	e834	foodon
fo9208	e7683	r2	e178	foodon
fo9209	e7684	r2	e3761	foodon
fo9210	e7685	r2	e450	foodon
fo9211	e7686	r2	e658	foodon
fo9212	e7687	r2	e173	foodon
fo9213	e7689	r2	e485	foodon
fo9214	e7690	r2	e1451	foodon
fo9215	e7691	r2	e1660	foodon
fo9216	e7692	r2	e4548	foodon
fo9217	e7693	r2	e428	foodon
fo9218	e7694	r2	e3748	foodon
fo9219	e7695	r2	e3748	foodon
fo9220	e7696	r2	e1724	foodon
fo9221	e7697	r2	e142	foodon
fo9222	e7698	r2	e1050	foodon
fo9223	e7699	r2	e1050	foodon
fo9224	e7700	r2	e9592	foodon
fo9225	e7701	r2	e797	foodon
fo9226	e7702	r2	e7644	foodon
fo9227	e7703	r2	e1464	foodon
fo9228	e7704	r2	e659	foodon
fo9229	e7704	r2	e10144	foodon
fo9230	e7705	r2	e694	foodon
fo9231	e7705	r2	e1467	foodon
fo9232	e7707	r2	e423	foodon
fo9233	e7708	r2	e660	foodon
fo9234	e7709	r2	e1339	foodon
fo9235	e7711	r2	e776	foodon
fo9236	e7712	r2	e567	foodon
fo9237	e7713	r2	e174	foodon
fo9238	e7714	r2	e19	foodon
fo9239	e7715	r2	e831	foodon
fo9240	e7716	r2	e640	foodon
fo9241	e7717	r2	e217	foodon
fo9242	e7717	r2	e1932	foodon
fo9243	e7718	r2	e859	foodon
fo9244	e7718	r2	e1054	foodon
fo9245	e7719	r2	e1110	foodon
fo9246	e7720	r2	e8119	foodon
fo9247	e8119	r2	e9156	foodon
fo9248	e7721	r2	e88	foodon
fo9249	e7722	r2	e7757	foodon
fo9250	e7757	r2	e173	foodon
fo9251	e7723	r2	e1577	foodon
fo9252	e7725	r2	e762	foodon
fo9253	e7726	r2	e3661	foodon
fo9254	e7727	r2	e451	foodon
fo9255	e7728	r2	e3661	foodon
fo9256	e7729	r2	e914	foodon
fo9257	e7729	r2	e3747	foodon
fo9258	e7730	r2	e841	foodon
fo9259	e7731	r2	e162	foodon
fo9260	e7732	r2	e1786	foodon
fo9261	e7733	r2	e7706	foodon
fo9262	e7734	r2	e1339	foodon
fo9263	e7735	r2	e1630	foodon
fo9264	e7735	r2	e7688	foodon
fo9265	e7737	r2	e671	foodon
fo9266	e7738	r2	e798	foodon
fo9267	e7739	r2	e7706	foodon
fo9268	e7740	r2	e1682	foodon
fo9269	e7742	r2	e209	foodon
fo9270	e7743	r2	e645	foodon
fo9271	e7744	r2	e542	foodon
fo9272	e7744	r2	e8845	foodon
fo9273	e7745	r2	e2056	foodon
fo9274	e7746	r2	e589	foodon
fo9275	e7747	r2	e1050	foodon
fo9276	e7748	r2	e492	foodon
fo9277	e7749	r2	e1228	foodon
fo9278	e7750	r2	e1256	foodon
fo9279	e7751	r2	e41	foodon
fo9280	e7751	r2	e2596	foodon
fo9281	e7751	r2	e3100	foodon
fo9282	e7752	r2	e87	foodon
fo9283	e7752	r2	e310	foodon
fo9284	e7755	r2	e7754	foodon
fo9285	e7756	r2	e478	foodon
fo9286	e7758	r2	e5396	foodon
fo9287	e7759	r2	e5396	foodon
fo9288	e7760	r2	e171	foodon
fo9289	e7762	r2	e793	foodon
fo9290	e7763	r2	e428	foodon
fo9291	e7764	r2	e9800	foodon
fo9292	e7765	r2	e1339	foodon
fo9293	e7766	r2	e5240	foodon
fo9294	e7767	r2	e76	foodon
fo9295	e7768	r2	e286	foodon
fo9296	e7768	r2	e7766	foodon
fo9297	e7770	r2	e754	foodon
fo9298	e7772	r2	e1678	foodon
fo9299	e7773	r2	e706	foodon
fo9300	e7774	r2	e161	foodon
fo9301	e7775	r2	e76	foodon
fo9302	e7776	r2	e375	foodon
fo9303	e7777	r2	e1801	foodon
fo9304	e7778	r2	e3589	foodon
fo9305	e7779	r2	e780	foodon
fo9306	e7780	r2	e1720	foodon
fo9307	e7781	r2	e44	foodon
fo9308	e7782	r2	e8842	foodon
fo9309	e7783	r2	e223	foodon
fo9310	e7784	r2	e1050	foodon
fo9311	e7785	r2	e589	foodon
fo9312	e7787	r2	e720	foodon
fo9313	e7789	r2	e7706	foodon
fo9314	e7790	r2	e640	foodon
fo9315	e7791	r2	e9200	foodon
fo9316	e7792	r2	e315	foodon
fo9317	e7793	r2	e529	foodon
fo9318	e7793	r2	e1440	foodon
fo9319	e7795	r2	e41	foodon
fo9320	e7796	r2	e545	foodon
fo9321	e7796	r2	e4993	foodon
fo9322	e7797	r2	e340	foodon
fo9323	e7798	r2	e4606	foodon
fo9324	e7799	r2	e782	foodon
fo9325	e7800	r2	e2064	foodon
fo9326	e7801	r2	e517	foodon
fo9327	e7802	r2	e1544	foodon
fo9328	e7803	r2	e6304	foodon
fo9329	e7804	r2	e6304	foodon
fo9330	e7805	r2	e460	foodon
fo9331	e7806	r2	e4606	foodon
fo9332	e7807	r2	e919	foodon
fo9333	e7808	r2	e1671	foodon
fo9334	e7809	r2	e1645	foodon
fo9335	e7810	r2	e1657	foodon
fo9336	e7812	r2	e4049	foodon
fo9337	e7813	r2	e9862	foodon
fo9338	e7814	r2	e3955	foodon
fo9339	e7815	r2	e1444	foodon
fo9340	e7816	r2	e175	foodon
fo9341	e7817	r2	e492	foodon
fo9342	e7819	r2	e1405	foodon
fo9343	e7820	r2	e687	foodon
fo9344	e7821	r2	e1718	foodon
fo9345	e7822	r2	e1658	foodon
fo9346	e7823	r2	e755	foodon
fo9347	e7824	r2	e1458	foodon
fo9348	e7825	r2	e58	foodon
fo9349	e7825	r2	e376	foodon
fo9350	e7826	r2	e1789	foodon
fo9351	e7827	r2	e1676	foodon
fo9352	e7828	r2	e335	foodon
fo9353	e7829	r2	e423	foodon
fo9354	e7830	r2	e430	foodon
fo9355	e7831	r2	e1650	foodon
fo9356	e7832	r2	e964	foodon
fo9357	e7833	r2	e3902	foodon
fo9358	e7834	r2	e695	foodon
fo9359	e7835	r2	e695	foodon
fo9360	e7836	r2	e370	foodon
fo9361	e7837	r2	e5160	foodon
fo9362	e7838	r2	e3734	foodon
fo9363	e7839	r2	e7840	foodon
fo9364	e7840	r2	e19	foodon
fo9365	e7841	r2	e4108	foodon
fo9366	e7842	r2	e4108	foodon
fo9367	e7843	r2	e4108	foodon
fo9368	e7844	r2	e4108	foodon
fo9369	e7846	r2	e2744	foodon
fo9370	e7847	r2	e2744	foodon
fo9371	e7848	r2	e2744	foodon
fo9372	e7849	r2	e424	foodon
fo9373	e7850	r2	e517	foodon
fo9374	e7851	r2	e9831	foodon
fo9375	e9831	r2	e134	foodon
fo9376	e7852	r2	e356	foodon
fo9377	e7852	r2	e821	foodon
fo9378	e7853	r2	e821	foodon
fo9379	e7854	r2	e300	foodon
fo9380	e7855	r2	e432	foodon
fo9381	e7856	r2	e834	foodon
fo9382	e7857	r2	e778	foodon
fo9383	e7858	r2	e1775	foodon
fo9384	e7859	r2	e334	foodon
fo9385	e7860	r2	e1980	foodon
fo9386	e7861	r2	e747	foodon
fo9387	e7862	r2	e8918	foodon
fo9388	e7863	r2	e322	foodon
fo9389	e7864	r2	e1015	foodon
fo9390	e7865	r2	e512	foodon
fo9391	e7866	r2	e3661	foodon
fo9392	e7867	r2	e6	foodon
fo9393	e7868	r2	e5770	foodon
fo9394	e7869	r2	e8656	foodon
fo9395	e8656	r2	e9246	foodon
fo9396	e9246	r2	e809	foodon
fo9397	e7870	r2	e5943	foodon
fo9398	e7871	r2	e339	foodon
fo9399	e7872	r2	e2206	foodon
fo9400	e7873	r2	e3820	foodon
fo9401	e7874	r2	e1230	foodon
fo9402	e7875	r2	e3840	foodon
fo9403	e7876	r2	e2744	foodon
fo9404	e7877	r2	e7876	foodon
fo9405	e7878	r2	e5160	foodon
fo9406	e7879	r2	e5160	foodon
fo9407	e7881	r2	e482	foodon
fo9408	e7882	r2	e1157	foodon
fo9409	e7882	r2	e3752	foodon
fo9410	e7883	r2	e3820	foodon
fo9411	e7883	r2	e3941	foodon
fo9412	e7884	r2	e1739	foodon
fo9413	e7885	r2	e639	foodon
fo9414	e7886	r2	e1326	foodon
fo9415	e7887	r2	e5160	foodon
fo9416	e7888	r2	e683	foodon
fo9417	e7888	r2	e916	foodon
fo9418	e7889	r2	e7644	foodon
fo9419	e7890	r2	e646	foodon
fo9420	e7891	r2	e646	foodon
fo9421	e7892	r2	e7644	foodon
fo9422	e7893	r2	e9246	foodon
fo9423	e7894	r2	e9156	foodon
fo9424	e7895	r2	e42	foodon
fo9425	e7896	r2	e171	foodon
fo9426	e7898	r2	e428	foodon
fo9427	e7899	r2	e102	foodon
fo9428	e7899	r2	e2921	foodon
fo9429	e7902	r2	e162	foodon
fo9430	e7903	r2	e81	foodon
fo9431	e7904	r2	e88	foodon
fo9432	e7905	r2	e121	foodon
fo9433	e7907	r2	e658	foodon
fo9434	e7908	r2	e754	foodon
fo9435	e7909	r2	e1453	foodon
fo9436	e7911	r2	e683	foodon
fo9437	e7912	r2	e856	foodon
fo9438	e7912	r2	e1050	foodon
fo9439	e7914	r2	e174	foodon
fo9440	e7915	r2	e615	foodon
fo9441	e7916	r2	e614	foodon
fo9442	e7917	r2	e298	foodon
fo9443	e7918	r2	e512	foodon
fo9444	e7919	r2	e1365	foodon
fo9445	e7920	r2	e4351	foodon
fo9446	e7921	r2	e630	foodon
fo9447	e7922	r2	e415	foodon
fo9448	e7923	r2	e136	foodon
fo9449	e7924	r2	e1061	foodon
fo9450	e7924	r2	e5405	foodon
fo9451	e7925	r2	e1603	foodon
fo9452	e7926	r2	e376	foodon
fo9453	e7927	r2	e143	foodon
fo9454	e7928	r2	e659	foodon
fo9455	e7929	r2	e1641	foodon
fo9456	e7930	r2	e547	foodon
fo9457	e7931	r2	e2159	foodon
fo9458	e7932	r2	e711	foodon
fo9459	e7933	r2	e432	foodon
fo9460	e7934	r2	e121	foodon
fo9461	e7935	r2	e17	foodon
fo9462	e7936	r2	e376	foodon
fo9463	e7937	r2	e1444	foodon
fo9464	e7938	r2	e793	foodon
fo9465	e7938	r2	e10144	foodon
fo9466	e7939	r2	e176	foodon
fo9467	e7940	r2	e133	foodon
fo9468	e7941	r2	e194	foodon
fo9469	e7942	r2	e3893	foodon
fo9470	e7943	r2	e133	foodon
fo9471	e7944	r2	e133	foodon
fo9472	e7945	r2	e425	foodon
fo9473	e7946	r2	e171	foodon
fo9474	e7947	r2	e88	foodon
fo9475	e7948	r2	e1712	foodon
fo9476	e7949	r2	e1050	foodon
fo9477	e7950	r2	e2076	foodon
fo9478	e7951	r2	e755	foodon
fo9479	e7952	r2	e166	foodon
fo9480	e7953	r2	e88	foodon
fo9481	e7954	r2	e231	foodon
fo9482	e7955	r2	e627	foodon
fo9483	e7956	r2	e627	foodon
fo9484	e7958	r2	e348	foodon
fo9485	e7959	r2	e436	foodon
fo9486	e7960	r2	e436	foodon
fo9487	e7961	r2	e584	foodon
fo9488	e7962	r2	e231	foodon
fo9489	e7963	r2	e457	foodon
fo9490	e7963	r2	e7539	foodon
fo9491	e7964	r2	e339	foodon
fo9492	e7965	r2	e642	foodon
fo9493	e7966	r2	e441	foodon
fo9494	e7966	r2	e1067	foodon
fo9495	e7966	r2	e1103	foodon
fo9496	e7968	r2	e695	foodon
fo9497	e7969	r2	e477	foodon
fo9498	e7970	r2	e6413	foodon
fo9499	e7971	r2	e132	foodon
fo9500	e7972	r2	e123	foodon
fo9501	e7973	r2	e791	foodon
fo9502	e7974	r2	e223	foodon
fo9503	e7975	r2	e3661	foodon
fo9504	e7976	r2	e223	foodon
fo9505	e7977	r2	e647	foodon
fo9506	e7978	r2	e8836	foodon
fo9507	e7979	r2	e543	foodon
fo9508	e7980	r2	e543	foodon
fo9509	e7981	r2	e18	foodon
fo9510	e7982	r2	e18	foodon
fo9511	e7983	r2	e3748	foodon
fo9512	e7984	r2	e4247	foodon
fo9513	e7985	r2	e8289	foodon
fo9514	e7986	r2	e463	foodon
fo9515	e7987	r2	e9032	foodon
fo9516	e7989	r2	e352	foodon
fo9517	e7991	r2	e8805	foodon
fo9518	e7992	r2	e510	foodon
fo9519	e7993	r2	e559	foodon
fo9520	e7994	r2	e361	foodon
fo9521	e7995	r2	e9632	foodon
fo9522	e9632	r2	e610	foodon
fo9523	e7996	r2	e4169	foodon
fo9524	e7997	r2	e674	foodon
fo9525	e7998	r2	e592	foodon
fo9526	e8000	r2	e4879	foodon
fo9527	e8001	r2	e323	foodon
fo9528	e8002	r2	e548	foodon
fo9529	e8003	r2	e8184	foodon
fo9530	e8004	r2	e8289	foodon
fo9531	e8005	r2	e8006	foodon
fo9532	e8005	r2	e8009	foodon
fo9533	e8009	r2	e774	foodon
fo9534	e8006	r2	e430	foodon
fo9535	e8006	r2	e3583	foodon
fo9536	e8006	r2	e8571	foodon
fo9537	e8007	r2	e484	foodon
fo9538	e8008	r2	e821	foodon
fo9539	e8010	r2	e124	foodon
fo9540	e8011	r2	e758	foodon
fo9541	e8011	r2	e1109	foodon
fo9542	e8012	r2	e2221	foodon
fo9543	e8013	r2	e175	foodon
fo9544	e8014	r2	e220	foodon
fo9545	e8015	r2	e41	foodon
fo9546	e8016	r2	e43	foodon
fo9547	e8016	r2	e4108	foodon
fo9548	e8017	r2	e380	foodon
fo9549	e8017	r2	e4108	foodon
fo9550	e8018	r2	e924	foodon
fo9551	e8019	r2	e41	foodon
fo9552	e8020	r2	e61	foodon
fo9553	e8021	r2	e43	foodon
fo9554	e8022	r2	e44	foodon
fo9555	e8023	r2	e8642	foodon
fo9556	e8024	r2	e5076	foodon
fo9557	e8025	r2	e723	foodon
fo9558	e8026	r2	e723	foodon
fo9559	e8027	r2	e4548	foodon
fo9560	e8028	r2	e628	foodon
fo9561	e8029	r2	e1462	foodon
fo9562	e8030	r2	e4247	foodon
fo9563	e8031	r2	e429	foodon
fo9564	e8033	r2	e1088	foodon
fo9565	e8034	r2	e424	foodon
fo9566	e8034	r2	e3755	foodon
fo9567	e8035	r2	e735	foodon
fo9568	e8037	r2	e589	foodon
fo9569	e8038	r2	e9360	foodon
fo9570	e9360	r2	e822	foodon
fo9571	e8039	r2	e822	foodon
fo9572	e8041	r2	e9164	foodon
fo9573	e8042	r2	e751	foodon
fo9574	e8043	r2	e8834	foodon
fo9575	e8044	r2	e892	foodon
fo9576	e8045	r2	e3661	foodon
fo9577	e8047	r2	e44	foodon
fo9578	e8048	r2	e43	foodon
fo9579	e8049	r2	e744	foodon
fo9580	e8050	r2	e548	foodon
fo9581	e8051	r2	e828	foodon
fo9582	e8052	r2	e6155	foodon
fo9583	e8053	r2	e430	foodon
fo9584	e8054	r2	e1462	foodon
fo9585	e8056	r2	e8289	foodon
fo9586	e8058	r2	e9032	foodon
fo9587	e8059	r2	e9032	foodon
fo9588	e8060	r2	e624	foodon
fo9589	e8061	r2	e683	foodon
fo9590	e8062	r2	e5449	foodon
fo9591	e8063	r2	e2068	foodon
fo9592	e8064	r2	e6110	foodon
fo9593	e8065	r2	e132	foodon
fo9594	e8065	r2	e656	foodon
fo9595	e8066	r2	e1002	foodon
fo9596	e8067	r2	e522	foodon
fo9597	e8068	r2	e498	foodon
fo9598	e8069	r2	e5974	foodon
fo9599	e8070	r2	e8289	foodon
fo9600	e8073	r2	e615	foodon
fo9601	e8074	r2	e8805	foodon
fo9602	e8075	r2	e44	foodon
fo9603	e8076	r2	e376	foodon
fo9604	e8077	r2	e536	foodon
fo9605	e8078	r2	e1007	foodon
fo9606	e8079	r2	e3761	foodon
fo9607	e8080	r2	e496	foodon
fo9608	e8081	r2	e794	foodon
fo9609	e8082	r2	e223	foodon
fo9610	e8083	r2	e1703	foodon
fo9611	e8084	r2	e9207	foodon
fo9612	e8085	r2	e708	foodon
fo9613	e8086	r2	e9707	foodon
fo9614	e8087	r2	e771	foodon
fo9615	e8088	r2	e349	foodon
fo9616	e8089	r2	e609	foodon
fo9617	e8090	r2	e1169	foodon
fo9618	e8091	r2	e1087	foodon
fo9619	e8092	r2	e8877	foodon
fo9620	e8877	r2	e8842	foodon
fo9621	e8093	r2	e8236	foodon
fo9622	e8236	r2	e3589	foodon
fo9623	e8095	r2	e1638	foodon
fo9624	e8096	r2	e3838	foodon
fo9625	e8097	r2	e616	foodon
fo9626	e8098	r2	e8805	foodon
fo9627	e8099	r2	e751	foodon
fo9628	e8100	r2	e476	foodon
fo9629	e8101	r2	e697	foodon
fo9630	e8102	r2	e1242	foodon
fo9631	e8103	r2	e723	foodon
fo9632	e8104	r2	e3557	foodon
fo9633	e8106	r2	e611	foodon
fo9634	e8107	r2	e1049	foodon
fo9635	e8107	r2	e7793	foodon
fo9636	e8108	r2	e1012	foodon
fo9637	e8108	r2	e1049	foodon
fo9638	e8109	r2	e335	foodon
fo9639	e8109	r2	e3737	foodon
fo9640	e8111	r2	e237	foodon
fo9641	e8111	r2	e691	foodon
fo9642	e8112	r2	e591	foodon
fo9643	e8113	r2	e1211	foodon
fo9644	e8114	r2	e87	foodon
fo9645	e8114	r2	e799	foodon
fo9646	e8115	r2	e371	foodon
fo9647	e8116	r2	e964	foodon
fo9648	e8117	r2	e455	foodon
fo9649	e8118	r2	e252	foodon
fo9650	e8120	r2	e3726	foodon
fo9651	e8121	r2	e687	foodon
fo9652	e8122	r2	e8879	foodon
fo9653	e8123	r2	e674	foodon
fo9654	e8124	r2	e8289	foodon
fo9655	e8125	r2	e463	foodon
fo9656	e8126	r2	e1365	foodon
fo9657	e8128	r2	e9032	foodon
fo9658	e8129	r2	e185	foodon
fo9659	e8129	r2	e1049	foodon
fo9660	e8129	r2	e1147	foodon
fo9661	e8131	r2	e7794	foodon
fo9662	e8134	r2	e1049	foodon
fo9663	e8134	r2	e3685	foodon
fo9664	e8136	r2	e4247	foodon
fo9665	e8138	r2	e724	foodon
fo9666	e8139	r2	e1365	foodon
fo9667	e8140	r2	e258	foodon
fo9668	e8141	r2	e41	foodon
fo9669	e8142	r2	e9064	foodon
fo9670	e8143	r2	e41	foodon
fo9671	e8144	r2	e4106	foodon
fo9672	e8144	r2	e8632	foodon
fo9673	e8632	r2	e8132	foodon
fo9674	e8632	r2	e9132	foodon
fo9675	e8145	r2	e424	foodon
fo9676	e8146	r2	e8135	foodon
fo9677	e8147	r2	e5974	foodon
fo9678	e8148	r2	e1069	foodon
fo9679	e8149	r2	e429	foodon
fo9680	e8150	r2	e446	foodon
fo9681	e8151	r2	e484	foodon
fo9682	e8153	r2	e1604	foodon
fo9683	e8154	r2	e9707	foodon
fo9684	e8155	r2	e8036	foodon
fo9685	e8156	r2	e532	foodon
fo9686	e8157	r2	e173	foodon
fo9687	e8158	r2	e5982	foodon
fo9688	e8159	r2	e4282	foodon
fo9689	e8160	r2	e8289	foodon
fo9690	e8161	r2	e1036	foodon
fo9691	e8162	r2	e801	foodon
fo9692	e8163	r2	e814	foodon
fo9693	e8164	r2	e373	foodon
fo9694	e8165	r2	e173	foodon
fo9695	e8166	r2	e124	foodon
fo9696	e8167	r2	e1340	foodon
fo9697	e8168	r2	e7724	foodon
fo9698	e8169	r2	e1339	foodon
fo9699	e8170	r2	e719	foodon
fo9700	e8171	r2	e1456	foodon
fo9701	e8172	r2	e133	foodon
fo9702	e8173	r2	e17	foodon
fo9703	e8174	r2	e1768	foodon
fo9704	e8175	r2	e19	foodon
fo9705	e8175	r2	e8137	foodon
fo9706	e8176	r2	e831	foodon
fo9707	e8177	r2	e300	foodon
fo9708	e8178	r2	e453	foodon
fo9709	e8179	r2	e524	foodon
fo9710	e8180	r2	e747	foodon
fo9711	e8181	r2	e497	foodon
fo9712	e8182	r2	e711	foodon
fo9713	e8183	r2	e311	foodon
fo9714	e8185	r2	e315	foodon
fo9715	e8186	r2	e7757	foodon
fo9716	e8187	r2	e200	foodon
fo9717	e8188	r2	e200	foodon
fo9718	e8188	r2	e8784	foodon
fo9719	e8784	r2	e8072	foodon
fo9720	e8189	r2	e102	foodon
fo9721	e8189	r2	e450	foodon
fo9722	e8191	r2	e1307	foodon
fo9723	e8192	r2	e6987	foodon
fo9724	e8193	r2	e8263	foodon
fo9725	e8263	r2	e3060	foodon
fo9726	e8194	r2	e3060	foodon
fo9727	e8196	r2	e8758	foodon
fo9728	e8758	r2	e136	foodon
fo9729	e8197	r2	e433	foodon
fo9730	e8198	r2	e4247	foodon
fo9731	e8199	r2	e532	foodon
fo9732	e8200	r2	e434	foodon
fo9733	e8201	r2	e341	foodon
fo9734	e8202	r2	e7644	foodon
fo9735	e8203	r2	e44	foodon
fo9736	e8204	r2	e44	foodon
fo9737	e8205	r2	e8729	foodon
fo9738	e8729	r2	e8512	foodon
fo9739	e8512	r2	e220	foodon
fo9740	e8206	r2	e176	foodon
fo9741	e8206	r2	e3755	foodon
fo9742	e8207	r2	e434	foodon
fo9743	e8208	r2	e256	foodon
fo9744	e8208	r2	e4108	foodon
fo9745	e8209	r2	e771	foodon
fo9746	e8210	r2	e44	foodon
fo9747	e8211	r2	e44	foodon
fo9748	e8212	r2	e1365	foodon
fo9749	e8214	r2	e373	foodon
fo9750	e8215	r2	e4354	foodon
fo9751	e8216	r2	e9805	foodon
fo9752	e8217	r2	e815	foodon
fo9753	e8218	r2	e702	foodon
fo9754	e8219	r2	e1091	foodon
fo9755	e8220	r2	e420	foodon
fo9756	e8221	r2	e1011	foodon
fo9757	e8222	r2	e815	foodon
fo9758	e8223	r2	e1038	foodon
fo9759	e8225	r2	e9164	foodon
fo9760	e8226	r2	e3658	foodon
fo9761	e8227	r2	e830	foodon
fo9762	e8228	r2	e17	foodon
fo9763	e8229	r2	e124	foodon
fo9764	e8230	r2	e798	foodon
fo9765	e8231	r2	e798	foodon
fo9766	e8231	r2	e924	foodon
fo9767	e8232	r2	e256	foodon
fo9768	e8233	r2	e790	foodon
fo9769	e8234	r2	e924	foodon
fo9770	e8235	r2	e1578	foodon
fo9771	e8237	r2	e3737	foodon
fo9772	e8238	r2	e484	foodon
fo9773	e8239	r2	e1109	foodon
fo9774	e8240	r2	e660	foodon
fo9775	e8241	r2	e6131	foodon
fo9776	e8242	r2	e9673	foodon
fo9777	e8243	r2	e371	foodon
fo9778	e8244	r2	e9360	foodon
fo9779	e8245	r2	e1777	foodon
fo9780	e8246	r2	e484	foodon
fo9781	e8247	r2	e737	foodon
fo9782	e8248	r2	e309	foodon
fo9783	e8249	r2	e44	foodon
fo9784	e8250	r2	e41	foodon
fo9785	e8251	r2	e44	foodon
fo9786	e8251	r2	e4881	foodon
fo9787	e8252	r2	e41	foodon
fo9788	e8252	r2	e2612	foodon
fo9789	e8252	r2	e3100	foodon
fo9790	e8253	r2	e1755	foodon
fo9791	e8254	r2	e1767	foodon
fo9792	e8255	r2	e44	foodon
fo9793	e8256	r2	e636	foodon
fo9794	e8257	r2	e802	foodon
fo9795	e8258	r2	e400	foodon
fo9796	e8259	r2	e417	foodon
fo9797	e8260	r2	e3857	foodon
fo9798	e8261	r2	e1365	foodon
fo9799	e8262	r2	e415	foodon
fo9800	e8264	r2	e1006	foodon
fo9801	e8265	r2	e8238	foodon
fo9802	e8266	r2	e112	foodon
fo9803	e8267	r2	e563	foodon
fo9804	e8269	r2	e9110	foodon
fo9805	e8270	r2	e1043	foodon
fo9806	e8271	r2	e8811	foodon
fo9807	e8271	r2	e9343	foodon
fo9808	e8272	r2	e1365	foodon
fo9809	e8272	r2	e4938	foodon
fo9810	e8273	r2	e559	foodon
fo9811	e8274	r2	e1733	foodon
fo9812	e8275	r2	e3808	foodon
fo9813	e8276	r2	e364	foodon
fo9814	e8277	r2	e1091	foodon
fo9815	e8278	r2	e5117	foodon
fo9816	e8279	r2	e194	foodon
fo9817	e8280	r2	e3726	foodon
fo9818	e8281	r2	e672	foodon
fo9819	e8282	r2	e624	foodon
fo9820	e8283	r2	e727	foodon
fo9821	e8284	r2	e6	foodon
fo9822	e8285	r2	e2026	foodon
fo9823	e8286	r2	e8464	foodon
fo9824	e8287	r2	e1087	foodon
fo9825	e8288	r2	e8521	foodon
fo9826	e8521	r2	e8845	foodon
fo9827	e8291	r2	e4881	foodon
fo9828	e8291	r2	e8036	foodon
fo9829	e8292	r2	e774	foodon
fo9830	e8293	r2	e6155	foodon
fo9831	e8294	r2	e86	foodon
fo9832	e8294	r2	e550	foodon
fo9833	e8295	r2	e6046	foodon
fo9834	e8295	r2	e6047	foodon
fo9835	e8296	r2	e548	foodon
fo9836	e8297	r2	e3840	foodon
fo9837	e8298	r2	e44	foodon
fo9838	e8299	r2	e8036	foodon
fo9839	e8301	r2	e833	foodon
fo9840	e8302	r2	e833	foodon
fo9841	e8303	r2	e833	foodon
fo9842	e8305	r2	e373	foodon
fo9843	e8306	r2	e1431	foodon
fo9844	e8307	r2	e791	foodon
fo9845	e8308	r2	e3880	foodon
fo9846	e8309	r2	e566	foodon
fo9847	e8311	r2	e459	foodon
fo9848	e8312	r2	e763	foodon
fo9849	e8313	r2	e763	foodon
fo9850	e8314	r2	e843	foodon
fo9851	e8315	r2	e843	foodon
fo9852	e8316	r2	e559	foodon
fo9853	e8316	r2	e749	foodon
fo9854	e8317	r2	e402	foodon
fo9855	e8318	r2	e383	foodon
fo9856	e8318	r2	e8008	foodon
fo9857	e8319	r2	e8289	foodon
fo9858	e8320	r2	e6437	foodon
fo9859	e8321	r2	e1792	foodon
fo9860	e8322	r2	e474	foodon
fo9861	e8323	r2	e964	foodon
fo9862	e8324	r2	e630	foodon
fo9863	e8325	r2	e8289	foodon
fo9864	e8326	r2	e8145	foodon
fo9865	e8327	r2	e6964	foodon
fo9866	e8328	r2	e1035	foodon
fo9867	e8329	r2	e1069	foodon
fo9868	e8330	r2	e133	foodon
fo9869	e8331	r2	e1033	foodon
fo9870	e8331	r2	e5278	foodon
fo9871	e8332	r2	e1027	foodon
fo9872	e8332	r2	e5278	foodon
fo9873	e8333	r2	e44	foodon
fo9874	e8334	r2	e532	foodon
fo9875	e8335	r2	e10018	foodon
fo9876	e10018	r2	e1544	foodon
fo9877	e8336	r2	e1462	foodon
fo9878	e8337	r2	e778	foodon
fo9879	e8338	r2	e615	foodon
fo9880	e8339	r2	e1087	foodon
fo9881	e8340	r2	e93	foodon
fo9882	e8341	r2	e905	foodon
fo9883	e8341	r2	e3716	foodon
fo9884	e8342	r2	e5334	foodon
fo9885	e8344	r2	e390	foodon
fo9886	e8346	r2	e4105	foodon
fo9887	e8347	r2	e3634	foodon
fo9888	e8348	r2	e5449	foodon
fo9889	e8349	r2	e5521	foodon
fo9890	e8350	r2	e370	foodon
fo9891	e8351	r2	e1646	foodon
fo9892	e8352	r2	e1793	foodon
fo9893	e8353	r2	e411	foodon
fo9894	e8354	r2	e740	foodon
fo9895	e8355	r2	e8880	foodon
fo9896	e8356	r2	e361	foodon
fo9897	e8357	r2	e431	foodon
fo9898	e8358	r2	e329	foodon
fo9899	e8359	r2	e830	foodon
fo9900	e8360	r2	e223	foodon
fo9901	e8361	r2	e484	foodon
fo9902	e8362	r2	e647	foodon
fo9903	e8362	r2	e648	foodon
fo9904	e8363	r2	e437	foodon
fo9905	e8364	r2	e544	foodon
fo9906	e8365	r2	e8960	foodon
fo9907	e8366	r2	e9710	foodon
fo9908	e9710	r2	e8960	foodon
fo9909	e8367	r2	e8078	foodon
fo9910	e8368	r2	e5395	foodon
fo9911	e8369	r2	e537	foodon
fo9912	e8370	r2	e479	foodon
fo9913	e8371	r2	e479	foodon
fo9914	e8372	r2	e8845	foodon
fo9915	e8374	r2	e5662	foodon
fo9916	e8375	r2	e391	foodon
fo9917	e8376	r2	e9110	foodon
fo9918	e8377	r2	e9110	foodon
fo9919	e8378	r2	e6524	foodon
fo9920	e8379	r2	e399	foodon
fo9921	e8380	r2	e300	foodon
fo9922	e8381	r2	e300	foodon
fo9923	e8382	r2	e354	foodon
fo9924	e8383	r2	e374	foodon
fo9925	e8384	r2	e5117	foodon
fo9926	e8385	r2	e374	foodon
fo9927	e8386	r2	e478	foodon
fo9928	e8387	r2	e478	foodon
fo9929	e8388	r2	e5117	foodon
fo9930	e8389	r2	e8454	foodon
fo9931	e8454	r2	e5117	foodon
fo9932	e8390	r2	e415	foodon
fo9933	e8391	r2	e223	foodon
fo9934	e8392	r2	e3661	foodon
fo9935	e8393	r2	e751	foodon
fo9936	e8394	r2	e802	foodon
fo9937	e8395	r2	e811	foodon
fo9938	e8396	r2	e803	foodon
fo9939	e8397	r2	e8289	foodon
fo9940	e8398	r2	e908	foodon
fo9941	e8399	r2	e811	foodon
fo9942	e8400	r2	e5948	foodon
fo9943	e8401	r2	e4951	foodon
fo9944	e8402	r2	e8297	foodon
fo9945	e8403	r2	e8009	foodon
fo9946	e8403	r2	e8571	foodon
fo9947	e8404	r2	e302	foodon
fo9948	e8405	r2	e461	foodon
fo9949	e8406	r2	e132	foodon
fo9950	e8406	r2	e464	foodon
fo9951	e8407	r2	e1779	foodon
fo9952	e8408	r2	e363	foodon
fo9953	e8409	r2	e5	foodon
fo9954	e8410	r2	e417	foodon
fo9955	e8411	r2	e751	foodon
fo9956	e8412	r2	e892	foodon
fo9957	e8413	r2	e743	foodon
fo9958	e8414	r2	e548	foodon
fo9959	e8415	r2	e223	foodon
fo9960	e8416	r2	e95	foodon
fo9961	e8417	r2	e964	foodon
fo9962	e8418	r2	e508	foodon
fo9963	e8419	r2	e762	foodon
fo9964	e8420	r2	e350	foodon
fo9965	e8421	r2	e350	foodon
fo9966	e8422	r2	e1534	foodon
fo9967	e8422	r2	e3972	foodon
fo9968	e8423	r2	e1781	foodon
fo9969	e8424	r2	e9594	foodon
fo9970	e8425	r2	e578	foodon
fo9971	e8426	r2	e3521	foodon
fo9972	e8427	r2	e717	foodon
fo9973	e8428	r2	e734	foodon
fo9974	e8429	r2	e471	foodon
fo9975	e8430	r2	e484	foodon
fo9976	e8431	r2	e772	foodon
fo9977	e8431	r2	e8521	foodon
fo9978	e8432	r2	e818	foodon
fo9979	e8433	r2	e1791	foodon
fo9980	e8435	r2	e3970	foodon
fo9981	e8436	r2	e3970	foodon
fo9982	e8437	r2	e1783	foodon
fo9983	e8438	r2	e1621	foodon
fo9984	e8439	r2	e3902	foodon
fo9985	e8440	r2	e3902	foodon
fo9986	e8441	r2	e3593	foodon
fo9987	e8442	r2	e437	foodon
fo9988	e8443	r2	e743	foodon
fo9989	e8444	r2	e743	foodon
fo9990	e8445	r2	e743	foodon
fo9991	e8446	r2	e322	foodon
fo9992	e8447	r2	e737	foodon
fo9993	e8448	r2	e737	foodon
fo9994	e8449	r2	e1038	foodon
fo9995	e8450	r2	e44	foodon
fo9996	e8451	r2	e8289	foodon
fo9997	e8452	r2	e735	foodon
fo9998	e8453	r2	e343	foodon
fo9999	e8455	r2	e195	foodon
fo10000	e8456	r2	e5160	foodon
fo10001	e8457	r2	e4279	foodon
fo10002	e8458	r2	e1151	foodon
fo10003	e8459	r2	e4045	foodon
fo10004	e8460	r2	e1540	foodon
fo10005	e8460	r2	e3763	foodon
fo10006	e8461	r2	e329	foodon
fo10007	e8462	r2	e1704	foodon
fo10008	e8463	r2	e1339	foodon
fo10009	e8465	r2	e6	foodon
fo10010	e8466	r2	e1686	foodon
fo10011	e8467	r2	e1773	foodon
fo10012	e8468	r2	e1483	foodon
fo10013	e8468	r2	e4107	foodon
fo10014	e8469	r2	e3593	foodon
fo10015	e8470	r2	e354	foodon
fo10016	e8471	r2	e373	foodon
fo10017	e8472	r2	e1061	foodon
fo10018	e8474	r2	e5749	foodon
fo10019	e8475	r2	e407	foodon
fo10020	e8476	r2	e4279	foodon
fo10021	e8478	r2	e3589	foodon
fo10022	e8479	r2	e360	foodon
fo10023	e8480	r2	e1105	foodon
fo10024	e8481	r2	e508	foodon
fo10025	e8482	r2	e778	foodon
fo10026	e8483	r2	e722	foodon
fo10027	e8484	r2	e877	foodon
fo10028	e8485	r2	e8118	foodon
fo10029	e8486	r2	e44	foodon
fo10030	e8487	r2	e18	foodon
fo10031	e8488	r2	e2068	foodon
fo10032	e8489	r2	e1088	foodon
fo10033	e8489	r2	e8503	foodon
fo10034	e8503	r2	e1087	foodon
fo10035	e8490	r2	e1088	foodon
fo10036	e8491	r2	e3812	foodon
fo10037	e8492	r2	e3645	foodon
fo10038	e8493	r2	e1511	foodon
fo10039	e8494	r2	e544	foodon
fo10040	e8495	r2	e415	foodon
fo10041	e8496	r2	e365	foodon
fo10042	e8497	r2	e74	foodon
fo10043	e8498	r2	e4640	foodon
fo10044	e8499	r2	e44	foodon
fo10045	e8500	r2	e475	foodon
fo10046	e8501	r2	e59	foodon
fo10047	e8502	r2	e439	foodon
fo10048	e8504	r2	e498	foodon
fo10049	e8505	r2	e356	foodon
fo10050	e8506	r2	e683	foodon
fo10051	e8507	r2	e807	foodon
fo10052	e8508	r2	e3834	foodon
fo10053	e8509	r2	e542	foodon
fo10054	e8509	r2	e8521	foodon
fo10055	e8510	r2	e1088	foodon
fo10056	e8511	r2	e537	foodon
fo10057	e8513	r2	e783	foodon
fo10058	e8514	r2	e219	foodon
fo10059	e8515	r2	e787	foodon
fo10060	e8516	r2	e300	foodon
fo10061	e8517	r2	e82	foodon
fo10062	e8517	r2	e323	foodon
fo10063	e8518	r2	e354	foodon
fo10064	e8519	r2	e656	foodon
fo10065	e8519	r2	e10144	foodon
fo10066	e8520	r2	e831	foodon
fo10067	e8522	r2	e428	foodon
fo10068	e8523	r2	e4364	foodon
fo10069	e8524	r2	e829	foodon
fo10070	e8525	r2	e8289	foodon
fo10071	e8526	r2	e8289	foodon
fo10072	e8527	r2	e4036	foodon
fo10073	e8528	r2	e1450	foodon
fo10074	e8528	r2	e3691	foodon
fo10075	e8529	r2	e776	foodon
fo10076	e8530	r2	e776	foodon
fo10077	e8531	r2	e776	foodon
fo10078	e8532	r2	e44	foodon
fo10079	e8533	r2	e3829	foodon
fo10080	e8534	r2	e44	foodon
fo10081	e8535	r2	e51	foodon
fo10082	e8536	r2	e1395	foodon
fo10083	e8537	r2	e831	foodon
fo10084	e8538	r2	e3755	foodon
fo10085	e8539	r2	e6036	foodon
fo10086	e8540	r2	e315	foodon
fo10087	e8541	r2	e154	foodon
fo10088	e8542	r2	e7596	foodon
fo10089	e8543	r2	e3625	foodon
fo10090	e8544	r2	e327	foodon
fo10091	e8545	r2	e4131	foodon
fo10092	e8546	r2	e831	foodon
fo10093	e8548	r2	e908	foodon
fo10094	e8549	r2	e223	foodon
fo10095	e8550	r2	e837	foodon
fo10096	e8551	r2	e9032	foodon
fo10097	e8552	r2	e777	foodon
fo10098	e8553	r2	e1663	foodon
fo10099	e8554	r2	e730	foodon
fo10100	e8555	r2	e44	foodon
fo10101	e8557	r2	e41	foodon
fo10102	e8557	r2	e7480	foodon
fo10103	e8558	r2	e44	foodon
fo10104	e8559	r2	e4108	foodon
fo10105	e8560	r2	e772	foodon
fo10106	e8561	r2	e9269	foodon
fo10107	e8562	r2	e9269	foodon
fo10108	e8563	r2	e1038	foodon
fo10109	e8564	r2	e560	foodon
fo10110	e8565	r2	e256	foodon
fo10111	e8566	r2	e774	foodon
fo10112	e8567	r2	e8571	foodon
fo10113	e8568	r2	e8571	foodon
fo10114	e8569	r2	e8571	foodon
fo10115	e8570	r2	e8571	foodon
fo10116	e8572	r2	e5910	foodon
fo10117	e8573	r2	e4249	foodon
fo10118	e8574	r2	e9083	foodon
fo10119	e9083	r2	e660	foodon
fo10120	e8576	r2	e168	foodon
fo10121	e8577	r2	e835	foodon
fo10122	e8578	r2	e176	foodon
fo10123	e8579	r2	e8289	foodon
fo10124	e8580	r2	e831	foodon
fo10125	e8581	r2	e8057	foodon
fo10126	e8582	r2	e9190	foodon
fo10127	e8584	r2	e719	foodon
fo10128	e8585	r2	e690	foodon
fo10129	e8586	r2	e810	foodon
fo10130	e8587	r2	e1780	foodon
fo10131	e8588	r2	e64	foodon
fo10132	e8589	r2	e376	foodon
fo10133	e8590	r2	e1062	foodon
fo10134	e8591	r2	e410	foodon
fo10135	e8592	r2	e696	foodon
fo10136	e8593	r2	e821	foodon
fo10137	e8594	r2	e1932	foodon
fo10138	e8595	r2	e436	foodon
fo10139	e8596	r2	e175	foodon
fo10140	e8597	r2	e600	foodon
fo10141	e8598	r2	e8785	foodon
fo10142	e8785	r2	e8805	foodon
fo10143	e8600	r2	e8805	foodon
fo10144	e8601	r2	e216	foodon
fo10145	e8602	r2	e2221	foodon
fo10146	e8603	r2	e924	foodon
fo10147	e8605	r2	e351	foodon
fo10148	e8606	r2	e3941	foodon
fo10149	e8607	r2	e1756	foodon
fo10150	e8607	r2	e4107	foodon
fo10151	e8608	r2	e840	foodon
fo10152	e8609	r2	e1154	foodon
fo10153	e8610	r2	e746	foodon
fo10154	e8610	r2	e8993	foodon
fo10155	e8993	r2	e306	foodon
fo10156	e8611	r2	e1544	foodon
fo10157	e8612	r2	e697	foodon
fo10158	e8613	r2	e888	foodon
fo10159	e8614	r2	e8263	foodon
fo10160	e8615	r2	e537	foodon
fo10161	e8616	r2	e838	foodon
fo10162	e8617	r2	e41	foodon
fo10163	e8618	r2	e43	foodon
fo10164	e8619	r2	e1790	foodon
fo10165	e8620	r2	e3838	foodon
fo10166	e8621	r2	e687	foodon
fo10167	e8622	r2	e5168	foodon
fo10168	e8623	r2	e5644	foodon
fo10169	e8624	r2	e523	foodon
fo10170	e8625	r2	e220	foodon
fo10171	e8626	r2	e9190	foodon
fo10172	e8627	r2	e522	foodon
fo10173	e8628	r2	e829	foodon
fo10174	e8629	r2	e420	foodon
fo10175	e8630	r2	e563	foodon
fo10176	e8631	r2	e1011	foodon
fo10177	e8633	r2	e490	foodon
fo10178	e8634	r2	e117	foodon
fo10179	e8635	r2	e19	foodon
fo10180	e8635	r2	e137	foodon
fo10181	e8636	r2	e1016	foodon
fo10182	e8636	r2	e5278	foodon
fo10183	e8637	r2	e378	foodon
fo10184	e8638	r2	e194	foodon
fo10185	e8639	r2	e8130	foodon
fo10186	e8640	r2	e44	foodon
fo10187	e8641	r2	e7644	foodon
fo10188	e8643	r2	e573	foodon
fo10189	e8644	r2	e170	foodon
fo10190	e8645	r2	e717	foodon
fo10191	e8646	r2	e373	foodon
fo10192	e8647	r2	e4371	foodon
fo10193	e8648	r2	e1087	foodon
fo10194	e8650	r2	e531	foodon
fo10195	e8651	r2	e611	foodon
fo10196	e8652	r2	e508	foodon
fo10197	e8653	r2	e756	foodon
fo10198	e8654	r2	e822	foodon
fo10199	e8655	r2	e508	foodon
fo10200	e8657	r2	e9246	foodon
fo10201	e8658	r2	e9246	foodon
fo10202	e8659	r2	e924	foodon
fo10203	e8660	r2	e3593	foodon
fo10204	e8661	r2	e2	foodon
fo10205	e8663	r2	e483	foodon
fo10206	e8664	r2	e508	foodon
fo10207	e8665	r2	e508	foodon
fo10208	e8666	r2	e508	foodon
fo10209	e8667	r2	e6482	foodon
fo10210	e8668	r2	e1043	foodon
fo10211	e8669	r2	e687	foodon
fo10212	e8670	r2	e126	foodon
fo10213	e8671	r2	e484	foodon
fo10214	e8672	r2	e606	foodon
fo10215	e8673	r2	e752	foodon
fo10216	e8674	r2	e174	foodon
fo10217	e8675	r2	e818	foodon
fo10218	e8676	r2	e818	foodon
fo10219	e8677	r2	e256	foodon
fo10220	e8678	r2	e9110	foodon
fo10221	e8679	r2	e3593	foodon
fo10222	e8680	r2	e10	foodon
fo10223	e8681	r2	e718	foodon
fo10224	e8682	r2	e718	foodon
fo10225	e8683	r2	e671	foodon
fo10226	e8684	r2	e647	foodon
fo10227	e8685	r2	e686	foodon
fo10228	e8685	r2	e1418	foodon
fo10229	e8686	r2	e1087	foodon
fo10230	e8687	r2	e3661	foodon
fo10231	e8688	r2	e911	foodon
fo10232	e8689	r2	e381	foodon
fo10233	e8690	r2	e1679	foodon
fo10234	e8691	r2	e871	foodon
fo10235	e8692	r2	e1329	foodon
fo10236	e8693	r2	e4446	foodon
fo10237	e8694	r2	e783	foodon
fo10238	e8694	r2	e3820	foodon
fo10239	e8695	r2	e1043	foodon
fo10240	e8696	r2	e1043	foodon
fo10241	e8697	r2	e255	foodon
fo10242	e8698	r2	e3636	foodon
fo10243	e8699	r2	e415	foodon
fo10244	e8700	r2	e4248	foodon
fo10245	e8701	r2	e329	foodon
fo10246	e8702	r2	e8842	foodon
fo10247	e8703	r2	e3740	foodon
fo10248	e8704	r2	e3740	foodon
fo10249	e8705	r2	e3740	foodon
fo10250	e8706	r2	e1027	foodon
fo10251	e8707	r2	e8835	foodon
fo10252	e8835	r2	e701	foodon
fo10253	e8709	r2	e7736	foodon
fo10254	e8710	r2	e587	foodon
fo10255	e8711	r2	e1778	foodon
fo10256	e8711	r2	e7736	foodon
fo10257	e8712	r2	e8853	foodon
fo10258	e8713	r2	e4025	foodon
fo10259	e8715	r2	e1444	foodon
fo10260	e8716	r2	e801	foodon
fo10261	e8717	r2	e801	foodon
fo10262	e8718	r2	e9156	foodon
fo10263	e8719	r2	e4606	foodon
fo10264	e8722	r2	e791	foodon
fo10265	e8723	r2	e322	foodon
fo10266	e8724	r2	e322	foodon
fo10267	e8725	r2	e706	foodon
fo10268	e8726	r2	e773	foodon
fo10269	e8728	r2	e1038	foodon
fo10270	e8730	r2	e44	foodon
fo10271	e8731	r2	e8036	foodon
fo10272	e8732	r2	e6131	foodon
fo10273	e8733	r2	e1711	foodon
fo10274	e8734	r2	e6131	foodon
fo10275	e8735	r2	e428	foodon
fo10276	e8736	r2	e573	foodon
fo10277	e8737	r2	e1057	foodon
fo10278	e8738	r2	e446	foodon
fo10279	e8739	r2	e355	foodon
fo10280	e8740	r2	e1465	foodon
fo10281	e8741	r2	e3737	foodon
fo10282	e8742	r2	e573	foodon
fo10283	e8743	r2	e9164	foodon
fo10284	e8744	r2	e504	foodon
fo10285	e8745	r2	e1088	foodon
fo10286	e8748	r2	e8228	foodon
fo10287	e8749	r2	e640	foodon
fo10288	e8750	r2	e660	foodon
fo10289	e8752	r2	e121	foodon
fo10290	e8753	r2	e220	foodon
fo10291	e8754	r2	e171	foodon
fo10292	e8755	r2	e43	foodon
fo10293	e8756	r2	e176	foodon
fo10294	e8757	r2	e4249	foodon
fo10295	e8760	r2	e132	foodon
fo10296	e8760	r2	e315	foodon
fo10297	e8761	r2	e778	foodon
fo10298	e8762	r2	e49	foodon
fo10299	e8763	r2	e828	foodon
fo10300	e8765	r2	e2068	foodon
fo10301	e8766	r2	e831	foodon
fo10302	e8767	r2	e1087	foodon
fo10303	e8769	r2	e828	foodon
fo10304	e8770	r2	e830	foodon
fo10305	e8771	r2	e9777	foodon
fo10306	e8772	r2	e924	foodon
fo10307	e8773	r2	e524	foodon
fo10308	e8774	r2	e219	foodon
fo10309	e8775	r2	e2208	foodon
fo10310	e8776	r2	e1339	foodon
fo10311	e8777	r2	e41	foodon
fo10312	e8778	r2	e43	foodon
fo10313	e8779	r2	e776	foodon
fo10314	e8780	r2	e1339	foodon
fo10315	e8781	r2	e322	foodon
fo10316	e8782	r2	e100	foodon
fo10317	e8783	r2	e837	foodon
fo10318	e8786	r2	e924	foodon
fo10319	e8787	r2	e3903	foodon
fo10320	e8788	r2	e9032	foodon
fo10321	e8789	r2	e677	foodon
fo10322	e8790	r2	e136	foodon
fo10323	e8791	r2	e9190	foodon
fo10324	e8792	r2	e9190	foodon
fo10325	e8793	r2	e130	foodon
fo10326	e8794	r2	e3737	foodon
fo10327	e8795	r2	e55	foodon
fo10328	e8796	r2	e834	foodon
fo10329	e8797	r2	e754	foodon
fo10330	e8798	r2	e436	foodon
fo10331	e8799	r2	e541	foodon
fo10332	e8799	r2	e3991	foodon
fo10333	e8800	r2	e436	foodon
fo10334	e8801	r2	e541	foodon
fo10335	e8802	r2	e5261	foodon
fo10336	e8803	r2	e4303	foodon
fo10337	e8804	r2	e9032	foodon
fo10338	e8806	r2	e8880	foodon
fo10339	e8807	r2	e8067	foodon
fo10340	e8808	r2	e8067	foodon
fo10341	e8809	r2	e498	foodon
fo10342	e8810	r2	e8879	foodon
fo10343	e8814	r2	e8627	foodon
fo10344	e8815	r2	e195	foodon
fo10345	e8816	r2	e3593	foodon
fo10346	e8817	r2	e708	foodon
fo10347	e8818	r2	e480	foodon
fo10348	e8819	r2	e615	foodon
fo10349	e8820	r2	e3595	foodon
fo10350	e8821	r2	e4364	foodon
fo10351	e8822	r2	e4274	foodon
fo10352	e8823	r2	e183	foodon
fo10353	e8824	r2	e1087	foodon
fo10354	e8825	r2	e1087	foodon
fo10355	e8826	r2	e837	foodon
fo10356	e8827	r2	e837	foodon
fo10357	e8828	r2	e8289	foodon
fo10358	e8829	r2	e8094	foodon
fo10359	e8830	r2	e8036	foodon
fo10360	e8831	r2	e223	foodon
fo10361	e8831	r2	e489	foodon
fo10362	e8832	r2	e9888	foodon
fo10363	e8833	r2	e3820	foodon
fo10364	e8837	r2	e3737	foodon
fo10365	e8838	r2	e3820	foodon
fo10366	e8839	r2	e641	foodon
fo10367	e8840	r2	e5027	foodon
fo10368	e8840	r2	e6286	foodon
fo10369	e8841	r2	e217	foodon
fo10370	e8844	r2	e5160	foodon
fo10371	e8847	r2	e651	foodon
fo10372	e8848	r2	e651	foodon
fo10373	e8849	r2	e653	foodon
fo10374	e8851	r2	e674	foodon
fo10375	e8852	r2	e596	foodon
fo10376	e8854	r2	e3899	foodon
fo10377	e8856	r2	e3771	foodon
fo10378	e8857	r2	e8879	foodon
fo10379	e8858	r2	e9707	foodon
fo10380	e8859	r2	e834	foodon
fo10381	e8860	r2	e415	foodon
fo10382	e8860	r2	e5735	foodon
fo10383	e8861	r2	e132	foodon
fo10384	e8862	r2	e9053	foodon
fo10385	e8863	r2	e641	foodon
fo10386	e8864	r2	e641	foodon
fo10387	e8865	r2	e8067	foodon
fo10388	e8866	r2	e88	foodon
fo10389	e8867	r2	e206	foodon
fo10390	e8868	r2	e830	foodon
fo10391	e8869	r2	e431	foodon
fo10392	e8870	r2	e9800	foodon
fo10393	e8871	r2	e717	foodon
fo10394	e8872	r2	e3820	foodon
fo10395	e8873	r2	e513	foodon
fo10396	e8873	r2	e514	foodon
fo10397	e8874	r2	e19	foodon
fo10398	e8875	r2	e56	foodon
fo10399	e8876	r2	e547	foodon
fo10400	e8881	r2	e19	foodon
fo10401	e8881	r2	e8137	foodon
fo10402	e8882	r2	e19	foodon
fo10403	e8882	r2	e8137	foodon
fo10404	e8883	r2	e453	foodon
fo10405	e8884	r2	e692	foodon
fo10406	e8885	r2	e387	foodon
fo10407	e8886	r2	e8880	foodon
fo10408	e8887	r2	e8960	foodon
fo10409	e8888	r2	e8960	foodon
fo10410	e8889	r2	e827	foodon
fo10411	e8890	r2	e8880	foodon
fo10412	e8891	r2	e707	foodon
fo10413	e8892	r2	e459	foodon
fo10414	e8893	r2	e713	foodon
fo10415	e8895	r2	e87	foodon
fo10416	e8895	r2	e826	foodon
fo10417	e8896	r2	e8842	foodon
fo10418	e8897	r2	e1405	foodon
fo10419	e8897	r2	e8875	foodon
fo10420	e8898	r2	e6110	foodon
fo10421	e8899	r2	e76	foodon
fo10422	e8900	r2	e76	foodon
fo10423	e8902	r2	e3834	foodon
fo10424	e8903	r2	e59	foodon
fo10425	e8904	r2	e782	foodon
fo10426	e8905	r2	e522	foodon
fo10427	e8906	r2	e10	foodon
fo10428	e8907	r2	e8880	foodon
fo10429	e8908	r2	e3662	foodon
fo10430	e8909	r2	e6065	foodon
fo10431	e8910	r2	e707	foodon
fo10432	e8911	r2	e9032	foodon
fo10433	e8912	r2	e6337	foodon
fo10434	e8913	r2	e6337	foodon
fo10435	e8914	r2	e2203	foodon
fo10436	e8915	r2	e88	foodon
fo10437	e8916	r2	e413	foodon
fo10438	e8917	r2	e413	foodon
fo10439	e8919	r2	e711	foodon
fo10440	e8920	r2	e498	foodon
fo10441	e8921	r2	e453	foodon
fo10442	e8922	r2	e8834	foodon
fo10443	e8923	r2	e18	foodon
fo10444	e8924	r2	e18	foodon
fo10445	e8925	r2	e6413	foodon
fo10446	e8926	r2	e8923	foodon
fo10447	e8927	r2	e8924	foodon
fo10448	e8928	r2	e2203	foodon
fo10449	e8929	r2	e2203	foodon
fo10450	e8930	r2	e834	foodon
fo10451	e8931	r2	e431	foodon
fo10452	e8932	r2	e9054	foodon
fo10453	e8933	r2	e9054	foodon
fo10454	e8934	r2	e9054	foodon
fo10455	e8935	r2	e9064	foodon
fo10456	e8936	r2	e761	foodon
fo10457	e8937	r2	e9032	foodon
fo10458	e8938	r2	e9707	foodon
fo10459	e8939	r2	e687	foodon
fo10460	e8940	r2	e136	foodon
fo10461	e8942	r2	e5117	foodon
fo10462	e8943	r2	e548	foodon
fo10463	e8944	r2	e323	foodon
fo10464	e8945	r2	e323	foodon
fo10465	e8946	r2	e323	foodon
fo10466	e8947	r2	e130	foodon
fo10467	e8948	r2	e9053	foodon
fo10468	e8949	r2	e3589	foodon
fo10469	e8950	r2	e827	foodon
fo10470	e8951	r2	e170	foodon
fo10471	e8952	r2	e776	foodon
fo10472	e8953	r2	e566	foodon
fo10473	e8954	r2	e827	foodon
fo10474	e8955	r2	e4248	foodon
fo10475	e8956	r2	e9032	foodon
fo10476	e8957	r2	e8880	foodon
fo10477	e8958	r2	e627	foodon
fo10478	e8959	r2	e459	foodon
fo10479	e8961	r2	e594	foodon
fo10480	e8962	r2	e761	foodon
fo10481	e8963	r2	e1057	foodon
fo10482	e8964	r2	e827	foodon
fo10483	e8965	r2	e820	foodon
fo10484	e8966	r2	e8877	foodon
fo10485	e8967	r2	e8130	foodon
fo10486	e8968	r2	e452	foodon
fo10487	e8969	r2	e828	foodon
fo10488	e8970	r2	e828	foodon
fo10489	e8971	r2	e58	foodon
fo10490	e8972	r2	e223	foodon
fo10491	e8973	r2	e8842	foodon
fo10492	e8974	r2	e260	foodon
fo10493	e8975	r2	e3521	foodon
fo10494	e8976	r2	e448	foodon
fo10495	e8977	r2	e734	foodon
fo10496	e8977	r2	e846	foodon
fo10497	e8978	r2	e820	foodon
fo10498	e8980	r2	e636	foodon
fo10499	e8981	r2	e415	foodon
fo10500	e8982	r2	e636	foodon
fo10501	e8983	r2	e421	foodon
fo10502	e8984	r2	e690	foodon
fo10503	e8985	r2	e3755	foodon
fo10504	e8985	r2	e9008	foodon
fo10505	e9008	r2	e8885	foodon
fo10506	e8986	r2	e8987	foodon
fo10507	e8986	r2	e9190	foodon
fo10508	e8987	r2	e3820	foodon
fo10509	e8988	r2	e495	foodon
fo10510	e8989	r2	e433	foodon
fo10511	e8990	r2	e3852	foodon
fo10512	e8994	r2	e683	foodon
fo10513	e8995	r2	e683	foodon
fo10514	e8996	r2	e8154	foodon
fo10515	e8997	r2	e8842	foodon
fo10516	e8998	r2	e9369	foodon
fo10517	e9369	r2	e8842	foodon
fo10518	e8999	r2	e8960	foodon
fo10519	e9000	r2	e8842	foodon
fo10520	e9001	r2	e8842	foodon
fo10521	e9002	r2	e49	foodon
fo10522	e9003	r2	e8842	foodon
fo10523	e9004	r2	e88	foodon
fo10524	e9005	r2	e8067	foodon
fo10525	e9006	r2	e8067	foodon
fo10526	e9007	r2	e58	foodon
fo10527	e9010	r2	e471	foodon
fo10528	e9011	r2	e19	foodon
fo10529	e9012	r2	e299	foodon
fo10530	e9014	r2	e209	foodon
fo10531	e9015	r2	e365	foodon
fo10532	e9016	r2	e701	foodon
fo10533	e9017	r2	e588	foodon
fo10534	e9018	r2	e9594	foodon
fo10535	e9019	r2	e911	foodon
fo10536	e9020	r2	e146	foodon
fo10537	e9022	r2	e390	foodon
fo10538	e9023	r2	e9707	foodon
fo10539	e9024	r2	e3917	foodon
fo10540	e9025	r2	e135	foodon
fo10541	e9026	r2	e231	foodon
fo10542	e9027	r2	e302	foodon
fo10543	e9028	r2	e544	foodon
fo10544	e9029	r2	e9196	foodon
fo10545	e9030	r2	e9196	foodon
fo10546	e9033	r2	e233	foodon
fo10547	e9034	r2	e522	foodon
fo10548	e9035	r2	e3926	foodon
fo10549	e9036	r2	e3852	foodon
fo10550	e9036	r2	e9919	foodon
fo10551	e9037	r2	e3852	foodon
fo10552	e9037	r2	e6426	foodon
fo10553	e9038	r2	e1365	foodon
fo10554	e9039	r2	e9038	foodon
fo10555	e9040	r2	e4169	foodon
fo10556	e9041	r2	e4169	foodon
fo10557	e9042	r2	e223	foodon
fo10558	e9043	r2	e825	foodon
fo10559	e9044	r2	e121	foodon
fo10560	e9045	r2	e121	foodon
fo10561	e9046	r2	e474	foodon
fo10562	e9047	r2	e442	foodon
fo10563	e9048	r2	e442	foodon
fo10564	e9048	r2	e9046	foodon
fo10565	e9049	r2	e208	foodon
fo10566	e9050	r2	e474	foodon
fo10567	e9051	r2	e419	foodon
fo10568	e9052	r2	e419	foodon
fo10569	e9055	r2	e5817	foodon
fo10570	e9056	r2	e9148	foodon
fo10571	e9057	r2	e8843	foodon
fo10572	e9058	r2	e8036	foodon
fo10573	e9059	r2	e10	foodon
fo10574	e9060	r2	e4025	foodon
fo10575	e9063	r2	e5817	foodon
fo10576	e9066	r2	e487	foodon
fo10577	e9066	r2	e488	foodon
fo10578	e9067	r2	e3610	foodon
fo10579	e9068	r2	e680	foodon
fo10580	e9068	r2	e1015	foodon
fo10581	e9069	r2	e585	foodon
fo10582	e9070	r2	e8842	foodon
fo10583	e9071	r2	e9707	foodon
fo10584	e9072	r2	e4066	foodon
fo10585	e9073	r2	e162	foodon
fo10586	e9075	r2	e88	foodon
fo10587	e9076	r2	e8289	foodon
fo10588	e9077	r2	e3737	foodon
fo10589	e9078	r2	e8885	foodon
fo10590	e9079	r2	e88	foodon
fo10591	e9080	r2	e835	foodon
fo10592	e9081	r2	e3594	foodon
fo10593	e9082	r2	e3594	foodon
fo10594	e9084	r2	e4027	foodon
fo10595	e9085	r2	e5261	foodon
fo10596	e9086	r2	e8094	foodon
fo10597	e9087	r2	e8834	foodon
fo10598	e9088	r2	e9214	foodon
fo10599	e9214	r2	e9266	foodon
fo10600	e9266	r2	e683	foodon
fo10601	e9089	r2	e683	foodon
fo10602	e9090	r2	e9674	foodon
fo10603	e9674	r2	e140	foodon
fo10604	e9091	r2	e142	foodon
fo10605	e9092	r2	e41	foodon
fo10606	e9093	r2	e44	foodon
fo10607	e9094	r2	e9148	foodon
fo10608	e9095	r2	e4249	foodon
fo10609	e9096	r2	e3594	foodon
fo10610	e9097	r2	e5160	foodon
fo10611	e9098	r2	e231	foodon
fo10612	e9099	r2	e9032	foodon
fo10613	e9100	r2	e4279	foodon
fo10614	e9100	r2	e4393	foodon
fo10615	e9101	r2	e4393	foodon
fo10616	e9102	r2	e3737	foodon
fo10617	e9103	r2	e4169	foodon
fo10618	e9104	r2	e3855	foodon
fo10619	e9105	r2	e131	foodon
fo10620	e9106	r2	e8885	foodon
fo10621	e9107	r2	e5806	foodon
fo10622	e9108	r2	e630	foodon
fo10623	e9109	r2	e592	foodon
fo10624	e9111	r2	e487	foodon
fo10625	e9111	r2	e488	foodon
fo10626	e9112	r2	e7706	foodon
fo10627	e9113	r2	e1069	foodon
fo10628	e9114	r2	e681	foodon
fo10629	e9115	r2	e183	foodon
fo10630	e9117	r2	e515	foodon
fo10631	e9118	r2	e515	foodon
fo10632	e9119	r2	e924	foodon
fo10633	e9120	r2	e9064	foodon
fo10634	e9121	r2	e41	foodon
fo10635	e9122	r2	e924	foodon
fo10636	e9123	r2	e134	foodon
fo10637	e9124	r2	e9156	foodon
fo10638	e9125	r2	e4249	foodon
fo10639	e9126	r2	e223	foodon
fo10640	e9126	r2	e489	foodon
fo10641	e9127	r2	e8834	foodon
fo10642	e9128	r2	e4279	foodon
fo10643	e9129	r2	e3726	foodon
fo10644	e9130	r2	e8094	foodon
fo10645	e9131	r2	e821	foodon
fo10646	e9133	r2	e9156	foodon
fo10647	e9134	r2	e17	foodon
fo10648	e9135	r2	e9800	foodon
fo10649	e9136	r2	e17	foodon
fo10650	e9137	r2	e540	foodon
fo10651	e9138	r2	e753	foodon
fo10652	e9139	r2	e450	foodon
fo10653	e9140	r2	e771	foodon
fo10654	e9141	r2	e453	foodon
fo10655	e9142	r2	e547	foodon
fo10656	e9143	r2	e724	foodon
fo10657	e9144	r2	e1932	foodon
fo10658	e9145	r2	e2206	foodon
fo10659	e9146	r2	e8811	foodon
fo10660	e9147	r2	e9110	foodon
fo10661	e9149	r2	e683	foodon
fo10662	e9150	r2	e811	foodon
fo10663	e9151	r2	e319	foodon
fo10664	e9152	r2	e519	foodon
fo10665	e9153	r2	e517	foodon
fo10666	e9154	r2	e517	foodon
fo10667	e9155	r2	e519	foodon
fo10668	e9157	r2	e3721	foodon
fo10669	e9158	r2	e234	foodon
fo10670	e9159	r2	e687	foodon
fo10671	e9160	r2	e687	foodon
fo10672	e9161	r2	e3721	foodon
fo10673	e9162	r2	e88	foodon
fo10674	e9165	r2	e5373	foodon
fo10675	e9166	r2	e9032	foodon
fo10676	e9167	r2	e447	foodon
fo10677	e9168	r2	e4105	foodon
fo10678	e9169	r2	e232	foodon
fo10679	e9170	r2	e232	foodon
fo10680	e9171	r2	e9190	foodon
fo10681	e9172	r2	e232	foodon
fo10682	e9173	r2	e232	foodon
fo10683	e9174	r2	e386	foodon
fo10684	e9175	r2	e5974	foodon
fo10685	e9176	r2	e502	foodon
fo10686	e9177	r2	e233	foodon
fo10687	e9178	r2	e233	foodon
fo10688	e9179	r2	e9032	foodon
fo10689	e9180	r2	e7754	foodon
fo10690	e9181	r2	e4025	foodon
fo10691	e9182	r2	e5839	foodon
fo10692	e9183	r2	e59	foodon
fo10693	e9184	r2	e206	foodon
fo10694	e9185	r2	e223	foodon
fo10695	e9186	r2	e9065	foodon
fo10696	e9187	r2	e8842	foodon
fo10697	e9188	r2	e9861	foodon
fo10698	e9189	r2	e610	foodon
fo10699	e9191	r2	e59	foodon
fo10700	e9192	r2	e524	foodon
fo10701	e9193	r2	e9707	foodon
fo10702	e9194	r2	e9707	foodon
fo10703	e9195	r2	e8842	foodon
fo10704	e9197	r2	e17	foodon
fo10705	e9198	r2	e817	foodon
fo10706	e9199	r2	e88	foodon
fo10707	e9203	r2	e5974	foodon
fo10708	e9204	r2	e3820	foodon
fo10709	e9205	r2	e88	foodon
fo10710	e9206	r2	e8834	foodon
fo10711	e9208	r2	e7754	foodon
fo10712	e9209	r2	e130	foodon
fo10713	e9210	r2	e220	foodon
fo10714	e9211	r2	e801	foodon
fo10715	e9212	r2	e309	foodon
fo10716	e9213	r2	e378	foodon
fo10717	e9216	r2	e4169	foodon
fo10718	e9217	r2	e4169	foodon
fo10719	e9218	r2	e4169	foodon
fo10720	e9219	r2	e463	foodon
fo10721	e9220	r2	e193	foodon
fo10722	e9221	r2	e237	foodon
fo10723	e9221	r2	e691	foodon
fo10724	e9222	r2	e9707	foodon
fo10725	e9223	r2	e9707	foodon
fo10726	e9224	r2	e8842	foodon
fo10727	e9225	r2	e206	foodon
fo10728	e9228	r2	e19	foodon
fo10729	e9229	r2	e711	foodon
fo10730	e9230	r2	e753	foodon
fo10731	e9231	r2	e8119	foodon
fo10732	e9231	r2	e9124	foodon
fo10733	e9232	r2	e3	foodon
fo10734	e9233	r2	e10	foodon
fo10735	e9234	r2	e801	foodon
fo10736	e9235	r2	e309	foodon
fo10737	e9236	r2	e385	foodon
fo10738	e9237	r2	e385	foodon
fo10739	e9238	r2	e385	foodon
fo10740	e9239	r2	e1087	foodon
fo10741	e9240	r2	e9241	foodon
fo10742	e9242	r2	e872	foodon
fo10743	e9243	r2	e872	foodon
fo10744	e9244	r2	e872	foodon
fo10745	e9245	r2	e510	foodon
fo10746	e9247	r2	e9594	foodon
fo10747	e9248	r2	e630	foodon
fo10748	e9249	r2	e508	foodon
fo10749	e9250	r2	e756	foodon
fo10750	e9251	r2	e630	foodon
fo10751	e9252	r2	e615	foodon
fo10752	e9253	r2	e524	foodon
fo10753	e9254	r2	e669	foodon
fo10754	e9255	r2	e669	foodon
fo10755	e9256	r2	e132	foodon
fo10756	e9257	r2	e59	foodon
fo10757	e9258	r2	e8885	foodon
fo10758	e9259	r2	e9193	foodon
fo10759	e9260	r2	e8289	foodon
fo10760	e9261	r2	e9595	foodon
fo10761	e9595	r2	e88	foodon
fo10762	e9262	r2	e8879	foodon
fo10763	e9263	r2	e219	foodon
fo10764	e9264	r2	e9707	foodon
fo10765	e9265	r2	e88	foodon
fo10766	e9267	r2	e9156	foodon
fo10767	e9268	r2	e3	foodon
fo10768	e9270	r2	e453	foodon
fo10769	e9271	r2	e232	foodon
fo10770	e9272	r2	e232	foodon
fo10771	e9273	r2	e223	foodon
fo10772	e9274	r2	e8842	foodon
fo10773	e9275	r2	e8842	foodon
fo10774	e9276	r2	e8842	foodon
fo10775	e9277	r2	e302	foodon
fo10776	e9278	r2	e8842	foodon
fo10777	e9279	r2	e9594	foodon
fo10778	e9280	r2	e4194	foodon
fo10779	e9281	r2	e522	foodon
fo10780	e9282	r2	e745	foodon
fo10781	e9283	r2	e4105	foodon
fo10782	e9284	r2	e788	foodon
fo10783	e9285	r2	e723	foodon
fo10784	e9286	r2	e390	foodon
fo10785	e9287	r2	e3955	foodon
fo10786	e9288	r2	e9032	foodon
fo10787	e9289	r2	e556	foodon
fo10788	e9290	r2	e8842	foodon
fo10789	e9291	r2	e260	foodon
fo10790	e9292	r2	e8842	foodon
fo10791	e9293	r2	e544	foodon
fo10792	e9294	r2	e9053	foodon
fo10793	e9295	r2	e745	foodon
fo10794	e9296	r2	e445	foodon
fo10795	e9297	r2	e445	foodon
fo10796	e9298	r2	e761	foodon
fo10797	e9299	r2	e601	foodon
fo10798	e9300	r2	e9032	foodon
fo10799	e9301	r2	e9032	foodon
fo10800	e9302	r2	e713	foodon
fo10801	e9303	r2	e733	foodon
fo10802	e9304	r2	e4522	foodon
fo10803	e9306	r2	e551	foodon
fo10804	e9308	r2	e4025	foodon
fo10805	e9309	r2	e4522	foodon
fo10806	e9310	r2	e9674	foodon
fo10807	e9311	r2	e9674	foodon
fo10808	e9312	r2	e9674	foodon
fo10809	e9313	r2	e9674	foodon
fo10810	e9314	r2	e715	foodon
fo10811	e9314	r2	e5516	foodon
fo10812	e9315	r2	e1273	foodon
fo10813	e9316	r2	e536	foodon
fo10814	e9317	r2	e571	foodon
fo10815	e9318	r2	e596	foodon
fo10816	e9319	r2	e143	foodon
fo10817	e9320	r2	e642	foodon
fo10818	e9321	r2	e594	foodon
fo10819	e9322	r2	e1407	foodon
fo10820	e9323	r2	e9032	foodon
fo10821	e9324	r2	e576	foodon
fo10822	e9325	r2	e903	foodon
fo10823	e9326	r2	e510	foodon
fo10824	e9327	r2	e9304	foodon
fo10825	e9328	r2	e9683	foodon
fo10826	e9683	r2	e2186	foodon
fo10827	e9683	r2	e4107	foodon
fo10828	e9329	r2	e319	foodon
fo10829	e9330	r2	e382	foodon
fo10830	e9331	r2	e333	foodon
fo10831	e9332	r2	e646	foodon
fo10832	e9333	r2	e630	foodon
fo10833	e9334	r2	e630	foodon
fo10834	e9335	r2	e508	foodon
fo10835	e9336	r2	e508	foodon
fo10836	e9338	r2	e327	foodon
fo10837	e9339	r2	e697	foodon
fo10838	e9340	r2	e146	foodon
fo10839	e9341	r2	e445	foodon
fo10840	e9342	r2	e415	foodon
fo10841	e9345	r2	e206	foodon
fo10842	e9346	r2	e59	foodon
fo10843	e9347	r2	e133	foodon
fo10844	e9348	r2	e711	foodon
fo10845	e9349	r2	e3589	foodon
fo10846	e9350	r2	e630	foodon
fo10847	e9351	r2	e508	foodon
fo10848	e9352	r2	e8067	foodon
fo10849	e9353	r2	e9209	foodon
fo10850	e9354	r2	e88	foodon
fo10851	e9355	r2	e9054	foodon
fo10852	e9356	r2	e9193	foodon
fo10853	e9357	r2	e333	foodon
fo10854	e9358	r2	e9032	foodon
fo10855	e9359	r2	e522	foodon
fo10856	e9361	r2	e88	foodon
fo10857	e9362	r2	e9032	foodon
fo10858	e9363	r2	e613	foodon
fo10859	e9364	r2	e3737	foodon
fo10860	e9365	r2	e2203	foodon
fo10861	e9366	r2	e503	foodon
fo10862	e9367	r2	e5160	foodon
fo10863	e9368	r2	e4025	foodon
fo10864	e9370	r2	e8879	foodon
fo10865	e9371	r2	e829	foodon
fo10866	e9372	r2	e4289	foodon
fo10867	e9373	r2	e8094	foodon
fo10868	e9374	r2	e9032	foodon
fo10869	e9375	r2	e3611	foodon
fo10870	e9376	r2	e8058	foodon
fo10871	e9377	r2	e59	foodon
fo10872	e9378	r2	e809	foodon
fo10873	e9379	r2	e480	foodon
fo10874	e9380	r2	e88	foodon
fo10875	e9381	r2	e17	foodon
fo10876	e9382	r2	e4621	foodon
fo10877	e9383	r2	e17	foodon
fo10878	e9384	r2	e154	foodon
fo10879	e9385	r2	e9707	foodon
fo10880	e9386	r2	e8834	foodon
fo10881	e9387	r2	e5359	foodon
fo10882	e9388	r2	e3820	foodon
fo10883	e9389	r2	e706	foodon
fo10884	e9390	r2	e706	foodon
fo10885	e9391	r2	e706	foodon
fo10886	e9392	r2	e829	foodon
fo10887	e9394	r2	e9377	foodon
fo10888	e9395	r2	e9032	foodon
fo10889	e9396	r2	e7754	foodon
fo10890	e9397	r2	e3801	foodon
fo10891	e9398	r2	e1263	foodon
fo10892	e9399	r2	e682	foodon
fo10893	e9400	r2	e540	foodon
fo10894	e9401	r2	e753	foodon
fo10895	e9402	r2	e7754	foodon
fo10896	e9403	r2	e503	foodon
fo10897	e9404	r2	e251	foodon
fo10898	e9405	r2	e17	foodon
fo10899	e9406	r2	e9707	foodon
fo10900	e9407	r2	e485	foodon
fo10901	e9408	r2	e9156	foodon
fo10902	e9409	r2	e9054	foodon
fo10903	e9410	r2	e3737	foodon
fo10904	e9411	r2	e213	foodon
fo10905	e9412	r2	e453	foodon
fo10906	e9413	r2	e830	foodon
fo10907	e9414	r2	e8842	foodon
fo10908	e9415	r2	e2208	foodon
fo10909	e9416	r2	e17	foodon
fo10910	e9417	r2	e206	foodon
fo10911	e9418	r2	e8058	foodon
fo10912	e9419	r2	e3737	foodon
fo10913	e9420	r2	e167	foodon
fo10914	e9421	r2	e450	foodon
fo10915	e9422	r2	e200	foodon
fo10916	e9423	r2	e44	foodon
fo10917	e9424	r2	e117	foodon
fo10918	e9425	r2	e17	foodon
fo10919	e9426	r2	e378	foodon
fo10920	e9427	r2	e5261	foodon
fo10921	e9428	r2	e17	foodon
fo10922	e9429	r2	e17	foodon
fo10923	e9430	r2	e17	foodon
fo10924	e9431	r2	e17	foodon
fo10925	e9433	r2	e9707	foodon
fo10926	e9435	r2	e5933	foodon
fo10927	e9436	r2	e9707	foodon
fo10928	e9437	r2	e58	foodon
fo10929	e9438	r2	e683	foodon
fo10930	e9439	r2	e6065	foodon
fo10931	e9440	r2	e1301	foodon
fo10932	e9441	r2	e474	foodon
fo10933	e9442	r2	e18	foodon
fo10934	e9443	r2	e18	foodon
fo10935	e9444	r2	e4247	foodon
fo10936	e9445	r2	e135	foodon
fo10937	e9446	r2	e223	foodon
fo10938	e9447	r2	e135	foodon
fo10939	e9448	r2	e6524	foodon
fo10940	e9449	r2	e6524	foodon
fo10941	e9450	r2	e9369	foodon
fo10942	e9451	r2	e9369	foodon
fo10943	e9452	r2	e524	foodon
fo10944	e9453	r2	e1008	foodon
fo10945	e9454	r2	e3589	foodon
fo10946	e9455	r2	e1008	foodon
fo10947	e9456	r2	e4036	foodon
fo10948	e9457	r2	e4036	foodon
fo10949	e9458	r2	e626	foodon
fo10950	e9459	r2	e159	foodon
fo10951	e9459	r2	e10144	foodon
fo10952	e9460	r2	e161	foodon
fo10953	e9460	r2	e210	foodon
fo10954	e9461	r2	e683	foodon
fo10955	e9461	r2	e10147	foodon
fo10956	e9463	r2	e4464	foodon
fo10957	e9464	r2	e791	foodon
fo10958	e9465	r2	e8879	foodon
fo10959	e9466	r2	e8879	foodon
fo10960	e9468	r2	e436	foodon
fo10961	e9469	r2	e436	foodon
fo10962	e9470	r2	e434	foodon
fo10963	e9471	r2	e434	foodon
fo10964	e9472	r2	e771	foodon
fo10965	e9473	r2	e436	foodon
fo10966	e9474	r2	e753	foodon
fo10967	e9475	r2	e753	foodon
fo10968	e9476	r2	e753	foodon
fo10969	e9477	r2	e434	foodon
fo10970	e9478	r2	e4095	foodon
fo10971	e9479	r2	e9707	foodon
fo10972	e9480	r2	e908	foodon
fo10973	e9481	r2	e788	foodon
fo10974	e9482	r2	e5829	foodon
fo10975	e9483	r2	e679	foodon
fo10976	e9483	r2	e1015	foodon
fo10977	e9484	r2	e67	foodon
fo10978	e9484	r2	e434	foodon
fo10979	e9485	r2	e771	foodon
fo10980	e9486	r2	e434	foodon
fo10981	e9487	r2	e6065	foodon
fo10982	e9488	r2	e3826	foodon
fo10983	e9489	r2	e3826	foodon
fo10984	e9490	r2	e3826	foodon
fo10985	e9491	r2	e3826	foodon
fo10986	e9492	r2	e416	foodon
fo10987	e9493	r2	e1028	foodon
fo10988	e9494	r2	e537	foodon
fo10989	e9495	r2	e728	foodon
fo10990	e9496	r2	e696	foodon
fo10991	e9497	r2	e9145	foodon
fo10992	e9498	r2	e540	foodon
fo10993	e9499	r2	e135	foodon
fo10994	e9500	r2	e5199	foodon
fo10995	e9501	r2	e382	foodon
fo10996	e9502	r2	e4371	foodon
fo10997	e9503	r2	e4371	foodon
fo10998	e9504	r2	e338	foodon
fo10999	e9505	r2	e597	foodon
fo11000	e9506	r2	e5115	foodon
fo11001	e9507	r2	e17	foodon
fo11002	e9508	r2	e415	foodon
fo11003	e9509	r2	e351	foodon
fo11004	e9510	r2	e819	foodon
fo11005	e9511	r2	e9512	foodon
fo11006	e9512	r2	e819	foodon
fo11007	e9513	r2	e791	foodon
fo11008	e9514	r2	e791	foodon
fo11009	e9515	r2	e791	foodon
fo11010	e9516	r2	e3587	foodon
fo11011	e9517	r2	e3587	foodon
fo11012	e9518	r2	e791	foodon
fo11013	e9519	r2	e6964	foodon
fo11014	e9520	r2	e3946	foodon
fo11015	e9521	r2	e3840	foodon
fo11016	e9522	r2	e485	foodon
fo11017	e9523	r2	e8834	foodon
fo11018	e9524	r2	e1365	foodon
fo11019	e9525	r2	e1365	foodon
fo11020	e9526	r2	e4025	foodon
fo11021	e9527	r2	e3610	foodon
fo11022	e9528	r2	e576	foodon
fo11023	e9529	r2	e8464	foodon
fo11024	e9530	r2	e6	foodon
fo11025	e9531	r2	e8464	foodon
fo11026	e9532	r2	e8464	foodon
fo11027	e9533	r2	e710	foodon
fo11028	e9534	r2	e353	foodon
fo11029	e9535	r2	e301	foodon
fo11030	e9536	r2	e520	foodon
fo11031	e9537	r2	e549	foodon
fo11032	e9538	r2	e844	foodon
fo11033	e9539	r2	e390	foodon
fo11034	e9541	r2	e9540	foodon
fo11035	e9542	r2	e159	foodon
fo11036	e9543	r2	e3921	foodon
fo11037	e9544	r2	e678	foodon
fo11038	e9545	r2	e433	foodon
fo11039	e9546	r2	e4249	foodon
fo11040	e9547	r2	e4249	foodon
fo11041	e9548	r2	e4249	foodon
fo11042	e9549	r2	e470	foodon
fo11043	e9550	r2	e7897	foodon
fo11044	e9551	r2	e7897	foodon
fo11045	e9552	r2	e754	foodon
fo11046	e9553	r2	e4279	foodon
fo11047	e9554	r2	e4279	foodon
fo11048	e9555	r2	e4773	foodon
fo11049	e9556	r2	e436	foodon
fo11050	e9557	r2	e436	foodon
fo11051	e9558	r2	e3987	foodon
fo11052	e9559	r2	e4393	foodon
fo11053	e9560	r2	e4439	foodon
fo11054	e9561	r2	e818	foodon
fo11055	e9562	r2	e17	foodon
fo11056	e9563	r2	e754	foodon
fo11057	e9564	r2	e649	foodon
fo11058	e9565	r2	e652	foodon
fo11059	e9566	r2	e652	foodon
fo11060	e9567	r2	e652	foodon
fo11061	e9568	r2	e651	foodon
fo11062	e9569	r2	e754	foodon
fo11063	e9570	r2	e4718	foodon
fo11064	e9571	r2	e433	foodon
fo11065	e9572	r2	e8834	foodon
fo11066	e9573	r2	e450	foodon
fo11067	e9574	r2	e17	foodon
fo11068	e9575	r2	e1119	foodon
fo11069	e9576	r2	e10	foodon
fo11070	e9577	r2	e3594	foodon
fo11071	e9578	r2	e8236	foodon
fo11072	e9579	r2	e366	foodon
fo11073	e9580	r2	e7967	foodon
fo11074	e9582	r2	e5405	foodon
fo11075	e9583	r2	e9031	foodon
fo11076	e9584	r2	e9032	foodon
fo11077	e9585	r2	e9031	foodon
fo11078	e9586	r2	e206	foodon
fo11079	e9587	r2	e3755	foodon
fo11080	e9588	r2	e3755	foodon
fo11081	e9588	r2	e8585	foodon
fo11082	e9589	r2	e615	foodon
fo11083	e9591	r2	e9031	foodon
fo11084	e9593	r2	e641	foodon
fo11085	e9596	r2	e4387	foodon
fo11086	e9597	r2	e9707	foodon
fo11087	e9598	r2	e3747	foodon
fo11088	e9599	r2	e9578	foodon
fo11089	e9601	r2	e9156	foodon
fo11090	e9602	r2	e5160	foodon
fo11091	e9603	r2	e1061	foodon
fo11092	e9604	r2	e4613	foodon
fo11093	e9605	r2	e8877	foodon
fo11094	e9606	r2	e8877	foodon
fo11095	e9607	r2	e9862	foodon
fo11096	e9608	r2	e8836	foodon
fo11097	e9609	r2	e436	foodon
fo11098	e9610	r2	e436	foodon
fo11099	e9611	r2	e649	foodon
fo11100	e9612	r2	e17	foodon
fo11101	e9614	r2	e9613	foodon
fo11102	e9615	r2	e6155	foodon
fo11103	e9616	r2	e9613	foodon
fo11104	e9617	r2	e6155	foodon
fo11105	e9618	r2	e9614	foodon
fo11106	e9619	r2	e6155	foodon
fo11107	e9620	r2	e711	foodon
fo11108	e9621	r2	e9540	foodon
fo11109	e9622	r2	e59	foodon
fo11110	e9623	r2	e370	foodon
fo11111	e9624	r2	e902	foodon
fo11112	e9625	r2	e9032	foodon
fo11113	e9626	r2	e584	foodon
fo11114	e9627	r2	e576	foodon
fo11115	e9628	r2	e233	foodon
fo11116	e9629	r2	e779	foodon
fo11117	e9630	r2	e521	foodon
fo11118	e9631	r2	e1405	foodon
fo11119	e9633	r2	e8310	foodon
fo11120	e9634	r2	e133	foodon
fo11121	e9635	r2	e341	foodon
fo11122	e9636	r2	e87	foodon
fo11123	e9636	r2	e826	foodon
fo11124	e9637	r2	e9707	foodon
fo11125	e9638	r2	e259	foodon
fo11126	e9639	r2	e707	foodon
fo11127	e9640	r2	e3737	foodon
fo11128	e9641	r2	e3737	foodon
fo11129	e9642	r2	e5384	foodon
fo11130	e9643	r2	e5384	foodon
fo11131	e9644	r2	e433	foodon
fo11132	e9645	r2	e711	foodon
fo11133	e9646	r2	e453	foodon
fo11134	e9647	r2	e711	foodon
fo11135	e9648	r2	e433	foodon
fo11136	e9649	r2	e9190	foodon
fo11137	e9650	r2	e3830	foodon
fo11138	e9651	r2	e132	foodon
fo11139	e9652	r2	e132	foodon
fo11140	e9653	r2	e232	foodon
fo11141	e9654	r2	e8834	foodon
fo11142	e9655	r2	e366	foodon
fo11143	e9656	r2	e232	foodon
fo11144	e9657	r2	e8289	foodon
fo11145	e9658	r2	e386	foodon
fo11146	e9659	r2	e9595	foodon
fo11147	e9660	r2	e7754	foodon
fo11148	e9661	r2	e4025	foodon
fo11149	e9662	r2	e5839	foodon
fo11150	e9663	r2	e59	foodon
fo11151	e9664	r2	e502	foodon
fo11152	e9665	r2	e8879	foodon
fo11153	e9666	r2	e59	foodon
fo11154	e9667	r2	e8067	foodon
fo11155	e9668	r2	e447	foodon
fo11156	e9669	r2	e610	foodon
fo11157	e9670	r2	e232	foodon
fo11158	e9671	r2	e232	foodon
fo11159	e9672	r2	e9190	foodon
fo11160	e9675	r2	e9032	foodon
fo11161	e9676	r2	e5943	foodon
fo11162	e9677	r2	e447	foodon
fo11163	e9678	r2	e447	foodon
fo11164	e9679	r2	e9031	foodon
fo11165	e9680	r2	e9025	foodon
fo11166	e9681	r2	e9673	foodon
fo11167	e9682	r2	e9241	foodon
fo11168	e9684	r2	e9674	foodon
fo11169	e9685	r2	e2186	foodon
fo11170	e9685	r2	e4090	foodon
fo11171	e9686	r2	e904	foodon
fo11172	e9686	r2	e9685	foodon
fo11173	e9687	r2	e9241	foodon
fo11174	e9688	r2	e7915	foodon
fo11175	e9689	r2	e1084	foodon
fo11176	e9690	r2	e9673	foodon
fo11177	e9691	r2	e9673	foodon
fo11178	e9692	r2	e260	foodon
fo11179	e9693	r2	e440	foodon
fo11180	e9694	r2	e708	foodon
fo11181	e9695	r2	e321	foodon
fo11182	e9696	r2	e6413	foodon
fo11183	e9697	r2	e4025	foodon
fo11184	e9698	r2	e7754	foodon
fo11185	e9699	r2	e5839	foodon
fo11186	e9700	r2	e3611	foodon
fo11187	e9701	r2	e8836	foodon
fo11188	e9702	r2	e407	foodon
fo11189	e9703	r2	e142	foodon
fo11190	e9704	r2	e174	foodon
fo11191	e9705	r2	e174	foodon
fo11192	e9706	r2	e9673	foodon
fo11193	e9708	r2	e3645	foodon
fo11194	e9709	r2	e761	foodon
fo11195	e9711	r2	e432	foodon
fo11196	e9712	r2	e9025	foodon
fo11197	e9713	r2	e761	foodon
fo11198	e9714	r2	e761	foodon
fo11199	e9716	r2	e8834	foodon
fo11200	e9718	r2	e88	foodon
fo11201	e9719	r2	e17	foodon
fo11202	e9720	r2	e2206	foodon
fo11203	e9721	r2	e2206	foodon
fo11204	e9722	r2	e761	foodon
fo11205	e9723	r2	e761	foodon
fo11206	e9724	r2	e588	foodon
fo11207	e9725	r2	e588	foodon
fo11208	e9726	r2	e415	foodon
fo11209	e9727	r2	e790	foodon
fo11210	e9728	r2	e790	foodon
fo11211	e9729	r2	e4066	foodon
fo11212	e9730	r2	e133	foodon
fo11213	e9731	r2	e133	foodon
fo11214	e9732	r2	e1237	foodon
fo11215	e9733	r2	e6	foodon
fo11216	e9734	r2	e1237	foodon
fo11217	e9735	r2	e7897	foodon
fo11218	e9736	r2	e7897	foodon
fo11219	e9737	r2	e7897	foodon
fo11220	e9738	r2	e3955	foodon
fo11221	e9739	r2	e3060	foodon
fo11222	e9741	r2	e8949	foodon
fo11223	e9742	r2	e3594	foodon
fo11224	e9743	r2	e9053	foodon
fo11225	e9744	r2	e5485	foodon
fo11226	e9745	r2	e5485	foodon
fo11227	e9746	r2	e302	foodon
fo11228	e9747	r2	e9018	foodon
fo11229	e9748	r2	e9018	foodon
fo11230	e9749	r2	e9018	foodon
fo11231	e9750	r2	e9673	foodon
fo11232	e9751	r2	e9025	foodon
fo11233	e9752	r2	e9025	foodon
fo11234	e9753	r2	e333	foodon
fo11235	e9755	r2	e790	foodon
fo11236	e9756	r2	e790	foodon
fo11237	e9757	r2	e321	foodon
fo11238	e9758	r2	e539	foodon
fo11239	e9759	r2	e378	foodon
fo11240	e9760	r2	e798	foodon
fo11241	e9761	r2	e10	foodon
fo11242	e9762	r2	e8784	foodon
fo11243	e9763	r2	e309	foodon
fo11244	e9764	r2	e309	foodon
fo11245	e9765	r2	e8649	foodon
fo11246	e9766	r2	e4375	foodon
fo11247	e9767	r2	e1119	foodon
fo11248	e9768	r2	e8094	foodon
fo11249	e9769	r2	e9156	foodon
fo11250	e9771	r2	e4157	foodon
fo11251	e9772	r2	e202	foodon
fo11252	e9772	r2	e1178	foodon
fo11253	e9773	r2	e202	foodon
fo11254	e9773	r2	e309	foodon
fo11255	e9774	r2	e10	foodon
fo11256	e9776	r2	e828	foodon
fo11257	e9778	r2	e309	foodon
fo11258	e9779	r2	e801	foodon
fo11259	e9781	r2	e1035	foodon
fo11260	e9782	r2	e309	foodon
fo11261	e9783	r2	e801	foodon
fo11262	e9784	r2	e310	foodon
fo11263	e9785	r2	e601	foodon
fo11264	e9786	r2	e601	foodon
fo11265	e9787	r2	e601	foodon
fo11266	e9788	r2	e798	foodon
fo11267	e9789	r2	e798	foodon
fo11268	e9790	r2	e798	foodon
fo11269	e9791	r2	e798	foodon
fo11270	e9792	r2	e798	foodon
fo11271	e9793	r2	e798	foodon
fo11272	e9794	r2	e798	foodon
fo11273	e9795	r2	e798	foodon
fo11274	e9796	r2	e41	foodon
fo11275	e9797	r2	e9800	foodon
fo11276	e9799	r2	e3095	foodon
fo11277	e9801	r2	e9800	foodon
fo11278	e9802	r2	e44	foodon
fo11279	e9804	r2	e44	foodon
fo11280	e9806	r2	e9201	foodon
fo11281	e9807	r2	e8036	foodon
fo11282	e9808	r2	e8036	foodon
fo11283	e9809	r2	e8036	foodon
fo11284	e9810	r2	e8843	foodon
fo11285	e9811	r2	e8036	foodon
fo11286	e9812	r2	e703	foodon
fo11287	e9812	r2	e8036	foodon
fo11288	e9813	r2	e8843	foodon
fo11289	e9814	r2	e8036	foodon
fo11290	e9815	r2	e703	foodon
fo11291	e9816	r2	e9707	foodon
fo11292	e9817	r2	e8843	foodon
fo11293	e9818	r2	e8843	foodon
fo11294	e9819	r2	e8036	foodon
fo11295	e9820	r2	e8036	foodon
fo11296	e9821	r2	e8036	foodon
fo11297	e9822	r2	e834	foodon
fo11298	e9823	r2	e576	foodon
fo11299	e9824	r2	e44	foodon
fo11300	e9825	r2	e41	foodon
fo11301	e9826	r2	e10	foodon
fo11302	e9827	r2	e4247	foodon
fo11303	e9828	r2	e8834	foodon
fo11304	e9829	r2	e4993	foodon
fo11305	e9830	r2	e7724	foodon
fo11306	e9832	r2	e484	foodon
fo11307	e9833	r2	e1462	foodon
fo11308	e9834	r2	e142	foodon
fo11309	e9835	r2	e3557	foodon
fo11310	e9836	r2	e3557	foodon
fo11311	e9837	r2	e9862	foodon
fo11312	e9838	r2	e44	foodon
fo11313	e9839	r2	e573	foodon
fo11314	e9840	r2	e4247	foodon
fo11315	e9841	r2	e9032	foodon
fo11316	e9842	r2	e8880	foodon
fo11317	e9843	r2	e8880	foodon
fo11318	e9844	r2	e3594	foodon
fo11319	e9845	r2	e3594	foodon
fo11320	e9846	r2	e9861	foodon
fo11321	e9847	r2	e9861	foodon
fo11322	e9848	r2	e610	foodon
fo11323	e9849	r2	e610	foodon
fo11324	e9850	r2	e8805	foodon
fo11325	e9851	r2	e5821	foodon
fo11326	e9852	r2	e9032	foodon
fo11327	e9853	r2	e8880	foodon
fo11328	e9854	r2	e540	foodon
fo11329	e9856	r2	e8289	foodon
fo11330	e9857	r2	e8040	foodon
fo11331	e9858	r2	e9032	foodon
fo11332	e9859	r2	e828	foodon
fo11333	e9860	r2	e709	foodon
fo11334	e9863	r2	e399	foodon
fo11335	e9864	r2	e176	foodon
fo11336	e9865	r2	e17	foodon
fo11337	e9866	r2	e4274	foodon
fo11338	e9867	r2	e690	foodon
fo11339	e9868	r2	e3838	foodon
fo11340	e9869	r2	e9158	foodon
fo11341	e9870	r2	e1008	foodon
fo11342	e9871	r2	e9941	foodon
fo11343	e9941	r2	e1008	foodon
fo11344	e9872	r2	e8510	foodon
fo11345	e9873	r2	e8510	foodon
fo11346	e9874	r2	e59	foodon
fo11347	e9875	r2	e132	foodon
fo11348	e9876	r2	e8836	foodon
fo11349	e9877	r2	e433	foodon
fo11350	e9878	r2	e9707	foodon
fo11351	e9879	r2	e300	foodon
fo11352	e9880	r2	e414	foodon
fo11353	e9881	r2	e424	foodon
fo11354	e9882	r2	e610	foodon
fo11355	e9883	r2	e3594	foodon
fo11356	e9884	r2	e9883	foodon
fo11357	e9885	r2	e627	foodon
fo11358	e9886	r2	e9878	foodon
fo11359	e9887	r2	e8510	foodon
fo11360	e9889	r2	e9707	foodon
fo11361	e9890	r2	e9707	foodon
fo11362	e9891	r2	e9707	foodon
fo11363	e9892	r2	e247	foodon
fo11364	e9893	r2	e247	foodon
fo11365	e9895	r2	e9894	foodon
fo11366	e9896	r2	e9237	foodon
fo11367	e9897	r2	e7967	foodon
fo11368	e9898	r2	e872	foodon
fo11369	e9899	r2	e303	foodon
fo11370	e9900	r2	e303	foodon
fo11371	e9901	r2	e303	foodon
fo11372	e9902	r2	e4522	foodon
fo11373	e9903	r2	e4522	foodon
fo11374	e9904	r2	e7754	foodon
fo11375	e9905	r2	e4025	foodon
fo11376	e9906	r2	e5839	foodon
fo11377	e9907	r2	e233	foodon
fo11378	e9908	r2	e431	foodon
fo11379	e9909	r2	e9861	foodon
fo11380	e9910	r2	e248	foodon
fo11381	e9911	r2	e610	foodon
fo11382	e9912	r2	e484	foodon
fo11383	e9913	r2	e385	foodon
fo11384	e9914	r2	e385	foodon
fo11385	e9915	r2	e59	foodon
fo11386	e9916	r2	e248	foodon
fo11387	e9917	r2	e3557	foodon
fo11388	e9918	r2	e17	foodon
fo11389	e9920	r2	e6426	foodon
fo11390	e9921	r2	e6426	foodon
fo11391	e9922	r2	e1365	foodon
fo11392	e9923	r2	e6426	foodon
fo11393	e9924	r2	e309	foodon
fo11394	e9925	r2	e17	foodon
fo11395	e9926	r2	e1057	foodon
fo11396	e9927	r2	e8842	foodon
fo11397	e9928	r2	e9707	foodon
fo11398	e9929	r2	e8843	foodon
fo11399	e9930	r2	e9442	foodon
fo11400	e9931	r2	e8924	foodon
fo11401	e9931	r2	e9442	foodon
fo11402	e9932	r2	e231	foodon
fo11403	e9933	r2	e231	foodon
fo11404	e9934	r2	e9190	foodon
fo11405	e9935	r2	e3593	foodon
fo11406	e9936	r2	e3737	foodon
fo11407	e9937	r2	e8059	foodon
fo11408	e9938	r2	e3279	foodon
fo11409	e9939	r2	e9032	foodon
fo11410	e9940	r2	e142	foodon
fo11411	e9942	r2	e798	foodon
fo11412	e9943	r2	e6128	foodon
fo11413	e9944	r2	e8843	foodon
fo11414	e9945	r2	e1256	foodon
fo11415	e9946	r2	e519	foodon
fo11416	e9947	r2	e2208	foodon
fo11417	e9948	r2	e309	foodon
fo11418	e9950	r2	e8834	foodon
fo11419	e9951	r2	e4247	foodon
fo11420	e9952	r2	e4247	foodon
fo11421	e9953	r2	e708	foodon
fo11422	e9954	r2	e4259	foodon
fo11423	e9955	r2	e364	foodon
fo11424	e9956	r2	e250	foodon
fo11425	e9957	r2	e59	foodon
fo11426	e9958	r2	e7706	foodon
fo11427	e9959	r2	e8918	foodon
fo11428	e9960	r2	e8842	foodon
fo11429	e9961	r2	e9969	foodon
fo11430	e9969	r2	e258	foodon
fo11431	e9962	r2	e843	foodon
fo11432	e9963	r2	e638	foodon
fo11433	e9965	r2	e9972	foodon
fo11434	e9968	r2	e630	foodon
fo11435	e9970	r2	e1386	foodon
fo11436	e9971	r2	e10005	foodon
fo11437	e9976	r2	e294	foodon
fo11438	e9977	r2	e756	foodon
fo11439	e9977	r2	e9968	foodon
fo11440	e9978	r2	e1545	foodon
fo11441	e9979	r2	e9972	foodon
fo11442	e9983	r2	e9980	foodon
fo11443	e9984	r2	e9972	foodon
fo11444	e9986	r2	e9972	foodon
fo11445	e9987	r2	e9972	foodon
fo11446	e9988	r2	e9972	foodon
fo11447	e9990	r2	e467	foodon
fo11448	e9991	r2	e2902	foodon
fo11449	e9992	r2	e9967	foodon
fo11450	e9993	r2	e10118	foodon
fo11451	e10118	r2	e9964	foodon
fo11452	e9994	r2	e9966	foodon
fo11453	e9995	r2	e9999	foodon
fo11454	e9997	r2	e1544	foodon
fo11455	e9998	r2	e9999	foodon
fo11456	e10001	r2	e1544	foodon
fo11457	e10002	r2	e1544	foodon
fo11458	e10003	r2	e10002	foodon
fo11459	e10004	r2	e1544	foodon
fo11460	e10006	r2	e1544	foodon
fo11461	e10009	r2	e3515	foodon
fo11462	e10010	r2	e9969	foodon
fo11463	e10011	r2	e223	foodon
fo11464	e10012	r2	e10063	foodon
fo11465	e10063	r2	e9969	foodon
fo11466	e10013	r2	e2902	foodon
fo11467	e10014	r2	e9968	foodon
fo11468	e10015	r2	e1544	foodon
fo11469	e10016	r2	e10033	foodon
fo11470	e10033	r2	e9969	foodon
fo11471	e10017	r2	e9969	foodon
fo11472	e10020	r2	e10019	foodon
fo11473	e10021	r2	e10064	foodon
fo11474	e10064	r2	e9969	foodon
fo11475	e10022	r2	e9969	foodon
fo11476	e10023	r2	e9969	foodon
fo11477	e10024	r2	e837	foodon
fo11478	e10025	r2	e9967	foodon
fo11479	e10026	r2	e1544	foodon
fo11480	e10027	r2	e3515	foodon
fo11481	e10028	r2	e3515	foodon
fo11482	e10029	r2	e10002	foodon
fo11483	e10030	r2	e1023	foodon
fo11484	e10031	r2	e9967	foodon
fo11485	e10032	r2	e10063	foodon
fo11486	e10034	r2	e1488	foodon
fo11487	e10035	r2	e1838	foodon
fo11488	e10036	r2	e2076	foodon
fo11489	e10037	r2	e1544	foodon
fo11490	e10038	r2	e1406	foodon
fo11491	e10039	r2	e10033	foodon
fo11492	e10040	r2	e10033	foodon
fo11493	e10041	r2	e10033	foodon
fo11494	e10042	r2	e9966	foodon
fo11495	e10043	r2	e9966	foodon
fo11496	e10044	r2	e9966	foodon
fo11497	e10045	r2	e9966	foodon
fo11498	e10046	r2	e9966	foodon
fo11499	e10047	r2	e9966	foodon
fo11500	e10048	r2	e10129	foodon
fo11501	e10129	r2	e9971	foodon
fo11502	e10049	r2	e9967	foodon
fo11503	e10050	r2	e9967	foodon
fo11504	e10051	r2	e9967	foodon
fo11505	e10052	r2	e10223	foodon
fo11506	e10223	r2	e9968	foodon
fo11507	e10054	r2	e9980	foodon
fo11508	e10055	r2	e10076	foodon
fo11509	e10076	r2	e1544	foodon
fo11510	e10056	r2	e10223	foodon
fo11511	e10057	r2	e9970	foodon
fo11512	e10058	r2	e9970	foodon
fo11513	e10059	r2	e9970	foodon
fo11514	e10060	r2	e9970	foodon
fo11515	e10061	r2	e9980	foodon
fo11516	e10062	r2	e9974	foodon
fo11517	e10065	r2	e2902	foodon
fo11518	e10066	r2	e2902	foodon
fo11519	e10067	r2	e2902	foodon
fo11520	e10068	r2	e9966	foodon
fo11521	e10069	r2	e9966	foodon
fo11522	e10070	r2	e9966	foodon
fo11523	e10071	r2	e1544	foodon
fo11524	e10072	r2	e1544	foodon
fo11525	e10073	r2	e9980	foodon
fo11526	e10074	r2	e1544	foodon
fo11527	e10075	r2	e1544	foodon
fo11528	e10077	r2	e9980	foodon
fo11529	e10078	r2	e1544	foodon
fo11530	e10079	r2	e1544	foodon
fo11531	e10080	r2	e1544	foodon
fo11532	e10081	r2	e1544	foodon
fo11533	e10082	r2	e1544	foodon
fo11534	e10083	r2	e1544	foodon
fo11535	e10084	r2	e1544	foodon
fo11536	e10085	r2	e10076	foodon
fo11537	e10086	r2	e1544	foodon
fo11538	e10087	r2	e1544	foodon
fo11539	e10088	r2	e1544	foodon
fo11540	e10089	r2	e2902	foodon
fo11541	e10090	r2	e10223	foodon
fo11542	e10091	r2	e10223	foodon
fo11543	e10092	r2	e9971	foodon
fo11544	e10093	r2	e10055	foodon
fo11545	e10094	r2	e10076	foodon
fo11546	e10095	r2	e1544	foodon
fo11547	e10096	r2	e1544	foodon
fo11548	e10097	r2	e1544	foodon
fo11549	e10098	r2	e3515	foodon
fo11550	e10099	r2	e3515	foodon
fo11551	e10100	r2	e1545	foodon
fo11552	e10101	r2	e1544	foodon
fo11553	e10102	r2	e1544	foodon
fo11554	e10103	r2	e1545	foodon
fo11555	e10104	r2	e1544	foodon
fo11556	e10105	r2	e1544	foodon
fo11557	e10106	r2	e1544	foodon
fo11558	e10107	r2	e1544	foodon
fo11559	e10108	r2	e9999	foodon
fo11560	e10109	r2	e9980	foodon
fo11561	e10110	r2	e9980	foodon
fo11562	e10111	r2	e2902	foodon
fo11563	e10112	r2	e9969	foodon
fo11564	e10113	r2	e9969	foodon
fo11565	e10114	r2	e9969	foodon
fo11566	e10115	r2	e9966	foodon
fo11567	e10116	r2	e10118	foodon
fo11568	e10117	r2	e10118	foodon
fo11569	e10119	r2	e10118	foodon
fo11570	e10120	r2	e10113	foodon
fo11571	e10121	r2	e9966	foodon
fo11572	e10122	r2	e10121	foodon
fo11573	e10123	r2	e10121	foodon
fo11574	e10124	r2	e10116	foodon
fo11575	e10125	r2	e10117	foodon
fo11576	e10126	r2	e10119	foodon
fo11577	e10127	r2	e10119	foodon
fo11578	e10128	r2	e10119	foodon
fo11579	e10130	r2	e1544	foodon
fo11580	e10131	r2	e9968	foodon
fo11581	e10132	r2	e9977	foodon
fo11582	e10133	r2	e9977	foodon
fo11583	e10135	r2	e8834	foodon
fo11584	e10136	r2	e8834	foodon
fo11585	e10137	r2	e853	foodon
fo11586	e10138	r2	e853	foodon
fo11587	e10139	r2	e853	foodon
fo11588	e10140	r2	e8834	foodon
fo11589	e10142	r2	e82	foodon
fo11590	e10143	r2	e82	foodon
fo11591	e10149	r2	e8834	foodon
fo11592	e10150	r2	e133	foodon
fo11593	e10151	r2	e175	foodon
fo11594	e10152	r2	e1323	foodon
fo11595	e10159	r2	e8784	foodon
fo11596	e10160	r2	e43	foodon
fo11597	e10161	r2	e522	foodon
fo11598	e10162	r2	e522	foodon
fo11599	e10163	r2	e4909	foodon
fo11600	e10164	r2	e8504	foodon
fo11601	e10165	r2	e234	foodon
fo11602	e10166	r2	e10165	foodon
fo11603	e10167	r2	e687	foodon
fo11604	e10167	r2	e10166	foodon
fo11605	e10168	r2	e694	foodon
fo11606	e10168	r2	e10166	foodon
fo11607	e10169	r2	e10165	foodon
fo11608	e10170	r2	e754	foodon
fo11609	e10171	r2	e711	foodon
fo11610	e10172	r2	e4909	foodon
fo11611	e10173	r2	e817	foodon
fo11612	e10174	r2	e8921	foodon
fo11613	e10175	r2	e821	foodon
fo11614	e10176	r2	e7760	foodon
fo11615	e10177	r2	e8784	foodon
fo11616	e10178	r2	e821	foodon
fo11617	e10179	r2	e3661	foodon
fo11618	e10180	r2	e711	foodon
fo11619	e10181	r2	e183	foodon
fo11620	e10182	r2	e811	foodon
fo11621	e10182	r2	e1966	foodon
fo11622	e10183	r2	e7760	foodon
fo11623	e10184	r2	e99	foodon
fo11624	e10185	r2	e4909	foodon
fo11625	e10186	r2	e5014	foodon
fo11626	e10187	r2	e8646	foodon
fo11627	e10188	r2	e4606	foodon
fo11628	e10189	r2	e2902	foodon
fo11629	e10190	r2	e9967	foodon
fo11630	e10191	r2	e10017	foodon
fo11631	e10192	r2	e10063	foodon
fo11632	e10193	r2	e10033	foodon
fo11633	e10194	r2	e9968	foodon
fo11634	e10195	r2	e10118	foodon
fo11635	e10196	r2	e9969	foodon
fo11636	e10197	r2	e10129	foodon
fo11637	e10198	r2	e9963	foodon
fo11638	e10199	r2	e9963	foodon
fo11639	e10200	r2	e9963	foodon
fo11640	e10201	r2	e10063	foodon
fo11641	e10202	r2	e9969	foodon
fo11642	e10203	r2	e2902	foodon
fo11643	e10204	r2	e10223	foodon
fo11644	e10205	r2	e9966	foodon
fo11645	e10207	r2	e2902	foodon
fo11646	e10208	r2	e2902	foodon
fo11647	e10209	r2	e9963	foodon
fo11648	e10210	r2	e10033	foodon
fo11649	e10211	r2	e9968	foodon
fo11650	e10212	r2	e9967	foodon
fo11651	e10213	r2	e9963	foodon
fo11652	e10214	r2	e9967	foodon
fo11653	e10215	r2	e9967	foodon
fo11654	e10216	r2	e10033	foodon
fo11655	e10217	r2	e9966	foodon
fo11656	e10218	r2	e10033	foodon
fo11657	e10219	r2	e769	foodon
fo11658	e10220	r2	e574	foodon
fo11659	e10221	r2	e9969	foodon
fo11660	e10222	r2	e10033	foodon
fo11661	e10224	r2	e9968	foodon
fo11662	e10225	r2	e2902	foodon
fo11663	e10226	r2	e10033	foodon
fo11664	e10227	r2	e9967	foodon
fo11665	e10228	r2	e10063	foodon
fo11666	e10229	r2	e10017	foodon
fo11667	e10230	r2	e9967	foodon
fo11668	e10231	r2	e10129	foodon
fo11669	e10232	r2	e10129	foodon
fo11670	e10233	r2	e9966	foodon
fo11671	e10234	r2	e9966	foodon
fo11672	e10235	r2	e9966	foodon
fo11673	e10236	r2	e9967	foodon
fo11674	e10237	r2	e2902	foodon
fo11675	e10238	r2	e2902	foodon
fo11676	e10239	r2	e10064	foodon
fo11677	e10240	r2	e10033	foodon
fo11678	e10241	r2	e10017	foodon
fo11679	e10242	r2	e9969	foodon
fo11680	e10243	r2	e2902	foodon
fo11681	e10244	r2	e9966	foodon
fo11682	e10246	r2	e167	foodon
