name	foodatlas_id
pectin	['e1']
lobster tail food product	['e2']
mammalian meat (ground)	['e3']
cereal food fines (byproduct)	['e4']
pea (whole or pieces)	['e5']
orange juice (liquid)	['e6']
fermented agave juice	['e7']
fermenting sugar cane juice	['e8']
fermenting elaeis palm sap food product	['e9']
mammalian meat food product	['e10']
meat sausage food product	['e11']
liver paste	['e12']
hot dog	['e13']
processed meat food product	['e14']
milk formula food product	['e15']
milk formula (powdered)	['e16']
cheese food product	['e17']
yogurt food product	['e18']
plant food product	['e19']
cabbage food product	['e20']
commercial yogurt	['e21']
cheese starter culture food product	['e22']
wort food product	['e23']
beer wort food product	['e24']
acifified beer wort food product	['e25']
bleu de bresse cheese	['e26']
mammalian milk butter	['e27']
pickled cabbage food product	['e28']
camembert cheese food product	['e29']
cheddar cheese food product	['e30']
brie cheese food product	['e31']
gouda cheese food product	['e32']
halloumi cheese food product	['e33']
gorgonzola cheese food product	['e34']
swiss cheese food product	['e35']
emmenthal cheese	['e36']
harzer cheese food product	['e37']
new zealand cheddar cheese food product	['e38']
pont ieveque cheese food product	['e39']
vacherin mont dor cheese food product	['e40']
pork meat food product	['e41']
cured meat food product	['e42']
chicken meat food product	['e43']
beef food product	['e44']
cow food product	['e44']
bovine milk beverage	['e45']
ovine milk beverage	['e46']
caprine milk beverage	['e47']
ice cream food product	['e48']
animal seafood product	['e49']
meshanger cheese food product	['e50']
pork chop food product	['e51']
tempeh food product	['e52']
fermented rice beverage	['e53']
amasake food product	['e54']
fermented dairy food product	['e55']
fermented fish or seafood food product	['e56']
sea water fish food product	['e57']
flour food product	['e58']
plant fruit food product	['e59']
fruit extract food product	['e60']
apple juice	['e61']
awamori food product	['e62']
bacon food product	['e63']
fermented millet food product	['e64']
millet beer food product	['e65']
bottled beer food product	['e66']
blue cheese food product	['e67']
bottled fruit food product	['e68']
buttermilk food product	['e69']
miso food product	['e70']
grape must	['e71']
barley malt vinegar	['e72']
mammalian milk (nonfat, dry)	['e73']
sake food product	['e74']
salt pork meat food product	['e75']
fermented soybean food product	['e76']
tape kefan food product	['e77']
bondon cheese food product	['e78']
bitter cheese food product	['e79']
evaporated milk food product	['e80']
kefir food product	['e81']
vegetable oil food product	['e82']
flaxseed oil	['e83']
milled corn food product	['e84']
sour milk beverage	['e85']
dried milk food product	['e86']
vertebrate animal food product	['e87']
cereal grain food product	['e88']
fermented grape beverage	['e89']
fermented elaeis palm beverage	['e90']
fermented sugar cane beverage	['e91']
fermented apple beverage	['e92']
apple beverage	['e93']
orange fruit beverage	['e94']
grape beverage	['e95']
fermented grain beverage	['e96']
fermented agave beverage	['e97']
sea water fish egg food product	['e98']
avian egg food product	['e99']
camelid dairy food product	['e100']
bovine dairy food product	['e101']
buffalo dairy food product	['e102']
caprine dairy food product	['e103']
donkey dairy food product	['e104']
equine dairy food product	['e105']
ovine dairy food product	['e106']
yak dairy food product	['e107']
zebra dairy food product	['e108']
reindeer dairy food product	['e109']
water buffalo dairy food product	['e110']
horse dairy food product	['e111']
cattle dairy food product	['e112']
cervid dairy food product	['e113']
camelid milk beverage	['e114']
equine milk beverage	['e115']
cervid milk beverage	['e116']
cow milk beverage	['e117']
caprine cheese food product	['e118']
ovine cheese food product	['e119']
bovine cheese food product	['e120']
cow milk cheese	['e121']
limburger cheese food product	['e122']
goat milk cheese food product	['e123']
sheep milk cheese food product	['e124']
poultry meat food product	['e125']
swine food product	['e126']
bovine meat food product	['e127']
distilled fermented grain beverage	['e128']
distilled fermented beverage	['e129']
tea based beverage product	['e130']
coffee based beverage product	['e131']
fruit juice food product	['e132']
wheat food product	['e133']
maize (corn) food product	['e134']
fungus food product	['e135']
yeast food product	['e136']
microbial food product	['e137']
solanaceous root food product	['e138']
plant root food product	['e139']
potato food product	['e140']
cucurbit fruit food product	['e141']
citrus fruit food product	['e142']
melon fruit food product	['e143']
muskmelon (cucumis melo) fruit food product	['e144']
citrullus lanatus fruit food product	['e145']
citrus fruit juice	['e146']
pomaceous fruit juice beverage	['e147']
pomaceous fruit food product	['e148']
fermented pomaceous fruit beverage	['e149']
pomaceous fruit extract	['e150']
citrus fruit extract food product	['e151']
grape extract	['e152']
solanaceous fruit food product	['e153']
tomato food product	['e154']
solanaceous food product	['e155']
plant inflorescence food product	['e156']
amaranthaceous food product	['e157']
cruciferous food product	['e158']
grape berry food product	['e159']
cruciferous inflorescence food product	['e160']
nut food product	['e161']
plant seed food product	['e162']
plant lipid food product	['e163']
plant stem food product	['e164']
invertebrate animal food product	['e165']
insect food product	['e166']
honey food product	['e167']
amaranthaceous inflorescence food product	['e168']
pickled cruciferous food product	['e169']
algal food product	['e170']
rice food product	['e171']
buckewheat food product	['e172']
sorghum food product	['e173']
oat food product	['e174']
rye food product	['e175']
barley food product	['e176']
quinoa food product	['e177']
fonio food product	['e178']
dry pea food product	['e179']
pigeon pea (dried)	['e180']
bambara groundnut food product	['e181']
broad bean (dried)	['e182']
chickpea food product	['e183']
cowpea (pulse) food product	['e184']
dry bean food product	['e185']
winged bean food product	['e186']
vetch seed (dried)	['e187']
yam bean food product	['e188']
velvet bean (dried)	['e189']
lupin seed food product	['e190']
jack bean (dried)	['e191']
hyacinth bean food product	['e192']
pulse food product	['e193']
wheat flour food product	['e194']
cacao food product	['e195']
cream food product	['e196']
mammalian milk beverage	['e197']
bee food product	['e198']
sausage (cooked, smoked)	['e199']
sausage (smoked)	['e200']
sausage (raw, smoked)	['e201']
sausage (raw)	['e202']
meat sausage (dried, fermented)	['e203']
meat sausage (cooked)	['e204']
smoked meat food product	['e205']
fruit preserve or jam food product	['e206']
jam food product	['e207']
processed cheese food product	['e208']
mustard seed food product	['e209']
nut oil food product	['e210']
soy sauce food product	['e211']
fresh sea water fish food product	['e212']
natural (animal-derived) rennet food product	['e213']
microbial rennet food product	['e214']
vegetable rennet food product	['e215']
processed pork meat food product	['e216']
spice or herb	['e217']
animal lipid food product	['e218']
coffee beverage	['e219']
tea beverage (liquid)	['e220']
hot chocolate food product	['e221']
mate food product	['e222']
fish food product	['e223']
freshwater fish food product	['e224']
fish egg food product	['e225']
avian food product	['e226']
animal derived beverage	['e227']
plant derived beverage	['e228']
plant derived fermented beverage	['e229']
nonfermented plant derived beverage product	['e230']
dairy food product	['e231']
milk or milk based food product	['e232']
beer beverage	['e233']
vegetable food product	['e234']
botanical fruit food product	['e235']
bu-du	['e236']
legume food product	['e237']
buffalo milk beverage	['e238']
camel milk beverage	['e239']
donkey milk beverage	['e240']
horse milk beverage	['e241']
reindeer milk beverage	['e242']
water buffalo milk beverage	['e243']
yak milk beverage	['e244']
zebra milk beverage	['e245']
egg food product	['e246']
hen egg food product	['e247']
apple cider (alcoholic)	['e248']
orange juice (unpasteurized)	['e249']
chocolate food product	['e250']
custard dessert food product	['e251']
beef (ground)	['e252']
poultry food product	['e253']
duck meat food product	['e254']
goose meat food product	['e255']
turkey meat food product	['e256']
cantaloupe fruit food product	['e257']
clam food product	['e258']
oyster food product	['e259']
shellfish food product	['e260']
goat milk cheese (unpasteurized)	['e261']
pecorino cheese	['e262']
sheep milk cheese (unpasteurized)	['e263']
unpasteurized cow milk cheese food product	['e264']
unpasteurized camel milk beverage	['e265']
caprine milk beverage (raw)	['e266']
unpasteurized milk beverage	['e267']
hoi-dong	['e268']
mum-khai-pla	['e269']
mum-sai-pla	['e270']
nam-budu	['e271']
nham-pla	['e272']
noa mai	['e273']
noa mai dong	['e274']
pak kard dong	['e275']
pak kum dong	['e276']
pak sean dong	['e277']
pak sean and hua plee dong	['e278']
pak sean and makhua dong	['e279']
pla-chom	['e280']
pla-jaw	['e281']
pla-som	['e282']
pu dong	['e283']
som-khai-pla	['e284']
tai-pla	['e285']
tuaw jaew	['e286']
rice powder (roasted)	['e287']
blood meal	['e288']
pre-evisceration carcass	['e289']
post-evisceration carcass	['e290']
rolled grain	['e291']
abalone food product	['e292']
akee fruit food product	['e293']
albacore food product	['e294']
alewife food product	['e295']
alfalfa food product	['e296']
alfalfa pellet	['e297']
alfalfa vegetable food product	['e298']
almond candy food product	['e299']
almond food product	['e300']
american dewberry food product	['e301']
anchovy food product	['e302']
angelica candy food product	['e303']
animal based refined or partially-refined food product	['e304']
animal based salad food product	['e305']
animal fat or oil refined food product	['e306']
animal product based dressing	['e307']
animal product based flavoring or seasoning	['e308']
animal product sausage	['e309']
animal soup food product	['e310']
apple food product	['e311']
apple preserve or jam food product	['e312']
apple vinegar food product	['e313']
apple wine food product	['e314']
apricot food product	['e315']
apricot preserve or jam food product	['e316']
artichoke vegetable food product	['e317']
asian water buffalo meat food product	['e318']
asparagus vegetable food product	['e319']
atlantic halibut food product	['e320']
atlantic herring food product	['e321']
atlantic salmon and trout food product	['e322']
avocado food product	['e323']
bamboo food product	['e324']
banana food product	['e325']
banana passionfruit food product	['e326']
milled barley food product	['e327']
barley vegetable food product	['e328']
bass food product	['e329']
bean food product	['e330']
beef product based flavoring or seasoning	['e331']
beet pickle food product	['e332']
beet food product	['e333']
belgian carrot food product	['e334']
berry food product	['e335']
berry juice	['e336']
betel nut food product	['e337']
black currant nectar beverage	['e338']
black olive food product	['e339']
black or white pepper product	['e340']
black pepper food product	['e341']
black raspberry food product	['e342']
black walnut food product	['e343']
blackberry group food product	['e344']
blackeyed pea vegetable food product	['e345']
blue runner food product	['e346']
blueberry food product	['e347']
blueberry preserve or jam food product	['e348']
bluefin tuna food product	['e349']
bluefish food product	['e350']
bonito food product	['e351']
bony fish food product	['e352']
boysenberry food product	['e353']
brazil nut food product	['e354']
broad bean food product	['e355']
broccoli food product	['e356']
broiler chicken meat food product	['e357']
brown trout food product	['e358']
brussels sprout food product	['e359']
buffalo meat food product	['e360']
buffalofish food product	['e361']
butterfly mackerel food product	['e362']
cabbage juice food product	['e363']
cabbage head food product	['e364']
calf meat food product	['e365']
cape hake food product	['e366']
cape spiny lobster food product	['e367']
caper food product	['e368']
cardamom food product	['e369']
carp food product	['e370']
carp or minnow family food product	['e371']
carrot juice food product	['e372']
carrot food product	['e373']
cashew nut food product	['e374']
cassava snack food product	['e375']
cassava food product	['e376']
cattle based pie food product	['e377']
cattle cured meat food product	['e378']
cattle product based flavoring or seasoning	['e379']
cattle sausage food product	['e380']
cauliflower (pickled) food product	['e381']
cauliflower food product	['e382']
celery food product	['e383']
leaf celery food product	['e384']
cephalopod food product	['e385']
cereal dessert food product	['e386']
cereal food product	['e387']
chamomile tea	['e388']
channel catfish food product	['e389']
cherry food product	['e390']
cherry juice food product	['e391']
cherry nectar beverage	['e392']
cherry pie	['e393']
cherry preserve or jam food product	['e394']
chestnut food product	['e395']
chicken product based flavoring or seasoning	['e396']
chicken pie food product	['e397']
chicken salad food product	['e398']
chicory food product	['e399']
chinook salmon food product	['e400']
chive food product	['e401']
chub mackerel food product	['e402']
chum salmon food product	['e403']
cichlid food product	['e404']
cinnamon food product	['e405']
citron food product	['e406']
citrus nectar beverage	['e407']
citrus preserve or jam food product	['e408']
clingstone peach food product	['e409']
cloudberry food product	['e410']
clove food product	['e411']
cockle food product	['e412']
cocoa beverage	['e413']
coconut beverage	['e414']
cod food product	['e415']
codling food product	['e416']
coho salmon food product	['e417']
kola nut food product	['e418']
cold-pack cheese food product	['e419']
collard food product	['e420']
cavendish banana food product	['e421']
common bean food product	['e422']
common millet food product	['e423']
common oat cereal food product	['e424']
coriander food product	['e425']
vegetable corn food product	['e426']
corvina food product	['e427']
cotton seed food product	['e428']
cow buttermilk food product	['e429']
dried cow milk food product	['e430']
cow milk based food product	['e431']
cow milk butter food product	['e432']
cow milk cream food product	['e433']
cow milk cured cheese food product	['e434']
cow milk dessert	['e435']
cow milk hard cheese food product	['e436']
cow milk pie food product	['e437']
cow milk product based dressing	['e438']
cow milk sherbet food product	['e439']
cow milk snack	['e440']
cowpea vegetable food product	['e441']
cow milk processed cheese product	['e442']
cranberry food product	['e443']
cranberry preserve or jam food product	['e444']
crayfish food product	['e445']
cream dressing food product	['e446']
crustacean food product	['e447']
cucumber or gherkin pickle food product	['e448']
cucumber food product	['e449']
cured cheese food product	['e450']
cusk food product	['e451']
cuttlefish food product	['e452']
dairy dessert food product	['e453']
dairy product based dressing	['e454']
date food product	['e455']
deep sea lobster food product	['e456']
deer meat food product	['e457']
devilfish food product	['e458']
devils tongue food product	['e459']
dill food product	['e460']
diluted apple beverage	['e461']
diluted citrus fruit beverage	['e462']
diluted fruit beverage	['e463']
diluted grape beverage	['e464']
diluted orange beverage	['e465']
dogfish food product	['e466']
dolphinfish food product	['e467']
doughnut food product	['e468']
duck egg food product	['e469']
milled durum wheat	['e470']
durum wheat food product	['e471']
eel food product	['e472']
eggplant food product	['e473']
emulsified cheese product	['e474']
english walnut food product	['e475']
european blackberry food product	['e476']
european blackberry preserve or jam food product	['e477']
european filbert nut food product	['e478']
fenugreek food product	['e479']
fermented cereal beverage	['e480']
fern vegetable food product	['e481']
field corn based bakery food product	['e482']
field corn cereal food product	['e483']
field corn food product	['e484']
field corn vegetable food product	['e485']
field pea vegetable food product	['e486']
fig food product	['e487']
fig preserve or jam food product	['e488']
fish refined food product	['e489']
fish soup	['e490']
flaxseed food product	['e491']
flax vegetable food product	['e492']
florida stone crab food product	['e493']
flying fish food product	['e494']
fermented milk food product	['e495']
freshwater drum food product	['e496']
frigate tuna food product	['e497']
frozen dairy dessert	['e498']
frozen dairy food product	['e499']
frozen yogurt food product	['e500']
fruit butter food product	['e501']
fruit candy food product	['e502']
fruit jelly food product	['e503']
fruit pie food product	['e504']
fruit salad food product	['e505']
fruit spread or sauce	['e506']
fungus vegetable food product	['e507']
garlic food product	['e508']
chickpea (whole or pieces)	['e509']
ginger food product	['e510']
ginger preserve or jam food product	['e511']
ginseng tea	['e512']
ginseng food product	['e513']
ginseng plant food product	['e514']
goat evaporated milk food product	['e515']
goat milk beverage	['e516']
goat dairy food product	['e517']
goat milk (pasteurized)	['e518']
goat powdered milk food product	['e519']
gooseberry food product	['e520']
gourd food product	['e521']
grain based bakery food product	['e522']
grape spread or sauce	['e523']
grape juice food product	['e524']
grape preserve or jam food product	['e525']
grape vinegar food product	['e526']
grapefruit food product	['e527']
gray mullet food product	['e528']
great northern bean food product	['e529']
green bean food product	['e530']
green bell pepper food product	['e531']
green olive food product	['e532']
greenland halibut food product	['e533']
grouper food product	['e534']
grouse meat food product	['e535']
guava food product	['e536']
haddock food product	['e537']
halibut food product	['e538']
ham salad food product	['e539']
hard cheese food product	['e540']
hard grating cheese food product	['e541']
hard wheat food product	['e542']
hemp food product	['e543']
herring food product	['e544']
horse meat food product	['e545']
horseradish plant food product	['e546']
hot pepper spice food product	['e547']
hot pepper food product	['e548']
huckleberry food product	['e549']
human milk based food product	['e550']
hungarian wax pepper food product	['e551']
hungarian wax pepper pickle food product	['e552']
ice cow milk food product	['e553']
ice goat milk food product	['e554']
mammalian ice milk food product	['e555']
imitation fruit preserve or jam food product	['e556']
inconnu food product	['e557']
insect refined food product	['e558']
jack family (or carangidae) food product	['e559']
jalapeno pepper food product	['e560']
jerusalem artichoke food product	['e561']
jewfish food product	['e562']
kale food product	['e563']
kangaroo meat food product	['e564']
kegani crab food product	['e565']
kelp food product	['e566']
kidney bean food product	['e567']
king crab food product	['e568']
konbu vegetable food product	['e569']
krill food product	['e570']
kumquat food product	['e571']
lake herring food product	['e572']
lamb meat food product	['e573']
langostino food product	['e574']
leguminous vegetable food product	['e575']
lemon food product	['e576']
lentil food product	['e577']
lettuce head food product	['e578']
lima bean food product	['e579']
acerola food product	['e580']
lime preserve or jam food product	['e581']
lingonberry food product	['e582']
lingonberry preserve or jam	['e583']
lychee food product	['e584']
lobster food product	['e585']
loganberry food product	['e586']
longtail tuna food product	['e587']
lumpfish food product	['e588']
lupine bean food product	['e589']
macaroni or noodle food product	['e590']
mace food product	['e591']
mackerel food product	['e592']
malabar snapper food product	['e593']
mandarin orange food product	['e594']
mandarin orange juice	['e595']
mango food product	['e596']
mango nectar beverage	['e597']
marjoram food product	['e598']
marlin food product	['e599']
mate beverage	['e600']
meat salad food product	['e601']
melon food product	['e602']
microbial refined food product	['e603']
milk dessert food product	['e604']
milk product based dressing	['e605']
milkfish food product	['e606']
millet food product	['e607']
miracle berry food product	['e608']
mixed fruit beverage	['e609']
mollusc food product	['e610']
moreton bay chestnut food product	['e611']
mung bean food product	['e612']
mushroom pickle food product	['e613']
mushroom soup food product	['e614']
mushroom (whole or pieces)	['e615']
mussel food product	['e616']
mustard food product	['e617']
naranjilla juice product	['e618']
navy bean food product	['e619']
nevada jointfir beverage	['e620']
norway lobster food product	['e621']
nut candy	['e622']
nutmeg food product	['e623']
milled oat food product	['e624']
okra food product	['e625']
olive fat or oil refined food product	['e626']
olive food product	['e627']
onion flavouring food product	['e628']
onion soup food product	['e629']
onion food product	['e630']
orange spread or sauce	['e631']
orange food product	['e632']
orange preserve or jam food product	['e633']
oregano food product	['e634']
oriental blue crab food product	['e635']
pacific salmon food product	['e636']
paddlefish food product	['e637']
palinurid spiny lobster food product	['e638']
palm fat or oil refined food product	['e639']
palm vegetable food product	['e640']
pancake or waffle food product	['e641']
papaya food product	['e642']
papaya leaf food product	['e643']
papaya nectar beverage	['e644']
parsley food product	['e645']
parsnip food product	['e646']
passion food product	['e647']
passion fruit juice	['e648']
pasteurized blended cheese food product	['e649']
pasteurized cheese food product	['e650']
pasteurized cheese spread food product	['e651']
pasteurized process cheese food product	['e652']
pasteurized process cheese spread food product	['e653']
pea soup food product	['e654']
peach butter food product	['e655']
peach food product	['e656']
peach preserve or jam	['e657']
peanut candy food product	['e658']
peanut fat or oil refined food product	['e659']
peanut food product	['e660']
pear beverage	['e661']
pear food product	['e662']
pear juice food product	['e663']
pear nectar beverage	['e664']
pear preserve or jam	['e665']
pearl millet food product	['e666']
pecan candy food product	['e667']
pecan nut food product	['e668']
pectin producing plant fruit food product	['e669']
green or red pepper pickle food product	['e670']
pepper vegetable food product	['e671']
peppermint food product	['e672']
perch food product	['e673']
pie food product	['e674']
pigeon pea vegetable food product	['e675']
pike food product	['e676']
pimiento pepper food product	['e677']
pineapple food product	['e678']
pineapple juice food product	['e679']
pineapple preserve or jam	['e680']
pinto bean food product	['e681']
plant derived soft drink	['e682']
plant fat or oil refined food product	['e683']
plant floret vegetable food product	['e684']
plant fruit as vegetable food product	['e685']
plant head vegetable food product	['e686']
plant leaf food product	['e687']
plant root vegetable food product	['e688']
plant seed based bakery food product	['e689']
plant seed cereal food product	['e690']
plant seed vegetable food product	['e691']
plant sherbet	['e692']
plant soup food product	['e693']
plant stem or spear food product	['e694']
plantain (musa) food product	['e695']
pleuronectiform fish food product	['e696']
plum fruit food product	['e697']
pomfret food product	['e698']
pompano food product	['e699']
porgy food product	['e700']
organ meat product	['e701']
potato soup food product	['e702']
poultry cured meat	['e703']
poultry fat or oil refined food product	['e704']
poultry product based flavoring or seasoning	['e705']
powdered cow milk food product	['e706']
powdered milk food product	['e707']
prepared hen egg product	['e708']
prune food product	['e709']
prune juice food product	['e710']
pudding food product	['e711']
pufferfish food product	['e712']
pumpkin food product	['e713']
quail egg food product	['e714']
quince food product	['e715']
rabbit meat food product	['e716']
radish food product	['e717']
rainbow trout food product	['e718']
rape fat or oil refined food product	['e719']
rapeseed food product	['e720']
rasberry spread or sauce	['e721']
raspberry preserve or jam	['e722']
raspberry food product	['e723']
red bell pepper food product	['e724']
red currant preserve or jam	['e725']
red kidney bean soup food product	['e726']
red snapper food product	['e727']
redfish perch food product	['e728']
reindeer meat food product	['e729']
reptile egg food product	['e730']
amphibian or reptile food product	['e731']
amphibian or reptile meat food product	['e732']
rhubarb food product	['e733']
rice bean food product	['e734']
rice cereal food product	['e735']
rice flour	['e736']
river herring food product	['e737']
rock cornish fowl meat food product	['e738']
rose food product	['e739']
rosemary food product	['e740']
rye based bakery food product	['e741']
rye cracker food product	['e742']
sablefish food product	['e743']
sage food product	['e744']
saithe food product	['e745']
salmon food product	['e746']
sardine food product	['e747']
sauger food product	['e748']
saurel food product	['e749']
saury food product	['e750']
scallop food product	['e751']
sea animal soup	['e752']
semihard cheese product	['e753']
semisoft cheese product	['e754']
sesame food product	['e755']
shallot food product	['e756']
shark food product	['e757']
sheep meat food product	['e758']
sheep milk beverage	['e759']
cocos fruit product	['e760']
shrimp food product	['e761']
siluriform fish food product	['e762']
skipjack tuna food product	['e763']
smelt food product	['e764']
nata de coco	['e765']
snail food product	['e766']
snake meat food product	['e767']
snapper food product	['e768']
snow crab food product	['e769']
sockeye salmon food product	['e770']
soft cheese food product	['e771']
soft wheat food product	['e772']
sole food product	['e773']
soy based formula food product	['e774']
doujiang	['e775']
soybean seed (field) food product	['e776']
soybean food product	['e777']
spinach food product	['e778']
sprat food product	['e779']
squash food product	['e780']
squat lobster food product	['e781']
squid food product	['e782']
steeped beverage product	['e783']
stone fruit food product	['e784']
stone fruit juice	['e785']
stone pine nut food product	['e786']
strawberry spread or sauce	['e787']
strawberry food product	['e788']
strawberry preserve or jam	['e789']
sturgeon food product	['e790']
sugar based cacao food product	['e791']
sugar beet food product	['e792']
sunflower food product	['e793']
surfclam food product	['e794']
sweet pea food product	['e795']
sweet potato food product	['e796']
sweet roll or sweet bun food product	['e797']
pork cured meat food product	['e798']
swine fat or oil refined food product	['e799']
swine snack food	['e800']
swine sausage	['e801']
swordfish food product	['e802']
tamarind food product	['e803']
taro food product	['e804']
tarragon food product	['e805']
thyme food product	['e806']
tomato juice food product	['e807']
tomato soup food product	['e808']
tomato (whole or pieces)	['e809']
trout food product	['e810']
tuna food product	['e811']
turbot food product	['e812']
turkey pie food product	['e813']
turmeric food product	['e814']
turnip food product	['e815']
turtle egg food product	['e816']
uncured cheese food product	['e817']
uncured cow milk cheese food product	['e818']
vanilla bean food product	['e819']
vegetable pickle food product	['e820']
vegetable soup food product	['e821']
walnut food product	['e822']
water chestnut food product	['e823']
watermelon food product	['e824']
wax bean food product	['e825']
whale food product	['e826']
whale meat food product	['e827']
wheat based bakery food product	['e828']
wheat based cake food product	['e829']
wheat based pastry food product	['e830']
wheat cereal food product	['e831']
wheat cracker food product	['e832']
whey based formula food product	['e833']
cow whey food product	['e834']
white asparagus vegetable food product	['e835']
white pepper food product	['e836']
whitefish (genus coregonus) food product	['e837']
whiting food product	['e838']
wolffish food product	['e839']
wood apple food product	['e840']
yam food product	['e841']
yellow perch food product	['e842']
yellowfin tuna food product	['e843']
youngberry food product	['e844']
food product by organism	['e845']
an	['e846']
sweet bean paste	['e847']
azuki bean paste	['e848']
shiro an	['e849']
apple must	['e850']
tuna scrape	['e851']
mammalian buttermilk	['e852']
mammalian milk cream (18%+)	['e853']
carob food product	['e854']
cactus food product	['e855']
castor bean food product	['e856']
apple pie (baked, frozen)	['e857']
pie (baked, frozen)	['e858']
bean flour	['e859']
apple (raw, sliced)	['e860']
cambozola cheese	['e861']
canastrato cheese	['e862']
agave food product	['e863']
roquefort cheese	['e864']
stracchino cheese	['e865']
mizuna greens bunch (raw)	['e866']
adzuki bean food product	['e867']
mint food product	['e868']
citron melon food product	['e869']
mushroom food product	['e870']
dandelion food product	['e871']
white vegetable (whole or pieces)	['e872']
elderberry food product	['e873']
elk food product	['e874']
endive	['e875']
mullet fish food product	['e876']
rockfish food product	['e877']
flounder food product	['e878']
frog food product	['e879']
limpet food product	['e880']
needlefish food product	['e881']
donkey food product	['e882']
nutsedge food product	['e883']
zucchini food product	['e884']
zebra food product	['e885']
multi-component honey product	['e886']
obsolete: apple (raw)	['e887']
black currant food product	['e888']
red currant food product	['e889']
lime fruit food product	['e890']
hen egg (fried)	['e891']
lobster meat (shell off)	['e892']
lobster tail (shell on)	['e893']
lobster (whole)	['e894']
lobster (whole or pieces)	['e895']
fruit (fresh)	['e896']
apple	['e897']
sheep milk (raw)	['e898']
apple pie	['e899']
pie	['e900']
game animal food product	['e901']
cherry (whole or pieces)	['e902']
orange (whole or pieces)	['e903']
apple (peeled, blanched)	['e904']
fruit (sliced)	['e905']
apple (sliced)	['e906']
harissa chili paste	['e907']
peach (whole or pieces)	['e908']
apricot (whole or pieces)	['e909']
jujube fruit (raw)	['e910']
pear (whole or pieces)	['e911']
fowl food product	['e912']
carrot root (whole or pieces)	['e913']
neet fish food product	['e914']
sarsaparilla food product	['e915']
sassafras food product	['e916']
narangilla food product	['e917']
kiwifruit food product	['e918']
licorice plant food product	['e919']
persimmon food product	['e920']
chard food product	['e921']
safflower plant food product	['e922']
spice rub	['e923']
ham food product	['e924']
cocoa flavanol	['e925']
tualag honey	['e926']
smetana	['e927']
bosc pear (raw)	['e928']
blueberry juice	['e929']
blue corn mush (dish)	['e930']
blue corn meal	['e931']
carrot cake	['e932']
gravlax	['e933']
piece(s) of chicken meat (deboned, cooked)	['e934']
o's cereal	['e935']
shish kebab	['e936']
masa	['e937']
potato waffle	['e938']
potato wedges	['e939']
añejo cheese	['e940']
quesa chihuahua	['e941']
cotija cheese	['e942']
oaxaca cheese	['e943']
serrano ham	['e944']
iberian ham	['e945']
shell bean	['e946']
triticale food product	['e947']
triticale flour	['e948']
tzimbalo melon pear	['e949']
wagyu steak	['e950']
black pudding	['e951']
wonton (filled)	['e952']
red delicious apple	['e953']
blini	['e954']
chipotle	['e955']
elderflower	['e956']
frog leg	['e957']
grape seed	['e958']
hibiscus tea (dry)	['e959']
pork loin	['e960']
squash flower	['e961']
arborio rice	['e962']
bean sprout	['e963']
wine by region	['e964']
white grape (raw)	['e965']
kava food product	['e966']
chardonnay wine	['e967']
cabernet sauvignon wine	['e968']
chenin blanc wine	['e969']
malbec wine	['e970']
merlot wine	['e971']
pinot blanc wine	['e972']
pinot gris wine	['e973']
pinot noir wine	['e974']
pinotage wine	['e975']
reserve wine	['e976']
riesling wine	['e977']
sangiovese wine	['e978']
sauvignon blanc wine	['e979']
semillon wine	['e980']
glera wine	['e981']
prosecco wine	['e982']
syrah wine	['e983']
tempranillo wine	['e984']
zinfandel wine	['e985']
frappato wine	['e986']
gamay noir wine	['e987']
gewürztraminer wine	['e988']
carignane wine	['e989']
grenache wine	['e990']
barbera wine	['e991']
zakynthos wine	['e992']
bordeaux wine	['e993']
food (milled)	['e994']
pig food product	['e995']
pork food product	['e995']
almond bark	['e996']
allspice	['e997']
alligator meat	['e998']
anchovy fillet	['e999']
alfalfa sprout	['e1000']
animal meat food product	['e1001']
chicken nugget	['e1002']
chicken wing	['e1003']
buffalo wing (dish)	['e1004']
cod liver food product	['e1005']
crab claw	['e1006']
fish cake	['e1007']
fish fillet	['e1008']
mahi mahi fillet	['e1009']
milk fat	['e1010']
mustard greens	['e1011']
navy bean	['e1012']
spiny lobster	['e1013']
romaine lettuce head	['e1014']
tropical fruit food product	['e1015']
turkey breast	['e1016']
great northern bean (whole pod or pieces)	['e1017']
moth bean food product	['e1018']
canola meal	['e1019']
scallion food product	['e1020']
alpaca meat food product	['e1021']
apple snail	['e1022']
barramundi food product	['e1023']
barramundi fillet	['e1024']
canola plant food product	['e1025']
chamomile food product	['e1026']
chicken breast	['e1027']
cod fillet	['e1028']
beef lung (raw)	['e1029']
cracker	['e1030']
turkey meat (ground or minced)	['e1031']
herring fillet	['e1032']
chicken drumstick	['e1033']
kielbasa	['e1034']
pork sausage	['e1035']
turkey liver	['e1036']
snapper fillet	['e1037']
roast beef	['e1038']
sole fillet	['e1039']
bird's eye chili	['e1040']
meat and bone meal	['e1041']
tuna fillet	['e1042']
hen egg liquid	['e1043']
soft-shell crab	['e1044']
guajillo chili food product	['e1045']
brown bean	['e1046']
cranberry bean (whole pod or pieces)	['e1047']
cranberry bean (dried)	['e1048']
bean (dried)	['e1049']
bean	['e1050']
bean (rehydrated)	['e1051']
adzuki bean (dried)	['e1052']
adzuki bean (raw)	['e1053']
adzuki bean (whole or pieces)	['e1054']
pigeon pea (dried, split)	['e1055']
kidney bean	['e1056']
bean (cooked)	['e1057']
dry bean pod	['e1058']
shell bean pod	['e1059']
bean pod	['e1060']
green bean (whole pod or pieces)	['e1061']
pink bean food product	['e1062']
brown bean food product	['e1063']
'hyacinth bean (dried)'	['e1064']
hyacinth bean pod	['e1065']
cranberry bean food product	['e1066']
asparagus bean food product	['e1067']
bambara groundnut	['e1068']
lima bean (whole pod or pieces)	['e1069']
jack bean	['e1070']
jack-bean food product	['e1071']
pigeon pea food product	['e1072']
pigeon pea	['e1073']
soybean pod	['e1074']
soybean (dried)	['e1075']
soybean (raw)	['e1076']
marrow bean	['e1077']
velvet bean	['e1078']
vetch food product	['e1079']
bambara groundnut (dried)	['e1080']
chickpea (dried)	['e1081']
winged bean (dried)	['e1082']
vetch seed	['e1083']
potato flakes	['e1084']
red banana	['e1085']
red abyssinian banana (raw)	['e1086']
potato (whole or pieces)	['e1087']
potato prepared food	['e1088']
white hen egg (shell on, raw)	['e1089']
hen egg (poached)	['e1090']
hen egg (boiled)	['e1091']
goose egg (shell on, raw)	['e1092']
turkey egg (shell on, raw)	['e1093']
banana powder	['e1094']
snow pea pod (edible, fresh)	['e1095']
turkey carcass (butchered, raw)	['e1096']
moth bean (dried)	['e1097']
black gram bean (dried)	['e1098']
olive oil (extra-virgin)	['e1099']
edamame	['e1100']
winged bean (raw)	['e1101']
broad bean pod	['e1102']
edible bean pod	['e1103']
pea food product	['e1104']
lowfat cow milk (1% fat)	['e1105']
lima bean (raw)	['e1106']
moth bean (raw)	['e1107']
broad bean (raw)	['e1108']
liver food product	['e1109']
kidney bean (whole or pieces)	['e1110']
kidney food product	['e1111']
lung food product	['e1112']
sheep lung (raw)	['e1113']
lung (raw)	['e1114']
lamb kidney (raw)	['e1115']
sheep liver (raw)	['e1116']
biltong	['e1117']
lamb neck	['e1118']
blood food product	['e1119']
plant ash food product	['e1120']
juniper ash	['e1121']
williams pear (raw)	['e1122']
corn nut	['e1123']
enchilada	['e1124']
granny smith apple	['e1125']
vegetable oil (hydrogenated)	['e1126']
vegetable oil (fully hydrogenated)	['e1127']
hohoysi tea	['e1128']
fuji apple	['e1129']
blaufränkisch wine	['e1130']
mashu root	['e1131']
medjool date	['e1132']
mourvèdre wine	['e1133']
nattō	['e1134']
oheloberry fruit product	['e1135']
oheloberry	['e1136']
okara	['e1137']
jiaozi	['e1138']
pumpkin pie spice	['e1139']
sōmen	['e1140']
short grain rice kernel	['e1141']
beef short rib	['e1142']
fermented salmon	['e1143']
tea seed oil	['e1144']
blue crabmeat	['e1145']
yellow bean pod	['e1146']
black turtle bean	['e1147']
hen egg (baked)	['e1148']
meringue (dish)	['e1149']
rock lobster tail	['e1150']
king crabmeat	['e1151']
masago	['e1152']
bratwurst	['e1153']
mutton	['e1154']
bhuna chana	['e1155']
grana padano	['e1156']
green cabbage head	['e1157']
red cabbage head	['e1158']
green cardamom pod	['e1159']
black cardamom pod	['e1160']
heirloom tomato (raw)	['e1161']
ground chuck	['e1162']
ground round	['e1163']
hazelnut food product	['e1164']
hazelnut	['e1165']
venison	['e1166']
asafoetida	['e1167']
soursop	['e1168']
instant noodle	['e1169']
parsley leaf	['e1170']
kimchi	['e1171']
andouille sausage	['e1172']
kohlrabi leaf	['e1173']
kohlrabi food product	['e1174']
beef prime rib roast	['e1175']
game meat	['e1176']
lemongrass leaf	['e1177']
beef sausage	['e1178']
chia seed	['e1179']
safflower flower	['e1180']
kapchunka fish	['e1181']
okazi leaf	['e1182']
okazi tuber	['e1183']
tango apple	['e1184']
baby spinach	['e1185']
butternut squash (raw)	['e1186']
tuna tataki	['e1187']
fish steak	['e1188']
tuna steak	['e1189']
broccoli sprout	['e1190']
fresh bratwurst	['e1191']
cooked bratwurst	['e1192']
ancho pepper	['e1193']
ancho powder	['e1194']
ivy gourd food product	['e1195']
macadamia nut	['e1196']
pickled cucumber	['e1197']
saskatoon berry	['e1198']
red currant (raw)	['e1199']
nankin cherry	['e1200']
wax bean	['e1201']
yellow bell pepper (raw)	['e1202']
bell pepper food product	['e1203']
golden zucchini squash	['e1204']
orange bell pepper (raw)	['e1205']
pattypan squash (raw)	['e1206']
cheese soup	['e1207']
shallot (raw)	['e1208']
turmeric extract	['e1209']
turmeric root (raw)	['e1210']
caraway food product	['e1211']
caraway seed (dried)	['e1212']
cumin seed (dried)	['e1213']
black olive	['e1214']
drupelet berry food product	['e1215']
pomelo fruit	['e1216']
bramble berry food product	['e1217']
beef steak	['e1218']
angelica food product	['e1219']
savoy cabbage head (raw)	['e1220']
custard apple (raw)	['e1221']
cherimoya fruit (raw)	['e1222']
greater burdock root	['e1223']
tarragon leaf (fresh)	['e1224']
mugwort leaves and buds	['e1225']
borage food product	['e1226']
pear	['e1227']
herb food product	['e1228']
saffron food product	['e1229']
basil food product	['e1230']
softneck garlic	['e1231']
hardneck garlic	['e1232']
potato puff (dish)	['e1233']
hummus	['e1234']
empanada	['e1235']
pan dulce	['e1236']
grits	['e1237']
piki	['e1238']
robusta coffee (liquid)	['e1239']
arabica coffee (liquid)	['e1240']
watercress	['e1241']
pomegranate food product	['e1242']
pomegranate (raw)	['e1243']
arrowroot (raw)	['e1244']
asian pear (raw)	['e1245']
sacred pear (raw)	['e1246']
skunk currant	['e1247']
pineapple sage leaf	['e1248']
sweet rowanberry	['e1249']
black radish (raw)	['e1250']
daikon (raw)	['e1251']
red rice kernel	['e1252']
prickly pear pad	['e1253']
chinese yam	['e1254']
mountain yam	['e1255']
veal	['e1256']
japanese chestnut (raw)	['e1257']
young jackfruit	['e1258']
jackfruit (raw)	['e1259']
crowberry food product	['e1260']
hickory nut	['e1261']
ginkgo nut (raw)	['e1262']
roselle food product	['e1263']
sorrel food product	['e1264']
star anise food product	['e1265']
lovage food product	['e1266']
lovage seed	['e1267']
lovage root	['e1268']
lovage leaf	['e1269']
lychee	['e1270']
black crowberry	['e1271']
star fruit	['e1272']
star fruit food product	['e1273']
red crowberry	['e1274']
purple crowberry	['e1275']
java apple (raw)	['e1276']
sea-buckthorn food product	['e1277']
sea buckthorn berry	['e1278']
barley seed (raw)	['e1279']
hyssop food product	['e1280']
mangosteen food product	['e1281']
mammea africana fruit product	['e1282']
mamey apple	['e1283']
lotus plant food product	['e1284']
pine nut food product	['e1285']
colorado pinyon pine nut food product	['e1286']
surinam cherry	['e1287']
opium poppy seed food product	['e1288']
salmonberry (raw)	['e1289']
durian (raw)	['e1290']
oregon yampah root	['e1291']
squashberry (raw)	['e1292']
crabapple (raw)	['e1293']
catjang pea (raw)	['e1294']
gai lan	['e1295']
common wheat kernel	['e1296']
medlar (raw)	['e1297']
mulberry food product	['e1298']
mulberry (raw)	['e1299']
bayberry (raw)	['e1300']
heart of palm	['e1301']
junket (dish)	['e1302']
bulgur	['e1303']
caffè mocha	['e1304']
canadian bacon	['e1305']
back bacon	['e1306']
heart food product	['e1307']
brain food product	['e1308']
spelt kernel	['e1309']
sweetbread food product	['e1310']
meat spread	['e1311']
almond milk	['e1312']
egg soup	['e1313']
scarlet runner bean food product	['e1314']
scarlet runner bean pod	['e1315']
deerberry food product	['e1316']
longan (raw)	['e1317']
rambutan (raw)	['e1318']
herbal tea (liquid)	['e1319']
tronchuda cabbage leaf (raw)	['e1320']
welsh onion	['e1321']
nut (raw, shell on)	['e1322']
guarana food product	['e1323']
longan fruit food product	['e1324']
loquat (raw)	['e1325']
jojoba bean food product	['e1326']
jojoba bean (dried)	['e1327']
ymer	['e1328']
chocolate spread	['e1329']
horned melon (raw)	['e1330']
soy yogurt	['e1331']
vegetarian food product	['e1332']
cupuaçu fruit (raw)	['e1333']
shea fruit (raw)	['e1334']
shea fruit food product	['e1335']
shea nut (raw)	['e1336']
soy cream	['e1337']
landjaeger	['e1338']
peanut (whole or pieces)	['e1339']
peanut	['e1340']
peanut pod (roasted)	['e1341']
miso	['e1342']
steel cut oats	['e1343']
soybean oil (low linolenic)	['e1344']
palm kernel oil (hydrogenated)	['e1345']
confectionery fat	['e1346']
coconut oil (hydrogenated)	['e1347']
filling fat	['e1348']
poppyseed oil	['e1349']
tomato seed oil	['e1350']
walnut oil	['e1351']
apricot kernel oil	['e1352']
hazelnut oil	['e1353']
cupuaçu fruit food product	['e1354']
cupuaçu oil	['e1355']
nutmeg butter	['e1356']
ucuhuba seed oil	['e1357']
soybean oil (partly hydrogenated)	['e1358']
rice bran oil	['e1359']
soybean oil (fully hydrogenated)	['e1360']
plum tomato (raw)	['e1361']
muesli	['e1362']
tarte tropézienne	['e1363']
beef bourguignon	['e1364']
skim milk (liquid)	['e1365']
soufflé	['e1366']
prosciutto	['e1367']
parmesan cheese food product	['e1368']
pancetta	['e1369']
omelette	['e1370']
mille-feuille pastry	['e1371']
mascarpone	['e1372']
pale ale	['e1373']
india pale ale	['e1374']
strained yogurt	['e1375']
fondue savoyarde	['e1376']
burgundy fondue	['e1377']
fig	['e1378']
pork ribs	['e1379']
spätzle	['e1380']
coffee (liquid, no cream or sugar)	['e1381']
rooibos tea (steeped)	['e1382']
cornichon pickle	['e1383']
citrus fruit zest	['e1384']
lemon zest	['e1385']
truffle food product	['e1386']
peppercorn food product	['e1387']
tonka bean food product	['e1388']
tamarillo food product	['e1389']
manzanilla olive	['e1390']
white grapefruit juice	['e1391']
turkey sausage	['e1392']
sunflower seed (shell off, roasted)	['e1393']
grape tomato (raw)	['e1394']
beef loin	['e1395']
beef tenderloin	['e1396']
beef top loin steak	['e1397']
beef t-bone steak	['e1398']
beef porterhouse steak	['e1399']
blue corn flour	['e1400']
winged bean pod	['e1401']
pear tomato (raw)	['e1402']
white bean food product	['e1403']
graham flour	['e1404']
echinoderm food product	['e1405']
langostino lobster product (sensu usa)	['e1406']
lemon (whole or pieces)	['e1407']
yuzu food product	['e1408']
yuzu (raw)	['e1409']
citrus fruit	['e1410']
turkey thigh	['e1411']
turkey leg	['e1412']
turkey thigh (with skin)	['e1413']
turkey thigh (skinless)	['e1414']
chicken thigh (with skin)	['e1415']
chicken thigh (skinless)	['e1416']
lemongrass stalk	['e1417']
brassica food product	['e1418']
cavendish banana (overripe, raw)	['e1419']
gala apple	['e1420']
white onion (raw)	['e1421']
sweet onion (raw)	['e1422']
brown rice flour	['e1423']
glutinous rice	['e1424']
glutinous rice flour	['e1425']
white wheat flour (unenriched, unbleached)	['e1426']
pastry flour	['e1427']
chicken thigh (debonned)	['e1428']
chicken thigh (skinless, debonned)	['e1429']
chicken carcass	['e1430']
chicken (butchered)	['e1431']
chicken thigh (with bone)	['e1432']
chicken thigh (with skin, with bone)	['e1433']
barley seed	['e1434']
cumin seed	['e1435']
ginkgo nut	['e1436']
arabica coffee bean	['e1437']
robusta coffee bean	['e1438']
excelsa coffee bean	['e1439']
common bean	['e1440']
common bean pod	['e1441']
broccoli floret	['e1442']
cabbage head	['e1443']
rapeseed	['e1444']
carrot root	['e1445']
cassava	['e1446']
cauliflower floret	['e1447']
celery stalk	['e1448']
sugar beet	['e1449']
sweet cherry	['e1450']
cowpea	['e1451']
cucumber	['e1452']
durum wheat kernel	['e1453']
grape	['e1454']
common hazelnut	['e1455']
mustard seed	['e1456']
indian mustard seed	['e1457']
kohlrabi stem	['e1458']
lettuce leaf	['e1459']
soft white wheat kernel	['e1460']
hominy grits	['e1461']
maize kernel	['e1462']
maize cob	['e1463']
oat	['e1464']
perl millet kernel	['e1465']
radish	['e1466']
rhubarb stalk	['e1467']
raspberry	['e1468']
whole grain rice kernel	['e1469']
brown rice kernel	['e1470']
black rice kernel	['e1471']
rutabaga food product	['e1472']
rutabaga	['e1473']
saffron thread	['e1474']
siberian kale leaf	['e1475']
strawberry	['e1476']
sweet potato	['e1477']
turnip	['e1478']
yam	['e1479']
coconut	['e1480']
jackfruit food product	['e1481']
jackfruit	['e1482']
asparagus spear	['e1483']
pineapple	['e1484']
white mushroom	['e1485']
brown mushroom	['e1486']
portobello mushroom	['e1487']
cultivated mushroom	['e1488']
pioppini mushroom	['e1489']
meat (boneless)	['e1490']
meat (skinless)	['e1491']
poultry drumstick	['e1492']
sichuan pepper	['e1493']
red sichuan peppercorn	['e1494']
green sichuan peppercorn	['e1495']
salmon	['e1496']
apricot	['e1497']
drupelet berry	['e1498']
cherry	['e1499']
loganberry	['e1500']
cloudberry	['e1501']
clingstone peach	['e1502']
freestone peach	['e1503']
plum	['e1504']
pimiento	['e1505']
sweet red bell pepper	['e1506']
pumpkin	['e1507']
blackberry	['e1508']
tangerine	['e1509']
akee	['e1510']
black raspberry	['e1511']
blackeyed pea	['e1512']
caper	['e1513']
jalapeno pepper	['e1514']
spinach leaf	['e1515']
spinach head	['e1516']
spinach bunch	['e1517']
mustard leaf	['e1518']
collard leaf	['e1519']
kale leaf	['e1520']
star anise	['e1521']
collard greens bunch	['e1522']
collard head	['e1523']
mustard greens bunch	['e1524']
kale greens bunch	['e1525']
lettuce head (anatomical)	['e1526']
crisphead lettuce	['e1527']
butterhead lettuce	['e1528']
head lettuce	['e1529']
living lettuce	['e1530']
cabbage leaf	['e1531']
red onion (raw)	['e1532']
red onion	['e1533']
yellow onion	['e1534']
white onion	['e1535']
honeycrisp apple	['e1536']
pepper	['e1537']
berry	['e1538']
lung oyster	['e1539']
almond	['e1540']
land cress leaf	['e1541']
land cress food product	['e1542']
land cress bunch	['e1543']
mushroom fruitbody	['e1544']
chanterelle mushroom	['e1545']
chard leaf	['e1546']
chard bunch	['e1547']
siberian kale bunch	['e1548']
turnip leaf	['e1549']
sour cherry	['e1550']
blue plum	['e1551']
purple plum	['e1552']
prune	['e1553']
mango	['e1554']
squash	['e1555']
papaya	['e1556']
blueberry	['e1557']
lingonberry	['e1558']
gooseberry	['e1559']
huckleberry	['e1560']
hot pepper	['e1561']
bell pepper	['e1562']
sweet green bell pepper	['e1563']
sweet yellow bell pepper	['e1564']
sweet orange bell pepper	['e1565']
green asparagus spear	['e1566']
white asparagus spear	['e1567']
purple asparagus spear	['e1568']
grapefruit	['e1569']
mandarin orange	['e1570']
boysenberry	['e1571']
dewberry	['e1572']
yellow potato	['e1573']
white potato	['e1574']
field pea	['e1575']
sweet pea	['e1576']
field corn kernel	['e1577']
chestnut	['e1578']
youngberry	['e1579']
tropical fruit	['e1580']
mangosteen	['e1581']
star apple	['e1582']
pear tomato	['e1583']
water chestnut	['e1584']
root vegetable	['e1585']
artichoke head	['e1586']
waterfly egg	['e1587']
williams pear	['e1588']
common pear	['e1589']
cantaloupe	['e1590']
fuzzy kiwifruit	['e1591']
navel orange	['e1592']
grape tomato	['e1593']
sunflower seed (whole kernel)	['e1594']
garlic bulb	['e1595']
garlic clove	['e1596']
garlic scape	['e1597']
nectarine	['e1598']
light red kidney bean	['e1599']
dark red kidney bean	['e1600']
bosc pear	['e1601']
celery heart	['e1602']
cassava leaf	['e1603']
acerola	['e1604']
fish meat	['e1605']
hen egg (shell on)	['e1606']
muskmelon	['e1607']
melon	['e1608']
honeydew melon	['e1609']
acorn squash	['e1610']
avocado	['e1611']
amaranth seed	['e1612']
arrowroot	['e1613']
arugula food product	['e1614']
arugula leaf	['e1615']
apple flour	['e1616']
black currant	['e1617']
asian pear	['e1618']
banana passionfruit	['e1619']
bayberry	['e1620']
black grape	['e1621']
black walnut	['e1622']
black radish	['e1623']
cocoa bean	['e1624']
areca nut	['e1625']
cashew nut	['e1626']
cherimoya fruit	['e1627']
cupuaçu fruit	['e1628']
eggplant	['e1629']
california valencia orange	['e1630']
fenugreek leaf	['e1631']
fenugreek leaf bunch	['e1632']
guava	['e1633']
chicory leaf	['e1634']
chicory head	['e1635']
chicory bunch	['e1636']
java apple	['e1637']
beechnut	['e1638']
breadfruit	['e1639']
basil leaf	['e1640']
bean leaf	['e1641']
swiss chard leaf	['e1642']
swiss chard bunch	['e1643']
beet leaf	['e1644']
cauliflower leaf	['e1645']
celery leaf	['e1646']
celery bunch	['e1647']
grape leaf	['e1648']
grape cluster	['e1649']
groundsel leaf	['e1650']
loose leaf lettuce plant leaf	['e1651']
mizuna leaf	['e1652']
papaya leaf	['e1653']
arugula greens bunch	['e1654']
parsley bunch	['e1655']
pumpkin leaf	['e1656']
radish leaf	['e1657']
sorrel leaf	['e1658']
sorrel bunch	['e1659']
taro leaf	['e1660']
vegetable leaf	['e1661']
jujube fruit	['e1662']
chayote	['e1663']
japanese chestnut	['e1664']
clementine	['e1665']
cranberry	['e1666']
horned melon	['e1667']
citron	['e1668']
custard apple	['e1669']
lime	['e1670']
chinese cabbage head	['e1671']
chinese cabbage food product	['e1672']
chinese cabbage leaf	['e1673']
durian	['e1674']
daikon	['e1675']
kola nut	['e1676']
kola nut pod	['e1677']
filbert nut	['e1678']
leek	['e1679']
miracle berry	['e1680']
watermelon	['e1681']
tamarind pod	['e1682']
passion fruit	['e1683']
mulberry	['e1684']
longan	['e1685']
elderberry	['e1686']
pomegranate	['e1687']
natal plum	['e1688']
okra pod	['e1689']
okra seed	['e1690']
flaxseed	['e1691']
savoy cabbage head	['e1692']
tronchuda cabbage leaf	['e1693']
kumquat	['e1694']
sacred pear	['e1695']
naranjilla	['e1696']
salmonberry	['e1697']
pistachio nut food product	['e1698']
pistachio nut	['e1699']
shea fruit	['e1700']
parsnip	['e1701']
black fonio seed (raw)	['e1702']
finger millet seed	['e1703']
scallion	['e1704']
horseradish root	['e1705']
pecan	['e1706']
spanish peanut	['e1707']
runner peanut	['e1708']
valencia peanut	['e1709']
virginia peanut	['e1710']
virginia peanut pod	['e1711']
moreton bay chestnut black bean	['e1712']
jerusalem artichoke	['e1713']
pattypan squash	['e1714']
summer squash	['e1715']
yellow summer squash	['e1716']
pawpaw	['e1717']
purslane leaf	['e1718']
pine nut (shell on)	['e1719']
ridge gourd	['e1720']
sweet onion	['e1721']
idaho potato	['e1722']
idaho russet potato	['e1723']
ginger root	['e1724']
ginseng root	['e1725']
squashberry	['e1726']
rambutan	['e1727']
otaheite gooseberry	['e1728']
pili nut	['e1729']
persimmon	['e1730']
quince	['e1731']
lemon balm food product	['e1732']
lemon balm leaf	['e1733']
sarsaparilla root (smilax aristolochiifolia)	['e1734']
red raspberry	['e1735']
tamarillo	['e1736']
tangelo	['e1737']
yuzu	['e1738']
sumac berry	['e1739']
rye kernel	['e1740']
lathyrus pea	['e1741']
shea nut	['e1742']
lupine bean	['e1743']
vanilla bean	['e1744']
jicama tuber	['e1745']
wrinkled pea	['e1746']
kava root	['e1747']
konjacu tuber (raw)	['e1748']
safflower seed	['e1749']
chili pepper	['e1750']
tomatillo	['e1751']
rose hip	['e1752']
seville orange	['e1753']
shallot	['e1754']
olallieberry	['e1755']
wood apple	['e1756']
taro root	['e1757']
turmeric root	['e1758']
yellow plum	['e1759']
red plum	['e1760']
plum tomato	['e1761']
white lupine bean	['e1762']
russet burbank potato	['e1763']
yellow variety sweet potato	['e1764']
red variety sweet potato	['e1765']
jersey yellow sweet potato	['e1766']
white peppercorn	['e1767']
yellow nutsedge tuber	['e1768']
sair date	['e1769']
green tomato	['e1770']
red currant	['e1771']
purple cauliflower floret	['e1772']
field cress leaf	['e1773']
red potato	['e1774']
belgian carrot	['e1775']
red abyssinian banana corm	['e1776']
seedless white grape	['e1777']
miniature tomato	['e1778']
oat bran	['e1779']
bramble berry	['e1780']
ribier grape	['e1781']
white grape	['e1782']
red grape	['e1783']
catjang pea	['e1784']
zucca melon	['e1785']
yellow dent corn kernel	['e1786']
yellow sweet corn kernel	['e1787']
white sweet corn kernel	['e1788']
plantain	['e1789']
sweet corn kernel	['e1790']
long grain rice kernel	['e1791']
white rice	['e1792']
chive leaf	['e1793']
soursop food product	['e1794']
alaska pea	['e1795']
anise seed	['e1796']
cardamom seed	['e1797']
clove (spice)	['e1798']
dill seed	['e1799']
jojoba bean	['e1800']
lotus seed	['e1801']
juniper berry	['e1802']
cayenne pepper	['e1803']
cayenne pepper (dried)	['e1804']
konbu blade	['e1805']
bay leaf	['e1806']
california bay leaf	['e1807']
bay laurel	['e1808']
indian bay leaf	['e1809']
indonesian bay leaf	['e1810']
west indian bay leaf	['e1811']
mexican bay leaf	['e1812']
rosemary leaf	['e1813']
pink peppercorn	['e1814']
spanish thyme leaf	['e1815']
tarragon leaf	['e1816']
italian prune plum	['e1817']
herb leaf	['e1818']
kelp blade	['e1819']
vegetable	['e1820']
neem leaf	['e1821']
pandan leaf	['e1822']
chaparral leaf	['e1823']
stevia leaf	['e1824']
mountain arnica leaf	['e1825']
arnica leaf	['e1826']
bitter leaf	['e1827']
chamomile leaf	['e1828']
bitter gourd leaf	['e1829']
savory leaf	['e1830']
summer savory leaf	['e1831']
winter savory leaf	['e1832']
barberry bark	['e1833']
estafiate wormwood leaf	['e1834']
red pear tomato	['e1835']
charoli seed	['e1836']
river tamarind seed	['e1837']
acacia food product	['e1838']
acacia leaf	['e1839']
acacia seed	['e1840']
soybean sprout	['e1841']
kra thom na leaf	['e1842']
kaim leaf	['e1843']
romaine lettuce heart	['e1844']
cheese core	['e1845']
pork ear	['e1846']
pork ear (dried)	['e1847']
soy nut butter	['e1848']
coconut meat	['e1849']
coconut meat (frozen)	['e1850']
young gouda	['e1851']
graskaas gouda	['e1852']
farmhouse cheese	['e1853']
boerenkass cheese	['e1854']
fermented nut food product	['e1855']
nut cheese	['e1856']
coconut flake	['e1857']
coconut cheese	['e1858']
cashew milk	['e1859']
cashew cheese	['e1860']
almond cheese	['e1861']
deggi pepper	['e1862']
aji amarillo paste	['e1863']
leberkase	['e1864']
ground sirloin	['e1865']
corn on-the-cob (raw)	['e1866']
chocolate ball	['e1867']
american ginseng root	['e1868']
kofta	['e1869']
chili dog	['e1870']
chinese ginseng root	['e1871']
japanese ginseng root	['e1872']
bok choy leaf	['e1873']
bok choy rosette	['e1874']
shanghai bok choy leaf	['e1875']
shanghai bok choy rosette	['e1876']
egusi seed	['e1877']
red raspberry leaf	['e1878']
river tamarind pod	['e1879']
spinach (cooked)	['e1880']
almond meat	['e1881']
bob veal	['e1882']
formula fed veal	['e1883']
de arbol powder	['e1884']
habanero powder	['e1885']
aloe vera powder	['e1886']
neem leaf powder	['e1887']
lemongrass powder	['e1888']
almond meal	['e1889']
blanched almond meal	['e1890']
natural almond meal	['e1891']
corn dog	['e1892']
chia seed powder	['e1893']
tea (liquid, decafeinated)	['e1894']
tea (liquid, caffeinated)	['e1895']
coffee (liquid, decafeinated)	['e1896']
dairy-based coffee drink	['e1897']
cow milk cheese (nonfat)	['e1898']
winter squash	['e1899']
crassostrea gigas kumamoto	['e1900']
destemmed grape must	['e1901']
free-run grape juice	['e1902']
pressed grape juice	['e1903']
grape pomace	['e1904']
sweet wine	['e1905']
table wine (us)	['e1906']
rosé wine must	['e1907']
red wine must	['e1908']
white wine must	['e1909']
white grape cluster	['e1910']
red grape cluster	['e1911']
dill leaf (dried)	['e1912']
lemongrass food product	['e1913']
macadamia nut food product	['e1914']
pork frankfurter	['e1915']
amaranth flour	['e1916']
flour (bleached)	['e1917']
feta cheese food product	['e1918']
sheep milk feta cheese	['e1919']
cow milk feta cheese	['e1920']
goat milk feta cheese	['e1921']
pikliz	['e1922']
pennywort juice food product	['e1923']
pennywort juice	['e1924']
pennywort juice (frozen)	['e1925']
celeriac food product	['e1926']
celeriac stalk	['e1927']
pork heart	['e1928']
liver (chopped)	['e1929']
celeriac root	['e1930']
leaf celery stalk	['e1931']
celery (dulce group) food product	['e1932']
celeriac stalk (raw)	['e1933']
blood cockle food product	['e1934']
blood cockle (raw)	['e1935']
celeriac root (raw)	['e1936']
leaf celery stalk (raw)	['e1937']
golden kiwifruit	['e1938']
golden kiwifruit (raw)	['e1939']
chinese chive leaf	['e1940']
chinese chive leaf (raw)	['e1941']
beetroot (raw)	['e1942']
zucchini squash (raw)	['e1943']
poultry by-product	['e1944']
butterfly shrimp	['e1945']
mangifera minor fruit	['e1946']
english walnut	['e1947']
european plum	['e1948']
european plum (raw)	['e1949']
common pear (raw)	['e1950']
manchurian pear	['e1951']
new mexico chili powder	['e1952']
krachai	['e1953']
krachai powder	['e1954']
velvet bean food product	['e1955']
kapikachu powder	['e1956']
seal meat food product	['e1957']
piece of seal	['e1958']
plant based powder	['e1959']
moringa leaf powder	['e1960']
capsicum powder	['e1961']
incense powder	['e1962']
meat (tenderized)	['e1963']
prepared chicken wing	['e1964']
manchurian pear (raw)	['e1965']
saku	['e1966']
kratom leaf powder	['e1967']
indo kratom leaf powder	['e1968']
chinese five spice powder	['e1969']
salmon (raw)	['e1970']
mangifera minor fruit (raw)	['e1971']
saba banana	['e1972']
musa balbisiana banana	['e1973']
musa balbisiana banana (raw)	['e1974']
banana	['e1975']
banana (raw)	['e1976']
malus sieversii apple	['e1977']
pink apple	['e1978']
pink apple (raw)	['e1979']
quinoa seed	['e1980']
good-king-henry food product	['e1981']
good-king-henry seed	['e1982']
good-king-henry leaf	['e1983']
good-king-henry stem	['e1984']
good-king-henry seed (dried)	['e1985']
tree spinach food product	['e1986']
tree spinach leaf	['e1987']
tree spinach seed	['e1988']
tree spinach stem	['e1989']
blood orange	['e1990']
blood orange (raw)	['e1991']
mamey apple (raw)	['e1992']
red delicious apple (raw)	['e1993']
golden delicious apple	['e1994']
golden delicious apple (raw)	['e1995']
gala apple (raw)	['e1996']
fuji apple (raw)	['e1997']
granny smith apple (raw)	['e1998']
cumin (powdered)	['e1999']
alaska blueberry	['e2000']
alaska blueberry (raw)	['e2001']
casaba melon	['e2002']
casaba melon (raw)	['e2003']
morello cherry	['e2004']
amarelle cherry	['e2005']
amarelle cherry (raw)	['e2006']
morello cherry (raw)	['e2007']
rye kernel (dried)	['e2008']
sour cherry (raw)	['e2009']
oat kernel (dried)	['e2010']
buckwheat seed	['e2011']
chokecherry food product	['e2012']
chokecherry	['e2013']
chokecherry (raw)	['e2014']
strawberry guava	['e2015']
strawberry guava (raw)	['e2016']
strawberry guava food product	['e2017']
jujube fruit (dried)	['e2018']
lychee (raw)	['e2019']
oheloberry (raw)	['e2020']
anjou pear	['e2021']
anjou pear (raw)	['e2022']
red anjou pear (raw)	['e2023']
green anjou pear (raw)	['e2024']
buckwheat seed (dried)	['e2025']
monterey jack cheese product	['e2026']
green bean pod (raw)	['e2027']
chicken (whole or pieces)	['e2028']
md2 super sweet pineapple (raw)	['e2029']
japanese persimmon (raw)	['e2030']
pomelo fruit (raw)	['e2031']
animal food product	['e2032']
roselle calyx	['e2033']
roselle calyx (raw)	['e2034']
rowal food product	['e2035']
rowal fruit	['e2036']
rowal fruit (raw)	['e2037']
rowal fruit (fermented)	['e2038']
sapodilla food product	['e2039']
sapodilla fruit	['e2040']
sapodilla fruit (raw)	['e2041']
chanterelle mushroom (raw)	['e2042']
brown mushroom (raw)	['e2043']
maitake mushroom (raw)	['e2044']
morel mushroom (raw)	['e2045']
coconut meat (raw)	['e2046']
portobello mushroom (raw)	['e2047']
shiitake mushroom (raw)	['e2048']
white mushroom (raw)	['e2049']
chinese chestnut	['e2050']
chinese chestnut (raw)	['e2051']
corn on-the-cob (frozen)	['e2052']
barley (hulled)	['e2053']
seedless golden raisin (dried)	['e2054']
fennel food product	['e2055']
fennel seed	['e2056']
chistorra	['e2057']
tomato (raw, greenhouse)	['e2058']
rohu egg	['e2059']
ilish egg	['e2060']
meat (chopped)	['e2061']
turtle food product	['e2062']
amphibian food product	['e2063']
reptile food product	['e2064']
dill spice	['e2065']
brassica carinata meal	['e2066']
mint sauce	['e2067']
rice (cooked)	['e2068']
compound feed premix	['e2069']
compound feed premix (medicated)	['e2070']
rice (uncooked)	['e2071']
rice	['e2072']
rice kernel with husk	['e2073']
rice husk	['e2074']
ostrich food product	['e2075']
guar plant food product	['e2076']
mafurra nut	['e2077']
romano cheese food product	['e2078']
potato (with skin, boiled)	['e2079']
avocado pulp (raw)	['e2080']
spelt kernel (cooked)	['e2081']
navy bean (raw, sprouted)	['e2082']
asparagus bean (raw)	['e2083']
asparagus bean (raw, mature)	['e2084']
pigeon pea (immature, raw)	['e2085']
white glutinous rice	['e2086']
white glutinous rice (uncooked)	['e2087']
mustard spinach food product	['e2088']
mustard spinach leaf	['e2089']
mustard spinach leaf (raw)	['e2090']
kelp (raw)	['e2091']
goji berry food product	['e2092']
goji berry	['e2093']
common bamboo shoot (raw)	['e2094']
rolled oats (cooked)	['e2095']
steel cut oats (cooked)	['e2096']
durum wheat kernel (raw)	['e2097']
freekeh (cooked)	['e2098']
khorasan wheat kernel (cooked)	['e2099']
bitter melon food product	['e2100']
moringa food product	['e2101']
moringa pod (raw)	['e2102']
parsnip (peeled)	['e2103']
tangelo food product	['e2104']
long-grain white rice (cooked)	['e2105']
long grain brown rice kernel (cooked)	['e2106']
long-grain brown rice kernel (cooked)	['e2106']
pinto bean (cooked)	['e2107']
black turtle bean (cooked)	['e2108']
yellow bean (cooked)	['e2109']
sumac food product	['e2110']
sumac berry (dried)	['e2111']
rye kernel (cooked)	['e2112']
pitaya food product	['e2113']
pitaya fruit	['e2114']
yellow pitaya fruit	['e2115']
jamaican tangelo (raw)	['e2116']
dragon fruit	['e2117']
mandarin orange (raw)	['e2118']
kiwifruit	['e2119']
kiwifruit (peeled, raw)	['e2120']
skyr	['e2121']
winged bean leaf	['e2122']
winged bean tuber	['e2123']
beautyberry food product	['e2124']
beautyberry	['e2125']
black beautyberry	['e2126']
black beautyberry (raw)	['e2127']
american beautyberry	['e2128']
american beautyberry (raw)	['e2129']
welchs pink berry	['e2130']
welchs pink berry (raw)	['e2131']
hemp seed (dehulled, raw)	['e2132']
hemp seed (with hull, raw)	['e2133']
hemp seed (with hull)	['e2134']
habanero (raw)	['e2135']
papaya seed (ground)	['e2136']
quinoa seed (dried, cooked)	['e2137']
ivy gourd (raw)	['e2138']
labneh	['e2139']
greek yogurt	['e2140']
beef heart	['e2141']
beef heart (raw)	['e2142']
bison meat food product	['e2143']
piece of bison meat (raw)	['e2144']
bison meat (cooked)	['e2145']
turkey meat (ground, sauteed)	['e2146']
pink shrimp (cooked)	['e2147']
pink shrimp (raw)	['e2148']
goat food product	['e2149']
goat milk butter (raw)	['e2150']
piece of goat meat (raw)	['e2151']
wild boar food product	['e2152']
piece of wild boar meat (raw)	['e2153']
wild boar meat (ground)	['e2154']
duck egg white (raw)	['e2155']
duck egg yolk (raw)	['e2156']
duck egg	['e2157']
sweet potato (cooked)	['e2158']
mafurra nut food product	['e2159']
red lentil (dried)	['e2160']
brown lentil (dried)	['e2161']
spelt food product	['e2162']
hickory nut food product	['e2163']
baby arugula greens	['e2164']
common millet (cooked)	['e2165']
anchovy (canned)	['e2166']
delicata squash	['e2167']
delicata squash (raw)	['e2168']
green acorn squash	['e2169']
green acorn squash (raw)	['e2170']
golden acorn squash	['e2171']
golden acorn squash (raw)	['e2172']
mexican grey squash	['e2173']
mexican grey squash (raw)	['e2174']
pignut hickory nut	['e2175']
shellback hickory nut	['e2176']
red hickory nut	['e2177']
shagbark hickory nut	['e2178']
mexican hickory nut	['e2179']
black hickory nut	['e2180']
green cardamom seed (dried)	['e2181']
green cardamom seed (ground)	['e2182']
habanero	['e2183']
ivy gourd	['e2184']
piece of emu meat	['e2185']
apple (peeled)	['e2186']
beef roast	['e2187']
lamb roast	['e2188']
pork roast	['e2189']
lamb primal cut	['e2190']
pork primal cut	['e2191']
lamb sub-primal cut	['e2192']
pork sub-primal cut	['e2193']
pork retail cut	['e2194']
lamb chop	['e2195']
pork chop	['e2196']
pork muscle tissue cut	['e2197']
piece of pig	['e2198']
goat milk curd	['e2199']
buffalo milk curd	['e2200']
sheep milk curd	['e2201']
cow milk curd	['e2202']
ice cream	['e2203']
quinoa flour	['e2204']
coconut flour	['e2205']
lobster meat	['e2206']
milled food product	['e2207']
flour	['e2208']
chestnut flour	['e2209']
00 white wheat flour	['e2210']
semolina flour (durum wheat)	['e2211']
fine semolina flour (durum wheat)	['e2212']
oat milk	['e2213']
white kidney bean (dried)	['e2214']
white kidney bean (canned)	['e2215']
black turtle bean (canned)	['e2216']
navy bean (canned)	['e2217']
pork (ground or minced, raw)	['e2218']
chicken meat (ground or minced, raw)	['e2219']
chicken thigh (skinless, debonned, raw)	['e2220']
bacon (cooked)	['e2221']
sesame butter	['e2222']
queso fresco	['e2223']
spring barley seed (raw)	['e2224']
veal carcass	['e2225']
herb (fresh)	['e2226']
herb leaf (fresh)	['e2226']
piece(s) of herb	['e2227']
herb (ground)	['e2228']
field blewit	['e2229']
pig foot	['e2230']
pig foot (raw)	['e2231']
canola seed	['e2232']
pokeberry shoot	['e2233']
pokeberry shoot (raw)	['e2234']
radicchio head	['e2235']
radicchio head (raw)	['e2236']
winter squash (raw)	['e2237']
whole wheat kernel (cooked)	['e2238']
finger millet food product	['e2239']
finger millet flour	['e2240']
goldenberry food product	['e2241']
goldenberry	['e2242']
goldenberry (raw)	['e2243']
moringa pod	['e2244']
moringa pod (frozen)	['e2245']
freekeh (raw)	['e2246']
sesame seed (raw)	['e2247']
baobab food product	['e2248']
baobab fruit	['e2249']
baobab fruit (raw)	['e2250']
chokeberry	['e2251']
chokeberry food product	['e2251']
chokeberry (raw)	['e2252']
chokeberry (frozen)	['e2253']
black chokeberry	['e2254']
black chokeberry (raw)	['e2255']
black chokeberry (frozen)	['e2256']
california blackberry food product	['e2257']
california blackberry	['e2258']
california blackberry (frozen)	['e2259']
blueleaf huckleberry food product	['e2260']
blueleaf huckleberry	['e2261']
blueleaf huckleberry (frozen)	['e2262']
mountain huckleberry food product	['e2263']
mountain huckleberry	['e2264']
mountain huckleberry (raw)	['e2265']
mountain huckleberry (frozen)	['e2266']
boysenberry (frozen)	['e2267']
blue elderberry food product	['e2268']
blue elderberry	['e2269']
blue elderberry (frozen)	['e2270']
red dragon fruit	['e2271']
red dragon fruit (raw)	['e2272']
passion fruit pulp (raw)	['e2273']
purple passion fruit	['e2274']
purple passion fruit pulp	['e2274']
purple passion fruit pulp (raw)	['e2275']
honeycrisp apple (raw)	['e2276']
cosmic crisp apple	['e2277']
cosmic crisp apple (raw)	['e2278']
sugarbee apple	['e2279']
sugarbee apple (raw)	['e2280']
scarlet spur apple	['e2281']
scarlet spur apple (raw)	['e2282']
envy apple	['e2283']
envy apple (raw)	['e2284']
aztec fuji apple	['e2285']
royal royce strawberry	['e2286']
royal royce strawberry (raw)	['e2287']
valiant strawberry	['e2288']
valiant strawberry (raw)	['e2289']
marionberry	['e2290']
marionberry (frozen)	['e2291']
saskatoon berry (raw)	['e2292']
saskatoon berry (frozen)	['e2293']
brown lentil	['e2294']
brown lentil (cooked)	['e2295']
red lentil	['e2296']
red lentil (cooked)	['e2297']
sweet cherry (frozen)	['e2298']
lemongrass leaf (dried)	['e2299']
barley seed (cooked)	['e2300']
bilberry	['e2301']
bilberry (dried)	['e2302']
curly kale leaf	['e2303']
curly kale leaf (raw)	['e2304']
pomegranate aril	['e2305']
pomegranate aril (frozen)	['e2306']
star fruit (raw)	['e2307']
anise hyssop food product	['e2308']
anise hyssop leaf	['e2309']
anise hyssop leaf (raw)	['e2310']
anise hyssop leaf (dried)	['e2311']
canada thistle food product	['e2312']
canada thistle flower	['e2313']
canada thistle flower (raw)	['e2314']
canada thistle leaf	['e2315']
canada thistle leaf (raw)	['e2316']
canada thistle root	['e2317']
canada thistle root (raw)	['e2318']
labrador tea (dry)	['e2319']
common mallow leaf	['e2320']
common mallow leaf (raw)	['e2321']
holy basil leaf	['e2322']
holy basil leaf (raw)	['e2323']
holy basil leaf (dried)	['e2324']
lemon balm leaf (dried)	['e2325']
german chamomile leaf	['e2326']
german chamomile leaf (raw)	['e2327']
german chamomile leaf (dried)	['e2328']
dogwood berry food product	['e2329']
dogwood berry	['e2330']
dogwood berry (raw)	['e2331']
kale lacinato leaf	['e2332']
kale lacinato leaf (raw)	['e2333']
canary bean food product	['e2334']
canary bean	['e2335']
canary bean (raw)	['e2336']
black rice kernel (raw)	['e2337']
white rice (cooked)	['e2338']
brown rice kernel (cooked)	['e2339']
brown rice kernel (raw)	['e2340']
alaria (dried)	['e2341']
alaria (dried, sauteed)	['e2342']
laver (dried)	['e2343']
laver (dried, sauteed)	['e2344']
bladderwrack (dried)	['e2345']
rockweed (dried)	['e2346']
sugar kelp food product	['e2347']
sugar kelp (dried)	['e2348']
sugar kelp (dried, sauteed)	['e2349']
irish moss food product	['e2350']
irish moss (dried)	['e2351']
irish moss (dried, cooked)	['e2352']
dulse (dried)	['e2353']
sea lettuce food product	['e2354']
sea lettuce (dried)	['e2355']
white bean flatbread	['e2356']
tofu	['e2357']
extra firm tofu	['e2358']
extra firm tofu (raw)	['e2359']
extra firm tofu (sauteed)	['e2360']
farro food product	['e2361']
farro kernel	['e2362']
farro kernel (raw)	['e2362']
farro kernel (cooked)	['e2363']
duck egg white (boiled)	['e2364']
duck egg yolk (boiled)	['e2365']
monterey jack cheese flavoured with chili flakes	['e2366']
gray morel mushroom	['e2367']
house cricket powder	['e2368']
gray morel mushroom (raw)	['e2369']
cricket powder	['e2370']
jamaican cricket powder	['e2371']
cricket food product	['e2372']
pokeberry food product	['e2373']
laver (sauteed)	['e2374']
golden rice kernel	['e2375']
bilberry food product	['e2376']
mallow food product	['e2377']
black rice kernel (cooked)	['e2378']
spelt flour	['e2379']
beef bottom round steak	['e2380']
beef bottom round steak (raw)	['e2381']
beef bottom round steak (boneless)	['e2382']
beef bottom round steak (boneless, raw)	['e2383']
beef bottom round roast	['e2384']
beef bottom round roast (raw)	['e2385']
beef bottom round roast (boneless)	['e2386']
beef bottom round roast (boneless, raw)	['e2387']
beef top round steak	['e2388']
beef top round steak (raw)	['e2389']
beef top round steak (boneless)	['e2390']
beef top round steak (boneless, raw)	['e2391']
beef top round steak (cap off)	['e2392']
beef top round steak (cap off, raw)	['e2393']
beef top round steak (cap off, boneless, raw)	['e2394']
beef top round roast	['e2395']
beef top round roast (raw)	['e2396']
beef top round roast (boneless)	['e2397']
beef top round roast (boneless, raw)	['e2398']
beef sirloin tip roast	['e2399']
beef sirloin tip roast (raw)	['e2400']
beef sirloin tip steak	['e2401']
beef sirloin tip steak (raw)	['e2402']
beef sirloin tip side roast	['e2403']
beef sirloin tip side roast (raw)	['e2404']
beef sirloin tip side steak	['e2405']
beef sirloin tip side steak (raw)	['e2406']
beef sirloin tip center roast	['e2407']
beef sirloin tip center roast (raw)	['e2408']
beef sirloin tip center steak	['e2409']
beef sirloin tip center steak (raw)	['e2410']
beef eye of round roast	['e2411']
beef eye of round roast (raw)	['e2412']
beef eye of round steak	['e2413']
beef eye of round steak (raw)	['e2414']
beef chuck tender steak	['e2415']
beef chuck tender steak (raw)	['e2416']
beef chuck tender roast	['e2417']
beef chuck tender roast (raw)	['e2418']
beef chuck eye roast	['e2419']
beef chuck eye roast (raw)	['e2420']
beef chuck eye steak	['e2421']
beef chuck eye steak (raw)	['e2422']
beef country-style rib	['e2423']
beef country-style rib (raw)	['e2424']
beef sierra steak	['e2425']
beef sierra steak (raw)	['e2426']
beef denver steak	['e2427']
beef denver steak (raw)	['e2428']
beef denver roast	['e2429']
beef denver roast (raw)	['e2430']
beef shoulder steak	['e2431']
beef shoulder steak (raw)	['e2432']
beef shoulder roast	['e2433']
beef shoulder roast (raw)	['e2434']
beef ranch steak	['e2435']
beef ranch steak (raw)	['e2436']
beef top blade steak	['e2437']
beef top blade steak (raw)	['e2438']
beef flat iron steak	['e2439']
beef flat iron steak (raw)	['e2440']
beef 7-bone chuck steak	['e2441']
beef 7-bone chuck steak (raw)	['e2442']
beef 7-bone chuck roast	['e2443']
beef 7-bone chuck roast (raw)	['e2444']
beef blade chuck steak	['e2445']
beef blade chuck steak (raw)	['e2446']
beef blade chuck roast	['e2447']
beef blade chuck roast (raw)	['e2448']
beef chuck roast	['e2449']
beef chuck roast (raw)	['e2450']
beef chuck steak	['e2451']
beef chuck steak (raw)	['e2452']
beef cross-rib roast	['e2453']
beef cross-rib roast (raw)	['e2454']
beef chuck arm steak	['e2455']
beef chuck arm steak (raw)	['e2456']
beef chuck arm roast	['e2457']
beef chuck arm roast (raw)	['e2458']
beef chuck neck roast	['e2459']
beef chuck neck roast (raw)	['e2460']
beef chuck flap/edge roast	['e2461']
beef chuck flap/edge roast (raw)	['e2462']
beef loin (raw)	['e2463']
beef t-bone steak (raw)	['e2464']
beef strip roast (boneless)	['e2465']
beef strip roast (boneless, raw)	['e2466']
beef strip steak (boneless)	['e2467']
beef strip steak (boneless, raw)	['e2468']
beef strip steak (bone-in)	['e2469']
beef strip steak (bone-in, raw)	['e2470']
beef strip petite roast	['e2471']
beef strip petite roast (raw)	['e2472']
beef tenderloin steak (bone-in)	['e2473']
beef tenderloin steak (bone-in, raw)	['e2474']
beef tenderloin roast	['e2475']
beef tenderloin roast (raw)	['e2476']
beef tenderloin steak	['e2477']
beef tenderloin steak (raw)	['e2478']
beef top sirloin steak	['e2479']
beef top sirloin steak (raw)	['e2480']
beef top sirloin roast	['e2481']
beef top sirloin roast (raw)	['e2482']
beef top sirloin petite roast	['e2483']
beef top sirloin petite roast (raw)	['e2484']
beef culotte steak	['e2485']
beef culotte steak (raw)	['e2486']
beef culotte roast	['e2487']
beef culotte roast (raw)	['e2488']
beef tri-tip roast	['e2489']
beef tri-tip roast (raw)	['e2490']
beef tri-tip steak	['e2491']
beef tri-tip steak (raw)	['e2492']
beef petite sirloin steak	['e2493']
beef petite sirloin steak (raw)	['e2494']
beef petite sirloin roast	['e2495']
beef petite sirloin roast (raw)	['e2496']
beef sirloin bavette steak	['e2497']
beef sirloin bavette steak (raw)	['e2498']
beef flank steak	['e2499']
beef flank steak (raw)	['e2500']
beef inside skirt steak	['e2501']
beef inside skirt steak (raw)	['e2502']
beef outside skirt steak	['e2503']
beef outside skirt steak (raw)	['e2504']
beef hanger steak	['e2505']
beef hanger steak (raw)	['e2506']
beef ribeye roast	['e2507']
beef ribeye roast (raw)	['e2508']
beef ribeye steak	['e2509']
beef ribeye steak (raw)	['e2510']
beef ribeye petite roast	['e2511']
beef ribeye petite roast (raw)	['e2512']
beef ribeye fillet	['e2513']
beef ribeye fillet (raw)	['e2514']
beef ribeye cap steak	['e2515']
beef ribeye cap steak (raw)	['e2516']
beef short rib (raw)	['e2517']
beef rib steak	['e2518']
beef rib steak (raw)	['e2519']
beef prime rib roast (raw)	['e2520']
beef small end rib roast	['e2521']
beef small end rib roast (raw)	['e2522']
beef large end rib roast	['e2523']
beef large end rib roast (raw)	['e2524']
beef cowboy steak	['e2525']
beef cowboy steak (raw)	['e2526']
beef tomahawk steak	['e2527']
beef tomahawk steak (raw)	['e2528']
lamb shoulder	['e2529']
lamb shoulder (raw)	['e2530']
lamb shoulder blade	['e2531']
lamb shoulder blade (raw)	['e2532']
lamb shoulder blade roast	['e2533']
lamb shoulder blade roast (raw)	['e2534']
lamb shoulder blade chop	['e2535']
lamb shoulder blade chop (raw)	['e2536']
lamb shoulder arm	['e2537']
lamb shoulder arm (raw)	['e2538']
lamb shoulder arm roast	['e2539']
lamb shoulder arm roast (raw)	['e2540']
lamb shoulder arm chop	['e2541']
lamb shoulder arm chop (raw)	['e2542']
lamb leg	['e2543']
lamb leg (raw)	['e2544']
lamb leg (boneless)	['e2545']
lamb shank half	['e2546']
lamb shank half (raw)	['e2547']
lamb sirloin half	['e2548']
lamb sirloin half (raw)	['e2549']
lamb sirloin half (shank off, semi-boneless)	['e2550']
lamb sirloin half (shank off, semi-boneless, raw)	['e2551']
lamb leg bottom	['e2552']
lamb leg top	['e2553']
lamb sirloin chop	['e2554']
lamb sirloin chop (raw)	['e2555']
lamb sirloin chop (boneless)	['e2556']
lamb sirloin chop (boneless, raw)	['e2557']
leg of lamb	['e2558']
leg of lamb (raw)	['e2559']
leg of lamb center cut	['e2560']
leg of lamb center cut (raw)	['e2561']
lamb rib	['e2562']
lamb rib (raw)	['e2563']
lamb breast	['e2564']
lamb foreshank	['e2565']
lamb foreshank (raw)	['e2566']
lamb loin	['e2567']
lamb loin (raw)	['e2568']
lamb tenderloin	['e2569']
lamb tenderloin (raw)	['e2570']
pork belly	['e2571']
pork belly (raw)	['e2572']
pork leg	['e2573']
pork leg (raw)	['e2574']
pork leg sirloin half	['e2575']
pork leg sirloin half (raw)	['e2576']
pork leg shank half	['e2577']
pork leg shank half (raw)	['e2578']
pork loin (raw)	['e2579']
pork loin blade chop	['e2580']
pork loin blade chop (raw)	['e2581']
pork loin blade roast	['e2582']
pork loin blade roast (raw)	['e2583']
porterhouse chop	['e2584']
porterhouse chop (raw)	['e2585']
ribeye chop	['e2586']
ribeye chop (raw)	['e2587']
ribeye roast	['e2588']
ribeye roast (raw)	['e2589']
pork sirloin chop	['e2590']
pork sirloin chop (raw)	['e2591']
pork sirloin chop (boneless)	['e2592']
pork sirloin chop (boneless, raw)	['e2593']
pork sirloin roast	['e2594']
pork sirloin roast (raw)	['e2595']
pork tenderloin	['e2596']
new york chop (boneless)	['e2597']
new york chop (boneless, raw)	['e2598']
new york roast (boneless)	['e2599']
new york roast (boneless, raw)	['e2600']
pork loin country-style ribs	['e2601']
pork loin country-style ribs (raw)	['e2602']
pork loin country-style ribs (boneless)	['e2603']
pork loin country-style ribs (boneless, raw)	['e2604']
pork loin back ribs	['e2605']
pork loin back ribs (raw)	['e2606']
pork leg center slice	['e2607']
pork leg center slice (raw)	['e2608']
pork leg center slice (cured, raw)	['e2609']
pork spareribs	['e2610']
pork spareribs (raw)	['e2611']
pork shoulder	['e2612']
pork shoulder (boneless)	['e2613']
pork picnic	['e2614']
pork picnic (raw)	['e2615']
pork arm roast	['e2616']
pork arm roast (raw)	['e2617']
pork shoulder blade	['e2618']
pork shoulder blade (raw)	['e2619']
pork butt steak	['e2620']
pork butt steak (raw)	['e2621']
pork sirloin tip	['e2622']
pork sirloin tip (raw)	['e2623']
pork sirloin tip roast	['e2624']
pork sirloin tip roast (raw)	['e2625']
pork leg cap steak	['e2626']
pork leg cap steak (raw)	['e2627']
pork petite tender	['e2628']
pork petite tender (raw)	['e2629']
pork brisket point	['e2630']
pork brisket point (raw)	['e2631']
leaf lard	['e2632']
leaf lard (raw)	['e2633']
pork jowl	['e2634']
pork jowl (raw)	['e2635']
emu fan fillet	['e2636']
emu fan fillet (raw)	['e2637']
emu flat fillet	['e2638']
emu flat fillet (raw)	['e2639']
emu full rump	['e2640']
emu inside drum	['e2641']
emu outside drum	['e2642']
emu oyster	['e2643']
emu oyster (raw)	['e2644']
ostrich fan fillet (raw)	['e2645']
ostrich inside leg (raw)	['e2646']
ostrich oyster (raw)	['e2647']
ostrich outside leg (raw)	['e2648']
ostrich inside strip (raw)	['e2649']
ostrich outside strip (raw)	['e2650']
ostrich tip (raw)	['e2651']
ostrich outside thigh (raw)	['e2652']
ostrich top strip (raw)	['e2653']
beef porterhouse steak (raw)	['e2654']
beef tenderloin (raw)	['e2655']
beef (ground, fresh frozen)	['e2656']
beef (ground, lean)	['e2657']
beef (ground, extra lean)	['e2658']
beef (ground, medium)	['e2659']
beef (ground, regular)	['e2660']
beef (ground, sirloin)	['e2661']
emu full rump (raw)	['e2662']
emu inside drum (raw)	['e2663']
emu outside drum (raw)	['e2664']
chicken carcass (with giblets and neck, raw)	['e2665']
animal milk	['e2666']
animal milk (raw)	['e2667']
animal blood	['e2668']
animal blood (raw)	['e2669']
capon food product	['e2670']
live capon	['e2671']
capon carcass	['e2672']
capon carcass (raw)	['e2673']
pigeon food product	['e2674']
pigeon processed carcass (raw)	['e2675']
pigeon carcass (raw, skinless)	['e2676']
piece of pigeon meat (raw)	['e2677']
emu food product	['e2678']
emu material	['e2679']
emu processed carcass	['e2680']
emu processed carcass (raw)	['e2681']
emu carcass (raw, skinless)	['e2682']
emu carcass (butchered)	['e2683']
emu carcass (gutted)	['e2684']
piece of emu	['e2685']
piece of emu (raw)	['e2686']
piece of emu meat (raw)	['e2687']
piece(s) of emu	['e2688']
piece(s) of emu meat	['e2689']
piece(s) of emu meat (raw)	['e2690']
piece(s) of emu meat (boneless)	['e2691']
emu meat (ground)	['e2692']
emu meat (ground, raw)	['e2693']
duck food product	['e2694']
duck substance	['e2695']
duck egg (raw)	['e2696']
duck shelled egg	['e2697']
duck egg (shell on, raw)	['e2698']
duck egg white	['e2699']
duck egg yolk	['e2700']
duck eggshell	['e2701']
chicken food product	['e2702']
chicken egg (raw)	['e2703']
chicken shelled egg	['e2704']
chicken egg (shell on, raw)	['e2705']
chicken blood	['e2706']
chicken blood (raw)	['e2707']
chicken fillet (raw)	['e2708']
live chicken	['e2709']
chicken carcass (raw)	['e2710']
chicken carcass (with giblets, raw)	['e2711']
chicken processed carcass (raw)	['e2712']
chicken carcass (raw, skinless)	['e2713']
piece of chicken (with skin, raw)	['e2714']
piece of chicken (skinless, raw)	['e2715']
chicken fat (raw)	['e2716']
chicken organ (raw)	['e2717']
chicken brain (raw)	['e2718']
chicken kidney (raw)	['e2719']
chicken spleen (raw)	['e2720']
chicken tongue (raw)	['e2721']
piece of chicken organ (raw)	['e2722']
piece of chicken heart  (raw)	['e2723']
piece of chicken brain (raw)	['e2724']
piece of chicken kidney (raw)	['e2725']
piece of chicken liver (raw)	['e2726']
piece of chicken spleen (raw)	['e2727']
piece of chicken gizzard (raw)	['e2728']
piece of chicken tongue (raw)	['e2729']
piece of chicken meat	['e2730']
piece of chicken meat (raw)	['e2731']
piece of chicken meat (skinless)	['e2732']
piece of chicken meat (skinless, raw)	['e2733']
piece of chicken meat (with skin)	['e2734']
piece of chicken meat (with skin, raw)	['e2735']
piece of chicken meat (boneless)	['e2736']
piece of chicken meat (with bone)	['e2737']
piece of chicken meat (with bone, raw)	['e2738']
piece of chicken meat (deboned)	['e2739']
piece of chicken meat (mechanically deboned)	['e2740']
piece of chicken meat (mechanically deboned, raw)	['e2741']
piece of chicken meat (mechanically deboned, with skin, raw)	['e2742']
piece of chicken meat (mechanically deboned, skinless, raw)	['e2743']
chicken thigh	['e2744']
chicken foot	['e2745']
chicken neck	['e2746']
chicken back	['e2747']
chicken leg	['e2748']
chicken drumstick (raw)	['e2749']
chicken foot (raw)	['e2750']
chicken thigh (skinless, raw)	['e2751']
chicken thigh (skinless, with bone)	['e2752']
chicken thigh (skinless, boneless)	['e2753']
chicken thigh (skinless, boneless, raw)	['e2754']
chicken thigh (with skin, raw)	['e2755']
chicken breast (skinless)	['e2756']
chicken breast (skinless, raw)	['e2757']
chicken breast (with skin)	['e2758']
chicken breast (with skin, raw)	['e2759']
chicken breast (skinless, boneless)	['e2760']
chicken breast (skinless, boneless, raw)	['e2761']
chicken drumstick (skinless)	['e2762']
chicken drumstick (skinless, raw)	['e2763']
chicken drumstick (with skin)	['e2764']
chicken drumstick (with skin, raw)	['e2765']
chicken wing (skinless)	['e2766']
chicken wing (skinless, raw)	['e2767']
chicken wing (with skin)	['e2768']
chicken wing (with skin, raw)	['e2769']
chicken leg (skinless)	['e2770']
chicken leg (skinless, raw)	['e2771']
chicken leg (with skin)	['e2772']
chicken leg (with skin, raw)	['e2773']
piece of chicken thigh	['e2774']
piece of chicken breast	['e2775']
piece of chicken drumstick	['e2776']
piece of chicken wing	['e2777']
piece of chicken neck	['e2778']
piece of chicken back	['e2779']
piece of chicken leg	['e2780']
piece of chicken thigh (raw)	['e2781']
piece of chicken breast (raw)	['e2782']
piece of chicken drumstick (raw)	['e2783']
piece of chicken wing (raw)	['e2784']
piece of chicken neck (raw)	['e2785']
piece of chicken back (raw)	['e2786']
piece of chicken leg (raw)	['e2787']
piece of chicken leg (with skin)	['e2788']
piece of chicken leg (with skin, raw)	['e2789']
piece of chicken leg (skinless)	['e2790']
piece of chicken leg (skinless, raw)	['e2791']
piece of chicken drumstick (with skin)	['e2792']
piece of chicken drumstick (with skin, raw)	['e2793']
piece of chicken drumstick (skinless)	['e2794']
piece of chicken drumstick (skinless, raw)	['e2795']
piece of chicken back (skinless)	['e2796']
piece of chicken back (skinless, raw)	['e2797']
piece of chicken back (with skin)	['e2798']
piece of chicken back (with skin, raw)	['e2799']
piece of chicken breast (skinless)	['e2800']
piece of chicken breast (skinless, raw)	['e2801']
piece of chicken breast (with skin)	['e2802']
piece of chicken breast (with skin, raw)	['e2803']
piece of chicken breast (skinless, boneless)	['e2804']
piece of chicken breast (skinless, boneless, raw)	['e2805']
piece of chicken neck (with skin)	['e2806']
piece of chicken neck (with skin, raw)	['e2807']
piece of chicken neck (skinless)	['e2808']
piece of chicken neck (skinless, raw)	['e2809']
piece of chicken thigh (with skin)	['e2810']
piece of chicken thigh (with skin, raw)	['e2811']
piece of chicken thigh (skinless)	['e2812']
piece of chicken thigh (skinless, raw)	['e2813']
piece of chicken wing (with skin)	['e2814']
piece of chicken wing (with skin, raw)	['e2815']
piece of chicken wing (skinless)	['e2816']
piece of chicken wing (skinless, raw)	['e2817']
piece of dark chicken meat	['e2818']
piece of dark chicken meat (raw)	['e2819']
piece of dark chicken meat (with skin)	['e2820']
piece of dark chicken meat (with skin, raw)	['e2821']
piece of dark chicken meat (skinless)	['e2822']
piece of dark chicken meat (skinless, raw)	['e2823']
piece of light chicken meat	['e2824']
piece of light chicken meat (raw)	['e2825']
piece of light chicken meat (with skin)	['e2826']
piece of light chicken meat (with skin, raw)	['e2827']
piece of light chicken meat (skinless)	['e2828']
piece of light chicken meat (skinless, raw)	['e2829']
goose food product	['e2830']
turkey food product	['e2831']
turkey blood	['e2832']
turkey blood (raw)	['e2833']
turkey thigh (raw)	['e2834']
turkey leg (raw)	['e2835']
turkey thigh (skinless, raw)	['e2836']
turkey thigh (skinless, with bone)	['e2837']
turkey thigh (skinless, boneless)	['e2838']
turkey thigh (skinless, boneless, raw)	['e2839']
turkey thigh (with skin, raw)	['e2840']
turkey thigh (with skin, with bone)	['e2841']
turkey breast (skinless)	['e2842']
turkey breast (skinless, raw)	['e2843']
turkey breast (with skin)	['e2844']
turkey breast (with skin, raw)	['e2845']
turkey breast (skinless, boneless)	['e2846']
turkey breast (skinless, boneless, raw)	['e2847']
turkey leg (skinless)	['e2848']
turkey leg (skinless, raw)	['e2849']
turkey leg (with skin)	['e2850']
turkey leg (with skin, raw)	['e2851']
piece of turkey breast	['e2852']
piece of turkey breast (raw)	['e2853']
piece of turkey breast (skinless)	['e2854']
piece of turkey breast (skinless, raw)	['e2855']
piece of turkey breast (with skin)	['e2856']
piece of turkey breast (with skin, raw)	['e2857']
piece of turkey breast (skinless, boneless)	['e2858']
piece of turkey breast (skinless, boneless, raw)	['e2859']
turkey roast (boneless)	['e2860']
turkey roast (boneless, seasoned, fresh frozen)	['e2861']
guinea fowl food product	['e2862']
pheasant food product	['e2863']
pheasant processed carcass (raw)	['e2864']
pheasant carcass (raw, skinless)	['e2865']
piece of pheasant meat (raw)	['e2866']
piece of pheasant meat (with skin, raw)	['e2867']
pheasant breast (raw)	['e2868']
pheasant thigh (skinless, raw)	['e2869']
piece of pheasant breast (raw)	['e2870']
piece of pheasant leg (raw)	['e2871']
piece of pheasant leg (skinless, raw)	['e2872']
piece of pheasant breast (skinless, raw)	['e2873']
poultry carcass (raw)	['e2874']
piece of poultry meat (raw)	['e2875']
piece of poultry meat (boneless)	['e2876']
piece of poultry meat (with bone)	['e2877']
piece of poultry meat (with bone, raw)	['e2878']
piece of poultry meat (deboned)	['e2879']
piece of poultry meat (mechanically deboned)	['e2880']
piece of poultry meat (mechanically deboned, raw)	['e2881']
piece of poultry meat (mechanically deboned, with skin, raw)	['e2882']
piece of poultry meat (mechanically deboned, skinless, raw)	['e2883']
poultry breast (raw)	['e2884']
poultry drumstick (raw)	['e2885']
poultry wing (raw)	['e2886']
poultry foot (raw)	['e2887']
poultry neck (raw)	['e2888']
poultry leg (raw)	['e2889']
piece of dark poultry meat	['e2890']
piece of dark poultry meat (raw)	['e2891']
piece of light poultry meat	['e2892']
piece of light poultry meat (raw)	['e2893']
quail food product	['e2894']
quail breast (raw)	['e2895']
quail thigh (skinless, raw)	['e2896']
piece of quail breast (raw)	['e2897']
piece of quail breast (skinless, raw)	['e2898']
squab food product	['e2899']
mussel carcass	['e2900']
mussel carcass (raw)	['e2901']
scallop	['e2902']
scallop carcass	['e2903']
scallop carcass (raw)	['e2904']
antelope food product	['e2905']
bison food product	['e2906']
domestic yak food product	['e2907']
cow milk	['e2908']
cow carcass (raw)	['e2909']
beef external fat	['e2910']
beef seam fat	['e2911']
beef fat (raw)	['e2912']
beef external fat (raw)	['e2913']
beef seam fat (raw)	['e2914']
beef roast (raw)	['e2915']
beef roast (boneless)	['e2916']
beef roast (boneless, raw)	['e2917']
beef roast (boneless, seasoned, fresh frozen)	['e2918']
beefalo food product	['e2919']
buffalo food product	['e2920']
buffalo milk	['e2921']
water buffalo food product	['e2922']
goat milk	['e2923']
piece of goat meat (cubed, raw)	['e2924']
piece of goat meat (with bone, raw)	['e2925']
gazelle food product	['e2926']
lamb food product	['e2927']
lamb material	['e2928']
lamb processed carcass	['e2929']
lamb processed carcass (raw)	['e2930']
lamb carcass (raw, skinless)	['e2931']
lamb carcass (butchered)	['e2932']
lamb carcass (gutted)	['e2933']
piece of lamb	['e2934']
piece of lamb (raw)	['e2935']
piece of lamb (with skin)	['e2936']
piece of lamb (skinless)	['e2937']
piece of lamb (with skin, raw)	['e2938']
piece of lamb (skinless, raw)	['e2939']
lamb muscle tissue cut	['e2940']
lamb fat	['e2941']
lamb external fat	['e2942']
lamb seam fat	['e2943']
lamb fat (raw)	['e2944']
lamb external fat (raw)	['e2945']
lamb seam fat (raw)	['e2946']
lamb organ	['e2947']
lamb heart	['e2948']
lamb brain	['e2949']
lamb kidney	['e2950']
lamb liver	['e2951']
lamb spleen	['e2952']
lamb lung	['e2953']
lamb tongue	['e2954']
lamb thymus	['e2955']
lamb pancreas	['e2956']
lamb testicle	['e2957']
lamb organ (raw)	['e2958']
lamb heart (raw)	['e2959']
lamb brain (raw)	['e2960']
lamb liver (raw)	['e2961']
lamb spleen (raw)	['e2962']
lamb lung (raw)	['e2963']
lamb tongue (raw)	['e2964']
lamb thymus (raw)	['e2965']
lamb pancreas (raw)	['e2966']
lamb testicle (raw)	['e2967']
piece of lamb organ	['e2968']
piece of lamb heart	['e2969']
piece of lamb brain	['e2970']
piece of lamb kidney	['e2971']
piece of lamb liver	['e2972']
piece of lamb spleen	['e2973']
piece of lamb lung	['e2974']
piece of lamb tongue	['e2975']
piece of lamb thymus	['e2976']
piece of lamb pancreas	['e2977']
piece of lamb testicle	['e2978']
piece of lamb heart  (raw)	['e2979']
piece of lamb brain (raw)	['e2980']
piece of lamb kidney (raw)	['e2981']
piece of lamb liver (raw)	['e2982']
piece of lamb spleen (raw)	['e2983']
piece of lamb lung (raw)	['e2984']
piece of lamb tongue (raw)	['e2985']
piece of lamb thymus (raw)	['e2986']
piece of lamb pancreas (raw)	['e2987']
piece of lamb testicle (raw)	['e2988']
piece of lamb meat	['e2989']
piece of lamb meat (boneless)	['e2990']
piece of lamb meat (cubed)	['e2991']
piece of lamb meat (cubed, raw)	['e2992']
piece of lamb meat (with bone)	['e2993']
piece of lamb meat (with bone, raw)	['e2994']
piece of lamb meat (deboned)	['e2995']
piece of lamb meat (mechanically deboned)	['e2996']
lamb neck (raw)	['e2997']
piece(s) of lamb	['e2998']
piece(s) of lamb meat	['e2999']
piece(s) of lamb meat (raw)	['e3000']
piece(s) of lamb meat (with skin)	['e3001']
piece(s) of lamb meat (skinless)	['e3002']
piece(s) of lamb meat (skinless, raw)	['e3003']
piece(s) of lamb meat (with skin, raw)	['e3004']
piece(s) of lamb meat (boneless)	['e3005']
lamb meat (ground, raw)	['e3006']
piece(s) of lamb meat (deboned)	['e3007']
piece(s) of lamb meat (deboned, raw)	['e3008']
piece(s) of lamb meat (mechanically deboned)	['e3009']
piece(s) of lamb meat (mechanically deboned, raw)	['e3010']
piece(s) of lamb meat (frozen)	['e3011']
lamb meat (ground, fresh frozen)	['e3012']
lamb meat (minced)	['e3013']
lamb meat (minced, raw)	['e3014']
piece(s) of lamb organ	['e3015']
piece(s) of lamb heart	['e3016']
piece(s) of lamb brain	['e3017']
piece(s) of lamb kidney	['e3018']
piece(s) of lamb liver	['e3019']
piece(s) of lamb spleen	['e3020']
piece(s) of lamb lung	['e3021']
piece(s) of lamb tongue	['e3022']
piece(s) of lamb thymus	['e3023']
piece(s) of lamb pancreas	['e3024']
piece(s) of lamb testicle	['e3025']
piece(s) of lamb organ (raw)	['e3026']
piece(s) of lamb heart (raw)	['e3027']
piece(s) of lamb brain (raw)	['e3028']
piece(s) of lamb kidney (raw)	['e3029']
piece(s) of lamb liver (raw)	['e3030']
piece(s) of lamb spleen (raw)	['e3031']
piece(s) of lamb lung (raw)	['e3032']
piece(s) of lamb tongue (raw)	['e3033']
piece(s) of lamb thymus (raw)	['e3034']
piece(s) of lamb pancreas (raw)	['e3035']
piece(s) of lamb testicle (raw)	['e3036']
butchery cut of lamb	['e3037']
butchery cut of lamb (raw)	['e3038']
lamb primal cut (raw)	['e3039']
lamb sub-primal cut (raw)	['e3040']
lamb retail cut	['e3041']
lamb retail cut (raw)	['e3042']
lamb steak	['e3043']
lamb steak (raw)	['e3044']
lamb roast (raw)	['e3045']
lamb roast (boneless)	['e3046']
lamb roast (boneless, raw)	['e3047']
lamb roast (boneless, seasoned, fresh frozen)	['e3048']
lamb chop (boneless)	['e3049']
lamb chop (boneless, raw)	['e3050']
sheep food product	['e3051']
sheep milk	['e3052']
sheep fat (raw)	['e3053']
veal food product	['e3054']
live veal	['e3055']
veal carcass (raw)	['e3056']
moose food product	['e3057']
deer food product	['e3058']
reindeer food product	['e3059']
crab food product	['e3060']
kangaroo food product	['e3061']
whelk food product	['e3062']
giraffe food product	['e3063']
hippopotamus food product	['e3064']
rabbit food product	['e3065']
elephant food product	['e3066']
donkey milk	['e3067']
donkey milk (raw)	['e3068']
horse food product	['e3069']
horse milk	['e3070']
horse milk (raw)	['e3071']
seal food product	['e3072']
piece of seal meat	['e3073']
green sea turtle food product	['e3074']
sea turtle food product	['e3075']
beaver food product	['e3076']
muskrat food product	['e3077']
squirrel food product	['e3078']
nutria food product	['e3079']
wild boar material	['e3080']
wild boar carcass	['e3081']
wild boar carcass (raw)	['e3082']
piece of wild boar	['e3083']
piece of wild boar (raw)	['e3084']
wild boar organ	['e3085']
piece of wild boar organ	['e3086']
piece of wild boar meat	['e3087']
piece(s) of wild boar	['e3088']
piece(s) of wild boar meat	['e3089']
piece(s) of wild boar meat (boneless)	['e3090']
piece(s) of wild boar organ	['e3091']
pig material	['e3092']
pig substance	['e3093']
pig carcass (raw)	['e3094']
pork processed carcass	['e3095']
pork processed carcass (raw)	['e3096']
pork carcass (raw, skinless)	['e3097']
pork carcass (butchered)	['e3098']
pork carcass (gutted)	['e3099']
piece of pig (raw)	['e3100']
pork organ	['e3101']
pork brain	['e3102']
pork kidney	['e3103']
pork liver	['e3104']
pork spleen	['e3105']
pork lung	['e3106']
pork tongue	['e3107']
pork thymus	['e3108']
pork pancreas	['e3109']
pork stomach	['e3110']
pork small intestine	['e3111']
pork organ (raw)	['e3112']
pork heart (raw)	['e3113']
pork brain (raw)	['e3114']
pork kidney (raw)	['e3115']
pork spleen (raw)	['e3116']
pork lung (raw)	['e3117']
pork tongue (raw)	['e3118']
pork thymus (raw)	['e3119']
pork pancreas (raw)	['e3120']
pork stomach (raw)	['e3121']
pork ear (raw)	['e3122']
pork small intestine (raw)	['e3123']
piece of pork organ	['e3124']
piece of pork heart	['e3125']
piece of pork brain	['e3126']
piece of pork liver	['e3127']
piece of pork spleen	['e3128']
piece of pork lung	['e3129']
piece of pork tongue	['e3130']
piece of pork thymus	['e3131']
piece of pork pancreas	['e3132']
piece of pork stomach	['e3133']
piece of pork ear	['e3134']
piece of pork heart  (raw)	['e3135']
piece of pork brain (raw)	['e3136']
piece of pork kidney (raw)	['e3137']
piece of pork liver (raw)	['e3138']
piece of pork spleen (raw)	['e3139']
piece of pork lung (raw)	['e3140']
piece of pork tongue (raw)	['e3141']
piece of pork thymus (raw)	['e3142']
piece of pork pancreas (raw)	['e3143']
piece of pork stomach (raw)	['e3144']
piece of pork ear (raw)	['e3145']
piece of pork meat	['e3146']
piece of pork meat (raw)	['e3147']
pork tail	['e3148']
piece(s) of pig	['e3149']
piece(s) of pork meat	['e3150']
piece(s) of pork meat (raw)	['e3151']
piece(s) of pork meat (with skin)	['e3152']
piece(s) of pork meat (with skin, raw)	['e3153']
piece(s) of pork meat (boneless)	['e3154']
pork meat (ground)	['e3155']
pork meat (ground, raw)	['e3156']
piece(s) of pork meat (deboned)	['e3157']
piece(s) of pork meat (deboned, raw)	['e3158']
piece(s) of pork meat (mechanically deboned)	['e3159']
piece(s) of pork meat (mechanically deboned, raw)	['e3160']
piece(s) of pork meat (frozen)	['e3161']
pork meat (ground, fresh frozen)	['e3162']
pork meat (minced)	['e3163']
pork meat (minced, raw)	['e3164']
piece(s) of pork organ	['e3165']
piece(s) of pork heart	['e3166']
piece(s) of pork brain	['e3167']
piece(s) of pork kidney	['e3168']
piece(s) of pork liver	['e3169']
piece(s) of pork spleen	['e3170']
piece(s) of pork lung	['e3171']
piece(s) of pork tongue	['e3172']
piece(s) of pork thymus	['e3173']
piece(s) of pork pancreas	['e3174']
piece(s) of pork stomach	['e3175']
piece(s) of pork ear	['e3176']
piece(s) of pork organ (raw)	['e3177']
piece(s) of pork heart (raw)	['e3178']
piece(s) of pork brain (raw)	['e3179']
piece(s) of pork kidney (raw)	['e3180']
piece(s) of pork liver (raw)	['e3181']
piece(s) of pork spleen (raw)	['e3182']
piece(s) of pork lung (raw)	['e3183']
piece(s) of pork tongue (raw)	['e3184']
piece(s) of pork thymus (raw)	['e3185']
piece(s) of pork pancreas (raw)	['e3186']
piece(s) of pork stomach (raw)	['e3187']
piece(s) of pork ear (raw)	['e3188']
butchery cut of pork	['e3189']
butchery cut of pork (raw)	['e3190']
pork primal cut (raw)	['e3191']
pork sub-primal cut (raw)	['e3192']
pork retail cut (raw)	['e3193']
pork steak	['e3194']
pork steak (raw)	['e3195']
pork roast (raw)	['e3196']
pork roast (boneless)	['e3197']
pork roast (boneless, raw)	['e3198']
pork roast (boneless, seasoned, fresh frozen)	['e3199']
pork chop (boneless)	['e3200']
pork chop (boneless, raw)	['e3201']
bear food product	['e3202']
water buffalo milk	['e3203']
water buffalo milk (raw)	['e3204']
lamb small intestine	['e3205']
lamb small intestine (raw)	['e3206']
piece of pork meat (skinless)	['e3207']
piece of pork meat (skinless, raw)	['e3208']
piece of pork meat (with skin)	['e3209']
piece of pork meat (with skin, raw)	['e3210']
piece of pork meat (boneless)	['e3211']
piece of pork meat (boneless, raw)	['e3212']
piece of pork meat (deboned)	['e3213']
piece of pork meat (deboned, raw)	['e3214']
piece of pork meat (mechanically deboned)	['e3215']
piece of pork meat (mechanically deboned, raw)	['e3216']
pork tail (raw)	['e3217']
atlantic cod material	['e3218']
piece of atlantic cod	['e3219']
piece of atlantic cod meat	['e3220']
butchery cut of atlantic cod	['e3221']
atlantic cod fillet	['e3222']
atlantic cod fillet (raw)	['e3223']
atlantic cod fillet (skinless)	['e3224']
atlantic cod fillet (skinless, raw)	['e3225']
atlantic cod fillet (with skin)	['e3226']
atlantic cod fillet (with skin, raw)	['e3227']
catfish material	['e3228']
piece of catfish	['e3229']
piece of catfish meat	['e3230']
butchery cut of catfish	['e3231']
catfish fillet	['e3232']
catfish fillet (raw)	['e3233']
catfish fillet (skinless)	['e3234']
catfish fillet (skinless, raw)	['e3235']
catfish fillet (with skin)	['e3236']
catfish fillet (with skin, raw)	['e3237']
nile tilapia material	['e3238']
piece of nile tilapia	['e3239']
piece of nile tilapia meat	['e3240']
butchery cut of nile tilapia	['e3241']
nile tilapia fillet	['e3242']
nile tilapia fillet (raw)	['e3243']
nile tilapia fillet (skinless)	['e3244']
nile tilapia fillet (skinless, raw)	['e3245']
nile tilapia fillet (with skin)	['e3246']
nile tilapia fillet (with skin, raw)	['e3247']
sockeye salmon material	['e3248']
piece of sockeye salmon	['e3249']
piece of sockeye salmon meat	['e3250']
butchery cut of sockeye salmon	['e3251']
sockeye salmon fillet	['e3252']
sockeye salmon fillet (raw)	['e3253']
sockeye salmon fillet (skinless)	['e3254']
sockeye salmon fillet (skinless, raw)	['e3255']
sockeye salmon fillet (with skin)	['e3256']
sockeye salmon fillet (with skin, raw)	['e3257']
piece of catfish meat (raw)	['e3258']
piece of nile tilapia meat (raw)	['e3259']
piece of sockeye salmon meat (raw)	['e3260']
atlantic salmon material	['e3261']
piece of atlantic salmon	['e3262']
piece of atlantic salmon meat	['e3263']
butchery cut of atlantic salmon	['e3264']
atlantic salmon fillet	['e3265']
atlantic salmon fillet (raw)	['e3266']
atlantic salmon fillet (skinless)	['e3267']
atlantic salmon fillet (skinless, raw)	['e3268']
atlantic salmon fillet (with skin)	['e3269']
atlantic salmon fillet (with skin, raw)	['e3270']
piece of atlantic cod meat (raw)	['e3271']
fruit legislated as vegetable	['e3272']
fenugreek seed	['e3273']
beet greens bunch	['e3274']
green algae food product	['e3275']
chlorella food product	['e3276']
shatawari root food product	['e3277']
hoodia stem	['e3278']
butterbur (petasites japonicus) food product	['e3279']
butterbur sprout	['e3280']
chinese chive bunch	['e3281']
basil leaf (dried)	['e3282']
thyme leaf (whole,raw)	['e3283']
red leaf lettuce	['e3284']
red leaf lettuce (raw)	['e3285']
lettuce leaf (raw)	['e3286']
welsh onion (raw)	['e3287']
green pea (raw)	['e3288']
jalapeno pepper (raw)	['e3289']
parsley leaf (dried)	['e3290']
amaranth leaf	['e3291']
oregano leaf (dried)	['e3292']
lemongrass leaf (raw)	['e3293']
garden cress leaf	['e3294']
garden cress food product	['e3295']
garden cress leaf (raw)	['e3296']
celery root (raw)	['e3297']
chicory root (raw)	['e3298']
chicory leaf (raw)	['e3299']
obsolete: lentil (whole, raw)	['e3300']
red potato (raw)	['e3301']
parsley leaf (freeze-dried)	['e3302']
broccoli leaf	['e3303']
broccoli leaf (raw)	['e3304']
broccoli stalk	['e3305']
broccoli stalk (raw)	['e3306']
cardoon stalk	['e3307']
cardoon stalk (raw)	['e3308']
cardoon leaf	['e3309']
cardoon leaf (raw)	['e3310']
rapini leaf	['e3311']
rapini leaf (raw)	['e3312']
rapini bunch	['e3313']
rapini food product	['e3314']
green cauliflower floret	['e3315']
green cauliflower floret (raw)	['e3316']
swamp cabbage head	['e3317']
swamp cabbage head (raw)	['e3318']
borage flower	['e3319']
borage flower (raw)	['e3320']
borage leaf	['e3321']
borage leaf (raw)	['e3322']
celtuce food product	['e3323']
celtuce leaf	['e3324']
celtuce leaf (raw)	['e3325']
celtuce stem	['e3326']
celtuce stem (raw)	['e3327']
dandelion leaf	['e3328']
dandelion leaf (raw)	['e3329']
fireweed food product	['e3330']
fireweed leaf	['e3331']
fireweed leaf (raw)	['e3332']
hubbard squash	['e3333']
hubbard squash (raw)	['e3334']
spaghetti squash	['e3335']
spaghetti squash (raw)	['e3336']
straightneck squash	['e3337']
straightneck squash (raw)	['e3338']
crookneck squash	['e3339']
crookneck squash (raw)	['e3340']
new zealand spinach food product	['e3341']
new zealand spinach leaf	['e3342']
new zealand spinach leaf (raw)	['e3343']
mung bean (raw)	['e3344']
pinto bean (raw)	['e3345']
pink bean (raw)	['e3346']
white bean (raw)	['e3347']
yellow bean food product	['e3348']
yellow bean	['e3349']
yellow bean (raw)	['e3350']
hyacinth bean (raw)	['e3351']
asparagus bean	['e3352']
baby zucchini squash (raw)	['e3353']
cowpea pod	['e3354']
cowpea pod (raw)	['e3355']
lentil (raw)	['e3356']
cucumber (peeled)	['e3357']
bitter gourd leaf (raw)	['e3358']
bitter gourd pod	['e3359']
nalta jute leaf	['e3360']
nalta jute leaf (raw)	['e3361']
scotch kale leaf	['e3362']
scotch kale leaf (raw)	['e3363']
pink lentil	['e3364']
pink lentil (raw)	['e3365']
edible pea pod	['e3366']
edible pea pod (raw)	['e3367']
black cumin seed	['e3368']
curry leaf	['e3369']
chickpea (raw)	['e3370']
crisphead lettuce (raw)	['e3371']
butterhead lettuce (raw)	['e3372']
banana pepper	['e3373']
banana pepper (raw)	['e3374']
serrano pepper	['e3375']
serrano pepper (raw)	['e3376']
hungarian wax pepper	['e3377']
hungarian wax pepper (raw)	['e3378']
sweet potato leaf	['e3379']
sweet potato leaf (raw)	['e3380']
bitter gourd pod (raw)	['e3381']
pumpkin leaf (raw)	['e3382']
taro shoot	['e3383']
taro shoot (raw)	['e3384']
yellow tomato	['e3385']
yellow tomato (raw)	['e3386']
orange tomato	['e3387']
orange tomato (raw)	['e3388']
tahitian taro leaf	['e3389']
tahitian taro leaf (raw)	['e3390']
mountain yam (raw)	['e3391']
fiveleaf yam	['e3392']
fiveleaf yam (raw)	['e3393']
malabar spinach leaf	['e3394']
malabar spinach leaf (raw)	['e3395']
edamame pod	['e3396']
edamame pod (raw)	['e3397']
winged bean (raw, immature)	['e3398']
baby lima bean (raw)	['e3399']
wax bean (raw)	['e3400']
fiddlehead leaf	['e3401']
fiddlehead leaf (raw)	['e3402']
white icicle radish	['e3403']
white icicle radish (raw)	['e3404']
ginger leaf	['e3405']
coriander bunch	['e3406']
mint bunch	['e3407']
black cumin food product	['e3408']
chia seed food product	['e3409']
chia sprout	['e3410']
pea sprout	['e3411']
mixed sprouts	['e3412']
mung bean (raw, sprouted)	['e3413']
kidney bean (raw, sprouted)	['e3414']
lima bean (raw, immature)	['e3415']
pinto bean (raw, sprouted)	['e3416']
navy bean (raw, mature)	['e3417']
pink bean (raw, mature)	['e3418']
pinto bean (raw, mature)	['e3419']
white bean (raw, mature)	['e3420']
yellow bean (raw, mature)	['e3421']
moth bean (raw, mature)	['e3422']
mung bean (raw, mature)	['e3423']
winged bean (raw, mature)	['e3424']
hyacinth bean (raw, mature)	['e3425']
broad bean (raw, mature)	['e3426']
catjang pea (raw, mature)	['e3427']
blackeyed pea (raw, mature)	['e3428']
blackeyed pea (raw, immature)	['e3429']
lentil (raw, sprouted)	['e3430']
lupine bean (raw, mature)	['e3431']
chickpea (raw, mature)	['e3432']
soybean (raw, mature)	['e3433']
soybean (raw, sprouted)	['e3434']
radish seed (raw, sprouted)	['e3435']
lima bean (whole,raw, mature)	['e3436']
baby lima bean (raw, mature)	['e3437']
green bean pod (raw, mature)	['e3438']
split pea (dried)	['e3439']
split pea (dried, immature)	['e3440']
split pea (dried, mature)	['e3441']
jelly ear (raw)	['e3442']
mango (whole or pieces)	['e3443']
almond (whole or pieces)	['e3444']
ginger leaf (whole or pieces)	['e3445']
ginger root (whole or pieces)	['e3446']
spinach (whole or pieces)	['e3447']
coriander (whole or pieces)	['e3448']
coriander leaf (whole or pieces)	['e3449']
coriander seed (whole or pieces)	['e3450']
curry leaf (whole or pieces)	['e3451']
oregano (whole or pieces)	['e3452']
papaya (whole or pieces)	['e3453']
cucumber (whole or pieces)	['e3454']
parsley (whole or pieces)	['e3455']
parsley leaf (whole or pieces)	['e3456']
pattypan squash (whole or pieces)	['e3457']
basil (whole or pieces)	['e3458']
basil leaf (whole or pieces)	['e3459']
kale (whole or pieces)	['e3460']
kale leaf (whole or pieces)	['e3461']
mint (whole or pieces)	['e3462']
mint leaf (whole or pieces)	['e3463']
lettuce head (whole or pieces)	['e3464']
chive leaf (whole or pieces)	['e3465']
chia seed (whole or pieces)	['e3466']
black pepper (whole or pieces)	['e3467']
cantaloupe (whole or pieces)	['e3468']
fennel (whole or pieces)	['e3469']
cardamom seed (whole or pieces)	['e3470']
black cumin seed (whole or pieces)	['e3471']
pepper (whole or pieces)	['e3472']
scallion (whole or pieces)	['e3473']
white peppercorn (whole or pieces)	['e3474']
wild rice kernel	['e3475']
wild rice kernel (raw)	['e3476']
spelt kernel (raw)	['e3477']
wheat bran (raw)	['e3478']
wheat germ (raw)	['e3479']
rice bran (raw)	['e3480']
khorasan wheat kernel	['e3481']
khorasan wheat kernel (raw)	['e3482']
hard white wheat kernel	['e3483']
short-grain white rice	['e3484']
short-grain white rice (uncooked)	['e3485']
medium-grain white rice (uncooked)	['e3486']
medium-grain brown rice kernel (uncooked)	['e3487']
long grain brown rice kernel	['e3488']
long grain brown rice kernel (uncooked)	['e3489']
dark rye flour	['e3490']
medium rye flour	['e3491']
light rye flour	['e3492']
whole wheat pastry flour	['e3493']
long-grain white rice (uncooked)	['e3494']
kelp blade (raw)	['e3495']
red algae food product	['e3496']
irish moss (raw)	['e3497']
aonori (raw)	['e3498']
whole groat buckwheat flour	['e3499']
soybean meal (defatted)	['e3500']
soy margarine (hydrogenated)	['e3501']
skim milk (vitamin a and d fortified)	['e3502']
skim milk (vitamin a and d fortified, nonfat milk solids added)	['e3503']
skim milk (vitamin a and d fortified, protein fortified)	['e3504']
lowfat cow milk (1% fat, vitamin a and d fortified, nonfat milk solids added)	['e3505']
cheese	['e3506']
chocolate milk (reduced fat)	['e3507']
chocolate milk (reduced fat, vitamin a and d fortified)	['e3508']
cow milk (reduced fat, vitamin a and d fortified, nonfat milk solids added)	['e3509']
cow milk (reduced fat)	['e3510']
cow milk (reduced fat, vitamin a and d fortified, protein fortified)	['e3511']
chocolate whole milk (vitamin a and d fortified)	['e3512']
ucuhuba butter oil	['e3513']
mutton tallow	['e3514']
boletus mushroom	['e3515']
chia food product	['e3516']
curry leaf food product	['e3517']
squash (whole or pieces)	['e3518']
summer squash (whole or pieces)	['e3519']
cranberry bean (mature, boiled)	['e3520']
seaweed food product	['e3521']
endive leaf	['e3522']
prickly pear pad (raw)	['e3523']
cod liver oil	['e3524']
sardine oil	['e3525']
menhaden oil	['e3526']
menhaden oil (hydrogenated)	['e3527']
cow whole milk 3.5% fat (vitamin d fortified)	['e3528']
chocolate milk (low fat, vitamin a and d fortified)	['e3529']
arrowroot flour	['e3530']
goat milk (vitamin d fortified)	['e3531']
ricotta cheese (made from whole milk)	['e3532']
romano cheese	['e3533']
cow buttermilk (low fat, cultured)	['e3534']
cottage cheese (reduced fat)	['e3535']
butter (whipped, salted)	['e3536']
light sour cream	['e3537']
mozzarella cheese (made with whole milk, low moisture)	['e3538']
american cheese food product	['e3539']
american cheese	['e3540']
american cheese (fat free)	['e3541']
american cheese (processed, pasteurized)	['e3542']
american cheese (processed, pasteurized, vitamin d fortified)	['e3543']
pasteurized process american cheese food	['e3544']
pasteurized process american cheese spread	['e3545']
ricotta cheese (part-skim)	['e3546']
nonfat dry milk (instant, vitamin a and d fortified)	['e3547']
full cream milk (dry, vitamin d fortified)	['e3548']
gjetost cheese	['e3549']
pasteurized process american cheese food (vitamin d fortified)	['e3550']
arrowroot flour food product	['e3551']
whole wheat kernel (raw, dried)	['e3552']
pineapple (canned)	['e3553']
noodle (egg)	['e3554']
chocolate candy	['e3555']
honey butter	['e3556']
grape wine	['e3557']
barley malt powder	['e3558']
honey (jellied)	['e3559']
doughnut (honey-dipped)	['e3560']
honey (crystallized)	['e3561']
honey (black)	['e3562']
honey (raw)	['e3563']
honey (flavored)	['e3564']
honey extract	['e3565']
honey (liqueur-flavored)	['e3566']
honey (freeze-dried)	['e3567']
honey (dried)	['e3568']
honey (decharacterized)	['e3569']
royal jelly	['e3570']
citrus honey	['e3571']
coffee (instant)	['e3572']
coffee (liquid drink)	['e3573']
cheese (mexican-style soft white)	['e3574']
soft-ripened cheese	['e3575']
watermelon (raw)	['e3576']
rye kernel (raw)	['e3577']
pepper-type beverage (carbonated)	['e3578']
lemon-flavored beverage mix (dry)	['e3579']
oriental noodle	['e3580']
tea (dry, decaffeinated)	['e3581']
honey (partially heat treated)	['e3582']
infant formula (powdered)	['e3583']
candied citron melon	['e3584']
chocolate liquor	['e3585']
cocoa bean (raw)	['e3586']
cocoa	['e3587']
hen egg (shell off, raw)	['e3588']
fish (whole or pieces)	['e3589']
black fungus food product	['e3590']
pollock (raw)	['e3591']
caviar	['e3592']
crabmeat (shell off)	['e3593']
fish (frozen)	['e3594']
shrimp (canned)	['e3595']
salmon (canned)	['e3596']
crustacean (raw)	['e3597']
shrimp (raw, breaded)	['e3598']
chub (smoked, hot process)	['e3599']
tuna (cured, smoked)	['e3600']
sablefish (cured, smoked)	['e3601']
shad (cured, smoked)	['e3602']
mussel (frozen)	['e3603']
orange drink	['e3604']
orange pulpwash solids	['e3605']
orange juice solids	['e3606']
orange juice	['e3607']
cranberry concentrate	['e3608']
nectarine (raw)	['e3609']
fruit jam	['e3610']
fruit pulp	['e3611']
ham (cured)	['e3612']
white wheat flour (not heat treated)	['e3613']
bran food product	['e3614']
chicken (whole or pieces, raw)	['e3615']
grape (raw)	['e3616']
strawberry jam	['e3617']
blueberry jam	['e3618']
applesauce	['e3619']
grape juice	['e3620']
apple cider (non-alcoholic)	['e3621']
cavendish banana (raw)	['e3622']
apple flavoring	['e3623']
apple wine	['e3624']
brown rice kernel food product	['e3625']
fruit (frozen)	['e3626']
aspic	['e3627']
cherry juice	['e3628']
cucumber pickle	['e3629']
pepper (pickled)	['e3630']
acorn (raw)	['e3631']
mussel (canned)	['e3632']
mustard oil	['e3633']
clam (raw)	['e3634']
clam (frozen)	['e3635']
clam (canned)	['e3636']
fish (freshwater, raw)	['e3637']
lobster (whole, raw)	['e3638']
european lobster (raw)	['e3639']
slipper lobster (raw)	['e3640']
albacore (canned)	['e3641']
skipjack tuna (canned)	['e3642']
yellowfin tuna (canned)	['e3643']
grape leaf (raw)	['e3644']
shrimp (frozen)	['e3645']
fish (kippered)	['e3646']
fish (hot process, smoked)	['e3647']
bay leaf (dried)	['e3648']
capsicum pepper (raw)	['e3649']
cinnamon	['e3650']
clove (dried)	['e3651']
spice seed	['e3652']
pork liver (raw)	['e3653']
chicken liver (raw)	['e3654']
spice (leafy)	['e3655']
mace (dried)	['e3656']
nutmeg seed (dried)	['e3657']
artichoke heart	['e3658']
jerusalem artichoke flour	['e3659']
basil leaf (raw)	['e3660']
fish meat (raw)	['e3661']
kelp (whole or pieces)	['e3662']
acidophilus lowfat milk	['e3663']
horseradish root (raw)	['e3664']
apricot (canned)	['e3665']
marjoram (dried)	['e3666']
oregano (crushed)	['e3667']
parsley leaf (raw)	['e3668']
century plant juice	['e3669']
bark tea	['e3670']
artichoke heart (quartered)	['e3671']
rosemary leaf (dried)	['e3672']
sage (dried)	['e3673']
savory (ground, dried)	['e3674']
star anise seed (dried)	['e3675']
tarragon (dried)	['e3676']
thyme (dried)	['e3677']
cardamom seed (dried)	['e3678']
multer berry	['e3679']
chervil food product	['e3680']
paprika (ground)	['e3681']
cinnamon stick	['e3682']
mustard seed (ground)	['e3683']
broad bean	['e3684']
white bean	['e3685']
vinegar made from dried apple cores and skins	['e3686']
drupelet berry (canned)	['e3687']
blackberry (raw)	['e3688']
dewberry (raw)	['e3689']
cherry (brined)	['e3690']
cherry (raw)	['e3691']
cherry (canned)	['e3692']
cherry (frozen)	['e3693']
cranberry sauce	['e3694']
date (fruit)	['e3695']
date (pitted)	['e3696']
date (chopped, sliced or macerated)	['e3697']
fig paste	['e3698']
cherry jam	['e3699']
black currant jam	['e3700']
loganberry (canned)	['e3701']
maraschino cherry	['e3702']
drupelet berry (frozen)	['e3703']
cloudberry (canned)	['e3704']
olive (raw)	['e3705']
olive (pitted)	['e3706']
olive (salad, pitted)	['e3707']
olive (salad, pitted, broken)	['e3708']
olive (salad, pitted, halved)	['e3709']
olive (salad, pitted, quartered)	['e3710']
olive (salad, pitted, sliced, chipped, or minced)	['e3711']
olive (salt-cured)	['e3712']
black olive (raw)	['e3713']
green olive	['e3714']
olive (stuffed with minced pimiento)	['e3715']
peach (canned)	['e3716']
peach (frozen)	['e3717']
clingstone peach (canned)	['e3718']
freestone peach (canned)	['e3719']
mung bean	['e3720']
pineapple juice (liquid)	['e3721']
wheat (polished)	['e3722']
plum (canned)	['e3723']
prune (pitted, uncooked, dehydrated)	['e3724']
prune (pitted, dehydrated)	['e3725']
raisin	['e3726']
strawberry (sliced, frozen)	['e3727']
apricot nectar	['e3728']
peach nectar	['e3729']
pear nectar	['e3730']
apricot puree	['e3731']
peach puree	['e3732']
pear puree	['e3733']
fodder (animal feed)	['e3734']
pear juice	['e3735']
pear jam	['e3736']
fruit juice (liquid)	['e3737']
red meat (raw)	['e3738']
jordan almond	['e3739']
peanut (raw)	['e3740']
pea	['e3741']
mushroom fruitbody (raw)	['e3742']
tonka bean (raw)	['e3743']
tonka bean extract	['e3744']
onion ring (breaded, frozen)	['e3745']
oat flour	['e3746']
fish (smoked)	['e3747']
peanut meal	['e3748']
piece of water buffalo meat (raw)	['e3749']
reishi mushroom extract	['e3750']
shiitake mushroom extract	['e3751']
cabbage head (raw)	['e3752']
cocoa butter	['e3753']
olive oil (extracted from pomace and pits, refined)	['e3754']
infant cereal	['e3755']
citrus fruit (raw)	['e3756']
rice stick	['e3757']
rice sheet	['e3758']
alfalfa	['e3759']
gefilte fish	['e3760']
peanut (skin off)	['e3761']
peanut pod	['e3762']
tree nut	['e3763']
almond (raw)	['e3764']
cashew nut (raw)	['e3765']
chestnut (unripe)	['e3766']
chestnut (baked)	['e3767']
akee (raw)	['e3768']
polish sausage (pickled)	['e3769']
mushroom (pickled, canned)	['e3770']
walnut	['e3771']
asparagus (frozen)	['e3772']
nuts (mixed)	['e3773']
artichoke head (raw)	['e3774']
jerusalem artichoke (raw)	['e3775']
asparagus (canned)	['e3776']
pea (dried)	['e3777']
spinach (canned)	['e3778']
spinach (frozen)	['e3779']
wax bean (cut, canned)	['e3780']
beet (canned)	['e3781']
pimiento pieces (canned)	['e3782']
sweet red bell pepper (canned)	['e3783']
blackeyed pea (dried)	['e3784']
broccoli (frozen)	['e3785']
brussels sprout (frozen)	['e3786']
sweet corn (canned)	['e3787']
corn on the cob (canned)	['e3788']
corn husk	['e3789']
greens (canned)	['e3790']
mushroom (canned)	['e3791']
mycelium food material	['e3792']
cauliflower (pickled, canned)	['e3793']
beet (pickled, canned)	['e3794']
pumpkin (canned)	['e3795']
sauerkraut	['e3796']
yellow variety sweet potato (raw, skin on)	['e3797']
ginseng	['e3798']
bean (raw)	['e3799']
herring (pickled)	['e3800']
vegetable (pickled)	['e3801']
quail egg (pickled)	['e3802']
black currant jelly	['e3803']
grain byproduct	['e3804']
prune butter	['e3805']
soybean	['e3806']
blackberry (canned)	['e3807']
blue-green algae food product	['e3808']
apple juice (reconstituted)	['e3809']
lentil (dried)	['e3810']
sweet corn kernel (raw)	['e3811']
ice cream (flavoured)	['e3812']
whey (spray-dried)	['e3813']
almond dragee	['e3814']
fowl ova (raw)	['e3815']
hen egg (shell off, solids, dried, ground)	['e3816']
hen egg yolk (raw)	['e3817']
lemon (raw)	['e3818']
lima bean (fresh, frozen)	['e3819']
vegetable juice food product	['e3820']
mung bean sprout	['e3821']
hen egg liquid (frozen)	['e3822']
potato (raw)	['e3823']
red variety sweet potato (raw)	['e3824']
sweet potato (syrup-packed)	['e3825']
tomato (canned)	['e3826']
tomato	['e3827']
tomato juice	['e3828']
tomato paste	['e3829']
tomato puree	['e3830']
tomato (canned with tomato juice)	['e3831']
tomato powder	['e3832']
tomato powder (spray-dried)	['e3833']
bean (whole or pieces)	['e3834']
corn dextrin	['e3835']
coffee bean (whole or ground)	['e3836']
prawn (frozen)	['e3837']
shrimp (cooked)	['e3838']
oregano (ground)	['e3839']
lowfat cow milk	['e3840']
skim milk food product	['e3841']
light cream	['e3842']
marjoram (crushed)	['e3843']
marjoram (ground)	['e3844']
thyme (ground)	['e3845']
sour cream (acidified)	['e3846']
half and half (sour)	['e3847']
sour cream dressing	['e3848']
milk (vitamin d added)	['e3849']
cow milk (fortified)	['e3850']
cow milk (homogenized)	['e3851']
cow milk (flavored)	['e3852']
cow buttermilk (cultured)	['e3853']
yogurt (plain)	['e3854']
cow milk (concentrated)	['e3855']
sage (ground)	['e3856']
evaporated milk	['e3857']
cow milk (ultrahigh temperature)	['e3858']
fruit butter	['e3859']
skim milk (pasteurized, vitamin a and d fortified, and dehydrated milk products added)	['e3860']
hen egg product (unpasteurized)	['e3861']
cheese (unpasteurized)	['e3862']
pasta filata cheese	['e3863']
hominy feed	['e3864']
sweet potato (canned)	['e3865']
fruit (waxed)	['e3866']
vegetable (waxed)	['e3867']
agar food product	['e3868']
pepper (ground)	['e3869']
layer cake	['e3870']
nutmeg seed (ground)	['e3871']
iced tea (liquid)	['e3872']
tangerine (canned)	['e3873']
cranberry juice cocktail	['e3874']
cranberry apple drink	['e3875']
apple juice (concentrated)	['e3876']
farfel	['e3877']
apricot paste	['e3878']
apricot kernel	['e3879']
fruit filling	['e3880']
herb leaf (dried)	['e3881']
scallop (shucked, raw)	['e3882']
cucumber (raw)	['e3883']
spice (ground)	['e3884']
turnip greens (raw)	['e3885']
allspice (ground)	['e3886']
cinnamon (ground)	['e3887']
oregano leaf	['e3888']
marjoram leaf	['e3889']
sage leaf	['e3890']
root vegetable (raw)	['e3891']
thyme leaf	['e3892']
alfalfa meal	['e3893']
alfalfa flour	['e3894']
carrot root (raw)	['e3895']
alfalfa sprout (raw)	['e3896']
pome fruit (raw)	['e3897']
cottonseed flour	['e3898']
squash (raw)	['e3899']
vegetable leaf bundle (raw)	['e3900']
mustard greens (raw)	['e3901']
plum (raw)	['e3902']
cottonseed oil	['e3903']
grain product (uncooked)	['e3904']
grain product (cooked)	['e3905']
grape drink (canned)	['e3906']
citrus vinegar	['e3907']
sugar beet pulp	['e3908']
grapefruit juice concentrate	['e3909']
smoked tuna (frozen)	['e3910']
melon (raw)	['e3911']
alfalfa seed (raw, dry)	['e3912']
wheat germ	['e3913']
coffee extender	['e3914']
flaxseed (processed)	['e3915']
corn (detreated for animal feed)	['e3916']
cottage cheese	['e3917']
konjacu tuber	['e3918']
konjacu flour	['e3919']
konjacu powder	['e3920']
pear (canned)	['e3921']
pudding (canned)	['e3922']
lettuce head (raw)	['e3923']
sardine (canned)	['e3924']
lemon drink (diluted)	['e3925']
barley malt beer beverage	['e3926']
fish meal	['e3927']
cottonseed meal (ammoniated)	['e3928']
reconstituted orange juice (pasteurized, from concentrate)	['e3929']
guarana seed paste	['e3930']
piece of turtle meat (raw)	['e3931']
ice cream (vanilla-flavored)	['e3932']
lemonade	['e3933']
herbal tea (dry)	['e3934']
mescal	['e3935']
agave worm (preserved in alcohol)	['e3936']
rice kernel food product	['e3937']
pulse bean	['e3938']
milk product (dry)	['e3939']
brazilnut (shell on)	['e3940']
tea (dry)	['e3941']
grape jelly (artificially sweetened)	['e3942']
whey (dried)	['e3943']
cream (dried)	['e3944']
lowfat milk (dry)	['e3945']
nonfat dry milk	['e3946']
cockle (raw)	['e3947']
cockle (frozen)	['e3948']
pudding	['e3949']
cocoa press cake	['e3950']
herring (canned)	['e3951']
tuna (canned)	['e3952']
orange-flavored drink	['e3953']
cranberry juice	['e3954']
shrimp (whole or pieces)	['e3955']
rice bean (canned)	['e3956']
crabmeat (frozen)	['e3957']
tomato juice (canned)	['e3958']
youngberry (raw)	['e3959']
waffle mix (chocolate-flavored)	['e3960']
vegetable juice (diluted)	['e3961']
spice (dried)	['e3962']
poil de carotte cheese	['e3963']
lingot cheese	['e3964']
lingot cheese (with herbs and garlic)	['e3965']
canola oil (partially hydrogenated)	['e3966']
shrimp (packaged)	['e3967']
pumpkin (raw)	['e3968']
apricot (raw)	['e3969']
grapefruit (raw)	['e3970']
oyster (raw)	['e3971']
onion (raw)	['e3972']
mussel (raw)	['e3973']
apple (raw)	['e3974']
broccoli floret (raw)	['e3975']
brussels sprout (raw)	['e3976']
pimiento (raw)	['e3977']
spinach leaf (raw)	['e3978']
sweet potato (raw)	['e3979']
peach (raw)	['e3980']
prune (dehydrated)	['e3981']
strawberry (raw)	['e3982']
cranberry (raw)	['e3983']
pear (raw)	['e3984']
celery stalk (raw)	['e3985']
washed curd cheese	['e3986']
granular cheese	['e3987']
samsoe cheese	['e3988']
cook cheese	['e3989']
sap sago cheese	['e3990']
asiago cheese	['e3991']
gammelost cheese	['e3992']
hard cheese	['e3993']
semisoft part skim cheese	['e3994']
pasteurized process cheese	['e3995']
cold-pack cheese	['e3996']
grunt (raw)	['e3997']
animal tissue (rendered)	['e3998']
shark meat (raw)	['e3999']
triticale kernel (dried)	['e4000']
wild rice food product	['e4001']
apricot (dried)	['e4002']
praline	['e4003']
tomato juice made from concentrate	['e4004']
cereal grain (unprocessed)	['e4005']
cottonseed	['e4006']
cottonseed meal	['e4007']
pepper (canned)	['e4008']
veal (raw)	['e4009']
apple butter	['e4010']
asparagus bundle (raw)	['e4011']
mung bean (dried)	['e4012']
butter (unsalted)	['e4013']
cottage cheese (dry)	['e4014']
mozzarella cheese (made with whole milk, natural)	['e4015']
candied citron	['e4016']
blackeyed pea (raw, frozen)	['e4017']
half and half	['e4018']
light whipping cream	['e4019']
medium cream	['e4020']
akee (canned)	['e4021']
eggnog	['e4022']
fig (raw)	['e4023']
salmon (smoked)	['e4024']
fruit jelly	['e4025']
mango (raw)	['e4026']
citrus marmalade	['e4027']
cow buttermilk (dried)	['e4028']
chocolate milk	['e4029']
malted cow milk	['e4030']
chow mein noodle (canned)	['e4031']
noodle (enriched, dry)	['e4032']
brazilnut (raw)	['e4033']
pili nut (raw)	['e4034']
pistachio nut (raw)	['e4035']
olive oil	['e4036']
okra (raw)	['e4037']
orange juice concentrate (frozen, unsweetened)	['e4038']
papaya (raw)	['e4039']
pineapple (raw)	['e4040']
potato chip	['e4041']
oyster (canned)	['e4042']
oyster (frozen)	['e4043']
shrimp (raw, breaded, frozen)	['e4044']
shrimp (raw)	['e4045']
tofu (cooked)	['e4046']
anise seed (dried)	['e4047']
curry powder	['e4048']
garlic powder	['e4049']
onion powder	['e4050']
sorghum syrup	['e4051']
turnip greens bunch	['e4052']
boysenberry (unsweetened, canned)	['e4053']
boysenberry (unsweetened, frozen)	['e4054']
loganberry (frozen)	['e4055']
pineapple in light syrup (canned)	['e4056']
celery seed (dried)	['e4057']
saffron (ground)	['e4058']
chestnut (dried)	['e4059']
quail egg (shell on, raw)	['e4060']
kidney (chopped)	['e4061']
ground beef (canned)	['e4062']
fruit salad (canned)	['e4063']
potato (canned)	['e4064']
beef (ground, raw)	['e4065']
cream cheese	['e4066']
anchovy fillet (raw)	['e4067']
lemon tea (dry)	['e4068']
mint tea (dry)	['e4069']
chamomile tea (steeped)	['e4070']
gingerbread	['e4071']
aloe juice	['e4072']
anchovy (raw)	['e4073']
apple (canned)	['e4074']
apple juice drink	['e4075']
apple (baked)	['e4076']
cod liver (raw)	['e4077']
poppyseed	['e4078']
pastry (sweetened)	['e4079']
pie (sweetened)	['e4080']
dough (ready-to-bake, commercially prepared)	['e4081']
doughnut	['e4082']
cereal grain	['e4083']
white wheat flour (enriched, not heat treated)	['e4084']
poultry (previously frozen, cooked)	['e4085']
castor bean oil	['e4086']
navy bean (raw)	['e4087']
apple (dried)	['e4088']
apple pomace	['e4089']
apple (frozen)	['e4090']
marzipan candy	['e4091']
bacon (raw)	['e4092']
apple (caramel-coated)	['e4093']
apple juice drink (frozen concentrate)	['e4094']
potato (french-fried)	['e4095']
bacon (canned)	['e4096']
banana (dried)	['e4097']
cavendish banana pulp	['e4098']
barley malt flour	['e4099']
white wheat flour (unbleached, enriched)	['e4100']
hen egg liquid (pasteurized)	['e4101']
barley miso	['e4102']
brown rice miso	['e4103']
crabmeat (canned)	['e4104']
animal-derived food	['e4105']
fruit ((whole or pieces), raw)	['e4106']
vegetable (raw)	['e4107']
frankfurter	['e4108']
chicken crackling	['e4109']
cherry (processed)	['e4110']
cheese spread	['e4111']
candied citrus peel	['e4112']
beef dog food (canned)	['e4113']
beet powder	['e4114']
beet (sliced, canned)	['e4115']
harvard beet	['e4116']
chili powder	['e4117']
chili pepper (raw)	['e4118']
beet juice	['e4119']
sugar beet fiber	['e4120']
sugar beet (raw)	['e4121']
cow milk (bleached)	['e4122']
black raspberry (frozen)	['e4123']
black raspberry (canned)	['e4124']
blueberry (raw)	['e4125']
huckleberry (raw)	['e4126']
blackberry jelly	['e4127']
blackberry preserve	['e4128']
loganberry (raw)	['e4129']
boysenberry (raw)	['e4130']
lard	['e4131']
lima bean	['e4132']
lima bean (canned)	['e4133']
vanilla bean (raw)	['e4134']
great northern bean (canned)	['e4135']
red kidney bean (dried)	['e4136']
rice bean (dried)	['e4137']
baby lima bean	['e4138']
lima bean (dried)	['e4139']
green bean (cut, raw)	['e4140']
cranberry bean	['e4141']
blackeyed pea (raw)	['e4142']
fordhook lima bean	['e4143']
marrow bean (dried)	['e4144']
green kidney bean	['e4145']
beeswax	['e4146']
mullet roe (salted, air-dried)	['e4147']
blackeyed pea (canned)	['e4148']
lupine bean (raw)	['e4149']
jojoba bean oil	['e4150']
beef (dehydrated)	['e4151']
vegetable (dehydrated)	['e4152']
beef extract	['e4153']
beef fat	['e4154']
beef turnover	['e4155']
beef casing	['e4156']
ground beef patty (cooked)	['e4157']
ground beef patty (soy-extended, cooked)	['e4158']
beef jerky	['e4159']
cereal beverage	['e4160']
beer (draft)	['e4161']
beer (freeze-concentrated)	['e4162']
beer (concentrated)	['e4163']
beer (made from concentrate)	['e4164']
ale	['e4165']
apple soda	['e4166']
beer (light)	['e4167']
vegetable bouillon (naturally smoke-flavored)	['e4168']
cow milk (liquid)	['e4169']
berry (frozen)	['e4170']
blueberry (frozen)	['e4171']
blackberry pie	['e4172']
roselle (dried, ground)	['e4173']
areca nut (raw)	['e4174']
betel nut powder	['e4175']
soybean flour	['e4176']
piece of pheasant (raw)	['e4177']
bouillabaisse	['e4178']
kava beverage (artificially sweetened)	['e4179']
imitation strawberry carbonated beverage	['e4180']
lemon beverage base (instant, powdered)	['e4181']
imitation cherry cola	['e4182']
imitation lemon juice base	['e4183']
orange-flavored beverage syrup	['e4184']
carob powder	['e4185']
beef bone marrow extract for flavoring	['e4186']
grape jam	['e4187']
trout (raw)	['e4188']
ham (smoked)	['e4189']
meat (charcoal-broiled)	['e4190']
orange drink (artificially sweetened)	['e4191']
balut	['e4192']
fruit juice drink	['e4193']
vegetable (canned)	['e4194']
common whitefish (smoked)	['e4195']
pepper (home-canned)	['e4196']
fruit (canned)	['e4197']
potato (baked)	['e4198']
potato (peeled, boiled)	['e4199']
orange drink base (artificially colored)	['e4200']
honey cake (sliced, reduced-salt)	['e4201']
bird seed	['e4202']
kola nut pod (raw)	['e4203']
apricot pulp	['e4204']
coffee bean (roasted, medium ground, freeze-dried)	['e4205']
carrot pieces (peeled, home-canned)	['e4206']
carrot juice	['e4207']
carrot (frozen, sliced)	['e4208']
carrot (canned, sliced, seasoned with butter)	['e4209']
carrot (strained, baby food)	['e4210']
betel leaf	['e4211']
orangeade	['e4212']
orange drink (artificially colored)	['e4213']
imitation grape-flavored beverage base	['e4214']
lime drink mix	['e4215']
lemonade (frozen concentrate)	['e4216']
animal-derived flavor	['e4217']
tropical mix beverage base	['e4218']
fruit juice (diluted)	['e4219']
orange juice drink	['e4220']
pineapple and grapefruit juice drink (diluted)	['e4221']
fruit punch-flavored beverage syrup	['e4222']
imitation flavored fountain syrup base	['e4223']
lime sherbet base	['e4224']
orange sherbet base	['e4225']
grape drink beverage base	['e4226']
beverage syrup concentrate	['e4227']
gatorade soft drink	['e4228']
black currant drink (vitamin c added)	['e4229']
chocolate-flavored carbonated beverage	['e4230']
sheep intestine casing	['e4231']
intestine casings (edible)	['e4232']
cassava (raw)	['e4233']
fish paste made from salmon and other fish	['e4234']
sardine fillet	['e4235']
anchovy in olive oil	['e4236']
honey bun	['e4237']
butter pecan roll	['e4238']
cinnamon roll	['e4239']
yellow cake (made with butter)	['e4240']
buttermilk doughnut	['e4241']
honey and egg bun	['e4242']
shrimp ball (dish, frozen)	['e4243']
fish ball (frozen)	['e4244']
cinnamon raisin bun	['e4245']
pineapple tidbits (canned)	['e4246']
cream (pasteurized)	['e4247']
potato (peeled, boiled, mashed)	['e4248']
white wheat flour	['e4249']
whole wheat flour	['e4250']
hen egg (shell off, solids, dried, finely ground)	['e4251']
potato cracker	['e4252']
scallop (raw)	['e4253']
potato flour	['e4254']
lime juice beverage base	['e4255']
lemon beverage	['e4256']
citrus beverage	['e4257']
fruit juice drink (vitamin-fortified, noncarbonated)	['e4258']
soybean beverage	['e4259']
soybean soda (vitamin-fortified, carbonated)	['e4260']
orangeade drink mix (powdered)	['e4261']
lemon drink (artificially flavored)	['e4262']
kava beer	['e4263']
kava tea (steeped)	['e4264']
kava root (raw)	['e4265']
lemon-flavored beverage base (naturally and artificially sweetened)	['e4266']
ginseng beverage	['e4267']
apple drink (artificially flavored, vitamin-fortified, frozen concentrate)	['e4268']
grape juice drink	['e4269']
citrus and guarana beverage (artiticially colored)	['e4270']
lemon butter	['e4271']
nut butter	['e4272']
nut spread	['e4273']
fruit spread	['e4274']
butterfat (hydrogenated)	['e4275']
butter (artificially colored)	['e4276']
butter (renovated)	['e4277']
gluten flour	['e4278']
cheddar cheese	['e4279']
whole wheat kernel (raw)	['e4280']
rye flour	['e4281']
corn flour	['e4282']
plastic cream	['e4283']
butter (whipped)	['e4284']
peach butter	['e4285']
vegetable butter	['e4286']
butter oil	['e4287']
orange marmalade	['e4288']
sour cream	['e4289']
bakery product (containing butter)	['e4290']
butter (seasoned)	['e4291']
butter with garlic	['e4292']
butter (vanilla-flavored)	['e4293']
butter-flavored cake	['e4294']
white wheat flour (hydrolyzed)	['e4295']
cow buttermilk (cultured, artificially colored)	['e4296']
butter granule or flake (artificially colored)	['e4297']
buttermilk-flavored doughnut	['e4298']
cake mix (dry)	['e4299']
butter (sweet)	['e4300']
butter (individually wrapped in paper carton)	['e4301']
butter (artificially flavored)	['e4302']
potato (dehydrated)	['e4303']
imitation peach butter	['e4304']
peach fruit spread	['e4305']
cow buttermilk (instant)	['e4306']
salmon (smoked, canned)	['e4307']
soy beverage (artificially flavored)	['e4308']
chili pepper (dried)	['e4309']
kava beverage	['e4310']
hominy (golden, canned)	['e4311']
hominy (golden, with green and red pepper, canned)	['e4312']
hominy (white, canned)	['e4313']
cow milk (unpasteurized)	['e4314']
ice cream bar	['e4315']
pimiento cheese spread	['e4316']
soda cracker	['e4317']
frozen dairy dessert (artificially sweetened)	['e4318']
pectin (artificially grape-flavored)	['e4319']
grapefruit juice (pink, artificially colored)	['e4320']
caper in vinegar	['e4321']
canola oil	['e4322']
butter pecan coffee cake	['e4323']
cow buttermilk (cultured, dried)	['e4324']
mushroom in buttered sauce	['e4325']
butter and orange conserve	['e4326']
mushroom (sliced, with butter)	['e4327']
banana cake	['e4328']
vegetable shortening	['e4329']
vegetable oil (artificially butter-flavor)	['e4330']
cream (cultured)	['e4331']
butter (dehydrated)	['e4332']
butter (hydrogenated)	['e4333']
butter and sugar mix	['e4334']
farina	['e4335']
butter mix product	['e4336']
cow buttermilk (churn)	['e4337']
bakery product (containing buttermilk)	['e4338']
butter mix product (dehydrated)	['e4339']
yeast food product (dry, active)	['e4340']
butternut (raw)	['e4341']
butterfat (anhydrous)	['e4342']
butterfat (lipolyzed, deodorized)	['e4343']
cream (sweetened, frozen)	['e4344']
vegetable shortening (artificially-colored)	['e4345']
butter (salted)	['e4346']
illipe butter	['e4347']
cow buttermilk (bulgarian)	['e4348']
whole wheat cracker	['e4349']
sheanut oil	['e4350']
cooking oil	['e4351']
coffee (decaffeinated, instant)	['e4352']
coffee bean (roasted, medium ground)	['e4353']
corn kernel (canned)	['e4354']
tomato paste (canned)	['e4355']
tomato (peeled, canned)	['e4356']
fruit and grain beverage (boiled, caffeine-free)	['e4357']
milk (fermented)	['e4358']
pasteurized process cheese (artificially colored, spray-dried)	['e4359']
cambridge diet beverage mix (dry)	['e4360']
cream of wheat (artificially caramel malt-flavored, dry, instant)	['e4361']
ice cream (artificially flavored)	['e4362']
spice oil	['e4363']
spice extract	['e4364']
triticale bread	['e4365']
vegetable oil or fat for animal feed	['e4366']
lemon juice concentrate	['e4367']
hen egg (shell on, hard boiled, colored)	['e4368']
chili seed oil	['e4369']
chicory head (raw)	['e4370']
corn kernel (frozen)	['e4371']
cauliflower floret (raw)	['e4372']
corn (ammoniated)	['e4373']
beef liver (raw)	['e4374']
pork meat (raw)	['e4375']
peanut hay	['e4376']
chinchilla meat (raw)	['e4377']
pork chitterlings	['e4378']
cucumber (canned)	['e4379']
rice (curried)	['e4380']
grape juice (carbonated)	['e4381']
pudding (custard-flavored)	['e4382']
green bean (freeze-dried)	['e4383']
squash (freeze-dried)	['e4384']
beet (freeze-dried)	['e4385']
soybean meal	['e4386']
fish (canned)	['e4387']
soybean oil	['e4388']
soft drink base (dry)	['e4389']
ice milk	['e4390']
safflower oil	['e4391']
cranberry catsup	['e4392']
grated cheese	['e4393']
cantaloupe (raw)	['e4394']
chocolate-flavored skim milk	['e4395']
chocolate-flavored drink	['e4396']
coconut milk drink (chocolate-flavored)	['e4397']
sweet milk cocoa	['e4398']
milk chocolate (sweet)	['e4399']
chocolate-flavored powder	['e4400']
diabetic chocolate	['e4401']
chocolate-flavored dairy powder (artificially sweetened)	['e4402']
sauerkraut juice	['e4403']
puffed rice cereal	['e4404']
puffed wheat cereal	['e4405']
pecan cake	['e4406']
cherry fruit filling (artificially sweetened)	['e4407']
mung bean sprout (canned)	['e4408']
sherbet	['e4409']
whiskey sour cake	['e4410']
coffee royal cake	['e4411']
daquiri cake	['e4412']
peach (reduced-calorie, canned)	['e4413']
butter cream pecan cake	['e4414']
butter pecan cake	['e4415']
eggnog pecan cake	['e4416']
rye cracker	['e4417']
cod roe	['e4418']
cod roe spread (smoked)	['e4419']
peanut (skin off, salted, partially defatted)	['e4420']
crab roe (raw)	['e4421']
cheddar cheese-flavored spread	['e4422']
oatmeal (instant, dry)	['e4423']
dietetic cake	['e4424']
whipped cream	['e4425']
coffee cake	['e4426']
fruit cocktail (canned)	['e4427']
corn flakes (with instant bananas)	['e4428']
corn flakes (with instant peaches)	['e4429']
corn flakes	['e4430']
breakfast cereal (presweetened)	['e4431']
bran cereal	['e4432']
romano cheese (block)	['e4433']
ricotta cheese	['e4434']
runesten cheese	['e4435']
skim milk cheese	['e4436']
provolone cheese	['e4437']
chocolate-flavored beverage mix (dry, instant)	['e4438']
monterey jack cheese (pasteurized)	['e4439']
celery heart (raw)	['e4440']
smoked meat (vacuum-packed)	['e4441']
fish patty	['e4442']
fish chowder	['e4443']
cornmeal (enriched)	['e4444']
sweet green pepper (canned)	['e4445']
fruit sherbet (liquid)	['e4446']
cabbage juice	['e4447']
chili bean made from soy protein	['e4448']
custard	['e4449']
rennet custard	['e4450']
cherry (pitted, canned)	['e4451']
maraschino cherry (artificially colored and flavored)	['e4452']
maraschino cherry in sugar syrup	['e4453']
cherry in rum-flavored syrup	['e4454']
cherry (red tart, pitted)	['e4455']
cherry (mint-flavored)	['e4456']
candied cherry	['e4457']
cod (flaked)	['e4458']
hake (flaked)	['e4459']
shrimp egg roll	['e4460']
chestnut (mashed)	['e4461']
champagne biscuit	['e4462']
haddock (flaked)	['e4463']
chestnut puree	['e4464']
water chestnut (raw)	['e4465']
edam cheese	['e4466']
cheese powder (concentrated)	['e4467']
cottage cheese (creamed)	['e4468']
grated cheese (lowfat)	['e4469']
hard grating cheese (block)	['e4470']
quince (raw)	['e4471']
grated american cheese product	['e4472']
parmesan cheese (grated)	['e4473']
caerphilly cheese	['e4474']
pecalloni cheese	['e4475']
fish byproduct for animal feed	['e4476']
cream cheese (french-type)	['e4477']
paddlefish roe (raw)	['e4478']
cheese dip	['e4479']
longhorn cheddar cheese (semisoft, part-skim)	['e4480']
endive leaf (raw)	['e4481']
cold-pack cheese spread	['e4482']
cold-pack cheese food	['e4483']
pasteurized process swiss cheese	['e4484']
farmer cheese	['e4485']
pasteurized process cheddar cheese	['e4486']
camembert cheese	['e4487']
cheese (wax-coated)	['e4488']
gelatin from fish	['e4489']
chicken bone (cooked)	['e4490']
chicken pot pie (frozen)	['e4491']
chicken (canned)	['e4492']
piece of chicken skin (raw)	['e4493']
chicken breast (raw)	['e4494']
turkey pot pie (frozen)	['e4495']
piece of turkey skin (raw)	['e4496']
piece(s) of chicken meat (shredded, cooked)	['e4497']
chicken stick	['e4498']
chicken spread	['e4499']
ham stick	['e4500']
cornish chicken (broad-breasted, raw)	['e4501']
chicken heart (raw)	['e4502']
chicken wing (raw)	['e4503']
chicken (barbequed, frozen)	['e4504']
cream of potato soup (onion- and chicken-flavored)	['e4505']
chicken back (raw)	['e4506']
chicken loaf lunch meat	['e4507']
chicken head (frozen, ground for feed)	['e4508']
coating mix (seasoned)	['e4509']
sausage made from meat and poultry (raw)	['e4510']
canadian whitefish (raw)	['e4511']
split peas (cooked, dried)	['e4512']
pasteurized process cheese spread	['e4513']
alfalfa juice	['e4514']
cherry cider	['e4515']
apple cider (cherry-flavored)	['e4516']
apple cider (reconstituted)	['e4517']
cider (sparkling)	['e4518']
apple cider (fermented)	['e4519']
cherry cider (carbonated)	['e4520']
fruit cider	['e4521']
citrus peel	['e4522']
citrus pulp	['e4523']
lime juice (frozen)	['e4524']
citrus fiber flour	['e4525']
clementine (raw)	['e4526']
tangerine (raw)	['e4527']
coconut milk	['e4528']
coconut (raw)	['e4529']
coconut (sweetened, dried)	['e4530']
coconut cream	['e4531']
coconut milk (frozen)	['e4532']
coffee with chicory (roasted, ground)	['e4533']
coffee (roasted, ground, spent)	['e4534']
cappuccino	['e4535']
chipped beef	['e4536']
coffee bean meal (extracted)	['e4537']
coffee oil	['e4538']
coffee with anise oil added (dry, instant)	['e4539']
espresso coffee bean (roasted, medium ground)	['e4540']
imitation instant coffee	['e4541']
imitation coffee substitute	['e4542']
walnut shell	['e4543']
coffee (instant, freeze-dried)	['e4544']
wheat germ (defatted, roasted)	['e4545']
turkish coffee	['e4546']
coffee (decaffeinated, freeze-dried, instant)	['e4547']
coffee bean (unroasted)	['e4548']
orange peel (raw)	['e4549']
cherry glace	['e4550']
cellulose sausage casing (edible)	['e4551']
fruit (sugared)	['e4552']
maraschino cherry (green)	['e4553']
pineapple (immature, raw)	['e4554']
fish (artificially colored, smoked)	['e4555']
eggnog mix	['e4556']
fig bar cookie	['e4557']
nut	['e4558']
cocoa (dutch-processed)	['e4559']
carob bean (raw)	['e4560']
cocoa mass (fat-free)	['e4561']
pear preserves	['e4562']
crab (whole or pieces, shell on, raw)	['e4563']
blackberry juice	['e4564']
cornmeal (water ground)	['e4565']
corn grits (enriched)	['e4566']
corn grits (degerminated, enriched)	['e4567']
cream-style corn (canned)	['e4568']
cornmeal mix	['e4569']
cornmeal (stone ground)	['e4570']
corn flour (stone ground)	['e4571']
yellow cornmeal (stone ground)	['e4572']
corn cob flour	['e4573']
cornmeal (instant)	['e4574']
cream-style sweet corn (canned)	['e4575']
white sweet corn kernel (raw)	['e4576']
yellow sweet corn kernel (raw)	['e4577']
couscous (dried)	['e4578']
durum wheat (ground)	['e4579']
cracker sandwich (cheese-filled)	['e4580']
cracker sandwich (peanut butter filled)	['e4581']
saltine cracker	['e4582']
ginger cracker	['e4583']
oat cracker	['e4584']
cracker sandwich (peanut butter and imitation jelly filled)	['e4585']
cracker sandwich (peanut butter and jelly filled)	['e4586']
cracker (unsalted)	['e4587']
cranberry sauce (jellied)	['e4588']
fish solubles (dried)	['e4589']
chocolate custard	['e4590']
custard pastry filling	['e4591']
purple cauliflower (raw)	['e4592']
clam chowder	['e4593']
chow mein noodle	['e4594']
cinnamon (washed, ground)	['e4595']
saltine cracker (rye, thin)	['e4596']
chestnut (pieces, canned, in vanilla-flavored syrup)	['e4597']
apricot chutney	['e4598']
orange and lemon marmalade	['e4599']
cayenne pepper (ground)	['e4600']
chestnut (ground)	['e4601']
caper (canned)	['e4602']
celery (diced)	['e4603']
egg roll	['e4604']
cauliflower soup mix	['e4605']
spice food product	['e4606']
cashew butter	['e4607']
catfish (raw)	['e4608']
fruit juice (sparkling)	['e4609']
french endive (raw)	['e4610']
chufa (raw)	['e4611']
fruit conserve	['e4612']
potato mix	['e4613']
zante currant	['e4614']
currant food product	['e4615']
fuzzy kiwifruit (raw)	['e4616']
coarse semolina (durum wheat)	['e4617']
fruit juice (frozen)	['e4618']
ice cream cone	['e4619']
grape juice (frozen)	['e4620']
bean (canned)	['e4621']
roast beef (oven-cooked)	['e4622']
beef brisket (pit barbeque cooked)	['e4623']
norwegian-style maine sardine (canned)	['e4624']
sardine (smoked)	['e4625']
jalapeno pepper (canned)	['e4626']
nova scotia salmon (raw)	['e4627']
canadian lobster (raw)	['e4628']
maine lobster (raw)	['e4629']
codfish cake	['e4630']
rock lobster tail meat (raw)	['e4631']
gorgonzola cheese	['e4632']
cheese (natural)	['e4633']
longhorn cheddar cheese	['e4634']
lactic cheese	['e4635']
brie cheese	['e4636']
cream cheese (whipped)	['e4637']
liptauer cheese	['e4638']
cheese (canned)	['e4639']
gouda cheese	['e4640']
cheese (blended)	['e4641']
pasteurized process cheese (alcohol added)	['e4642']
pasteurized process cheese food	['e4643']
cheese fondue	['e4644']
red kidney bean (canned)	['e4645']
brown bean (cooked)	['e4646']
sour cream (cheddar cheese-flavored)	['e4647']
dagano cheese	['e4648']
cottage cheese (creamed, fruit added)	['e4649']
cottage cheese (creamed, vegetable added)	['e4650']
cottage cheese (artificially flavored)	['e4651']
cold-pack cheese food with pistachio nuts	['e4652']
cheese spread with meat flavoring	['e4653']
tybo cheese	['e4654']
esrom cheese	['e4655']
havarti cheese	['e4656']
cottage cheese with fruit added	['e4657']
cheese made from reconstituted milk	['e4658']
port salut cheese	['e4659']
tilsiter cheese	['e4660']
cheddar cheese (salt-free)	['e4661']
swiss cheese from switzerland	['e4662']
fynbo cheese	['e4663']
pasteurized process cheese food with fruit or vegetable	['e4664']
pasteurized process cheese spread with fruit or vegetable	['e4665']
grated cheese (italian-style)	['e4666']
cottage cheese (creamed, artificially flavored)	['e4667']
cottage cheese (pasteurized)	['e4668']
anfrom cheese	['e4669']
petite suisse cheese	['e4670']
bean (artificially ham-flavored, dried)	['e4671']
green bean (french-style)	['e4672']
pinto refried beans (instant)	['e4673']
navy bean flour	['e4674']
pineapple juice (concentrated)	['e4675']
citrus pulpwash solids	['e4676']
cheese whey (from cow milk)	['e4677']
blueberry (canned)	['e4678']
boysenberry (in light syrup, canned)	['e4679']
pyracantha berry jelly	['e4680']
meatball (raw)	['e4681']
meatball (cooked)	['e4682']
lime juice cordial	['e4683']
orange squash beverage	['e4684']
lemon squash beverage	['e4685']
cottage cheese (vegetable added)	['e4686']
pasteurized process pimiento cheese spread	['e4687']
manteca cheese	['e4688']
cheese solids product (enzyme-modified)	['e4689']
cottage cheese (partially creamed)	['e4690']
trappist cheese	['e4691']
mozzarella cheese	['e4692']
mozzarella cheese (low-moisture, part-skim)	['e4693']
gouda cheese (baby)	['e4694']
fynbo cheese (mini)	['e4695']
dog biscuit	['e4696']
parmesan cheese (uncured)	['e4697']
chocolate-flavored dairy drink (artificially sweetened)	['e4698']
dark chocolate	['e4699']
chocolate cream pie mix	['e4700']
chocolate (artificially sweetened)	['e4701']
bittersweet chocolate (nutritively and nonnutritively sweetened)	['e4702']
hot chocolate mix (instant)	['e4703']
bitter chocolate	['e4704']
chocolate chip (semisweet)	['e4705']
milk chocolate (artificially sweetened)	['e4706']
vegetable seasoning (dehydrated)	['e4707']
vegetable juice cocktail	['e4708']
fruit juice cocktail	['e4709']
prune juice	['e4710']
cottage cheese (uncreamed)	['e4711']
cheese (alcohol added)	['e4712']
cheddar cheese (wine-cured)	['e4713']
pasteurized process cheese (hickory-smoked)	['e4714']
goat milk cheese	['e4715']
samsoe cheese (baby)	['e4716']
brazilian cheese	['e4717']
swiss cheese	['e4718']
hollaender cheese	['e4719']
cheese (green-colored)	['e4720']
spiced cheese	['e4721']
limburger cheese	['e4722']
gloucester cheese	['e4723']
derby cheese	['e4724']
leicester cheese	['e4725']
lancashire cheese	['e4726']
wensleydale cheese	['e4727']
ilchester cheese (beer-flavored)	['e4728']
pasteurized process cheese spread flavored with grape pits	['e4729']
parmesan cheese (block)	['e4730']
st. paulin cheese	['e4731']
pasteurized process gruyere cheese	['e4732']
creole cheese (creamed)	['e4733']
cottage cheese with cream dressing	['e4734']
muenster cheese	['e4735']
pasteurized process cheese spread with imitation meat	['e4736']
gruyere cheese	['e4737']
cottage cheese (dry curd, creamed)	['e4738']
provolone cheese (smoked)	['e4739']
milwaukee cheese	['e4740']
spare cheese	['e4741']
baker's cheese	['e4742']
cheese (2% milk)	['e4743']
graddost cheese (semisoft, ripened)	['e4744']
liver paste (canned)	['e4745']
salame cheese	['e4746']
pasteurized process colby cheese	['e4747']
cold-pack cheese (alcohol added)	['e4748']
black olive (canned)	['e4749']
banana passionfruit pulp	['e4750']
banana passionfruit juice	['e4751']
acidified cow milk dairy product	['e4752']
cottage cheese (lowfat)	['e4753']
chocolate cream candy (dietetic)	['e4754']
almond bark (artificially sweetened)	['e4755']
sunflower seed bark (artificially sweetened)	['e4756']
chocolate (vitamin-fortified)	['e4757']
apple (candied)	['e4758']
citrus and guarana beverage concentrate (artificially colored)	['e4759']
raisin butter	['e4760']
butterfat (lipolyzed)	['e4761']
butter oil (lipolyzed)	['e4762']
anhydrous milk fat	['e4763']
butter oil (hydrogenated)	['e4764']
cow butterfat food product	['e4765']
fruit jelly (low calorie)	['e4766']
pear (in fruit juice, canned)	['e4767']
vegetable oil cooking spray in pressurized container	['e4768']
corn oil spread (reduced calorie)	['e4769']
milk beverage (fermented)	['e4770']
gruenland cheese	['e4771']
bel paese cheese	['e4772']
colby cheese	['e4773']
cottage cheese (creamed with nonfat cream dressing)	['e4774']
colby cheese (smoke-flavored)	['e4775']
kuminost cheese	['e4776']
cheese (smoked)	['e4777']
leyden spiced cheese	['e4778']
spiced cheese (frisian clove)	['e4779']
dietetic cheese	['e4780']
blue cheese (dehydrated)	['e4781']
bone meal wafer	['e4782']
swiss cheese (unsalted)	['e4783']
cheese (dehydrated)	['e4784']
stilton cheese	['e4785']
cheese turnover	['e4786']
jarlsburg cheese	['e4787']
lorraine cheese	['e4788']
romano cheese (enzyme-modified)	['e4789']
mozzarella cheese (part-skim)	['e4790']
caraway cheese	['e4791']
cranberry sauce (canned)	['e4792']
italian pork sausage (raw)	['e4793']
shrimp (headless, in shell, frozen)	['e4794']
soft drink concentrate	['e4795']
shrimp gel (freeze-dried, for fish food)	['e4796']
hen egg (semiliquid, pasteurized, frozen)	['e4797']
vegetable soup (canned)	['e4798']
potato stick (canned)	['e4799']
cheese (lowfat)	['e4800']
cow buttermilk (acidified)	['e4801']
cow milk (acidified)	['e4802']
mammalian milk (cultured)	['e4803']
cultured dairy product	['e4804']
pineapple marmalade	['e4805']
strawberry marmalade	['e4806']
chestnut (glazed)	['e4807']
human milk (raw)	['e4808']
chinese mint oil	['e4809']
peppermint	['e4810']
spearmint	['e4811']
green bean (french-style, frozen)	['e4812']
potato chip (shoestring)	['e4813']
matzoth	['e4814']
shredded wheat breakfast cereal	['e4815']
butternut squash (frozen)	['e4816']
peanut (milk chocolate-coated)	['e4817']
papaya preserves	['e4818']
coconut preserve	['e4819']
mango (pulp)	['e4820']
pinto refried beans	['e4821']
tuna casserole	['e4822']
french onion-flavored dip	['e4823']
garlic-flavored dip	['e4824']
blue cheese-flavored dip	['e4825']
truffle sauce	['e4826']
fruit sauce	['e4827']
pickle (sweetened with artificial fruit sauce)	['e4828']
white bread flour	['e4829']
white pepper (ground)	['e4830']
cumberland rum butter	['e4831']
grouse in port wine jelly	['e4832']
doughnut mix	['e4833']
cocoa-flavored powder	['e4834']
gefilte fish (canned)	['e4835']
lobster soup	['e4836']
onion-flavored broth (instant)	['e4837']
chicken-flavored broth (instant)	['e4838']
cream of tomato soup	['e4839']
minestrone soup with meat	['e4840']
beef tripe (raw)	['e4841']
chocolate chip	['e4842']
pineapple and orange juice (frozen concentrate)	['e4843']
pineapple and orange juice	['e4844']
sourdough starter	['e4845']
grapefruit section in syrup (frozen)	['e4846']
shrimp scampi (instant)	['e4847']
chicken (uncooked, frozen)	['e4848']
onion (grilled)	['e4849']
sardine in mustard sauce (canned)	['e4850']
golden sweet corn kernel (canned)	['e4851']
cocoa mix (instant)	['e4852']
sweet potato halves (orange- and pineapple-flavored, in honeybutter sauce)	['e4853']
sesame oil	['e4854']
sesame seed paste	['e4855']
pacific salmon (raw)	['e4856']
poultry shortening	['e4857']
mocha mix	['e4858']
griddle cake	['e4859']
beef drippings	['e4860']
animal shortening	['e4861']
sardine (smoked, canned)	['e4862']
sardine (smoke-flavored, canned)	['e4863']
sea herring (boneless, hard-smoked)	['e4864']
salmon (hard smoked)	['e4865']
clam (smoked)	['e4866']
onion stock cube	['e4867']
mushroom stock cube	['e4868']
green pea with ham soup (condensed, frozen)	['e4869']
minestrone soup with poultry	['e4870']
oyster stew (condensed)	['e4871']
oyster soup	['e4872']
cream of chicken soup (condensed)	['e4873']
chicken egg drop soup	['e4874']
green turtle soup	['e4875']
cream of lobster soup	['e4876']
grape punch	['e4877']
deviled crab (dish)	['e4878']
infant formula (milk-based, liquid, canned)	['e4879']
banana flake	['e4880']
infant food (meat)	['e4881']
infant cereal with fruit	['e4882']
chicken (barbequed)	['e4883']
shrimp curry (dish)	['e4884']
crab newburg (dish)	['e4885']
halibut a la king	['e4886']
halibut in cheese sauce	['e4887']
coconut haystacks candy	['e4888']
coconut peanut butter log	['e4889']
oyster (breaded)	['e4890']
ham soup stix	['e4891']
split green pea soup with pork	['e4892']
scottish hare soup	['e4893']
scottish lobster soup	['e4894']
chicken vermicelli seasoning mix (dry)	['e4895']
mushroom soup mix	['e4896']
pea and ham soup mix	['e4897']
lobster bisque	['e4898']
turtle soup	['e4899']
mussel soup	['e4900']
scampi soup	['e4901']
cream vichysoise	['e4902']
butter and egg noodle (new england-style)	['e4903']
apple wine (sparkling)	['e4904']
sparkling grape juice	['e4905']
applesauce (instant)	['e4906']
red pepper (crushed)	['e4907']
sweet pepper (flakes)	['e4908']
spice mixture (whole or pieces)	['e4909']
spanish thyme leaf (dried)	['e4910']
chocolate (for cooking)	['e4911']
seed sprout	['e4912']
lowfat cow milk (fortified, nonfat milk solids added)	['e4913']
apple-flavored beverage syrup	['e4914']
apple beverage syrup (vermont red apple variety)	['e4915']
apple beverage syrup	['e4916']
papaya-flavored beverage syrup	['e4917']
papaya beverage syrup	['e4918']
pineapple beverage syrup	['e4919']
orange beverage syrup	['e4920']
guava beverage syrup	['e4921']
cheese (processed)	['e4922']
alaskan sea lion (raw)	['e4923']
piece of pigeon (raw)	['e4924']
lobster tail (shell off, raw)	['e4925']
marlin (cured, smoked)	['e4926']
eel (cured, smoked)	['e4927']
scallop (cured, smoked)	['e4928']
catfish (smoked with sodium nitrate and sodium nitrite)	['e4929']
peperoncino food product	['e4930']
strawberry (frozen)	['e4931']
strawberry (canned)	['e4932']
strawberry (freeze-dried)	['e4933']
strawberry (sliced)	['e4934']
mango nectar	['e4935']
apple and apricot (dried)	['e4936']
cow sour milk (powdered)	['e4937']
cow milk (reconstituted)	['e4938']
milk solids from milk byproducts	['e4939']
milk shake mix (dry)	['e4940']
cow milk (low sodium)	['e4941']
cow milk (modified)	['e4942']
cow milk (low sodium, dried)	['e4943']
sweetened condensed milk	['e4944']
skim milk (sweetened, condensed)	['e4945']
honey (jellied, diluted)	['e4946']
malted milk shake	['e4947']
cow milk (frozen)	['e4948']
whole cow milk (reconstituted)	['e4949']
cow buttermilk and butter oil (reconstituted)	['e4950']
skim milk (pasteurized, fortified)	['e4951']
cow milk (sterilized)	['e4952']
nonfat dry milk (calcium-reduced)	['e4953']
condensed cow skim milk	['e4954']
half and half cow milk (sterilized)	['e4955']
salmon (no salt or oil added)	['e4956']
clingstone peach (artificially sweetened)	['e4957']
flan (artificially sweetened)	['e4958']
cracker (artificially sweetened)	['e4959']
cheese thin cracker (dietetic)	['e4960']
jelly (artificially sweetened)	['e4961']
chocolate creme pudding	['e4962']
vanilla creme pudding	['e4963']
beef (steak, freeze-dried)	['e4964']
rye cracker (artificially cheddar cheese-flavored)	['e4965']
soy malt high protein powder	['e4966']
grape juice (artificially sweetened)	['e4967']
lime juice (sweetened, reconstituted)	['e4968']
black raspberry essence	['e4969']
cow milk (sterilized, yogurt-flavored)	['e4970']
cream (sterilized, sour cream flavored)	['e4971']
lowfat cow milk (fortified)	['e4972']
white rice (beef-flavored)	['e4973']
mushroom (marinated, canned)	['e4974']
spanish olive (stuffed with minced pimiento)	['e4975']
whole wheat flour (bromated)	['e4976']
durum flour	['e4977']
protein flour (blended)	['e4978']
white wheat flour (treated with nitric acid)	['e4979']
white wheat flour (bromated)	['e4980']
wheat feed flour	['e4981']
fish flour	['e4982']
white wheat flour (instantized)	['e4983']
wheat flour (agglomerated)	['e4984']
platano flour	['e4985']
flour middlings	['e4986']
granulated flour	['e4987']
pumpernickel flour	['e4988']
cake flour (high ratio)	['e4989']
semisoft cheese	['e4990']
sorghum flour	['e4991']
edible seed food product	['e4992']
meat (frozen)	['e4993']
fruit cocktail (artificially sweetened, canned)	['e4994']
date (raw)	['e4995']
goat milk (evaporated)	['e4996']
strawberry fines (artificially sweetened)	['e4997']
lemon-flavored beverage syrup	['e4998']
mint-flavored beverage syrup	['e4999']
snail (raw)	['e5000']
rabbit liver (raw)	['e5001']
imitation orangeade beverage syrup	['e5002']
rabbit (skinned, dressed, frozen)	['e5003']
piece of rabbit meat (wild, raw)	['e5004']
slippery elm cereal	['e5005']
rabbit meat (frozen)	['e5006']
special k cereal	['e5007']
scampi (peeled, quick-frozen)	['e5008']
chocolate malted milk	['e5009']
rice (coated, fortified)	['e5010']
white wheat flour (all purpose)	['e5011']
second clears	['e5012']
malted wheat flour mix	['e5013']
chickpea flour	['e5014']
peanut flour (partially defatted)	['e5015']
non-wheat grain flour	['e5016']
corned beef (raw)	['e5017']
chicken (frozen)	['e5018']
turkey (frozen)	['e5019']
root beer beverage syrup	['e5020']
harpago tea (dry)	['e5021']
rice (ground)	['e5022']
rice buds (dried)	['e5023']
chicken with rice soup (instant)	['e5024']
rice (milled, enriched)	['e5025']
rice (parboiled)	['e5026']
rice (precooked)	['e5027']
rice (talc-coated)	['e5028']
rice (polished)	['e5029']
burgundy wine	['e5030']
rose hip (raw)	['e5031']
rose hip in sugar syrup	['e5032']
rose hip in sugar syrup (fermented)	['e5033']
imitation rose hip jelly	['e5034']
rose hip tea (dry)	['e5035']
rose hip jelly	['e5036']
rice (steamed)	['e5037']
king salmon (kippered)	['e5038']
black cod (barbequed)	['e5039']
cheddar cheese (sharp)	['e5040']
artichoke (canned)	['e5041']
pickle (canned)	['e5042']
hare (jugged, in wine sauce)	['e5043']
orange juice (unsweetened)	['e5044']
horseradish (powdered)	['e5045']
wheat bran	['e5046']
chocolate chip ice cream	['e5047']
ice cream (artificially nut flavored)	['e5048']
ice cream mix (powdered, artificially flavored)	['e5049']
vegetable (sodium-free, artificially sweetened)	['e5050']
hen egg (shell on, hard boiled)	['e5051']
hen egg (shell on, raw)	['e5052']
fruit juice (artificially sweetened, canned)	['e5053']
fig juice	['e5054']
hen egg liquid (partially heat treated)	['e5055']
hen egg (pickled)	['e5056']
brown hen egg (shell on, raw)	['e5057']
waterfly egg (canned)	['e5058']
hen egg yolk (frozen)	['e5059']
imitation eggnog mix (dry)	['e5060']
hen egg salad	['e5061']
white wheat flour (starch-reduced)	['e5062']
rhubarb (canned)	['e5063']
water chestnut (canned)	['e5064']
chrysanthemum tea (dry)	['e5065']
rattlesnake meat (raw)	['e5066']
green tea leaf (dry)	['e5067']
black tea leaf (dry)	['e5068']
chocolate-covered wafer (egg-shaped)	['e5069']
rhubarb (frozen)	['e5070']
crab (deviled, packed in crab shell)	['e5071']
mixed fruit spread	['e5072']
radish (raw)	['e5073']
sassafras tea (dry)	['e5074']
sauerkraut (canned)	['e5075']
ground beef patty (raw)	['e5076']
chopped beef pattie (raw)	['e5077']
tomato (comminuted, canned)	['e5078']
gethsemane tea (dry)	['e5079']
chamomile tea (dry)	['e5080']
tea plant twigs	['e5081']
darjeeling black tea (dry)	['e5082']
cow milk (vitamin d, homogenized)	['e5083']
squaw tea (dry)	['e5084']
jasmine tea (dry)	['e5085']
sauerkraut (bulk-style)	['e5086']
tea blend (dry)	['e5087']
sauerkraut in wine	['e5088']
spiced pickle	['e5089']
red cabbage head (raw)	['e5090']
linden tea (dry)	['e5091']
gelatin fruit salad (artificially flavored and colored)	['e5092']
cow milk (vitamin d, pasteurized, homogenized)	['e5093']
kefir (fruit)	['e5094']
goat's milk ice cream	['e5095']
lowfat cow milk (sterilized, long-life, unrefrigerated)	['e5096']
kefir (lowfat)	['e5097']
milk (precultured)	['e5098']
tequila	['e5099']
sour cream blue cheese dressing	['e5100']
coleslaw	['e5101']
hen egg white (frozen)	['e5102']
fruit juice (sterilized)	['e5103']
mushroom (sliced, canned)	['e5104']
malt sprout	['e5105']
olive oil (canned)	['e5106']
coconut cream (canned)	['e5107']
chive (freeze-dried)	['e5108']
flounder (raw)	['e5109']
hen egg white (dried, whipping aid added)	['e5110']
pickling spice	['e5111']
freestone peach (halves in light syrup)	['e5112']
swiss and ham roll	['e5113']
pasteurized process cheese food with ham	['e5114']
carrot (frozen)	['e5115']
peanut (skin off, lightly salted)	['e5116']
pecan (whole or pieces)	['e5117']
coffee bean (drip-grind)	['e5118']
artichoke (marinated)	['e5119']
plantain (fried)	['e5120']
akee and saltfish	['e5121']
beef ball in sauce	['e5122']
iced tea mix (mint-flavored)	['e5123']
iced tea mix (lime-flavored)	['e5124']
oolong tea (dry)	['e5125']
shui sen tea (dry)	['e5126']
gun jam tea (dry)	['e5127']
lung so tea (dry)	['e5128']
luk on tea (dry)	['e5129']
poo nih tea (dry)	['e5130']
scrambled hen egg	['e5131']
tit koon yum tea (dry)	['e5132']
chocolate milk (low fat)	['e5133']
tomato juice concentrate (frozen)	['e5134']
apple juice (from cores and peels)	['e5135']
scrambled hen egg mix	['e5136']
scrambled hen egg (frozen)	['e5137']
hen egg (fried, frozen)	['e5138']
hen egg white (pasteurized, frozen)	['e5139']
imitation eggnog	['e5140']
pecan cluster candy	['e5141']
iced tea mix (dry)	['e5142']
cheese (sliced)	['e5143']
prune juice (unsweetened)	['e5144']
oyster (smoked)	['e5145']
sea steak made from cod and haddock	['e5146']
okra seed press cake	['e5147']
pimiento cheese sandwich roll	['e5148']
seaweed (dried)	['e5149']
seaweed (raw)	['e5150']
seaweed meal	['e5151']
seaweed byproduct	['e5152']
onion soup	['e5153']
blackberry beverage syrup	['e5154']
meat pie (frozen)	['e5155']
dill seed (dried)	['e5156']
eggplant (stuffed)	['e5157']
hen egg (freeze-dried, with emulsifier)	['e5158']
turkey egg food product	['e5159']
hen egg white food product	['e5160']
cow milk (eggnog-flavored)	['e5161']
duck egg (preserved in salt)	['e5162']
eggnog with alcohol	['e5163']
sea turtle egg (raw)	['e5164']
duck egg yolk (salted)	['e5165']
eggnog mix (low fat)	['e5166']
eggplant (breaded)	['e5167']
imitation jelly	['e5168']
citron melon jam	['e5169']
fruit jam and jelly mix	['e5170']
peach jam	['e5171']
muscadine grape (raw)	['e5172']
japanese black tea (dry)	['e5173']
balut (canned)	['e5174']
kale leaf (raw)	['e5175']
collard leaf (raw)	['e5176']
pineapple juice (strained)	['e5177']
pineapple drink	['e5178']
iced tea mix (grape-flavored)	['e5179']
boysenberry juice (frozen concentrate)	['e5180']
papaya syrup concentrate	['e5181']
sunflower seed (whole kernel, raw)	['e5182']
pumpkin seed (shell off)	['e5183']
ephedra tea (dry)	['e5184']
papaya seed (dried)	['e5185']
sesame seed (roasted)	['e5186']
marijuana seed (roasted)	['e5187']
sesame seed (hulled)	['e5188']
senna tea leaf (dry)	['e5189']
tea mix (instant)	['e5190']
catnip tea (dry)	['e5191']
melon seed (dried)	['e5192']
cardamom seed (candy-coated)	['e5193']
tomato wedge (artificially sweetened, canned)	['e5194']
tomato wedge (packed in tomato juice, artificially sweetened, canned)	['e5195']
tomato (mashed, canned)	['e5196']
tomato (diced, canned)	['e5197']
tamarillo (raw)	['e5198']
tomato concentrate	['e5199']
tree tomato sauce	['e5200']
tomato pomace	['e5201']
herring in spiced sauce (canned)	['e5202']
romano cheese (grated)	['e5203']
coconut milk drink	['e5204']
raspberry spread (nutritively sweetened)	['e5205']
chocolate (sweetened with sorbitol)	['e5206']
peach kernel paste	['e5207']
onion soup (instant)	['e5208']
watermelon sherbet	['e5209']
tomato soup	['e5210']
tender mushroom soup	['e5211']
vegetable soup	['e5212']
cream of carrot soup	['e5213']
granadilla squash beverage	['e5214']
egg drop soup	['e5215']
chicken-flavored soup	['e5216']
beef-flavored noodle soup	['e5217']
chicken-flavored noodle soup	['e5218']
chicken-flavored consommé (instant)	['e5219']
pea soup	['e5220']
potato soup	['e5221']
coffee (instant with coffee creamer)	['e5222']
tea (liquid, with cream)	['e5223']
kangaroo tail soup	['e5224']
beef stock base (meatless)	['e5225']
chicken stock base (fat removed)	['e5226']
golden onion soup	['e5227']
minestrone soup	['e5228']
vegetable soup (thick)	['e5229']
mushroom soup (liquid)	['e5230']
rock lobster soup	['e5231']
asparagus soup	['e5232']
marmalade (nutritively sweetened)	['e5233']
frozen dairy dessert (nutritively and nonnutritively sweetened)	['e5234']
soybean grits (mace-flavored)	['e5235']
frozen dairy dessert (nutritively sweetened)	['e5236']
imitation jam (sweetened with sorbitol)	['e5237']
imitation jelly sweetened with sorbitol	['e5238']
soybean (roasted)	['e5239']
soybean (whole or pieces)	['e5240']
ground beef (soy-extended)	['e5241']
tempeh	['e5242']
meat byproduct for animal food	['e5243']
tomato pulp	['e5244']
sair date (raw)	['e5245']
pudding mix (powdered)	['e5246']
gluten soya bread	['e5247']
imitation jelly (artificially sweetened)	['e5248']
nonfat dry milk (artificially sweetened)	['e5249']
nonfat dry milk (artificially sweetened and flavored)	['e5250']
bonito fillet extract	['e5251']
infant formula (milk-based, liquid, iron-fortified)	['e5252']
fruit (candied)	['e5253']
sweet potato flakes	['e5254']
hen egg yolk (dried)	['e5255']
pudding (instant)	['e5256']
wheat germ oil	['e5257']
pinto bean (dried)	['e5258']
hen egg yolk (cooked)	['e5259']
salmon roe (raw)	['e5260']
cow whey	['e5261']
bullfrog (raw)	['e5262']
fenugreek tea (dry)	['e5263']
shrimp (raw, stuffed, breaded, frozen)	['e5264']
gelato	['e5265']
beet slices with garlic (pickled)	['e5266']
olive oil (seasoned with basil oil)	['e5267']
pineapple (immature, sliced, in brine)	['e5268']
yogurt (nonfat)	['e5269']
lime (raw)	['e5270']
grapefruit juice (debittered)	['e5271']
lemon-flavored beverage (carbonated)	['e5272']
chicken neck (raw)	['e5273']
chicken fat	['e5274']
cinnamon fern (raw)	['e5275']
forcemeat	['e5276']
raspberry beverage syrup	['e5277']
meat (cooked)	['e5278']
fig (dried)	['e5279']
fruit candy (sweetened with mannitol, dried)	['e5280']
cream of asparagus soup	['e5281']
cream of mushroom soup	['e5282']
cream of potato soup	['e5283']
rice pudding	['e5284']
sour cream (cultured, with vegetable stabilizers)	['e5285']
wheat (fermented)	['e5286']
wheat (fermented byproduct)	['e5287']
poultry (frozen)	['e5288']
fish fillet (frozen)	['e5289']
rainbow trout (frozen)	['e5290']
produce (raw)	['e5291']
imitation maraschino cherry	['e5292']
fruit salad	['e5293']
blackberry (frozen)	['e5294']
cherry (pitted)	['e5295']
date (rehydrated)	['e5296']
vanilla bean (spent)	['e5297']
lemonade drink	['e5298']
maple danish pastry	['e5299']
moreton bay chestnut black bean paste (sweetened)	['e5300']
fruit jelly (carbonated)	['e5301']
skim milk drink	['e5302']
breadnut tree seed	['e5303']
kim chee (refrigerated)	['e5304']
frog leg (frozen)	['e5305']
frog leg (raw)	['e5306']
gingerbread mix (dry)	['e5307']
lemon and lime drink	['e5308']
tropical white banana (canned)	['e5309']
papaya ball (canned)	['e5310']
pear (halves, canned)	['e5311']
curry (instant)	['e5312']
rice (enriched)	['e5313']
farina (enriched)	['e5314']
noodle (enriched)	['e5315']
ginseng extract with added ginseng root	['e5316']
ginseng liquor	['e5317']
ginseng tea (instant)	['e5318']
ginseng tea (dry)	['e5319']
ginseng (liquid extract)	['e5320']
strawberry preserves	['e5321']
ham omelet mix (instant)	['e5322']
western omelet mix	['e5323']
garlic bulb (raw)	['e5324']
stone ground flour	['e5325']
venetian garlic	['e5326']
fudge powder	['e5327']
fruit mix	['e5328']
zucca melon (raw)	['e5329']
cherry (sweetened with glucose and sucrose, frozen)	['e5330']
fruit drink (artificially sweetened)	['e5331']
romano cheese (pecorino-style)	['e5332']
cocoa-flavored product	['e5333']
fruit punch	['e5334']
avocado (raw)	['e5335']
tropical fruit (raw)	['e5336']
pineapple (sliced, canned)	['e5337']
pineapple juice (unsweetened)	['e5338']
strawberry in syrup (canned)	['e5339']
pineapple jam	['e5340']
strawberry conserve	['e5341']
blueberry pie filling (artificially colored)	['e5342']
peach pie filling (artificially sweetened)	['e5343']
full cream milk (dry)	['e5344']
fish pate	['e5345']
honey (whipped)	['e5346']
table cream (whipped)	['e5347']
full cream	['e5348']
cream cracker	['e5349']
vegetable oil	['e5350']
coffee creamer	['e5351']
cream dressing	['e5352']
cream (sterilized, artificially flavored)	['e5353']
eclair (whipped creme-filled)	['e5354']
cream (thawed)	['e5355']
cheese (whipped)	['e5356']
sweet cream (frozen)	['e5357']
sour cream (acid-processed, sterilized)	['e5358']
cream (sterilized)	['e5359']
breadfruit (raw)	['e5360']
mangosteen (canned)	['e5361']
papaya nectar (canned)	['e5362']
soybean milk	['e5363']
shrimp in brine (canned)	['e5364']
papaya (canned)	['e5365']
mango (canned)	['e5366']
cavendish banana (canned)	['e5367']
tropical fruit (canned)	['e5368']
miracle berry (raw)	['e5369']
miracle berry concentrate	['e5370']
fruit juice beverage (diluted, noncarbonated)	['e5371']
fruit nectar (canned)	['e5372']
fruit preserves	['e5373']
guava jelly	['e5374']
ginger (green)	['e5375']
goose liver (raw)	['e5376']
cinnamon fern (salt added)	['e5377']
fruit melange in cognac	['e5378']
fruit pulp (frozen)	['e5379']
guava (raw)	['e5380']
soursop (raw)	['e5381']
naranjilla (raw)	['e5382']
tropical fruit (pulp)	['e5383']
fruit juice concentrate	['e5384']
pear juice (concentrated)	['e5385']
guava (paste)	['e5386']
italian prune plum (dried)	['e5387']
gelatin (pigskin)	['e5388']
beef bone	['e5389']
chicken croquette	['e5390']
chicken (artificially colored)	['e5391']
chicken gizzard (raw)	['e5392']
chicken giblet (raw)	['e5393']
chicken neck (raw, ground)	['e5394']
crab cake	['e5395']
buckwheat food product	['e5396']
chocolate coating	['e5397']
cracked wheat flour	['e5398']
fowl (frozen)	['e5399']
fish with peas dinner (calorie controlled, baked, frozen)	['e5400']
orange juice (frozen)	['e5401']
cauliflower (frozen)	['e5402']
papaya milk (freeze-dried)	['e5403']
papain (freeze-dried)	['e5404']
vegetable (frozen)	['e5405']
shrimp (freeze-dried)	['e5406']
orange juice (freeze-dried)	['e5407']
sour cream (cultured, flavored)	['e5408']
devonshire cream	['e5409']
cream of fruit beverage	['e5410']
cream (sterilized, acidified)	['e5411']
filled sour cream	['e5412']
whipping cream (sterilized)	['e5413']
breakfast cereal (dry)	['e5414']
coffee (instant, spray-dried)	['e5415']
fruit sherbet (artificially sweetened)	['e5416']
lemon juice	['e5417']
lemon sherbet	['e5418']
white corn (frozen)	['e5419']
frozen dairy dessert mix (instant)	['e5420']
whey (lactose-modified)	['e5421']
lobster tail (shell on, frozen)	['e5422']
grasshopper (raw)	['e5423']
grasshopper (chocolate-covered)	['e5424']
tuna (raw)	['e5425']
grains of paradise	['e5426']
apple drink (artificially flavored, frozen concentrate)	['e5427']
grape and apple drink (artificially-colored)	['e5428']
strawberry (unsweetened, frozen)	['e5429']
black currant (frozen)	['e5430']
red currant (frozen)	['e5431']
gooseberry (frozen)	['e5432']
swordfish steak (raw)	['e5433']
halibut steak (raw)	['e5434']
grape drink (artificially colored)	['e5435']
grapefruit drink (cherry-flavored, artificially colored)	['e5436']
potato (dehydrofrozen)	['e5437']
ice cream sandwich	['e5438']
ice milk-filled cone with topping	['e5439']
herb (powdered)	['e5440']
horseradish (prepared)	['e5441']
wasabi (food product)	['e5442']
horseradish spread (artificially flavored)	['e5443']
brewers grains (exhausted)	['e5444']
ice milk mix	['e5445']
green bean (french-style, quick-frozen)	['e5446']
halibut puff	['e5447']
shrimp puff	['e5448']
chocolate cow milk food product	['e5449']
tangelo (raw)	['e5450']
hayflower tea (steeped)	['e5451']
beef carcass	['e5452']
cow carcass	['e5452']
carrot pieces (peeled, canned)	['e5453']
cream (frozen)	['e5454']
scallop (frozen)	['e5455']
game meat (raw)	['e5456']
wheat germ (honey-coated)	['e5457']
honey syrup	['e5458']
honey (artificially flavored)	['e5459']
honey (with butter and spice)	['e5460']
comb honey	['e5461']
honey jelly	['e5462']
honey spread	['e5463']
honey blend table syrup	['e5464']
honey with added butter	['e5465']
clover honey	['e5466']
herb blend seasoning	['e5467']
herb mixture	['e5468']
papaya leaf (raw)	['e5469']
herb and honey concentrate for making tea	['e5470']
alfalfa seed	['e5471']
sarsaparilla root (smilax aristolochiifolia, raw)	['e5472']
grapefruit juice (canned)	['e5473']
grapefruit peel	['e5474']
red grapefruit (raw)	['e5475']
guarana nectar	['e5476']
bean (ham-flavored, dried)	['e5477']
ham (canned)	['e5478']
ham (boneless, skinless, canned)	['e5479']
piece of kangaroo meat (raw)	['e5480']
ham (sodium restricted, canned)	['e5481']
nonfat dry milk (instant, artificially sweetened)	['e5482']
seafood (canned)	['e5483']
shellfish (canned)	['e5484']
fish roe (raw)	['e5485']
mahi mahi (frozen)	['e5486']
mahi mahi fillet (raw)	['e5487']
lemon grass tea (steeped)	['e5488']
herbal beverage	['e5489']
pollock fillet (raw)	['e5490']
cow milk (pasteurized)	['e5491']
cow milk (canned)	['e5492']
hen egg white (dried)	['e5493']
herring fillet (pickled)	['e5494']
herbal tea mixture (dry)	['e5495']
almond paste	['e5496']
herring (raw)	['e5497']
dietetic ice cream	['e5498']
diabetic ice cream	['e5499']
shrimp stuffed with deviled crab meat (breaded)	['e5500']
candy crunch ice cream	['e5501']
herbal honey	['e5502']
coconut (flaked)	['e5503']
coconut (dried)	['e5504']
wild honey	['e5505']
water extract of coconut meat	['e5506']
infant cereal (instant, honey added)	['e5507']
honey (vitamin added)	['e5508']
peanut butter (hydrogenated)	['e5509']
cornmeal (degerminated, enriched)	['e5510']
yellow cornmeal	['e5511']
yellow cornmeal (degerminated)	['e5512']
ice milk (artificially sweetened)	['e5513']
ice milk bar	['e5514']
beef (frozen)	['e5515']
fruit (dried)	['e5516']
cherry (sulfured)	['e5517']
juice drink (diluted)	['e5518']
orange juice (pasteurized)	['e5519']
fruit juice (canned)	['e5520']
ice cream mix	['e5521']
ice cream sundae	['e5522']
ice cream novelty	['e5523']
ice cream bar (chocolate-covered)	['e5524']
seafood (frozen)	['e5525']
apple pie filling	['e5526']
cow milk (sterilized, long-life, unrefrigerated)	['e5527']
seafood gumbo	['e5528']
coconut (grated, in coconut oil)	['e5529']
pollock (mashed, scallop-flavored)	['e5530']
pollock (mashed, crab-flavored)	['e5531']
chocolate crumb	['e5532']
imitation bread crumb	['e5533']
lobster (whole or pieces, raw)	['e5534']
brewers rice	['e5535']
apple (sliced, and blackberry in syrup)	['e5536']
meat in red wine	['e5537']
spezzatino di vitello	['e5538']
zuppa di pesce	['e5539']
aspic jelly powder	['e5540']
mousse mix (dry)	['e5541']
shark fin (dried)	['e5542']
sardine and tomato spread	['e5543']
hen egg and mushroom spread	['e5544']
fish fillet (raw)	['e5545']
fig juice (canned)	['e5546']
grape juice (frozen concentrate)	['e5547']
tomato juice concentrate	['e5548']
prune juice (made from dried prunes)	['e5549']
citrus juice	['e5550']
apple juice (concentrated, sweetened)	['e5551']
grape juice beverage base (sweetened, powdered)	['e5552']
apple juice (artificially colored, canned)	['e5553']
lemon juice (reconstituted)	['e5554']
cranberry juice concentrate	['e5555']
cactus juice	['e5556']
pineapple juice (canned)	['e5557']
tangerine juice	['e5558']
orange and tangerine juice blend	['e5559']
tomato juice cocktail	['e5560']
acerola juice	['e5561']
tomato juice (vitamin c added, canned)	['e5562']
prune juice (fresh)	['e5563']
raspberry juice	['e5564']
ice cream (artificially sweetened)	['e5565']
orange spread	['e5566']
wheat cereal with apple	['e5567']
grape juice (reconstituted)	['e5568']
green tomato juice	['e5569']
apple and grape juice	['e5570']
grape juice (concentrated)	['e5571']
grapefruit juice (artificially sweetened)	['e5572']
pecan nut (raw, shell off)	['e5573']
lime juice (sweetened, diluted)	['e5574']
passion fruit juice (frozen)	['e5575']
orange drink mix	['e5576']
lemon puree	['e5577']
imitation rose petal jam	['e5578']
apricot jam	['e5579']
damson plum jam	['e5580']
peach conserve	['e5581']
mixed fruit jam	['e5582']
eggnog ice cream	['e5583']
cherries in vanilla ice cream	['e5584']
strawberries in vanilla ice cream	['e5585']
vanilla fudge ice cream	['e5586']
butter pecan ice cream	['e5587']
ice cream (freeze-dried)	['e5588']
ice milk made from goat milk	['e5589']
cherry ice cream	['e5590']
ice cream cake roll	['e5591']
ice cream mix (powdered)	['e5592']
vanilla ice cream	['e5593']
goat milk (raw)	['e5594']
green bean pod	['e5595']
potato doughnut	['e5596']
mincemeat	['e5597']
suet (raw)	['e5598']
raisin (finely chopped)	['e5599']
apple (finely chopped)	['e5600']
mincemeat (brandied)	['e5601']
sultana raisin (dried)	['e5602']
mince pie	['e5603']
corned beef (canned)	['e5604']
beef suet (raw)	['e5605']
sweet potato (canned, dehydrated)	['e5606']
nut (roasted)	['e5607']
split peas (cooked, dried, coated with oil)	['e5608']
doughnut (plain)	['e5609']
vanilla ice cream (artificially flavored)	['e5610']
ice cream (french-fried)	['e5611']
ice cream (homemade)	['e5612']
carob and vanilla ice cream	['e5613']
chocolate ice cream	['e5614']
cocoa ice cream	['e5615']
jackfruit (canned)	['e5616']
chocolate and cocoa ice cream	['e5617']
coffee ice cream (vanilla-flavored)	['e5618']
strawberry ice cream	['e5619']
imitation black raspberry jam	['e5620']
imitation jam	['e5621']
imitation strawberry jam	['e5622']
raspberry jam	['e5623']
rosemary jelly	['e5624']
imitation cherry jelly (whisky-flavored)	['e5625']
banana jam	['e5626']
tangerine jelly	['e5627']
calf's foot gelatin	['e5628']
bramble berry jelly	['e5629']
mint jelly	['e5630']
apricot and almond jam	['e5631']
lemon jelly	['e5632']
imitation orange jelly	['e5633']
fruit jelly (in tube container)	['e5634']
chokecherry jelly	['e5635']
crabapple jelly	['e5636']
apple jelly	['e5637']
apple and honey jelly	['e5638']
apple jelly made with sugar and honey	['e5639']
imitation raspberry jelly	['e5640']
fruit jelly made from hard cider	['e5641']
boysenberry jelly	['e5642']
grape pulp (concentrated)	['e5643']
grape jelly	['e5644']
currant jelly	['e5645']
elderberry jelly	['e5646']
huckleberry jelly	['e5647']
hawthorne jelly	['e5648']
prickly pear jelly	['e5649']
imitation grape jelly (whiskey-flavored)	['e5650']
jam (artificially sweetened)	['e5651']
imitation wild cherry jam	['e5652']
marmalade (artificially sweetened)	['e5653']
jam (alcohol-flavored)	['e5654']
marmalade (alcohol-flavored)	['e5655']
freezer jam	['e5656']
orange juice drink beverage base (frozen, artificially colored)	['e5657']
orange juice (chilled)	['e5658']
orange juice (canned)	['e5659']
reconstituted orange juice (from frozen concentrate)	['e5660']
reconstituted orange juice (chilled)	['e5661']
reconstituted orange juice (from concentrate)	['e5662']
fruit pit kernel	['e5663']
yongona drink	['e5664']
kava coffee (instant)	['e5665']
kelp pickle	['e5666']
fruit pie filling (artificially sweetened)	['e5667']
grapefruit (canned)	['e5668']
onion (boiled, canned)	['e5669']
orange (canned)	['e5670']
lingonberry sauce	['e5671']
acidophilus cow milk	['e5672']
vegetable beef soup	['e5673']
cow milk (powdered)	['e5674']
fruit juice concentrate (frozen)	['e5675']
fruit juice (blend, concentrate, frozen)	['e5676']
reconstituted orange juice (from concentrate, sweetened)	['e5677']
orange juice concentrate (sweetened)	['e5678']
orange juice (sweetened, canned)	['e5679']
orange juice (sweetened, pasteurized)	['e5680']
citrus fruit (frozen)	['e5681']
orange nectar	['e5682']
orange drink (vitamin c added)	['e5683']
orange juice (single strength, canned)	['e5684']
reconstituted orange juice (from concentrate, single-strength)	['e5685']
lemonade (colored)	['e5686']
plum nectar (canned)	['e5687']
pineapple and grapefruit juice drink (canned, diluted)	['e5688']
orange (artificially colored)	['e5689']
tangerine juice (frozen concentrate)	['e5690']
orange juice blend	['e5691']
orange juice drink (diluted)	['e5692']
reconstituted orange juice (from concentrate, canned)	['e5693']
orange juice concentrate (frozen)	['e5694']
potato chip (blended)	['e5695']
pickle (kosher)	['e5696']
krill (antarctic, raw)	['e5697']
krill (antarctic, frozen)	['e5698']
krill (peeled)	['e5699']
barley malt	['e5700']
yeast food product (dry)	['e5701']
ice cream biscuit	['e5702']
black walnut (whole and pieces, raw)	['e5703']
copra	['e5704']
spice	['e5705']
pineapple (crushed)	['e5706']
fig (preserved in syrup, canned)	['e5707']
red currant juice	['e5708']
piece of horse meat (raw)	['e5709']
piece of horsemeat (raw)	['e5709']
malted wheat (coarse ground)	['e5710']
barley (pearled, uncooked)	['e5711']
apple jelly (rum-flavored)	['e5712']
lemon and marjoram jelly	['e5713']
fruit jelly (wine-flavored)	['e5714']
lemon peel infusion (dried)	['e5715']
artichoke heart in lemon water (canned)	['e5716']
horchata de chufa	['e5717']
ham salad	['e5718']
chicken salad	['e5719']
cola fountain syrup	['e5720']
goat milk (powdered, canned)	['e5721']
citrus juice (concentrated, canned)	['e5722']
potato (cooked)	['e5723']
lingonberry (raw)	['e5724']
lingonberry jam	['e5725']
lingonberry preserves	['e5726']
cranberry preserves	['e5727']
lingonberry (swedish, raw)	['e5728']
lingonberry (sugared)	['e5729']
lingonberry syrup	['e5730']
beverage syrup (lingonberry-flavored)	['e5731']
lingonberry concentrate	['e5732']
lingonberry (frozen)	['e5733']
lingonberry (canned)	['e5734']
fish oil	['e5735']
lasagna noodle	['e5736']
head lettuce (raw)	['e5737']
loose leaf lettuce (raw)	['e5738']
romaine lettuce head (raw)	['e5739']
lingonberry juice	['e5740']
cloudberry (sugared)	['e5741']
cloudberry preserve	['e5742']
green pea soup with pork	['e5743']
cheddar-flavored cheese	['e5744']
soursop leaf tea (dry)	['e5745']
shiso	['e5746']
lemon peel	['e5747']
lemon- and lime-flavored juice drink	['e5748']
black currant juice	['e5749']
cranberry juice (color added)	['e5750']
lime juice (reconstituted)	['e5751']
prune juice (concentrated)	['e5752']
grapefruit juice (sweetened)	['e5753']
grapefruit juice (reconstituted)	['e5754']
cherry and apple juice drink	['e5755']
grape juice (vinifera)	['e5756']
rose grape juice	['e5757']
lime juice	['e5758']
grape juice cocktail	['e5759']
apple and black raspberry juice drink (diluted)	['e5760']
garlic juice	['e5761']
prune juice (date concentrate added)	['e5762']
apple and carrot juice	['e5763']
apple juice (carbonated)	['e5764']
grapefruit juice (artificially sweetened, frozen concentrate)	['e5765']
fruit juice drink (diluted)	['e5766']
apple and cherry juice	['e5767']
grapefruit juice (reconstituted, canned)	['e5768']
fruit juice (reconstituted)	['e5769']
grapefruit juice	['e5770']
elderberry juice	['e5771']
fruit juice (artificially sweetened)	['e5772']
white grape juice (carbonated)	['e5773']
coconut milk (concentrated)	['e5774']
cranberry juice drink	['e5775']
rice bran	['e5776']
iced tea mix (instant, lemon-flavored, sugar added)	['e5777']
lemonade (frozen concentrate, artificially sweetened)	['e5778']
lemonade concentrate (liquid)	['e5779']
root beer beverage base	['e5780']
gluten noodle	['e5781']
safflower oil margarine	['e5782']
vegetable shortening (hydrogenated)	['e5783']
juniper berry (dried)	['e5784']
pineapple juice (deionized)	['e5785']
romano cheese (garlic-flavored, grated)	['e5786']
paraguay tea (dry)	['e5787']
maraschino-flavored pineapple pieces	['e5788']
almond (ground)	['e5789']
acacia gum mediated flavoring extract (spray-dried)	['e5790']
beef fat (hydrolyzed)	['e5791']
beverage base (lemonade-flavored, dry)	['e5792']
licorice root tea (dry)	['e5793']
maple-flavored cereal	['e5794']
hen egg liquid (pasteurized, frozen)	['e5795']
soybean powder	['e5796']
coconut piece (raw)	['e5797']
oat flakes	['e5798']
mango (not further specified)	['e5799']
macaroni flour	['e5800']
macaroon paste	['e5801']
potato chip (flash-fried)	['e5802']
yellow corn flour	['e5803']
wheat and corn macaroni or noodle product	['e5804']
spinach noodle	['e5805']
cow blood	['e5806']
pasta (frozen)	['e5807']
pasta (dried)	['e5808']
asparagus pulp	['e5809']
mango (sliced, canned)	['e5810']
marrow (ginger added)	['e5811']
bavarian mousse	['e5812']
mistletoe tea (dry)	['e5813']
oyster (pacific, powdered, freeze-dried)	['e5814']
mussel powder (freeze-dried)	['e5815']
fish sausage	['e5816']
meat byproduct	['e5817']
meat (packaged)	['e5818']
pasta (canned)	['e5819']
pasta (wet-packed)	['e5820']
pasta	['e5821']
onion (dried)	['e5822']
grape flavoring (powdered)	['e5823']
breakfast beverage (dry, instant)	['e5824']
pecan roll	['e5825']
mustard powder	['e5826']
mustard bran	['e5827']
grape nectar	['e5828']
fruit nectar	['e5829']
apple (sliced, dehydrated)	['e5830']
fruit pulp (unsweetened)	['e5831']
fruit pulp (sweetened)	['e5832']
wheat cereal with tomato	['e5833']
seville orange (raw)	['e5834']
ginger marmalade	['e5835']
imitation orange marmalade	['e5836']
bitter orange marmalade	['e5837']
sweet orange marmalade	['e5838']
marmalade	['e5839']
red currant marmalade	['e5840']
red currant preserve	['e5841']
jelly marmalade	['e5842']
orange marmalade (cherry-flavored, with maraschino cherries)	['e5843']
imitation cherry-flavored orange marmalade	['e5844']
apple jam	['e5845']
ginger and lemon marmalade	['e5846']
orange, lemon and grapefruit marmalade	['e5847']
lime preserves	['e5848']
lime marmalade	['e5849']
black currant jelly (dietetic)	['e5850']
orange marmalade with cointreau liqueur	['e5851']
lemon marmalade	['e5852']
apricot preserves	['e5853']
apricot marmalade	['e5854']
grapefruit marmalade	['e5855']
imitation marmalade	['e5856']
imitation lemon marmalade	['e5857']
orange marmalade (chunky)	['e5858']
orange marmalade (scotch-style)	['e5859']
orange jelly marmalade	['e5860']
ova (hen)	['e5861']
shorts (grain product)	['e5862']
squash (canned)	['e5863']
pork (smoked)	['e5864']
ham (sliced, raw)	['e5865']
veal cube steak (raw)	['e5866']
cannelloni roll with meat in sauce	['e5867']
flaxseed meal	['e5868']
imitation strawberry preserves	['e5869']
fruit ade	['e5870']
meat (raw)	['e5871']
meat in wine sauce	['e5872']
ham (chopped)	['e5873']
steak and kidney pudding	['e5874']
steak and kidney pie filling	['e5875']
pork (uncooked, cured)	['e5876']
mold-ripened cheese	['e5877']
flaxseed (defatted)	['e5878']
meat (powdered, freeze-dried)	['e5879']
mule meat (raw)	['e5880']
piece of nutria meat (raw)	['e5881']
buffalo meat (canned)	['e5882']
piece of caribou meat (raw)	['e5883']
piece of seal meat (raw)	['e5884']
game meat (canned)	['e5885']
piece of elk meat (raw)	['e5886']
piece of reindeer meat (raw)	['e5887']
donkey meat (frozen)	['e5888']
piece of buffalo meat (raw)	['e5889']
piece of deer meat (raw)	['e5890']
deer meat (frozen)	['e5891']
deer meatball (raw)	['e5892']
duck (wild, in sherry sauce)	['e5893']
hare (jugged, with vegetables and wine sauce)	['e5894']
deer meat with wine sauce	['e5895']
rabbit meat (canned)	['e5896']
buffalo roast in gravy	['e5897']
piece of elephant meat (raw)	['e5898']
piece of hippopotamus meat (raw)	['e5899']
game meat (frozen)	['e5900']
deer meat jerky	['e5901']
buffalo jerky	['e5902']
alligator meat (raw)	['e5903']
piece of rabbit meat (raw)	['e5904']
kangaroo meat (frozen)	['e5905']
armadillo meat (raw)	['e5906']
mushroom (chopped, canned)	['e5907']
mushroom in butter	['e5908']
ocean perch (raw)	['e5909']
bologna	['e5910']
poultry sausage	['e5911']
salmon (cured, cold process)	['e5912']
malted cow milk (powdered)	['e5913']
nut (roasted in vegetable oil)	['e5914']
black walnut (raw)	['e5915']
pine nut kernel	['e5916']
english walnut (shell on, dried)	['e5917']
nut (shell on)	['e5918']
nut (raw, shell off)	['e5919']
macadamia nut (raw)	['e5920']
chinese wet noodle	['e5921']
okra (cut, canned)	['e5922']
onion (pickled)	['e5923']
mushroom stems and pieces (canned)	['e5924']
oyster mushroom (raw)	['e5925']
straw mushroom (raw)	['e5926']
porcini mushroom (raw)	['e5927']
morel (canned)	['e5928']
wild mushroom fruitbody (raw)	['e5929']
apricot tartlet	['e5930']
wiesbadner tartlet	['e5931']
turkey breast (raw)	['e5932']
meat (canned)	['e5933']
ginger nectar	['e5934']
raspberry nectar	['e5935']
black currant nectar	['e5936']
cooking oil (saturated)	['e5937']
cooking oil (unsaturated)	['e5938']
vegetable oil (partially hydrogenated)	['e5939']
salad oil	['e5940']
cocktail onion	['e5941']
onion and lox mixture (precooked, frozen)	['e5942']
chocolate drink	['e5943']
cocoa-flavored cow milk	['e5944']
chocolate milk (sterilized, sweetened)	['e5945']
chocolate-flavored drink (instant)	['e5946']
chocolate milk (nonfat, dry, instant)	['e5947']
cow whole milk (pasteurized)	['e5948']
dairy topping in pressurized container	['e5949']
barley sprout	['e5950']
milk (spray-dried)	['e5951']
cereal flour	['e5952']
peanut (canned)	['e5953']
citron (raw)	['e5954']
kumquat (raw)	['e5955']
strawberry jam (canned)	['e5956']
abalone mushroom (raw)	['e5957']
naranjilla and pineapple juice concentrate	['e5958']
naranjilla beverage base	['e5959']
golden fruit juice drink	['e5960']
naranjilla juice	['e5961']
naranjilla juice drink	['e5962']
ice cream novelty (chocolate coated)	['e5963']
orange and apricot juice drink (diluted)	['e5964']
grape and apple juice drink	['e5965']
danish roll	['e5966']
doughnut (artificially flavored)	['e5967']
dumpling	['e5968']
dumpling soup	['e5969']
garlic (dehydrated)	['e5970']
doughnut (sugar)	['e5971']
honey crunch doughnut	['e5972']
chocolate doughnut	['e5973']
nut (whole or pieces)	['e5974']
olive oil (virgin)	['e5975']
cooking oil (seasoned)	['e5976']
imitation olive oil	['e5977']
olive oil (wild)	['e5978']
mackerel fillet (canned)	['e5979']
cooking oil (spent)	['e5980']
sherbet on wooden stick	['e5981']
pea vine silage	['e5982']
woodcock meat (raw)	['e5983']
vegetable soup mix (chunky, dried)	['e5984']
pear juice (fermented)	['e5985']
cooking oil (blended)	['e5986']
vegetable oil (cold-pressed)	['e5987']
vegetable oil (heat-processed)	['e5988']
soybean oil (hydrogenated)	['e5989']
blueberry pie filling	['e5990']
peach pie filling	['e5991']
lemon pie	['e5992']
chili pepper (ground)	['e5993']
onion ring (cooked)	['e5994']
summer orange sections (canned)	['e5995']
golden oriental grapefruit (raw)	['e5996']
fruit solids	['e5997']
orange (comminuted)	['e5998']
herring (marinated)	['e5999']
pea flour	['e6000']
beet (raw)	['e6001']
beet leaf (raw)	['e6002']
swiss chard leaf (raw)	['e6003']
cottage cheese (powdered)	['e6004']
noodle (french-fried)	['e6005']
bombay duck wafer	['e6006']
pineapple pie filling	['e6007']
coffee cake mix	['e6008']
pineapple topping	['e6009']
fruit (canned, artificially sweetened)	['e6010']
butterscotch creme pudding	['e6011']
chocolate filling	['e6012']
pea (early june, canned)	['e6013']
sweet red bell pepper (peeled, canned)	['e6014']
sweet pepper (peeled, canned)	['e6015']
sweet green pepper (raw)	['e6016']
pepper (sweet, pickled)	['e6017']
hot pepper (pulverized, juiced)	['e6018']
jalapeno pepper (pickled)	['e6019']
sweet red bell pepper (raw)	['e6020']
artichoke (marinated, quartered)	['e6021']
white peppercorn (raw)	['e6022']
black pepper (ground)	['e6023']
pink peppercorn (dried)	['e6024']
apricot half (unpeeled, artificially sweetened)	['e6025']
sheep milk (pasteurized)	['e6026']
dill pickle (polish-style)	['e6027']
pickle (artificially sweetened)	['e6028']
cucumber (sliced, raw)	['e6029']
dill pickle	['e6030']
paprika pepper (pickled)	['e6031']
peach pie	['e6032']
chocolate cream pie	['e6033']
apple pie (baked)	['e6034']
cherry pie (baked, frozen)	['e6035']
fruit pie filling	['e6036']
cherry pie (baked)	['e6037']
coconut cream pie	['e6038']
pumpkin pie (baked)	['e6039']
cheese pie	['e6040']
pineapple pie	['e6041']
orange marmalade-flavored pie filling	['e6042']
cream pie made with synthetic topping or filling	['e6043']
cream-filled pastry	['e6044']
apple pie filling (artificially sweetened)	['e6045']
cream pie	['e6046']
pie (frozen)	['e6047']
cherry pie mix	['e6048']
pecan pie	['e6049']
pineapple pulp	['e6050']
pineapple (crushed, canned)	['e6051']
pineapple cube (canned)	['e6052']
tomato for pizza (crushed)	['e6053']
hard grating cheese blend (grated)	['e6054']
hard grating cheese (italian-style)	['e6055']
burma bean	['e6056']
purple plum (canned)	['e6057']
blue plum (canned)	['e6058']
wrinkled pea (raw)	['e6059']
sweet pea (canned)	['e6060']
alaska pea (dried)	['e6061']
pigeon pea (canned)	['e6062']
pea (early june, dried, canned)	['e6063']
pea (frozen)	['e6064']
pea (canned)	['e6065']
chickpea	['e6066']
peas (rehydrated, canned)	['e6067']
lathyrus pea (raw)	['e6068']
pigeon pea (raw)	['e6069']
field pea (raw)	['e6070']
ham (raw)	['e6071']
field pea (canned)	['e6072']
blackeyed pea (cooked)	['e6073']
ham fat	['e6074']
ham broth	['e6075']
pea (early june)	['e6076']
doughnut (butter batter)	['e6077']
chicken dumpling	['e6078']
dough (white, enriched, frozen)	['e6079']
wheat dough (enriched, frozen)	['e6080']
fish (salted, dried)	['e6081']
heart of palm (canned)	['e6082']
pawpaw (raw)	['e6083']
tropical health drink (diluted)	['e6084']
papaya (dehydrated)	['e6085']
whey (swiss liquid)	['e6086']
papaya nectar	['e6087']
papaya juice (canned)	['e6088']
potato (whipped)	['e6089']
papaya concentrate	['e6090']
papaya pulp and juice	['e6091']
papaya concentrate (nonnutritively sweetened)	['e6092']
papaya drink base	['e6093']
papaya leaf (dried)	['e6094']
papaya plant (ground)	['e6095']
potato flakes (dehydrated)	['e6096']
potato granules (dehydrated)	['e6097']
yellow potato (canned)	['e6098']
potato (stuffed)	['e6099']
peanut butter (unsalted)	['e6100']
peanut (ground)	['e6101']
peanut butter (vitamin a added)	['e6102']
peanut (dry roasted)	['e6103']
peanut (green, boiled, packed in brine)	['e6104']
peanut butter with coconut	['e6105']
peanut butter with bonemeal	['e6106']
peanut butter with yeast	['e6107']
peanut butter with rose hips	['e6108']
peanut butter with wheat germ oil	['e6109']
peanut butter	['e6110']
potato peeling	['e6111']
peanut butter with smoky crisps	['e6112']
peanut butter with imitation bacon	['e6113']
peanut (skin off, partially defatted)	['e6114']
potato chip (unsalted)	['e6115']
peanut butter with jelly	['e6116']
peanut (roasted, partially defatted)	['e6117']
duck (canned)	['e6118']
squash (cut)	['e6119']
squash (peeled)	['e6120']
potato (french-fried, frozen)	['e6121']
duck (processed)	['e6122']
doughnut (powdered)	['e6123']
cake doughnut	['e6124']
natal plum (raw)	['e6125']
preserved plum	['e6126']
berry (raw)	['e6127']
meat (cured)	['e6128']
potato-flavored chip (puffed)	['e6129']
peanut (skin off, seasoned, partially defatted)	['e6130']
peanut (roasted)	['e6131']
peanut (oil-roasted)	['e6132']
peanut butter (creamy)	['e6133']
peanut butter (chunky)	['e6134']
virginia peanut (skin off, salted)	['e6135']
peanut butter (vitamin a, d and e added)	['e6136']
rice (crisped)	['e6137']
peanut (blanched)	['e6138']
red skin peanut (with skin, raw)	['e6139']
spanish peanut (raw)	['e6140']
pecan (whole and pieces, raw)	['e6141']
pecan nut (raw, shell on)	['e6142']
pimiento (salad, pickled)	['e6143']
pimiento (canned)	['e6144']
pimiento cheese	['e6145']
pineapple tidbits (artificially sweetened, canned)	['e6146']
pineapple chunk (artificially sweetened, canned)	['e6147']
pineapple tidbits (mixed sizes, canned)	['e6148']
paprika pepper (mild-flavored, pickled)	['e6149']
bread and butter pickle	['e6150']
pickle (polish)	['e6151']
sweet pickle	['e6152']
cherry dill pickle	['e6153']
pickled fruit in oil	['e6154']
noodle	['e6155']
chicken shrimp soup with noodles	['e6156']
noodle (dried)	['e6157']
shrimp noodle	['e6158']
barley egg noodle	['e6159']
butter and egg noodle	['e6160']
noodle (egg, dumpling)	['e6161']
ramen noodle	['e6162']
japanese noodle	['e6163']
noodle (japanese-style)	['e6164']
noodle (oriental-style)	['e6165']
noodle (frozen)	['e6166']
chocolate milk (instant)	['e6167']
bluefish (raw)	['e6168']
blackeyed pea (green, shell off, blanched)	['e6169']
whiting (headless, dressed)	['e6170']
apricot (dehydrofrozen)	['e6171']
imitation raspberry preserve	['e6172']
fruit preserves (frozen)	['e6173']
raspberry spread (frozen)	['e6174']
cherry preserves	['e6175']
apricot spread	['e6176']
pineapple spread	['e6177']
goose liver paste	['e6178']
cavendish banana puree	['e6179']
chestnut (ground, canned, in vanilla-flavored syrup)	['e6180']
chestnut (canned, in water)	['e6181']
chestnut (ground, canned)	['e6182']
cashew nut (shell on, raw)	['e6183']
white snow peach (canned)	['e6184']
ham (sodium restricted, cooked)	['e6185']
pear (pieces, canned)	['e6186']
brandied peach	['e6187']
peach (spice and flavoring added, canned)	['e6188']
prawn (raw)	['e6189']
pear (baked, canned)	['e6190']
peach (cherry-flavored, canned)	['e6191']
peach (coconut-flavored, canned)	['e6192']
codfish (salted)	['e6193']
passion fruit pulp	['e6194']
poi	['e6195']
plantain chip (green, deep-fried)	['e6196']
pork rind (cooked in vegetable fat)	['e6197']
potato (raw, green)	['e6198']
sweet potato (candied, canned)	['e6199']
sweet potato (candied)	['e6200']
idaho potato (raw)	['e6201']
irish potato (raw)	['e6202']
russet burbank potato (raw)	['e6203']
idaho russet potato (raw)	['e6204']
potato chip (cheese-flavored)	['e6205']
potato chip (barbecue-flavored)	['e6206']
potato chip (toasted onion-flavored)	['e6207']
potato (french fry cut, canned)	['e6208']
potato (crinkle-cut style, bagged)	['e6209']
potato chip (cheddar cheese-flavored)	['e6210']
yam (raw)	['e6211']
potato flakes (mashed potato, instant)	['e6212']
white potato (canned)	['e6213']
shrimp cocktail (curried, canned)	['e6214']
pilchard (chunk-style, packed in water, canned)	['e6215']
cow foot (raw)	['e6216']
potato chip (onion- and garlic-flavored)	['e6217']
potato chip (homogenized)	['e6218']
black cod (cured)	['e6219']
limeade	['e6220']
poultry (new york dressed, raw)	['e6221']
poultry (raw)	['e6222']
poultry pieces (raw)	['e6223']
cornish cross chicken (raw)	['e6224']
rock cornish cross chicken (raw)	['e6225']
rock cornish game bird (raw)	['e6226']
poultry (stuffed, frozen)	['e6227']
bottling syrup	['e6228']
poultry (ice packed)	['e6229']
turkey (stuffed, frozen)	['e6230']
strawberry spread (uncooked, frozen)	['e6231']
fruit (concentrated)	['e6232']
almond preserves	['e6233']
lemon (chopped)	['e6234']
diabetic preserves	['e6235']
strawberry spread with cognac	['e6236']
raspberry spread with cognac	['e6237']
orange spread with whiskey	['e6238']
cherry spread with cherry liquer	['e6239']
grape preserves	['e6240']
prune (cooked)	['e6241']
prune (pitted, canned)	['e6242']
prune pastry filling	['e6243']
prune (spent)	['e6244']
vanilla pudding mix	['e6245']
pudding mix (lemon-flavored, dry)	['e6246']
chocolate pudding mix	['e6247']
rum pudding	['e6248']
bavarian pudding	['e6249']
nut (salted)	['e6250']
doughnut (frozen)	['e6251']
rolled oats	['e6252']
wheat cracker	['e6253']
cherry spread	['e6254']
grape spread	['e6255']
jam (frozen)	['e6256']
raspberry (raw)	['e6257']
wild strawberry preserve	['e6258']
red bliss potato (raw)	['e6259']
potato (whipped, vitamin c enriched, instant)	['e6260']
yellow variety sweet potato (raw)	['e6261']
jersey yellow sweet potato (raw)	['e6262']
potato (stuffed, frozen)	['e6263']
red variety sweet potato (raw, skin possible)	['e6264']
potato (dehydrated, vitamin c added)	['e6265']
potato chip (reduced sodium)	['e6266']
tonic water fountain syrup	['e6267']
herring (smoked)	['e6268']
olive (ripe, in brine)	['e6269']
olive (in brine)	['e6270']
spanish olive (stuffed with anchovy)	['e6271']
green olive (in brine)	['e6272']
olive (stuffed with anchovy, in brine)	['e6273']
tarragon in vinegar	['e6274']
spanish olive (canned)	['e6275']
olive (stuffed with anchovies)	['e6276']
olive (greek-style)	['e6277']
olives (canned)	['e6278']
olive (stuffed with pimiento)	['e6279']
spanish olive (stuffed with pureed pimiento)	['e6280']
yellow rice mix	['e6281']
rice (enriched, parboiled)	['e6282']
rice (milled)	['e6283']
rice (fortified)	['e6284']
white rice flour (precooked)	['e6285']
rice (instant)	['e6286']
rice (flavored with beef extract)	['e6287']
rice (flavored with chicken extract)	['e6288']
brown rice kernel (enriched, precooked)	['e6289']
fruit spread (frozen, uncooked)	['e6290']
fruit jelly (uncooked, frozen)	['e6291']
red raspberry (raw)	['e6292']
mixed fruit preserves	['e6293']
peach preserve	['e6294']
fruit preserves (sugar-free)	['e6295']
fruit spread (frozen)	['e6296']
mangosteen preserves	['e6297']
fruit conserve with liqueur	['e6298']
cranberry sauce made with whole cranberries	['e6299']
cranberry (pressed)	['e6300']
guava (pulp)	['e6301']
potato (peeled, boiled, mashed, instant)	['e6302']
pineapple and orange juice (strained)	['e6303']
quiche	['e6304']
flan	['e6305']
cheese quiche	['e6306']
mushroom quiche	['e6307']
honey and maple syrup	['e6308']
honey (orange and lemon syrup)	['e6309']
honey and apple cider vinegar mixture	['e6310']
aloe honey	['e6311']
raisin (soaked in liquor)	['e6312']
raisin jam	['e6313']
raisin filling for pastry	['e6314']
pineapple and apricot jam	['e6315']
carrot juice (canned)	['e6316']
waffle (frozen)	['e6317']
tonic mixer beverage base	['e6318']
scuppernong grape juice	['e6319']
protein doughnut	['e6320']
turkey croquette	['e6321']
turkey meat (raw)	['e6322']
turtle egg (raw)	['e6323']
potato (vacuum-packed)	['e6324']
spanish vetch	['e6325']
soybean (oil-roasted)	['e6326']
mango melon preserve	['e6327']
vichyssoise	['e6328']
watermelon juice cocktail	['e6329']
watermelon rind (preserved in syrup)	['e6330']
bourbon cherry jelly	['e6331']
imitation cherry jelly with bourbon whiskey	['e6332']
walnut juice	['e6333']
frankfurter (bourbon-flavored)	['e6334']
ice cream (flavored with alcoholic beverage)	['e6335']
belgian waffle	['e6336']
chocolate	['e6337']
parsnip (raw)	['e6338']
honeydew melon (raw)	['e6339']
peanut cluster (artificially vanilla- and maple-flavored)	['e6340']
vanilla sugar	['e6341']
pasteurized process cheese spread with chive and spice	['e6342']
cold-pack blue cheese	['e6343']
cream cheese (frozen)	['e6344']
feta cheese	['e6345']
star apple (canned)	['e6346']
fruit in alcohol	['e6347']
banana passionfruit (raw)	['e6348']
fortified wine	['e6349']
ginger wine	['e6350']
wine biscuit	['e6351']
mead	['e6352']
cherry wine	['e6353']
palm wine	['e6354']
field pea (dried, canned)	['e6355']
blackeyed peas with ham (ham fat, and ham broth)	['e6356']
fish fillet (smoked)	['e6357']
fish ball with lobster sauce (canned)	['e6358']
fish ball with shrimp sauce (canned)	['e6359']
haddock fillet (skinless, frozen)	['e6360']
crab and lobster paste	['e6361']
cod fillet (raw)	['e6362']
haddock fillet (raw)	['e6363']
piece(s) of trout meat (frozen)	['e6364']
fish (salted)	['e6365']
perch (raw)	['e6366']
shrimp (peeled, precooked, frozen)	['e6367']
mango shake	['e6368']
mango dairy drink	['e6369']
blueberry conserve	['e6370']
coffee liqueur drink mix (dry)	['e6371']
watermelon jelly	['e6372']
watermelon preserve	['e6373']
watermelon rind (pickled)	['e6374']
watermelon juice	['e6375']
clingstone peach (diced, canned)	['e6376']
banana cream pie	['e6377']
turnip greens (chopped)	['e6378']
cheese enchilada (frozen)	['e6379']
herring tidbit in port wine sauce	['e6380']
herring tidbit in sherry sauce	['e6381']
grape vinegar	['e6382']
blackeyed peas flavored with ham (cooked)	['e6383']
grape wine vinegar	['e6384']
herring fillet in tomato sauce	['e6385']
whey butter	['e6386']
whey (swiss, dried)	['e6387']
confectioner's whey (sweetened, dried)	['e6388']
kummamoto oyster (raw)	['e6389']
oyster cocktail	['e6390']
oyster liquor (frozen)	['e6391']
oyster (pearl, canned)	['e6392']
pike (raw)	['e6393']
eastern pickerel (raw)	['e6394']
blue pike (raw)	['e6395']
walleye (raw)	['e6396']
oyster liquor	['e6397']
japanese oyster (raw)	['e6398']
chinese oyster (raw)	['e6399']
red oyster (raw)	['e6400']
mexican oyster (raw)	['e6401']
coon oyster (raw)	['e6402']
wheat sprout (juice)	['e6403']
wheat fiber	['e6404']
yam (canned)	['e6405']
sardine in oil	['e6406']
grapefruit drink (diluted)	['e6407']
vegetable juice (canned)	['e6408']
fruit pie	['e6409']
chocolate-flavored milk extender	['e6410']
strawberry yogurt	['e6411']
yogurt (artificially flavored)	['e6412']
yogurt with fruit	['e6413']
yogurt (lowfat)	['e6414']
frozen yogurt	['e6415']
frozen yogurt mix	['e6416']
chili pepper (whole or pieces)	['e6417']
whole wheat food product	['e6418']
codfish stick (frozen)	['e6419']
ocean perch fish stick (frozen)	['e6420']
haddock fish stick (frozen)	['e6421']
lake michigan chub (smoked)	['e6422']
cow milk (raw)	['e6423']
cow milk (concentrated, frozen)	['e6424']
skim milk (pasteurized, reconstituted)	['e6425']
cow milk (semi-skimmed)	['e6426']
tomato juice drink	['e6427']
nonfat dry milk (fortified)	['e6428']
kelp relish	['e6429']
cream (sterilized, frozen)	['e6430']
strawberry milk (artificially flavored)	['e6431']
cow milk beverage (flavored)	['e6432']
toaster pastry	['e6433']
milk (powdered, soft curd)	['e6434']
fruit juice (sweetened)	['e6435']
whole milk curd	['e6436']
milkshake	['e6437']
skim milk (calcium-reduced)	['e6438']
cow milk (tuberculin-free)	['e6439']
evaporated skim milk	['e6440']
milk shake mix (liquid)	['e6441']
apricot (artificially sweetened, canned)	['e6442']
peach (artificially sweetened, canned)	['e6443']
citrus fruit (canned)	['e6444']
citrus juice (canned)	['e6445']
saridele	['e6446']
grape beverage syrup	['e6447']
imitation grenadine beverage syrup	['e6448']
strawberry-flavored beverage syrup	['e6449']
boysenberry beverage syrup	['e6450']
scampi (peeled)	['e6451']
asadero cheese	['e6452']
onion dip (dry mix)	['e6453']
spinach (chopped, in butter sauce, canned)	['e6454']
pudding with fruit topping (artificially flavored)	['e6455']
potato peeling (cooked in corn oil)	['e6456']
coffee substitute (made from fruit and vegetable peels)	['e6457']
white rice flour	['e6458']
potato starch	['e6459']
applesauce (canned)	['e6460']
grape sugar	['e6461']
glutinous rice food product	['e6462']
canadian sockeye salmon (canned)	['e6463']
chicken pie	['e6464']
turkey pie	['e6465']
chicken tamale	['e6466']
teething pretzel	['e6467']
banana chip	['e6468']
pomegranate-flavored beverage syrup	['e6469']
apple preserve	['e6470']
apple (sliced, canned)	['e6471']
codfish and chips	['e6472']
fruit (packed in fruit juice)	['e6473']
vegetable (steamed)	['e6474']
fruit butter (artificially sweetened)	['e6475']
fruit (freeze-dried)	['e6476']
pear juice (concentrated, acid-reduced)	['e6477']
orange juice concentrate (frozen, acid-reduced)	['e6478']
apple (sliced, frozen)	['e6479']
peach (dried)	['e6480']
apple (evaporated)	['e6481']
potato (sliced, raw)	['e6482']
turnip (raw)	['e6483']
longan drink	['e6484']
strawberry pie	['e6485']
tortilla	['e6486']
turkey roast	['e6487']
tea (with imitation dried lemon and sugar)	['e6488']
pea soup mix	['e6489']
potato soup mix	['e6490']
coffee (instant, dried dairy product added)	['e6491']
iced tea mix (lemon-flavored)	['e6492']
tea (roasted, dry)	['e6493']
iced tea (lemon-flavored)	['e6494']
rooibos tea (dry)	['e6495']
cheese dip (roquefort-flavored)	['e6496']
salad vegetable (packaged, refrigerated)	['e6497']
smelt (raw)	['e6498']
blueberry beverage syrup	['e6499']
green bean (canned)	['e6500']
black currant syrup	['e6501']
potato syrup	['e6502']
barley syrup	['e6503']
potato (shoestring)	['e6504']
potato (peeled, cut, raw)	['e6505']
dairy topping, whipped	['e6506']
tamale wrapper	['e6507']
cheese cracker sandwich (peanut butter-filled)	['e6508']
pimiento cheese and pickle sandwich spread	['e6509']
pimiento cheese with olives	['e6510']
chicken and turkey salad	['e6511']
pork rind (fried)	['e6512']
anchovy fillet in oil	['e6513']
imitation cheese-flavored cracker sandwich	['e6514']
ching yuen tea (dry)	['e6515']
tit low hon tea (dry)	['e6516']
loong tsing tea (dry)	['e6517']
lichees black tea (dry)	['e6518']
keemun black tea (dry)	['e6519']
souchong-type tea (dry)	['e6520']
hipberry tea mix (dry)	['e6521']
vegetable (boiled)	['e6522']
tempeh (dehydrated)	['e6523']
fish stick (frozen)	['e6524']
tuna fillet (light meat, raw)	['e6525']
fenugreek seed (dried)	['e6526']
ginseng and jasmine tea (instant)	['e6527']
green tea (powdered)	['e6528']
coca tea leaves (food product)	['e6529']
pimiento cheese sandwich spread (low calorie)	['e6530']
chicken (fried)	['e6531']
shrimp (jumbo, french-fried)	['e6532']
cold-pack cheese food with wine	['e6533']
tomato (unpeeled, uncored, canned)	['e6534']
tomato (solid pack, canned)	['e6535']
tomato (sliced, frozen)	['e6536']
spiced cheese (part-skim)	['e6537']
cheese (shredded)	['e6538']
russian tea (dry)	['e6539']
chinese imperial tea (dry)	['e6540']
tea (with maltodextrin, instant)	['e6541']
iced tea mix (grape-flavored, sugar added)	['e6542']
cocklebur tea leaves	['e6543']
iced tea mix (artificially sweetened)	['e6544']
tea (spent)	['e6545']
tea leaf	['e6546']
japanese green tea (dry)	['e6547']
chaparral tea (dry)	['e6548']
sunflower seed flour	['e6549']
mexican tea leaf (dry)	['e6550']
melon seed	['e6551']
rose black china tea (dry)	['e6552']
citrus puree (frozen)	['e6553']
hen egg (dried, fumigated)	['e6554']
crustacean (canned)	['e6555']
brown rice kernel (enriched)	['e6556']
tankage (food product)	['e6557']
skim milk (pasteurized, vitamin a and d fortified, nonfat milk solids added)	['e6558']
bamboo shoot (raw)	['e6559']
cider vinegar	['e6560']
distilled cider vinegar	['e6561']
cider vinegar and distilled cider vinegar mixture	['e6562']
apple wine vinegar	['e6563']
puerto rican yam (raw)	['e6564']
yam (precooked, frozen)	['e6565']
torula yeast (artificially smoke-flavored, dried)	['e6566']
torula yeast (smoked)	['e6567']
torula yeast (artificially bacon-flavored, smoked, dried)	['e6568']
king crab (canned)	['e6569']
snow crab (canned)	['e6570']
tortilla flour	['e6571']
razor clam (canned)	['e6572']
clam (minced, canned)	['e6573']
clam juice	['e6574']
clam broth	['e6575']
clam (butter, raw)	['e6576']
clam (fried)	['e6577']
seaworm (fried)	['e6578']
butter clam (canned)	['e6579']
butter clam (minced, canned)	['e6580']
clam (breaded)	['e6581']
clam strip (breaded, fried)	['e6582']
perch fillet (raw)	['e6583']
fish stick (breaded, cooked, frozen)	['e6584']
herring roe (in brine, canned)	['e6585']
grouper fillet with shrimp and crab meat	['e6586']
trout (frozen)	['e6587']
cisco (smoked)	['e6588']
strawberry (artificially sweetened)	['e6589']
meat (sliced, raw)	['e6590']
durum flour (enriched)	['e6591']
white wheat flour (self-rising)	['e6592']
meat (ground, raw)	['e6593']
sprat (canned)	['e6594']
anchovy in brine	['e6595']
eelpout (raw)	['e6596']
blue catfish (raw)	['e6597']
turbot (raw)	['e6598']
atlantic salmon (raw)	['e6599']
piece of atlantic salmon meat (raw)	['e6599']
weakfish (raw)	['e6600']
mackerel shark (raw)	['e6601']
porbeagle (raw)	['e6602']
channel catfish (raw)	['e6603']
herring roe (raw)	['e6604']
bonita mackerel (raw)	['e6605']
east indian pomfret (raw)	['e6606']
new zealand lobster tail (raw)	['e6607']
groper (raw)	['e6608']
new zealand wreckfish (raw)	['e6609']
snapper (raw)	['e6610']
shark flake	['e6611']
school shark (raw)	['e6612']
mullet (raw)	['e6613']
oyster (shucked, raw)	['e6614']
pacific cod (raw)	['e6615']
atlantic cod (raw)	['e6616']
haddock (raw)	['e6617']
sea trout (raw)	['e6618']
grouper (raw)	['e6619']
bluefin searobin (raw)	['e6620']
trumpeter (raw)	['e6621']
searobin (raw)	['e6622']
jack (raw)	['e6623']
cusk (raw)	['e6624']
mackerel (raw)	['e6625']
dogfish (raw)	['e6626']
sea herring (salted, smoked)	['e6627']
fish (defrosted)	['e6628']
fish sausage (smoked)	['e6629']
flounder (frozen)	['e6630']
fish for seafood salad	['e6631']
fish skin	['e6632']
clam strip (fried)	['e6633']
clam (steamed)	['e6634']
clam (cherrystone, raw)	['e6635']
clam strip (breaded, frozen)	['e6636']
clam bouillon	['e6637']
clam (baby, boiled, frozen)	['e6638']
clam (bay, raw)	['e6639']
clam (minced, water added, frozen)	['e6640']
calico clam (raw)	['e6641']
pollock fillet (frozen)	['e6642']
kipper (frozen)	['e6643']
halibut fillet (frozen)	['e6644']
cod (smoked)	['e6645']
fish spread	['e6646']
pike perch (raw)	['e6647']
halibut (smoked)	['e6648']
menhaden (raw)	['e6649']
fish fillet (with skin, raw, breaded, frozen)	['e6650']
cod fillet (skinless, raw)	['e6651']
cod fillet (frozen)	['e6652']
ocean perch fillet (with skin, breaded, raw)	['e6653']
fish flesh (comminuted)	['e6654']
fish stick (precooked)	['e6655']
shrimp creole (dish)	['e6656']
shrimp pieces (raw)	['e6657']
common whitefish (gutted, raw)	['e6658']
fish fillet (stuffed with crabmeat and shrimp)	['e6659']
river sardine (raw)	['e6660']
herring (packed in brine, canned)	['e6661']
sardinet (raw)	['e6662']
maine sardine (raw)	['e6663']
pacific herring (raw)	['e6664']
american sardine in oil (canned)	['e6665']
sardine in tomato sauce (canned)	['e6666']
round herring (raw)	['e6667']
atlantic sardine (raw)	['e6668']
maine herring (raw)	['e6669']
norwegian herring (raw)	['e6670']
sardine (raw)	['e6671']
atlantic herring (raw)	['e6672']
sea herring (raw)	['e6673']
alewife (raw)	['e6674']
scotch herring (raw)	['e6675']
horse mackerel (raw)	['e6676']
herring in tomato sauce (canned)	['e6677']
sild (raw)	['e6678']
sardine fillet (salt-cured)	['e6679']
sardine fillet (raw)	['e6680']
sardine in mustard sauce	['e6681']
wheat germ (enzyme-deactivated)	['e6682']
american razor clam (raw)	['e6683']
conch (raw)	['e6684']
soft shell clam (shell on, raw)	['e6685']
hard shell clam (shell on, raw)	['e6686']
hard shell clam (shell off, raw)	['e6687']
soft shell clam (shell off, raw)	['e6688']
clam (hard shell, frozen)	['e6689']
clam (soft shell, frozen)	['e6690']
mussel (shucked, raw)	['e6691']
mussel in shell (raw)	['e6692']
clam (baby, raw)	['e6693']
crayfish tail (raw)	['e6694']
deep sea lobster (canned)	['e6695']
langostino (without shell, canned)	['e6696']
royal lobster (raw)	['e6697']
langostino (canned)	['e6698']
langostino (frozen)	['e6699']
pacific oyster (raw)	['e6700']
oyster (japanese, frozen)	['e6701']
oyster (frozen, chemically treated)	['e6702']
eastern oyster (raw)	['e6703']
french oyster (raw)	['e6704']
oyster chowder (condensed)	['e6705']
oyster croquette	['e6706']
oyster stew (canned)	['e6707']
oyster (breaded, frozen)	['e6708']
oyster (molded, breaded)	['e6709']
oyster (pan fry, breaded)	['e6710']
oyster (raw, frozen)	['e6711']
rock oyster (raw)	['e6712']
bluff oyster (raw)	['e6713']
pearl oyster (raw)	['e6714']
spanish lobster (raw)	['e6715']
ornate spiny lobster (raw)	['e6716']
long-legged spiny lobster (raw)	['e6717']
japanese spiny lobster (raw)	['e6718']
painted spiny lobster (raw)	['e6719']
cape lobster (raw)	['e6720']
burger's spiny lobster (raw)	['e6721']
gilchrist's spiny lobster (raw)	['e6722']
parker's spiny lobster (raw)	['e6723']
cape spiny lobster (raw)	['e6724']
rock lobster (raw)	['e6725']
croaker (raw)	['e6726']
land crab (raw)	['e6727']
eliza crab (raw)	['e6728']
snow crab (raw)	['e6729']
hanasaki crab (raw)	['e6730']
korean crab (raw)	['e6731']
japanese crab (raw)	['e6732']
king crab (raw)	['e6733']
clam (pacific coast littleneck, raw)	['e6734']
clam (littleneck, raw)	['e6735']
clam (quahog, raw)	['e6736']
clam (ocean quahog, raw)	['e6737']
creek chub (raw)	['e6738']
chub (raw)	['e6739']
capelin (raw)	['e6740']
blueback herring (raw)	['e6741']
japanese red salmon (raw)	['e6742']
sockeye salmon (raw)	['e6743']
abalone (raw)	['e6744']
yellowtail flounder (raw)	['e6745']
california yellowtail (raw)	['e6746']
oyster (korean, cooked, frozen)	['e6747']
maine oyster (raw)	['e6748']
salmo sea salmon in oil (canned)	['e6749']
chum salmon (raw)	['e6750']
salmon steak (raw)	['e6751']
bear crab (raw)	['e6752']
crab lobster (raw)	['e6753']
escolar (raw)	['e6754']
barracuda (raw)	['e6755']
frigate mackerel (raw)	['e6756']
dover sole (raw)	['e6757']
australian herring (raw)	['e6758']
deep sea lobster (raw)	['e6759']
langostino amarillo (raw)	['e6760']
chiquita crabmeat	['e6761']
spring lobster (raw)	['e6762']
little lobster (raw)	['e6763']
chilean lobster (raw)	['e6764']
lumpfish (raw)	['e6765']
chinchard (raw)	['e6766']
atlantic mackerel (raw)	['e6767']
pacific ocean perch (raw)	['e6768']
cove oyster (raw)	['e6769']
oyster (olympia, raw)	['e6770']
perth herring (raw)	['e6771']
salmo sea salmon (raw)	['e6772']
pompano (raw)	['e6773']
bonito tuna (light meat, raw)	['e6774']
sea bream (raw)	['e6775']
indian pompano (raw)	['e6776']
silver pomfret (raw)	['e6777']
harvestfish (raw)	['e6778']
kahawai (raw)	['e6779']
sea catfish (raw)	['e6780']
snoek (raw)	['e6781']
sole (raw)	['e6782']
atlantic sole (raw)	['e6783']
scrawled sole (raw)	['e6784']
striped sole (raw)	['e6785']
hogchoker (raw)	['e6786']
naked sole (raw)	['e6787']
tasmanian small fry (raw)	['e6788']
whitebait fish (raw)	['e6789']
tasmanian lovettia (raw)	['e6790']
japanese chum salmon (canned)	['e6791']
sei (canned)	['e6792']
rock salmon (raw)	['e6793']
salmon steak (frozen)	['e6794']
white king salmon (smoked)	['e6795']
salmon pattie	['e6796']
salmon croquette	['e6797']
whiting (breaded)	['e6798']
ocean pike (breaded)	['e6799']
oyster (breaded, pan-fried)	['e6800']
langostino imperial (deviled, frozen)	['e6801']
fish (portion cut)	['e6802']
fish (raw, breaded)	['e6803']
coho salmon (raw)	['e6804']
red rambler salmon (raw)	['e6805']
shad (canned)	['e6806']
chum salmon (frozen)	['e6807']
northern anchovy (raw)	['e6808']
pacific sardine (raw)	['e6809']
sild sardine in oil (smoked)	['e6810']
norwegian sardine in oil	['e6811']
norwegian sardine (smoked, packed in oil)	['e6812']
sardine in oil (canned)	['e6813']
maine sardine (packed in oil)	['e6814']
polish herring (raw)	['e6815']
california pilchard (raw)	['e6816']
norwegian sardine (raw)	['e6817']
portugese sardine (boneless, skinless, raw)	['e6818']
river herring (canned)	['e6819']
great lakes sardine (raw)	['e6820']
india sardine (raw)	['e6821']
maine sardine (packed in sild sardine oil, canned)	['e6822']
langostino (raw)	['e6823']
cuban lobster tail (raw)	['e6824']
lobster (whole, precooked, frozen)	['e6825']
american lobster (raw)	['e6826']
lobster tomalley (raw)	['e6827']
rock lobster (cooked)	['e6828']
rock lobster tail meat (cooked)	['e6829']
shovel nose lobster (raw)	['e6830']
bear claw lobster (raw)	['e6831']
rock lobster tail (frozen)	['e6832']
lobster (whole, frozen)	['e6833']
lobster meat (shell on, frozen)	['e6834']
fish for seafood cocktail dip	['e6835']
hake (raw)	['e6836']
langostino (cooked, peeled, frozen)	['e6837']
northern lobster (raw)	['e6838']
blue crab (raw)	['e6839']
louisiana crayfish (raw)	['e6840']
louisiana lobster (raw)	['e6841']
danish lobster tail (raw)	['e6842']
louisiana spiny lobster (raw)	['e6843']
crayfish (raw)	['e6844']
giant freshwater prawn (raw)	['e6845']
deep sea lobster tail (raw)	['e6846']
langostino cream soup	['e6847']
trout (smoked)	['e6848']
kipper	['e6849']
fish stick (french-fried)	['e6850']
fish cocktail spread	['e6851']
pan trout (raw)	['e6852']
shrimp bouillon	['e6853']
fish bouillon with fish balls	['e6854']
fish (deboned)	['e6855']
bacalao (raw)	['e6856']
fish steak (raw)	['e6857']
halibut steak (breaded, frozen)	['e6858']
cod steak (raw)	['e6859']
haddock steak (raw)	['e6860']
eel in savoury jelly	['e6861']
cockle in brine	['e6862']
mussel in brine	['e6863']
smelt (frozen)	['e6864']
ocean perch fillet (raw)	['e6865']
fish fillet (breaded, precooked)	['e6866']
fish fillet (in tomato sauce)	['e6867']
abalone (canned)	['e6868']
fish (breaded, frozen)	['e6869']
perch steak (raw)	['e6870']
langostino bisque	['e6871']
lobster bisque with langostino	['e6872']
rock lobster bisque	['e6873']
langostino soup	['e6874']
lobsterette (raw)	['e6875']
lobsterette soup	['e6876']
lobster meat (cooked, frozen in container)	['e6877']
lobster meat (cooked, refrigerated in container)	['e6878']
striped mullet (raw)	['e6879']
atlantic menhaden (raw)	['e6880']
atlantic round herring (raw)	['e6881']
atlantic thread herring (raw)	['e6882']
sardine (scaled)	['e6883']
flatiron herring (raw)	['e6884']
european pilchard (raw)	['e6885']
spanish sardine (raw)	['e6886']
gulf sardine (raw)	['e6887']
pacific sardine (chunk, canned)	['e6888']
jack mackerel (raw)	['e6889']
african pompano (raw)	['e6890']
bluefin tuna (raw)	['e6891']
southern bluefin tuna (raw)	['e6892']
albacore (raw)	['e6893']
big-eyed tuna (raw)	['e6894']
northern bluefin tuna (raw)	['e6895']
little tunny tuna (raw)	['e6896']
kawakawa tuna (raw)	['e6897']
rainbow trout (raw)	['e6898']
chilean plated lobster (raw)	['e6899']
south pacific plated lobster (raw)	['e6900']
ocean catfish (raw)	['e6901']
summer flounder (raw)	['e6902']
yellowtail (raw)	['e6903']
yellowfin tuna (raw)	['e6904']
sprat (raw)	['e6905']
cooktown salmon (raw)	['e6906']
tasselfish (raw)	['e6907']
wreckfish (raw)	['e6908']
porgy (raw)	['e6909']
anchovy-flavored black olive spread	['e6910']
congor eel (raw)	['e6911']
sweet pepper (strips, canned)	['e6912']
pimiento (sliced, canned)	['e6913']
sweet red bell pepper (strips, canned)	['e6914']
sweet pepper (sliced, canned)	['e6915']
sweet green pepper (sliced, canned)	['e6916']
truffle	['e6917']
shrimp (butterflied, breaded)	['e6918']
game bird meat (raw)	['e6919']
spanish olive (stuffed with spanish sweet pepper)	['e6920']
olive (stuffed)	['e6921']
imitation wild cherry beverage syrup	['e6922']
imitation strawberry beverage syrup	['e6923']
mushroom (home-canned)	['e6924']
mushroom (sliced, in butter sauce, canned)	['e6925']
mushroom (chef-cut, in butter sauce, canned)	['e6926']
mushroom (sliced, with butter and sherry)	['e6927']
mushroom (random cut, raw)	['e6928']
muttonbird (raw)	['e6929']
piece of quail meat (raw)	['e6930']
reindeer sausage	['e6931']
inky cap mushroom (raw)	['e6932']
cod fillet (smoked)	['e6933']
cod composite fillet (skinless, breaded)	['e6934']
sardine in soybean oil (canned)	['e6935']
striped bass (raw)	['e6936']
fish dinner (frozen)	['e6937']
sea snail (canned)	['e6938']
north atlantic lobster (raw)	['e6939']
spiny lobster tail (raw)	['e6940']
langostino colorado (raw)	['e6941']
rock lobster meat (cooked)	['e6942']
lobster leg meat (raw)	['e6943']
calico scallop (raw)	['e6944']
scallop (sea, raw)	['e6945']
scallop (calico bay, raw)	['e6946']
scallop (pacific ocean, raw)	['e6947']
scallop (sea, frozen)	['e6948']
scallop (cape, raw)	['e6949']
scallop (russian, raw)	['e6950']
scallop (deep sea, fried)	['e6951']
scallop (breaded)	['e6952']
scallop (breaded, fried, frozen)	['e6953']
scallop (sea, french-fried)	['e6954']
skate (raw)	['e6955']
brown trout (raw)	['e6956']
chinook salmon (raw)	['e6957']
pink salmon (raw)	['e6958']
salmon (low sodium)	['e6959']
salmon trout (raw)	['e6960']
salmon (cured, smoked)	['e6961']
shrimp cocktail	['e6962']
shrimp (peeled, cooked, frozen)	['e6963']
shrimp (breaded)	['e6964']
shrimp frankfurter	['e6965']
shrimp (breaded, frozen)	['e6966']
shrimp meal	['e6967']
shrimp flour	['e6968']
iceland scallop (raw)	['e6969']
japanese snow crab meat	['e6970']
arctic crabmeat	['e6971']
japanese crabmeat	['e6972']
zuwai crab (raw)	['e6973']
kegani crab (raw)	['e6974']
tanner crab (raw)	['e6975']
rock crab (raw)	['e6976']
red king crab (raw)	['e6977']
blue king crab (raw)	['e6978']
crabmeat (pasteurized, canned)	['e6979']
japanese crabmeat (canned)	['e6980']
dungeness crab (raw)	['e6981']
crab spread	['e6982']
crab paste	['e6983']
crabmeat (dressed, artificially colored)	['e6984']
crab finger	['e6985']
crab (in shell, cooked, frozen)	['e6986']
crabmeat (pasteurized)	['e6987']
chilean king crab (raw)	['e6988']
fish flakes	['e6989']
oriental blue crabmeat (frozen)	['e6990']
crab cake (cooked)	['e6991']
oriental blue crab (raw)	['e6992']
hairy crab (raw)	['e6993']
crabmeat (shredded)	['e6994']
crabmeat (cooked, frozen)	['e6995']
crabmeat (canned, frozen)	['e6996']
atlantic queen crab (raw)	['e6997']
crab imperial (dish, served in shell)	['e6998']
stuffed crab (dish)	['e6999']
crab imperial (dish)	['e7000']
queen crab (raw)	['e7001']
crab (deviled, with flounder flakes)	['e7002']
conger eel (raw)	['e7003']
scorpionfish (raw)	['e7004']
flying fish (raw)	['e7005']
wrasse (raw)	['e7006']
shrimp (headless, raw, frozen)	['e7007']
shrimp (peeled, raw)	['e7008']
shrimp (peeled, cooked)	['e7009']
shellfish (raw)	['e7010']
shellfish (raw, frozen)	['e7011']
fish block (minced)	['e7012']
pollock and deep sea crab blend	['e7013']
pufferfish (raw)	['e7014']
tiger fugu fish (raw)	['e7015']
sardine larva (semidried, boiled)	['e7016']
scallop (bay, raw)	['e7017']
ling (raw)	['e7018']
shellfish (cooked, frozen)	['e7019']
sea snail (raw)	['e7020']
clam (surf, raw)	['e7021']
clam (minced, raw)	['e7022']
shellfish (frozen)	['e7023']
alaskan shrimp (breaded)	['e7024']
scampi (raw)	['e7025']
shrimp (japanese, deveined, canned)	['e7026']
shrimp (wet-pack, canned)	['e7027']
shrimp (raw, peeled, deveined, frozen)	['e7028']
shrimp pieces (breaded)	['e7029']
fantail shrimp (raw, breaded, frozen)	['e7030']
shrimp creole with buttered rice	['e7031']
shrimp (undeveined, raw)	['e7032']
freshwater shrimp (raw)	['e7033']
fish flesh (gill area, raw)	['e7034']
fish tail (raw)	['e7035']
oyster stew	['e7036']
chilean abalone (raw)	['e7037']
south american abalone (raw)	['e7038']
whiting (smoked)	['e7039']
spotted fish (fried, canned)	['e7040']
shrimp and fish frankfurter	['e7041']
california corbina (raw)	['e7042']
drum (fish, raw)	['e7043']
fish pudding	['e7044']
oyster (in shell, raw)	['e7045']
clam (stuffed)	['e7046']
mahi mahi (raw)	['e7047']
mussel (stuffed)	['e7048']
pacific blue marlin (raw)	['e7049']
fish (smoke-flavored)	['e7050']
snail (canned)	['e7051']
snail (in shell, canned)	['e7052']
snail shell	['e7053']
snail (with shell, precooked, frozen)	['e7054']
yellowtail (canned)	['e7055']
tuna (light meat, canned)	['e7056']
bonito tuna (canned)	['e7057']
tuna in agar jelly (diced, canned)	['e7058']
tuna (frozen)	['e7059']
swordfish (frozen)	['e7060']
skipjack tuna (raw)	['e7061']
atlantic skipjack (raw)	['e7062']
yellowtail tuna (in cottonseed oil, smoked)	['e7063']
tuna in jelly (canned)	['e7064']
tuna (spiced in jelly, canned)	['e7065']
tuna (pressed)	['e7066']
tuna loaf	['e7067']
tuna (packed in brine, canned)	['e7068']
tuna (packed in water, canned)	['e7069']
hard shell clam (raw)	['e7070']
scallop (queen, raw)	['e7071']
scallop roe (raw)	['e7072']
oyster (frozen on half-shell)	['e7073']
mussel (on half shell, frozen)	['e7074']
select oyster (raw)	['e7075']
oyster (standard, raw)	['e7076']
count oyster (raw)	['e7077']
rock shell snail (raw)	['e7078']
top shell snail (raw)	['e7079']
cockle (cooked, frozen)	['e7080']
belon oyster (raw)	['e7081']
mussel (stuffed, on half shell)	['e7082']
clam (shell on, raw)	['e7083']
cockle (new zealand, raw)	['e7084']
cockle (common, raw)	['e7085']
cockle (european, raw)	['e7086']
mollusc (raw)	['e7087']
mollusc (raw, frozen)	['e7088']
soft shell clam (raw)	['e7089']
korean oyster (raw)	['e7090']
giant owl limpet (raw)	['e7091']
keyhole limpet (raw)	['e7092']
shrimp (dried)	['e7093']
oyster (korean, frozen)	['e7094']
mussel (raw, frozen)	['e7095']
flatfish (raw)	['e7096']
california halibut (raw)	['e7097']
witch flounder (raw)	['e7098']
butter sole (raw)	['e7099']
sea bass (raw)	['e7100']
sea bass fillet (raw)	['e7101']
red grouper (raw)	['e7102']
snapper fillet (raw)	['e7103']
grouper fillet (raw)	['e7104']
pacific crayfish (raw)	['e7105']
lichen (food product)	['e7106']
shrimp log (breaded)	['e7107']
okra shrimp gumbo mix	['e7108']
seafood gumbo mix	['e7109']
shrimp (western-style, breaded)	['e7110']
creole base (shrimp-flavored)	['e7111']
shrimp log	['e7112']
shrimp cutlet (breaded, frozen)	['e7113']
shrimp log (breaded, frozen)	['e7114']
shrimpburger made from fish (frozen)	['e7115']
green shrimp (headless, raw)	['e7116']
shrimp roe (raw)	['e7117']
rock shrimp (raw, headless, frozen)	['e7118']
rock shrimp (raw)	['e7119']
spring water lobster (raw)	['e7120']
shrimp (spring water, raw)	['e7121']
emperor shrimp (raw)	['e7122']
freshwater shrimp (frozen)	['e7123']
shrimp (head on, frozen)	['e7124']
shrimp (cooked, frozen)	['e7125']
blue runner (raw)	['e7126']
crab (deviled, with cod flakes)	['e7127']
crabmeat (claw)	['e7128']
crab (deviled, shrimp added, in aluminum shell)	['e7129']
spider crab (raw)	['e7130']
antarctic centolla crab (raw)	['e7131']
red crab (raw)	['e7132']
alaska snow crab (raw)	['e7133']
blue swimmer crab (raw)	['e7134']
western pacific crab (raw)	['e7135']
golden king crab (raw)	['e7136']
crabmeat (flaked)	['e7137']
crabmeat (lump)	['e7138']
crabmeat (special)	['e7139']
south atlantic king crab (raw)	['e7140']
japanese deep sea crab (raw)	['e7141']
stone crab (raw)	['e7142']
chilean stone crab (raw)	['e7143']
red snapper fillet (frozen)	['e7144']
red spotted snapper (raw)	['e7145']
gray snapper (raw)	['e7146']
queen snapper (raw)	['e7147']
mutton snapper (raw)	['e7148']
spiny dogfish (canned)	['e7149']
icelandic lichen (food product)	['e7150']
flounder fillet (skinless, frozen)	['e7151']
cusk eel (raw)	['e7152']
flying fish (frozen)	['e7153']
gray bass (raw)	['e7154']
sheepshead (raw)	['e7155']
freshwater drum (raw)	['e7156']
freshwater sheepshead (raw)	['e7157']
schillerlocken	['e7158']
spiny dogfish (raw)	['e7159']
dogfish (sliced, smoked, packed in oil)	['e7160']
persian grouper (raw)	['e7161']
tauvina grouper (raw)	['e7162']
big scale mackerel (raw)	['e7163']
pacific queen fish (raw)	['e7164']
queenfish (raw)	['e7165']
indian ocean flounder (raw)	['e7166']
japanese flounder (raw)	['e7167']
tuna (white, canned)	['e7168']
eel bone (fried)	['e7169']
argentine grouper (raw)	['e7170']
argentine sea bass (raw)	['e7171']
greenland turbot (raw)	['e7172']
mexican flounder (raw)	['e7173']
herring in wine sauce	['e7174']
herring in wine sauce concentrate	['e7175']
herring tidbit in wine sauce	['e7176']
swedish herring in wine sauce	['e7177']
blue runner fillet (raw)	['e7178']
jurel (green jack) (raw)	['e7179']
pacific mackerel (raw)	['e7180']
mackerel (canned)	['e7181']
jewfish fillet (raw)	['e7182']
kippered salmon	['e7183']
mullet (smoked)	['e7184']
mullet (canned)	['e7185']
jewfish (raw)	['e7186']
mullet fillet (canned)	['e7187']
scotch kipper fillet	['e7188']
white croaker (raw)	['e7189']
red snapper (raw)	['e7190']
peruvian fish (raw)	['e7191']
freshwater mullet (raw)	['e7192']
springer fish (raw)	['e7193']
brazilian corvina (raw)	['e7194']
rock cod (raw)	['e7195']
humpback snapper (raw)	['e7196']
carribean red snapper (raw)	['e7197']
blackfin snapper (raw)	['e7198']
malabar red snapper (raw)	['e7199']
malabar red snapper fillet (raw)	['e7200']
west coast snapper (raw)	['e7201']
emperor snapper (raw)	['e7202']
red snapper fillet (raw)	['e7203']
spotted rose snapper (raw)	['e7204']
silk snapper (raw)	['e7205']
taiwan red snapper (raw)	['e7206']
widow rockfish (raw)	['e7207']
yellowtail rockfish (raw)	['e7208']
chilipepper rockfish meat (raw)	['e7209']
cowcod (raw)	['e7210']
black rockfish (raw)	['e7211']
vermillion rockfish (raw)	['e7212']
speckled rockfish (raw)	['e7213']
bocaccio rockfish (raw)	['e7214']
canary rockfish (raw)	['e7215']
yelloweye rockfish (raw)	['e7216']
bank rockfish (raw)	['e7217']
olive rockfish (raw)	['e7218']
yellow pargo (raw)	['e7219']
john's snapper (raw)	['e7220']
yellowstreaked snapper (raw)	['e7221']
pacific snapper (raw)	['e7222']
thornyhead (raw)	['e7223']
labrador redfish (raw)	['e7224']
colorado snapper (raw)	['e7225']
tuna (white, solid pack, canned in water)	['e7226']
tuna (lemon-flavored, canned)	['e7227']
tuna (white, solid pack, canned)	['e7228']
tuna frankfurter	['e7229']
tuna fillet (raw)	['e7230']
tuna (solid pack, canned in olive oil)	['e7231']
tuna pate in sherry wine	['e7232']
bonito (canned)	['e7233']
albacore (solid-pack, canned)	['e7234']
blackfin tuna (raw)	['e7235']
tuna (packed in water, seasoned with oil, canned)	['e7236']
canadian bass (raw)	['e7237']
mussel (sea, raw)	['e7238']
pollock (smoked)	['e7239']
bonito (packed in oil, canned)	['e7240']
cod fillet (smoked, frozen)	['e7241']
fish stick in armoricaine sauce	['e7242']
stockfish (soaked)	['e7243']
ocean fillet (raw)	['e7244']
delta crayfish (raw)	['e7245']
cuttlefish (sliced, seasoned, dried)	['e7246']
catfish fillet (frozen)	['e7247']
cusk fillet (frozen)	['e7248']
catfish stick	['e7249']
cod fillet in dill butter sauce	['e7250']
fish and chips	['e7251']
freshwater catfish (breaded)	['e7252']
cabezon (raw)	['e7253']
australian cod (raw)	['e7254']
red cod (raw)	['e7255']
fish fillet (breaded)	['e7256']
hake fillet (breaded)	['e7257']
bream (raw)	['e7258']
golden snapper (raw)	['e7259']
turbot fillet (raw)	['e7260']
ocean sole (raw)	['e7261']
cape hake fillet (raw)	['e7262']
cape hake (raw)	['e7263']
fish fillet (whitemeat, skinless, raw)	['e7264']
atlantic halibut (raw)	['e7265']
pacific halibut (raw)	['e7266']
halibut (raw)	['e7267']
haddock tail (raw)	['e7268']
cod tail (raw)	['e7269']
whiting (raw)	['e7270']
greenland turbot fillet (raw)	['e7271']
halibut fillet (raw)	['e7272']
argentine hake (raw)	['e7273']
hake fillet (raw)	['e7274']
halibut steak (breaded)	['e7275']
halibut fritter (breaded)	['e7276']
northern flounder (raw)	['e7277']
kippered herring fillet	['e7278']
herring (fried)	['e7279']
holland herring	['e7280']
rollmop (artificially sweetened)	['e7281']
greenland turbot (frozen)	['e7282']
herring fillet (smoked, and vegetables)	['e7283']
herring tidbit (raw)	['e7284']
flounder fillet (raw)	['e7285']
sucker (raw)	['e7286']
milkfish (raw)	['e7287']
salmon herring	['e7288']
spanish mackerel (raw)	['e7289']
orange roughy (raw)	['e7290']
roughy (raw)	['e7291']
john dory (raw)	['e7292']
limpet (raw)	['e7293']
blow fish (raw)	['e7294']
northern puffer (raw)	['e7295']
ray's bream (raw)	['e7296']
ray's bream (canned)	['e7297']
icelandic ocean perch (raw)	['e7298']
northern pike (raw)	['e7299']
arctic pike (raw)	['e7300']
pike quenelles (canned)	['e7301']
pike fillet (raw)	['e7302']
ocean pike (raw)	['e7303']
rockfish fillet (raw)	['e7304']
white trevally (raw)	['e7305']
pacific ocean perch fillet (raw)	['e7306']
perch fillet (raw, frozen)	['e7307']
paddlefish (raw)	['e7308']
brazilian pompano (raw)	['e7309']
alaska pollock (raw)	['e7310']
ocean pout (raw)	['e7311']
porgy fillet (raw)	['e7312']
chicken (breaded and fried, homemade)	['e7313']
australian sea bream (raw)	['e7314']
trevally (raw)	['e7315']
sand perch (raw)	['e7316']
salt water catfish (raw)	['e7317']
burbot (raw)	['e7318']
lingcod (raw)	['e7319']
red porgy (raw)	['e7320']
atlantic croaker (raw)	['e7321']
black crappie (raw)	['e7322']
red kingklip (raw)	['e7323']
california sea bass (raw)	['e7324']
white bass (raw)	['e7325']
brazilian catfish (raw)	['e7326']
corvina (raw)	['e7327']
barnacle (giant, raw)	['e7328']
golden kingklip (raw)	['e7329']
southern cod (raw)	['e7330']
south american catfish (raw)	['e7331']
hawkfish (raw)	['e7332']
brazilian duckbill (raw)	['e7333']
silverside (raw)	['e7334']
smooth dogfish (raw)	['e7335']
angel shark (raw)	['e7336']
blue mussel (raw)	['e7337']
herring tidbit in matjes sauce	['e7338']
european turbot (raw)	['e7339']
thread herring (raw)	['e7340']
white hake (raw)	['e7341']
pacific thread herring (raw)	['e7342']
hoki (raw)	['e7343']
milker herring	['e7344']
herring fillet (pickled, skinless)	['e7345']
red hake (raw)	['e7346']
pacific whiting (raw)	['e7347']
nile perch (raw)	['e7348']
tilapia (raw)	['e7349']
pollock (mashed)	['e7350']
sauger pike (raw)	['e7351']
atlantic pollock (raw)	['e7352']
snowfish (raw)	['e7353']
white mullet (raw)	['e7354']
fantail mullet (raw)	['e7355']
lisita (raw)	['e7356']
trench mullet (raw)	['e7357']
trout fillet (raw)	['e7358']
sea trout (raw, frozen)	['e7359']
sea trout fillet (raw)	['e7360']
turbot fillet (raw, skinless)	['e7361']
pollock fillet (skinless, raw)	['e7362']
tautog (raw)	['e7363']
turbot (frozen)	['e7364']
tapenade provencale	['e7365']
rouille marseillaise	['e7366']
sturgeon with tomato	['e7367']
cod liver in natural oil	['e7368']
crayfish concentrate (freeze-dried for fish feed)	['e7369']
european john dory (raw)	['e7370']
silver carp (raw)	['e7371']
common sole (raw)	['e7372']
english sole (raw)	['e7373']
sole fillet (raw)	['e7374']
winter flounder (raw)	['e7375']
dab (raw)	['e7376']
petrale sole (raw)	['e7377']
rock sole (raw)	['e7378']
rex sole (raw)	['e7379']
sand sole (raw)	['e7380']
arrowtooth flounder (raw)	['e7381']
slender sole (raw)	['e7382']
pacific sole (raw)	['e7383']
seabob (raw)	['e7384']
pacific saury (raw)	['e7385']
devilfish fillet (breaded)	['e7386']
squid fillet (breaded)	['e7387']
devilfish (raw)	['e7388']
squid (giant, raw)	['e7389']
devil ray (raw)	['e7390']
south atlantic whitefish (raw)	['e7391']
argentine fish fillet (raw)	['e7392']
shee fish (canned)	['e7393']
alaska white salmon (raw)	['e7394']
arctic white salmon (raw)	['e7395']
inconnu (raw)	['e7396']
humpback whitefish (raw)	['e7397']
lake salmon (raw)	['e7398']
snook (raw)	['e7399']
magellan smelt (raw)	['e7400']
chilean grunt (raw)	['e7401']
cockle (canned)	['e7402']
cockle (spiny, raw)	['e7403']
clam (venus, raw)	['e7404']
cisco (raw)	['e7405']
common whitefish fillet (raw)	['e7406']
lake superior bluefin fillet (raw)	['e7407']
atlantic wolffish (raw)	['e7408']
whiting fillet (raw)	['e7409']
new zealand pompano (raw)	['e7410']
wahoo (raw)	['e7411']
whiting (frozen)	['e7412']
jack salmon (raw)	['e7413']
hake fillet (frozen)	['e7414']
blue warehou (raw)	['e7415']
southern blue whiting (raw)	['e7416']
poutassou (raw)	['e7417']
pacific silver hake (raw)	['e7418']
whiting fillet (frozen)	['e7419']
pearl millet kernel (raw)	['e7420']
triticale pancake	['e7421']
filbert nut (shell off)	['e7422']
pine nut kernel (raw)	['e7423']
cooking spray (nonstick)	['e7424']
cheese filling	['e7425']
fat substitute made from egg white and/or milk protein	['e7426']
colorado perch (raw)	['e7427']
african freshwater cichlid (raw)	['e7428']
florida lake perch (raw)	['e7429']
atlantic steelhead (raw)	['e7430']
fish fillet (breaded, frozen)	['e7431']
tilapia (breaded)	['e7432']
cherry snapper (raw)	['e7433']
pudding (sugar-free, instant)	['e7434']
poultry carcass	['e7435']
baby carrot root (raw)	['e7436']
carrot root ((whole or pieces), raw)	['e7437']
bulk grain	['e7438']
coffee (instant, with natural chicory flavor extract)	['e7439']
gefilte fish in jelled broth (canned)	['e7440']
frosted mini-wheat cereal	['e7441']
rice krispies cereal	['e7442']
white grape juice	['e7443']
betel nut (with anise seed, flavored, sweetened)	['e7444']
shark meat (frozen)	['e7445']
white kidney bean	['e7446']
korean red ginseng drink	['e7447']
saithe fillet (with skin, raw)	['e7448']
pollock fillet (with skin, raw)	['e7449']
garfish (raw)	['e7450']
atlantic saury (raw)	['e7451']
saury fillet in olive oil (salt-cured)	['e7452']
north pacific sole (raw)	['e7453']
flying squid (raw)	['e7454']
horse fish (raw)	['e7455']
skilfish (raw)	['e7456']
spotted stargazer (raw)	['e7457']
roughscale sole (raw)	['e7458']
butterfish (raw)	['e7459']
sablefish (raw)	['e7460']
sauger fillet (raw)	['e7461']
codfish loaf	['e7462']
codfish loaf (minced)	['e7463']
dogfish shark (raw)	['e7464']
ravioli dough	['e7465']
oxtail soup (thickened)	['e7466']
meat in tomato sauce	['e7467']
onion soup mix	['e7468']
chicken-flavored vegetable noodle soup	['e7469']
vegetable soup mix (dried)	['e7470']
new zealand surf clam (raw)	['e7471']
lentil soup	['e7472']
wild duck consommé with sherry wine	['e7473']
deer meat steak (chopped, raw)	['e7474']
reindeer steak (chopped)	['e7475']
reindeer meat (canned)	['e7476']
piece of ostrich meat (raw)	['e7477']
piece of zebra meat (raw)	['e7478']
partridge (canned)	['e7479']
meat trimming	['e7480']
meat and bone scrap	['e7481']
grouse in wine sauce	['e7482']
grouse meat (raw)	['e7483']
rattlesnake meat (smoked, canned)	['e7484']
water buffalo (ground, pattie)	['e7485']
water buffalo jerky	['e7486']
ginseng root (raw)	['e7487']
squash pie	['e7488']
greengage plum (candied)	['e7489']
bushberry (raw)	['e7490']
skim milk (pasteurized, homogenized)	['e7491']
cherry nectar	['e7492']
port nectar	['e7493']
piece of lamb meat (raw)	['e7494']
candied cherry on a wire	['e7495']
anchovy paste (colored with iron oxide)	['e7496']
pudding (rum-flavored)	['e7497']
hen egg extender (artificially colored)	['e7498']
fruit preserves (artificially sweetened)	['e7499']
raspberry spread (artificially sweetened)	['e7500']
fruit (raw, frozen)	['e7501']
crabmeat (pasteurized, canned, frozen)	['e7502']
apple wine (carbonated)	['e7503']
fountain syrup	['e7504']
wheat (ground)	['e7505']
raspberry spread	['e7506']
apple pastry	['e7507']
herring fillet (raw)	['e7508']
dandelion beverage (roasted, instant)	['e7509']
bullhead (raw)	['e7510']
eel (raw)	['e7511']
potato (sliced, dehydrated)	['e7512']
cape spiny lobster meat (canned)	['e7513']
herring fillet in lemon-flavored sauce	['e7514']
club cracker	['e7515']
peanut (skin off, salted)	['e7516']
skim milk (low sodium)	['e7517']
evaporated milk (canned, fortified)	['e7518']
dairy drink (sterilized)	['e7519']
cottage cheese (creamed, acidified)	['e7520']
cow buttermilk flake	['e7521']
rat meat (canned)	['e7522']
cow milk (lactose-reduced)	['e7523']
lowfat cow milk (fortified, ultrapasteurized)	['e7524']
goat and cow milk	['e7525']
white potato (raw)	['e7526']
passion fruit (raw)	['e7527']
ptarmigan (raw)	['e7528']
mushroom (creamed)	['e7529']
cabbage (pickled)	['e7530']
marlin (raw)	['e7531']
peppermint tea (dry)	['e7532']
neufchatal cheese	['e7533']
ground beef patty (frozen)	['e7534']
french vanilla ice cream	['e7535']
green tomato (raw)	['e7536']
rutabaga (raw)	['e7537']
vinegar blend	['e7538']
smoked meat	['e7539']
pear tomato (canned)	['e7540']
tomatillo (raw)	['e7541']
cheese for manufacturing use	['e7542']
shrimp (whole and broken, canned)	['e7543']
shrimp (tiny, peeled, cooked, frozen)	['e7544']
teething biscuit	['e7545']
onion (fried, dehydrated)	['e7546']
yellow summer squash (raw)	['e7547']
apple apricot spread	['e7548']
apple-strawberry spread	['e7549']
orange yogurt	['e7550']
prune whip yogurt	['e7551']
broccoli au gratin	['e7552']
canadian sardine (raw)	['e7553']
sardine in olive oil (canned)	['e7554']
mackerel (salted)	['e7555']
soybean oil (flavored with extract from lobster shell)	['e7556']
chilean langostino newberg (dish)	['e7557']
lobster meat (shell on, raw)	['e7558']
kanda (raw)	['e7559']
liza (fish) (raw)	['e7560']
bonito (raw)	['e7561']
striped spiny lobster (raw)	['e7562']
dromia-eliza snow crab (raw)	['e7563']
tuna (light meat, raw)	['e7564']
shark (raw)	['e7565']
clam (minced, breaded, frozen)	['e7566']
scallop (canned)	['e7567']
lake trout fillet (raw)	['e7568']
brook trout (raw)	['e7569']
salmo salmon (raw)	['e7570']
lake perch (raw)	['e7571']
sunshine snapper (raw)	['e7572']
butterball fish (raw)	['e7573']
mouthbrooder fish (raw)	['e7574']
shrimp (pacific, canned)	['e7575']
king crab (frozen)	['e7576']
gafftopsail catfish (raw)	['e7577']
imitation smoked salmon made from pollock	['e7578']
peruvian sea bass (raw)	['e7579']
starry flounder (raw)	['e7580']
atlantic halibut fillet (raw)	['e7581']
salmon spread	['e7582']
common whitefish (fillets and bits, raw)	['e7583']
cod (semiboneless fillet, raw)	['e7584']
tea (dry, caffeine-reduced)	['e7585']
peach and yogurt (infant food)	['e7586']
mushroom (debrined)	['e7587']
job's tears kernel (dried)	['e7588']
finnan haddie	['e7589']
barley flour	['e7590']
haddock croquette	['e7591']
rock lobster (cooked, frozen)	['e7592']
shrimp (dried, canned)	['e7593']
soybean (finely ground)	['e7594']
soybean and cheese whey blend (powdered)	['e7595']
tofu food product	['e7596']
grouper fillet (frozen)	['e7597']
tuna (solid pack, canned in oil)	['e7598']
tuna (solid pack, canned in water)	['e7599']
gulf oyster (raw)	['e7600']
oyster stew base	['e7601']
oyster (smoked, canned)	['e7602']
oyster in brine (canned)	['e7603']
stewart island oyster (raw)	['e7604']
tuna in sauce	['e7605']
salmo salmon end cuts and pieces (raw)	['e7606']
salmo salmon (tips and tails, raw)	['e7607']
tua tua (raw)	['e7608']
green mussel (raw)	['e7609']
pacific ocean snapper (raw)	['e7610']
wheat powder	['e7611']
muskmelon (raw)	['e7612']
fish paste (phillipine)	['e7613']
salmon (cured, unsmoked)	['e7614']
sardine (chunk light, canned)	['e7615']
millet seed (dried)	['e7616']
velvet bean (raw)	['e7617']
gingelly oil	['e7618']
potato meal	['e7619']
eggplant (raw)	['e7620']
king mackerel (raw)	['e7621']
butterfly mackerel (raw)	['e7622']
otaheite gooseberry (raw)	['e7623']
baby ginger (thermally processed)	['e7624']
eggplant (cooked)	['e7625']
colza (food product)	['e7626']
palm juice	['e7627']
flaxseed (raw)	['e7628']
moth bean	['e7629']
amaranth seed (raw)	['e7630']
surgeonfish (raw)	['e7631']
bar jack (raw)	['e7632']
seafood sushi	['e7633']
fish (sliced, vegetable added, raw)	['e7634']
puffer roe pickled in rice bran	['e7635']
wine cooler popsicle	['e7636']
unicorn filefish (raw)	['e7637']
leatherjacket (raw)	['e7638']
filefish (raw)	['e7639']
wheat breakfast cereal	['e7640']
brewers maize	['e7641']
turkey white meat (raw)	['e7642']
coconut custard	['e7643']
beef (cooked)	['e7644']
mustard oil press cake	['e7645']
duckling	['e7646']
sweet potato chip	['e7647']
hyacinth bean	['e7648']
safflower seed (raw)	['e7649']
sunflower (raw)	['e7650']
jicama tuber (raw)	['e7651']
sweet pea (raw)	['e7652']
loquat food product	['e7653']
pinto bean	['e7654']
soyflake (defatted, toasted)	['e7655']
pink grapefruit juice	['e7656']
grapefruit juice (diluted)	['e7657']
sunflower meal	['e7658']
white cornmeal	['e7659']
ginger root (dried)	['e7660']
turmeric root (dried)	['e7661']
liver (raw)	['e7662']
white corn grits	['e7663']
almond (shell off)	['e7664']
cashew nut (shell off, raw)	['e7665']
red kidney bean	['e7666']
malt root	['e7667']
star anise fruit (dried)	['e7668']
field corn kernel (raw)	['e7669']
olive (canned)	['e7670']
fruit juice drink (carbonated)	['e7671']
coconut (grated)	['e7672']
cowpea for animal feed	['e7673']
pineapple (dried)	['e7674']
taro root (raw)	['e7675']
coconut (dried, grated, smoked)	['e7676']
green bean (strained)	['e7677']
pear (strained)	['e7678']
pea (strained)	['e7679']
squash (strained)	['e7680']
shrimp paste	['e7681']
khoa	['e7682']
white fonio seed (raw)	['e7683']
peanut (skin off, salted, roasted)	['e7684']
teleme cheese	['e7685']
chocolate-covered peanut	['e7686']
sorghum malt	['e7687']
orange (raw)	['e7688']
field corn (ground)	['e7689']
cowpea (raw)	['e7690']
taro leaf (raw)	['e7691']
coffee bean (green)	['e7692']
cottonseed (shelled)	['e7693']
peanut meal (deoiled)	['e7694']
peanut meal (raw)	['e7695']
ginger root (raw)	['e7696']
citrus waste (dried)	['e7697']
morocco bean	['e7698']
china bean	['e7699']
coconut oil press cake	['e7700']
tea bun	['e7701']
beef (baked)	['e7702']
whole oats (raw)	['e7703']
peanut oil	['e7704']
rhubarb stalk (raw)	['e7705']
coconut (whole or pieces)	['e7706']
bajra millet meal	['e7707']
peanut shell	['e7708']
peanut fodder	['e7709']
rice powder	['e7710']
soya press cake	['e7711']
kidney bean cake	['e7712']
oat straw	['e7713']
red clover (raw)	['e7714']
cream of wheat (dry)	['e7715']
palm kernel oil press cake	['e7716']
celery flakes	['e7717']
adzuki bean flour	['e7718']
kidney bean flour	['e7719']
sausage (fermented)	['e7720']
grain mash	['e7721']
sorghum kernel (dried)	['e7722']
field corn kernel (dried)	['e7723']
fish (dried)	['e7724']
silver catfish (raw)	['e7725']
african mudfish (raw)	['e7726']
moonfish (raw)	['e7727']
snakehead (raw)	['e7728']
neet fish (smoked)	['e7729']
yam flour	['e7730']
duckling mash	['e7731']
yellow dent corn kernel (raw)	['e7732']
copra meal	['e7733']
peanut (press cake)	['e7734']
california valencia orange (raw)	['e7735']
tomato (raw)	['e7736']
pepper (raw)	['e7737']
country ham	['e7738']
polkudu	['e7739']
tamarind pod (raw)	['e7740']
black gram bean	['e7741']
mustard spice	['e7742']
parsley flake	['e7743']
hard red spring kernel	['e7744']
fennel seed (dried)	['e7745']
white lupine (raw)	['e7746']
scotch bean	['e7747']
linseed press cake	['e7748']
poultry seasoning (dry)	['e7749']
veal steak (raw)	['e7750']
pork tenderloin (raw)	['e7751']
veal stew	['e7752']
pork (ground or minced)	['e7753']
jam	['e7754']
jam (reduced sugar)	['e7755']
filbert meal	['e7756']
sorghum kernel	['e7757']
buckwheat noodle	['e7758']
buckwheat flour	['e7759']
rice cake	['e7760']
rice bean	['e7761']
sunflower seed (shell off)	['e7762']
food made from cottonseed	['e7763']
bacon (smoked)	['e7764']
peanut feed	['e7765']
soybean paste	['e7766']
soybean mass (fermented)	['e7767']
soybean paste (fermented)	['e7768']
fermented bean product	['e7769']
romadur cheese	['e7770']
kidney bean (raw)	['e7771']
filbert nut (raw)	['e7772']
cow skim milk (powdered)	['e7773']
fundu nut	['e7774']
soybean-koji	['e7775']
tapioca chip	['e7776']
lotus seed (dried)	['e7777']
fish (fermented)	['e7778']
squash curry	['e7779']
ridge gourd (raw)	['e7780']
beef curry	['e7781']
fish curry	['e7782']
plaa tuu	['e7783']
doliches bean	['e7784']
lupine seed meal	['e7785']
sheep kidney (raw)	['e7786']
rapeseed meal	['e7787']
coconut oil	['e7788']
coconut meal	['e7789']
palm kernel (feed)	['e7790']
potato crisp	['e7791']
apricot seed (food product)	['e7792']
great northern bean	['e7793']
pink bean	['e7794']
pork liver (frozen)	['e7795']
horsemeat (frozen)	['e7796']
peppercorn	['e7797']
cassia spice	['e7798']
squid raw	['e7799']
lizard (dried)	['e7800']
goat milk (ultra-pasteurized)	['e7801']
mushroom fruitbody (dried)	['e7802']
quiche lorraine	['e7803']
quiche with imitation bacon bits	['e7804']
dill leaf (raw)	['e7805']
koshou	['e7806']
licorice root	['e7807']
chinese cabbage head (raw)	['e7808']
cauliflower leaf (raw)	['e7809']
radish leaf (raw)	['e7810']
summer squash (raw)	['e7811']
green garlic powder	['e7812']
coffee bean (roasted, finely ground)	['e7813']
shrimp (powdered)	['e7814']
rapeseed (dried)	['e7815']
ryegrass	['e7816']
linseed seed	['e7817']
seafood (raw)	['e7818']
sea cucumber (salted)	['e7819']
lamb's quarter leaf (raw)	['e7820']
purslane leaf (raw)	['e7821']
sorrel leaf (raw)	['e7822']
sesame meal	['e7823']
kohlrabi stem (raw)	['e7824']
cassava flour	['e7825']
plantain (raw)	['e7826']
kola nut (raw)	['e7827']
mountain ash berry	['e7828']
millet flour	['e7829']
milk (powdered, freeze-dried)	['e7830']
groundsel leaf (raw)	['e7831']
chianti wine	['e7832']
red plum (raw)	['e7833']
plantain (boiled)	['e7834']
plantain (green)	['e7835']
carp (raw)	['e7836']
hen egg white (raw)	['e7837']
timothy fodder silage	['e7838']
meadow fescue fodder silage	['e7839']
red clover and timothy fodder silage	['e7840']
frankfurter (charcoal-broiled)	['e7841']
frankfurter (oven-baked)	['e7842']
frankfurter (fried)	['e7843']
frankfurter (boiled)	['e7844']
chicken thigh (raw)	['e7845']
chicken thigh (charcoal-broiled)	['e7846']
chicken thigh (microwaved)	['e7847']
chicken thigh (oven-baked)	['e7848']
oatmeal (instant, with apples, with raisins, with walnuts, dry)	['e7849']
goat cheese sauce	['e7850']
corn germ (defatted)	['e7851']
cream of broccoli soup	['e7852']
cream of cauliflower soup	['e7853']
almond (silver-coated)	['e7854']
butter (reduced fat)	['e7855']
ghee	['e7856']
spinach powder	['e7857']
belgian carrot (raw)	['e7858']
belgian carrot (raw, cut)	['e7859']
quinoa seed (dried)	['e7860']
sardine frozen	['e7861']
coffee with chicory (instant)	['e7862']
andes salmon (raw)	['e7863']
tropical fruit juice with pulp (pasteurized, frozen)	['e7864']
ginseng tea with ginseng root (steeped)	['e7865']
triggerfish (raw)	['e7866']
orange juice (calcium-fortified)	['e7867']
grapefruit juice (calcium-fortified)	['e7868']
tomato (sun-dried, in olive oil)	['e7869']
chocolate drink (thermally processed)	['e7870']
black ligurian olive	['e7871']
lobster meat (shell on, cooked, frozen)	['e7872']
wheatgrass juice	['e7873']
pesto sauce	['e7874']
lowfat cow milk (calcium added)	['e7875']
chicken thigh (retorted)	['e7876']
chicken thigh (retorted in gravy)	['e7877']
hen egg white (boiled)	['e7878']
hen egg white (fried)	['e7879']
hominy	['e7880']
taco shell	['e7881']
green cabbage head (raw)	['e7882']
burdock root tea (dry)	['e7883']
sumac berry (raw)	['e7884']
palm oil	['e7885']
jojoba meal	['e7886']
hen egg white (browned)	['e7887']
sassafras oil	['e7888']
beef (fried)	['e7889']
parsnip (microwaved)	['e7890']
parsnip (boiled)	['e7891']
beef (grilled)	['e7892']
tomato (freeze-dried)	['e7893']
meat sausage (mold-ripened, dry)	['e7894']
meat (mold-fermented)	['e7895']
rice (fermented)	['e7896']
cornmeal	['e7897']
cotton-bract	['e7898']
buffalo milk (raw)	['e7899']
red wine	['e7900']
white wine	['e7901']
jowar	['e7902']
kefir	['e7903']
ogi	['e7904']
queso blanco	['e7905']
meat (dried)	['e7906']
peanut candy	['e7907']
brick cheese	['e7908']
durum wheat kernel (dried)	['e7909']
winged bean	['e7910']
cleome viscosa oil	['e7911']
castor bean	['e7912']
sesame seed	['e7913']
oat creme	['e7914']
mushroom (frozen)	['e7915']
mushroom soup (canned)	['e7916']
alfalfa tablet	['e7917']
ginseng tea capsule	['e7918']
skim milk product (flavored)	['e7919']
cooking oil (polyunsaturated)	['e7920']
onion (frozen)	['e7921']
cod bits (boneless, raw)	['e7922']
bakers yeast	['e7923']
green bean (frozen)	['e7924']
cassava leaf (raw)	['e7925']
cassava meal	['e7926']
balsam apple leaf food product	['e7927']
peanut whey	['e7928']
bean leaf (raw)	['e7929']
piri piri	['e7930']
mafurra press cake	['e7931']
pine nut pudding	['e7932']
butter	['e7933']
cheese curd	['e7934']
italian cheese	['e7935']
cassava (dried)	['e7936']
rapeseed (raw)	['e7937']
sunflower seed oil	['e7938']
barley meal	['e7939']
wheat meal	['e7940']
wheat offal meal	['e7941']
alfalfa meal for animal feed	['e7942']
wheat chaff meal	['e7943']
wheat germ meal	['e7944']
coriander	['e7945']
rice meal	['e7946']
sugee	['e7947']
moreton bay chestnut black bean (raw)	['e7948']
sartapia bean	['e7949']
guar meal	['e7950']
sesame oil press cake	['e7951']
silk worm pupae for animal feed	['e7952']
grain germ	['e7953']
dairy concentrate	['e7954']
olive oil press cake	['e7955']
olive meal	['e7956']
torula yeast (dry)	['e7957']
blueberry preserve	['e7958']
cheshire cheese	['e7959']
fontina cheese	['e7960']
lychee (peeled, raw)	['e7961']
dairy product (fermented)	['e7962']
deer meat (smoked)	['e7963']
black olive (pitted)	['e7964']
papain	['e7965']
asparagus bean pod	['e7966']
potato (frozen)	['e7967']
plantain chip	['e7968']
blackberry preserve sweetened with fruit juice	['e7969']
black cherry yogurt	['e7970']
chrysanthemum beverage (instant)	['e7971']
goat milk cheese (marinated in olive oil)	['e7972']
sweet chocolate	['e7973']
blood snapper (raw)	['e7974']
elephant fish (raw)	['e7975']
striped snakehead (raw)	['e7976']
passion fruit pulp (frozen)	['e7977']
russian tea (instant)	['e7978']
hemp oil	['e7979']
marijuana seed	['e7980']
yogurt (nonfat, sweetened with aspartame)	['e7981']
yogurt (lowfat, sweetened with aspartame)	['e7982']
peanut meal (ammoniated)	['e7983']
cream (pasteurized, sweetened)	['e7984']
breakfast cereal (whole grain)	['e7985']
fruit juice artificially sweetened	['e7986']
fruit for fruit salad	['e7987']
rapeseed oil	['e7988']
minitrout raw	['e7989']
palm kernel oil	['e7990']
tea bag	['e7991']
ginger (ground)	['e7992']
greater amberjack (raw)	['e7993']
buffalofish fillet (raw)	['e7994']
octopus (whole or parts, raw)	['e7995']
cow milk (high temperature short time)	['e7996']
tuna pot pie	['e7997']
scombroid fish (raw)	['e7998']
tea (steeped)	['e7999']
infant formula (milk-based, liquid, concentrated, canned)	['e8000']
guacamole	['e8001']
cherry pepper (hot, raw)	['e8002']
brewers yeast (dry)	['e8003']
breakfast cereal (high sugar)	['e8004']
infant formula (soy-based, powdered)	['e8005']
infant formula (milk-based, powdered)	['e8006']
corn bran (raw)	['e8007']
cream of celery soup	['e8008']
infant formula (soy-based)	['e8009']
sardo cheese	['e8010']
sheep liver (whole or pieces, raw)	['e8011']
bacon (fried)	['e8012']
rye hay (raw)	['e8013']
tea made from instant mix	['e8014']
pork (processed, spam-type)	['e8015']
chicken frankfurter	['e8016']
beef frankfurter	['e8017']
ham (deviled)	['e8018']
pork sloppy joe mix	['e8019']
apple juice (canned)	['e8020']
chicken roll	['e8021']
beef kidney (raw)	['e8022']
beef round steak (raw)	['e8023']
beef patty with mushroom (raw)	['e8024']
raspberry (canned)	['e8025']
raspberry (frozen)	['e8026']
coffee bean (green, decaffeinated)	['e8027']
onion flake (dried)	['e8028']
corn kernel (packed in brine)	['e8029']
cream (pasteurized, high temperature, short time)	['e8030']
cow buttermilk (pasteurized high-temperature short-time)	['e8031']
clam (whole or pieces)	['e8032']
potato hash brown	['e8033']
oatmeal cereal for infants (dry)	['e8034']
rice cereal	['e8035']
poultry (whole or pieces)	['e8036']
lupine bean in brine	['e8037']
walnut meat (dried)	['e8038']
walnut meat (moisture-tempered)	['e8039']
crustacean (frozen)	['e8040']
beef pot pie	['e8041']
scallop (boiled)	['e8042']
mammalian milk (ultrapasteurized)	['e8043']
lobster meat (cooked)	['e8044']
minnow (raw)	['e8045']
pork sausage (raw)	['e8046']
beef sloppy joe filling	['e8047']
chicken (strained)	['e8048']
sage rubbed	['e8049']
capsicum pepper (ground)	['e8050']
wheat bakery product (baked)	['e8051']
noodle (egg, dough)	['e8052']
milk (dry)	['e8053']
corn kernel (dried)	['e8054']
lentil	['e8055']
breakfast cereal (high fiber)	['e8056']
legume	['e8057']
fruit puree	['e8058']
fruit paste	['e8059']
oats (ground)	['e8060']
canola and olive oil blend	['e8061']
chocolate milk (lowfat, vitamin a and d added, aspartame sweetened)	['e8062']
rice (boiled)	['e8063']
peanut butter (low calorie)	['e8064']
peach juice	['e8065']
chicken nugget (raw)	['e8066']
bakery product (not further specified)	['e8067']
custard-type product sweetened with aspartame frozen light	['e8068']
nut meat	['e8069']
breakfast cereal (ready-to-eat, colored)	['e8070']
fruit drink	['e8071']
luncheon meat	['e8072']
mushroom (puree)	['e8073']
tea (mixed, dry)	['e8074']
beef round roast (boneless, raw)	['e8075']
tapioca flour	['e8076']
guava nectar	['e8077']
fish cake (raw)	['e8078']
peanut (roasted, skin off)	['e8079']
gaspergou raw	['e8080']
sea clam (raw)	['e8081']
kamaboko (raw)	['e8082']
finger millet seed (raw)	['e8083']
hen egg (shell on, iodine enriched)	['e8084']
hen egg (hard-cooked by microwave, cubed)	['e8085']
meat croquette (raw)	['e8086']
cheese soft	['e8087']
bluefin tuna (canned)	['e8088']
apple and grape drink	['e8089']
noodle (chinese, instant)	['e8090']
potato (cooked, refrigerated, commercially prepared)	['e8091']
fish paste (fried)	['e8092']
fish (fried)	['e8093']
animal fat food product	['e8094']
beechnut (raw)	['e8095']
shrimp (fried)	['e8096']
mussel paste	['e8097']
tea (spiced)	['e8098']
scallop (fried)	['e8099']
blackberry wine	['e8100']
plum wine	['e8101']
pomegranate wine	['e8102']
raspberry wine	['e8103']
rosé wine	['e8104']
kidney bean (dried)	['e8105']
moreton bay chestnut black bean (dried)	['e8106']
great northern bean (dried)	['e8107']
navy bean (dried)	['e8108']
bilberry juice	['e8109']
cardamom seed (ground)	['e8110']
legume (cooked)	['e8111']
mace (ground)	['e8112']
caraway seed (ground)	['e8113']
bacon fat (cooked)	['e8114']
lake michigan chub raw	['e8115']
rhine wine	['e8116']
date (dried)	['e8117']
ground beef (cooked)	['e8118']
meat sausage (cured)	['e8119']
raisin (dried)	['e8120']
greens (raw)	['e8121']
cocoa bean (ground)	['e8122']
pie (unsweetened, served as entree)	['e8123']
breakfast cereal (fortified, hot)	['e8124']
fruit punch homemade prepared with fruit	['e8125']
skim milk (concentrated)	['e8126']
cow whole milk 3.5% fat	['e8127']
fruit (fermented)	['e8128']
black turtle bean (dried)	['e8129']
fermented vegetable food product	['e8130']
pink bean (dried)	['e8131']
apple (whole or pieces)	['e8132']
salad greens (raw)	['e8133']
white bean (dried)	['e8134']
corn cob (whole or pieces)	['e8135']
heavy cream	['e8136']
pudding mix	['e8137']
sweet red bell pepper (dried)	['e8138']
skim milk (raw)	['e8139']
clam sauce	['e8140']
pork (barbequed)	['e8141']
meatloaf (cooked)	['e8142']
pork (sliced, cooked)	['e8143']
apple peel (raw)	['e8144']
oatmeal (cooked)	['e8145']
corn (chopped, raw)	['e8146']
nut (dried)	['e8147']
lima bean (frozen)	['e8148']
cow buttermilk (raw)	['e8149']
sour half and half dressing	['e8150']
corn mash (canned)	['e8151']
chicken bone	['e8152']
acerola (raw)	['e8153']
meat (processed)	['e8154']
poultry (processed)	['e8155']
green olive (canned)	['e8156']
sorghum beer	['e8157']
yellow vetchling silage	['e8158']
white corn flour	['e8159']
breakfast cereal (fortified, ready-to-eat)	['e8160']
turkey liver (raw)	['e8161']
pork liver sausage	['e8162']
turmeric (ground)	['e8163']
carrot (raw, diced)	['e8164']
sorghum cereal	['e8165']
manchego cheese	['e8166']
peanut (dried)	['e8167']
fish (smoked, dried)	['e8168']
peanut paste	['e8169']
rapeseed oil press cake	['e8170']
mustard seed (raw)	['e8171']
tender wheat (raw)	['e8172']
finettes cheese	['e8173']
yellow nutsedge tuber (raw)	['e8174']
pudding mix (instant)	['e8175']
wheat porridge (instant)	['e8176']
almond butter	['e8177']
bavarian cream	['e8178']
grape juice (red)	['e8179']
tunsoy raw	['e8180']
frigate mackerel (steamed)	['e8181']
pistachio pudding (artificially flavored, instant)	['e8182']
apple compote	['e8183']
yeast food product (dry, inactive)	['e8184']
apricot infant food	['e8185']
brown durra sorghum kernel	['e8186']
wurstel (smoked)	['e8187']
salami (smoked)	['e8188']
provola cheese	['e8189']
kidney (raw)	['e8190']
heart (raw)	['e8191']
crabmeat (pasteurized, cooked)	['e8192']
crab (shell on, steamed)	['e8193']
crab salad (dish)	['e8194']
crustacean (cooked)	['e8195']
compressed yeast (fresh, refrigerated)	['e8196']
cream (raw)	['e8197']
cream (reactivated)	['e8198']
green olive (pickled)	['e8199']
montasio cheese	['e8200']
black peppercorn	['e8201']
beef (charcoal broiled)	['e8202']
beef ground round (cooked, freeze-dried)	['e8203']
beef ground round (cooked, frozen)	['e8204']
tea (ready to drink, artificially sweetened)	['e8205']
barley cereal (infant food, dry)	['e8206']
danbo cheese	['e8207']
turkey frankfurter	['e8208']
taleggio cheese	['e8209']
beef tongue (raw)	['e8210']
beef chuck (raw)	['e8211']
skim milk (evaporated)	['e8212']
zucchini squash	['e8213']
carrot junior food	['e8214']
corn (whole kernel, canned)	['e8215']
chicken vegetable soup	['e8216']
turnip greens (canned)	['e8217']
vichyssoise canned	['e8218']
hen egg (boiled, shell off, salted)	['e8219']
collard greens (frozen)	['e8220']
mustard greens (frozen)	['e8221']
turnip greens (frozen)	['e8222']
roast beef (frozen)	['e8223']
seafood (whole or pieces)	['e8224']
beef pie (frozen)	['e8225']
artichoke heart (frozen)	['e8226']
pineapple danish pastry	['e8227']
cheese (made from buffalo milk)	['e8228']
sheep milk cheese	['e8229']
pork shoulder (cooked, cured)	['e8230']
ham (cooked, cured)	['e8231']
turkey ham	['e8232']
sturgeon raw	['e8233']
ham (fried)	['e8234']
chestnut (raw)	['e8235']
fish (cooked)	['e8236']
fruit juice (fortified)	['e8237']
corn (cracked)	['e8238']
liver (cooked)	['e8239']
peanut (shell off, flour-coated)	['e8240']
cocktail peanut (coated, roasted)	['e8241']
root vegetable (cooked)	['e8242']
lake michigan chub ground	['e8243']
walnut meat	['e8244']
seedless white grape (raw)	['e8245']
corn (shelled)	['e8246']
shad raw	['e8247']
pepperoni	['e8248']
beef (canned)	['e8249']
pork (canned)	['e8250']
beef infant food	['e8251']
pork shoulder (raw)	['e8252']
olallieberry (raw)	['e8253']
white peppercorn (dried)	['e8254']
beef top round roast (cooked)	['e8255']
pacific salmon (canned)	['e8256']
swordfish steak (frozen)	['e8257']
chinook salmon (canned)	['e8258']
coho salmon (canned)	['e8259']
evaporated milk (canned, sterilized)	['e8260']
skim milk (sterilized)	['e8261']
codfish cooked	['e8262']
crab (shell on, cooked)	['e8263']
crab claw (raw)	['e8264']
yellow corn (cracked)	['e8265']
cheese fat	['e8266']
kale (frozen)	['e8267']
skim milk (condensed)	['e8268']
hen egg yolk (preserved, salted)	['e8269']
hen egg liquid (shell off)	['e8270']
hen egg (shell off, solids, dried)	['e8271']
nonfat dry milk (reconstituted)	['e8272']
amberjack (raw)	['e8273']
lemon balm leaf (raw)	['e8274']
spirulina seaweed (raw)	['e8275']
cabbage (boiled)	['e8276']
hen egg (shell on, soft boiled)	['e8277']
pecan (chopped)	['e8278']
farina (cooked)	['e8279']
white raisin (dried)	['e8280']
peppermint leaf	['e8281']
oats (cracked)	['e8282']
red snapper (smoked)	['e8283']
orange juice (freshly squeezed)	['e8284']
monterey jack cheese made from raw milk	['e8285']
orange juice concentrate (frozen, high pulp)	['e8286']
potato (freeze dried)	['e8287']
red winter wheat kernel	['e8288']
breakfast cereal	['e8289']
pork chop (raw)	['e8290']
poultry infant food	['e8291']
infant formula (soy-based, liquid, concentrated)	['e8292']
noodle (egg, cooked)	['e8293']
human milk (powdered)	['e8294']
cream pie (frozen)	['e8295']
capsicum pepper (chopped)	['e8296']
lowfat cow milk (2%)	['e8297']
beef liver (frozen)	['e8298']
poultry meat (ground, raw)	['e8299']
lamb chop (raw)	['e8300']
infant formula milk-based ready-to-feed	['e8301']
infant formula casein-based	['e8302']
infant formula whey-based	['e8303']
grain product	['e8304']
carrot (cooked)	['e8305']
chicken (cooked)	['e8306']
chocolate syrup canned	['e8307']
lime filling (aspartame sweetened)	['e8308']
hijiki	['e8309']
konbu (whole or pieces)	['e8310']
konnyaku-ko	['e8311']
skipjack tuna packed in water	['e8312']
skipjack tuna packed in oil	['e8313']
yellowfin tuna (packed in water)	['e8314']
yellowfin tuna (packed in oil)	['e8315']
jack mackerel (canned)	['e8316']
pacific mackerel canned	['e8317']
cream of celery soup (condensed, canned)	['e8318']
breakfast cereal (fruit-flavored)	['e8319']
milkshake (chocolate-flavored)	['e8320']
white rice (raw)	['e8321']
processed cheese slice	['e8322']
chablis wine	['e8323']
yellow onion (sauteed)	['e8324']
breakfast cereal (presweetened, fruit-flavored)	['e8325']
oatmeal (cooked, not drained)	['e8326']
shrimp (breaded, fried, homemade)	['e8327']
pork sausage (oven-cooked)	['e8328']
lima bean (immature, frozen, boiled)	['e8329']
wheat sprout (raw)	['e8330']
chicken drumstick (cooked)	['e8331']
chicken breast (cooked)	['e8332']
beef chuck (roast cooked)	['e8333']
green olive (stuffed with anchovies, canned)	['e8334']
enoki mushroom (vacuum-packed)	['e8335']
corn kernel (roasted)	['e8336']
spinach whole leaf in brine	['e8337']
mushroom whole in brine	['e8338']
potato (cubed in brine)	['e8339']
apple drink (canned)	['e8340']
peach (sliced, canned)	['e8341']
fruit punch (canned)	['e8342']
breakfast cereal (oat-based)	['e8343']
cherry filling (aspartame sweetened)	['e8344']
kidney bean (canned)	['e8345']
bone meal used in animal feed	['e8346']
clam (asiatic, raw)	['e8347']
chocolate milk (raw)	['e8348']
ice cream mix raw	['e8349']
carp smoked	['e8350']
celery leaf (raw)	['e8351']
chive leaf (raw)	['e8352']
clove ground	['e8353']
rosemary (ground, dried)	['e8354']
vegetable (flakes)	['e8355']
buffalofish (raw)	['e8356']
milk product (enriched)	['e8357']
sashimi prepared from sea bass	['e8358']
cream puff	['e8359']
scallop made from surimi	['e8360']
corn puff	['e8361']
passion fruit juice (raw)	['e8362']
custard pie	['e8363']
herring creamed	['e8364']
shellfish (smoked)	['e8365']
shellfish (fried)	['e8366']
fish cake (raw, breaded)	['e8367']
crab cake (breaded, raw)	['e8368']
haddock (raw, breaded)	['e8369']
fenugreek leaf (raw)	['e8370']
fenugreek leaf (dried)	['e8371']
whole wheat kernel (dried)	['e8372']
vegetable leaf (raw)	['e8373']
reconstituted orange juice (pasteurized, from frozen concentrate)	['e8374']
wild cherry juice concentrate	['e8375']
hen egg yolk (raw, sugared)	['e8376']
hen egg yolk (raw, salted)	['e8377']
fish stick breaded raw frozen	['e8378']
chicory (ground)	['e8379']
roasted almond oil	['e8380']
almond (dry, roasted)	['e8381']
brazilnut oil (roasted)	['e8382']
cashew nut (shell off, oil roasted)	['e8383']
pecan (oil roasted)	['e8384']
cashew nut (shell off, roasted)	['e8385']
filbert nut (oil roasted)	['e8386']
filbert nut (dry roasted)	['e8387']
pecan (dry roasted)	['e8388']
pecan meal	['e8389']
fish stick made from cod coated raw	['e8390']
plaice fillet (coated, partially cooked)	['e8391']
fish (minced, raw)	['e8392']
scallop (freeze-dried)	['e8393']
swordfish (freeze-dried)	['e8394']
tuna (freeze-dried)	['e8395']
tamarind juice (raw)	['e8396']
breakfast cereal (hot-type, dry mix, sweetened with aspartame)	['e8397']
peach (freeze-dried)	['e8398']
tuna packed in brine	['e8399']
cow whole milk (fortified, pasteurized)	['e8400']
skim milk (pasteurized, vitamin a and d fortified)	['e8401']
lowfat cow milk (2%, fortified, pasteurized)	['e8402']
infant formula (milk-based, soy-based, liquid)	['e8403']
anchovy (dried)	['e8404']
apple juice (diluted)	['e8405']
grape juice (diluted)	['e8406']
oat bran (raw)	['e8407']
sauerkraut brine	['e8408']
green pea (cooked)	['e8409']
coho salmon (frozen)	['e8410']
scallop (battered, frozen)	['e8411']
lobster meat (canned, drained)	['e8412']
sablefish smoked	['e8413']
red chili pepper (raw, fresh)	['e8414']
blue rockfish (raw)	['e8415']
grape drink	['e8416']
beaujolais wine	['e8417']
garlic (chopped, bottled)	['e8418']
catfish (cooked)	['e8419']
bluefish fillet (cooked)	['e8420']
bluefish fillet (raw)	['e8421']
yellow onion (raw)	['e8422']
ribier grape (raw)	['e8423']
horseradish root (ground)	['e8424']
lettuce (shredded)	['e8425']
seaweed (dessicated)	['e8426']
radish (preserved with chili)	['e8427']
red bean paste	['e8428']
alimentary paste	['e8429']
corn (raw, wet)	['e8430']
soft red winter wheat kernel	['e8431']
neufchatel cheese spread	['e8432']
long grain rice kernel (raw)	['e8433']
rice (medium grain, raw)	['e8434']
pink grapefruit (raw)	['e8435']
white grapefruit (raw)	['e8436']
red grape (raw)	['e8437']
black grape (raw)	['e8438']
purple plum (raw)	['e8439']
yellow plum (raw)	['e8440']
crabmeat (cooked)	['e8441']
cream-type pie (frozen)	['e8442']
sablefish smoked using hot-smoking nitrate-treated	['e8443']
sablefish smoked using hot-smoking nitrite-treated	['e8444']
sablefish smoked using hot-smoking nitrite- and nitrate-treated	['e8445']
salmo salmon (smoked, using hot-smoking, nitrate-treated)	['e8446']
shad smoked using hot-smoking nitrate-treated	['e8447']
shad smoked using hot-smoking nitrite-treated	['e8448']
roast beef au jus	['e8449']
beef rib (prime grade, raw)	['e8450']
breakfast cereal (corn-based, ready-to-eat)	['e8451']
breakfast cereal (rice-based, ready-to-eat)	['e8452']
black walnut (ground)	['e8453']
pecan (ground)	['e8454']
cacao nib	['e8455']
hen egg white (raw, stabilized)	['e8456']
cheddar cheese (mild)	['e8457']
king crabmeat (glazed, frozen)	['e8458']
shrimp (peeled, deveined, raw)	['e8459']
almond kernel (raw)	['e8460']
rockfish raw	['e8461']
scallion (raw)	['e8462']
spanish peanut (raw, ground)	['e8463']
orange juice concentrate	['e8464']
orange juice (single strength, heat treated, bottled)	['e8465']
elderberry (raw)	['e8466']
field cress leaf (raw)	['e8467']
asparagus spear (raw)	['e8468']
crabmeat (fresh, raw)	['e8469']
brazilnut (shell off)	['e8470']
carrot top (raw)	['e8471']
green bean (seasoned)	['e8472']
pole bean pod	['e8473']
black currant juice concentrated	['e8474']
citrus fruit nectar	['e8475']
cheddar cheese (reduced fat)	['e8476']
fruit juice (blended)	['e8477']
fish meat (mechanically deboned)	['e8478']
buffalo burger	['e8479']
lowfat cow milk (1% fat, vitamin a and d added)	['e8480']
garlic in oil mixture	['e8481']
spinach (chopped, frozen)	['e8482']
raspberry preserve	['e8483']
splitnose rockfish (raw)	['e8484']
ground beef (cooked, freeze-dried)	['e8485']
beef with gravy	['e8486']
yogurt drink	['e8487']
rice (canned)	['e8488']
potato patty (frozen)	['e8489']
potato (cylinder, minced, fried, frozen)	['e8490']
chocolate vanilla and strawberry ice cream	['e8491']
shrimp (headless, raw, frozen, glazed)	['e8492']
black raspberry (raw)	['e8493']
herring salted	['e8494']
codfish frozen	['e8495']
calf liver (raw)	['e8496']
sweet sake	['e8497']
gouda cheese (smoked)	['e8498']
chipped beef (smoked)	['e8499']
english walnut meat	['e8500']
gelatin fruit salad (low calorie)	['e8501']
sherbet (dietary)	['e8502']
potato patty	['e8503']
frozen dairy dessert (milk-based)	['e8504']
broccoli (cooked)	['e8505']
milo maize oil	['e8506']
tomato juice (dehydrated)	['e8507']
bean (frozen)	['e8508']
hard red winter wheat kernel	['e8509']
potato (precooked)	['e8510']
haddock (frozen)	['e8511']
tea beverage (ready-to-drink)	['e8512']
milk tea (canned)	['e8513']
coffee (canned, whitened)	['e8514']
strawberry spread low-sugar	['e8515']
almond oil	['e8516']
avocado oil	['e8517']
brazilnut oil (food product)	['e8518']
peach kernel oil	['e8519']
wheat bran breakfast cereal	['e8520']
red wheat kernel	['e8521']
cottonseed linters	['e8522']
spice oleoresins	['e8523']
cake frozen aspartame sweetened	['e8524']
breakfast cereal (hot-type, instant, aspartame sweetened)	['e8525']
breakfast cereal (hot-type, aspartame sweetened)	['e8526']
olive oil (solvent-extracted)	['e8527']
sweet cherry (raw)	['e8528']
soybean bran	['e8529']
soybean flour (defatted)	['e8530']
soybean grits	['e8531']
beef eye round (roasted)	['e8532']
tomato paste (powdered, dehydrated, canned)	['e8533']
beef (partially defatted, cooked)	['e8534']
pork chop (cooked)	['e8535']
beef sirloin steak (cooked)	['e8536']
wheat-based infant cereal iron-fortified	['e8537']
wheat and milk infant cereal (iron-fortified)	['e8538']
lemon pie filling	['e8539']
apricot (structured)	['e8540']
tomato aspic	['e8541']
tofu (cooked, dried)	['e8542']
brown rice cream	['e8543']
barley plus grain mixture	['e8544']
lard (hardened)	['e8545']
wheat-based breakfast cereal ready-to-eat	['e8546']
seedless raisin (dried)	['e8547']
peach (dried, processed)	['e8548']
shortnose cisco (raw)	['e8549']
vendace (raw)	['e8550']
fruit packed in extra heavy syrup	['e8551']
soybean and cheese whey powder	['e8552']
chayote (raw)	['e8553']
iguana egg (raw)	['e8554']
beef flavor	['e8555']
piece of pork kidney	['e8556']
pork trimming	['e8557']
beef trim	['e8558']
frankfurter (skinless)	['e8559']
cake flour	['e8560']
cavendish banana (unripe, green)	['e8561']
cavendish banana (ripe)	['e8562']
roast beef bottom round (cooked)	['e8563']
jalapeno pepper (green)	['e8564']
turkey white meat (cooked)	['e8565']
infant formula (soy-based, ready-to-feed)	['e8566']
infant formula (milk-based, liquid, concentrated)	['e8567']
infant formula (milk-based, liquid, iron-fortified, ready-to-feed)	['e8568']
infant formula (milk-based, liquid, iron-fortified, concentrated)	['e8569']
infant formula (milk-based, iron-fortified, powdered)	['e8570']
infant formula (milk-based)	['e8571']
bologna genoa	['e8572']
white wheat flour (unbleached)	['e8573']
peanut spread (heat treated)	['e8574']
nonfat dry milk (instant)	['e8575']
amaranth grain (cereal)	['e8576']
white asparagus (cooked)	['e8577']
barley (roasted)	['e8578']
breakfast cereal (cooked)	['e8579']
wheat cereal (cooked)	['e8580']
legume (dried)	['e8581']
beverage (fruit juice based, unrefrigerated, pasteurized, aseptically packaged, ready-to-serve)	['e8582']
carrot soup (dish)	['e8583']
rapeseed protein isolate	['e8584']
porridge	['e8585']
trout baked	['e8586']
bramble berry (raw)	['e8587']
kamu	['e8588']
beiju	['e8589']
pink bean (cooked, canned)	['e8590']
cloudberry (frozen)	['e8591']
flounder (stuffed)	['e8592']
bean soup	['e8593']
celery (dried)	['e8594']
beaufort cheese	['e8595']
rye bran	['e8596']
mate (liquid)	['e8597']
tea (decaffeinated, flavored)	['e8598']
herbal tea	['e8599']
tea (artificial flavored)	['e8600']
pork (processed)	['e8601']
bacon (baked)	['e8602']
ham (processed)	['e8603']
lamb meat (ground)	['e8604']
bonito dried	['e8605']
pouchong tea (dry)	['e8606']
wood apple (raw)	['e8607']
wood apple cream (canned)	['e8608']
mutton (minced, cooked)	['e8609']
salmon oil	['e8610']
matsutake mushroom	['e8611']
plum juice	['e8612']
black currant (raw)	['e8613']
crab (shell on, boiled)	['e8614']
haddock (cooked)	['e8615']
whiting cooked	['e8616']
pork (cooked)	['e8617']
chicken (battered, deep-fried)	['e8618']
sweet corn kernel (blanched)	['e8619']
shrimp (boiled)	['e8620']
creecy greens (canned)	['e8621']
imitation grape jelly	['e8622']
grape jelly low-sugar	['e8623']
grape spread low-sugar	['e8624']
beverage tea (liquid)	['e8625']
beverage syrup (fruit juice-based)	['e8626']
baking mix	['e8627']
cake yellow	['e8628']
collard greens (canned)	['e8629']
kale greens (canned)	['e8630']
mustard greens (canned)	['e8631']
apple peel	['e8632']
fish broth	['e8633']
hot chocolate beverage	['e8634']
bubod (food product)	['e8635']
turkey breast (roasted)	['e8636']
beef (cured, cooked)	['e8637']
white wheat flour dough	['e8638']
koji	['e8639']
beef (electrically stimulated)	['e8640']
beef (roasted)	['e8641']
beef steak (raw)	['e8642']
lamb (roasted)	['e8643']
aonori	['e8644']
radish root (japanese)	['e8645']
carrot (peeled)	['e8646']
corn (sweet, frozen)	['e8647']
potato (cooked, dehydrated, refrigerated)	['e8648']
mortadella	['e8649']
sweet green pepper (freeze-dried)	['e8650']
moreton bay chestnut black bean (in oil)	['e8651']
chili-garlic in oil	['e8652']
shallots chopped in oil	['e8653']
walnut (in oil)	['e8654']
garlic in water	['e8655']
tomato (sun-dried, in oil)	['e8656']
tomato (dried in olive oil)	['e8657']
tomato (dried in sunflower oil)	['e8658']
ham (sliced, cooked)	['e8659']
crabmeat (processed)	['e8660']
lobster tail (shell off)	['e8661']
fish stick food product	['e8662']
corn bran cereal	['e8663']
garlic in oil	['e8664']
garlic in butter	['e8665']
garlic in margarine	['e8666']
potato (sliced, raw, vaccum-packed)	['e8667']
hen egg liquid (cholesterol-reduced)	['e8668']
comfrey root	['e8669']
swine carcass	['e8670']
corn meal product	['e8671']
milkfish in oil canned	['e8672']
seafood chowder	['e8673']
oat bran oil	['e8674']
ricotone cheese	['e8675']
impastata cheese	['e8676']
turkey meat (smoked)	['e8677']
hen egg yolk (low cholesterol, low fat)	['e8678']
crabmeat (cooked, vacuum-packed)	['e8679']
kosher meat (raw)	['e8680']
rainbow trout baked	['e8681']
rainbow trout smoked	['e8682']
pepper (dehydrated)	['e8683']
passion fruit (dried)	['e8684']
broccoflower (food product)	['e8685']
potato french fry (cut, raw)	['e8686']
cutthroat trout (raw)	['e8687']
pear (freeze-dried)	['e8688']
cauliflower (pickled)	['e8689']
leek (raw)	['e8690']
dandelion (not further specified)	['e8691']
hazelnut chocolate spread	['e8692']
strawberry sherbet	['e8693']
roasted chicory beverage	['e8694']
hen egg liquid (decholesterolized)	['e8695']
hen egg (semiliquid, pasteurized)	['e8696']
foie gras	['e8697']
quahog clam (canned)	['e8698']
codfish cake canned	['e8699']
potato (peeled, boiled, mashed, refrigerated)	['e8700']
largemouth bass (raw)	['e8701']
fish product (asian, containing spice)	['e8702']
runner peanut (raw)	['e8703']
virginia peanut (raw)	['e8704']
valencia peanut (raw)	['e8705']
chicken breast (sliced, ready-to-eat)	['e8706']
tripe (scalded)	['e8707']
persimmon (raw)	['e8708']
tomato (genetically modified, raw)	['e8709']
longtail tuna (canned)	['e8710']
miniature tomato (raw)	['e8711']
sugar pea pod (edible, fresh)	['e8712']
fruit jelly (dietetic)	['e8713']
jam or preserve (dietetic)	['e8714']
rapeseed (genetically modifide, dried)	['e8715']
sausage crumbles with pepperoni flavoring frozen	['e8716']
sausage crumbles with salami flavoring frozen	['e8717']
meat pepperoni-flavored sausage	['e8718']
pepperoni spice mix	['e8719']
chicken leg (raw)	['e8720']
white rice food product	['e8721']
chocolate bits (sugar syrup coated)	['e8722']
salmo salmon ground (raw)	['e8723']
salmo salmon (ground, cooked)	['e8724']
cow whole milk (spray-dried)	['e8725']
sole ground raw	['e8726']
chicken meat (ground or minced)	['e8727']
roast beef (cooked, chilled)	['e8728']
tea (ready to drink)	['e8729']
beef (minced)	['e8730']
poultry (minced, cooked)	['e8731']
spanish peanut (roasted)	['e8732']
virginia peanut pod (raw)	['e8733']
virginia peanut (roasted)	['e8734']
cottonseed (genetically modified, dried)	['e8735']
lamb sausage (cooked)	['e8736']
bean (rehydrated, cooked)	['e8737']
buttermilk ranch salad dressing	['e8738']
broad bean (cooked, canned)	['e8739']
pearl millet kernel (cooked)	['e8740']
fruit juice (powdered)	['e8741']
tripe lamb	['e8742']
pot pie (meat)	['e8743']
fruit pot pie	['e8744']
tater tot	['e8745']
chicken (breaded)	['e8746']
piece of chicken (raw)	['e8747']
domiati cheese	['e8748']
palm kernel (ground)	['e8749']
peanut sauce	['e8750']
cumin food product	['e8751']
cheesecake batter	['e8752']
kombucha tea	['e8753']
rice with husk	['e8754']
chicken (baked)	['e8755']
barley (fermented)	['e8756']
white wheat flour (defatted)	['e8757']
compressed yeast food product	['e8758']
brussels sprout	['e8759']
apricot juice	['e8760']
spinach (creamed, canned, baby food)	['e8761']
seafood (breaded)	['e8762']
turnover not further specified	['e8763']
cow curd food product	['e8764']
rice (baked)	['e8765']
wheat cereal	['e8766']
potato skin	['e8767']
pastry (filled)	['e8768']
bread product	['e8769']
pastry (meat filled)	['e8770']
vegetable pie (baked)	['e8771']
ham (cooked)	['e8772']
grape juice (thompson, seedless)	['e8773']
coffee drink (canned)	['e8774']
flour (mixed grain)	['e8775']
peanut milk	['e8776']
pork (dehydrated)	['e8777']
chicken (freeze-dried)	['e8778']
soybean flour (fermented)	['e8779']
peanut flour (defatted)	['e8780']
salmo salmon (frozen)	['e8781']
camel milk (food product)	['e8782']
common whitefish (raw)	['e8783']
salami	['e8784']
tea (decaffeinated)	['e8785']
ham (boneless)	['e8786']
cottonseed oil (genetically modified)	['e8787']
fruit (processed)	['e8788']
pimento ribbon	['e8789']
obsolete: yeast (dry)	['e8790']
beverage (fruit juice based, noncarbonated, refrigerated, single-strength)	['e8791']
beverage (fruit juice based, frozen, concentrate)	['e8792']
beverage tea (liquid, concentrate)	['e8793']
fruit juice (ready-to-serve, unrefrigerated, pasteurized, aseptically packaged)	['e8794']
yogurt derived product	['e8795']
filling dairy (frozen)	['e8796']
cheese asiago fresh	['e8797']
cheese asiago medium	['e8798']
asiago cheese (old, block)	['e8799']
caciocavallo siciliano cheese	['e8800']
reggiano cheese (block)	['e8801']
whey (annatto colored)	['e8802']
potato (dehydrated, shredded)	['e8803']
fruit (dried, diced, and glazed)	['e8804']
tea food product	['e8805']
vegetable (processed)	['e8806']
bakery product (yeast leavened)	['e8807']
bakery product (yeast leavened, prepared mix)	['e8808']
frozen dairy dessert mix	['e8809']
cocoa cream	['e8810']
hen egg (whole or pieces)	['e8811']
lemon	['e8812']
orange	['e8813']
baking mix (yeast leavened)	['e8814']
beverage cocoa	['e8815']
crabmeat (cooked, canned)	['e8816']
hen egg tube	['e8817']
beverage fermented malt	['e8818']
mushroom (cooked, canned)	['e8819']
shrimp (cooked, canned)	['e8820']
spice extraction in soluble carrier	['e8821']
orange spread (artificially flavored)	['e8822']
chickpea (cooked)	['e8823']
white potato (frozen)	['e8824']
white potato (cut, frozen)	['e8825']
gefilte fish ball in packing medium	['e8826']
gefilte fish patty in packing medium	['e8827']
breakfast cereal (ready-to-eat, containing dried banana)	['e8828']
fat of meat from animals except poultry (uncooked)	['e8829']
liver and fat of poultry (uncooked)	['e8830']
fish protein isolate	['e8831']
olive (ripe)	['e8832']
vegetable juice (processed)	['e8833']
mammalian milk product	['e8834']
tripe food product	['e8835']
tea (dry, instant)	['e8836']
fruit juice (dehydrated)	['e8837']
vegetable juice (dried)	['e8838']
pancake mix	['e8839']
rice (precooked, instant)	['e8840']
herbs and seasonings	['e8841']
fish product (unspecified species)	['e8842']
poultry meat product	['e8843']
hen egg white (solid)	['e8844']
whole wheat kernel	['e8845']
oat kernel	['e8846']
cheese spread pasteurized	['e8847']
cheese spread with fruits vegetables or meats pasteurized	['e8848']
pasteurized process cheese spread with fruits vegetables or meats	['e8849']
sweet potato (raw, skin possible)	['e8850']
pudding-filled pie	['e8851']
mango (fresh)	['e8852']
edible pea pod (fresh)	['e8853']
acorn squash (raw)	['e8854']
pecan nut (raw)	['e8855']
walnut (raw)	['e8856']
cocoa product (standardized)	['e8857']
meat (solid)	['e8858']
dairy product (frozen)	['e8859']
cod liver oil emulsion	['e8860']
fruit juice drink (fumaric acid-acidulated)	['e8861']
fish (cured)	['e8862']
pancake	['e8863']
waffle	['e8864']
bakery product (non-yeast leavened)	['e8865']
cereal for cooking (processed)	['e8866']
jam and jelly, commercial, nonstandardized	['e8867']
pastry	['e8868']
milk product (whipped)	['e8869']
bacon (pump-cured)	['e8870']
tanmooji	['e8871']
beverage vegetable	['e8872']
ginseng product	['e8873']
muk	['e8874']
jeotgal	['e8875']
red pepper (finely threaded)	['e8876']
fish paste product	['e8877']
kim chee	['e8878']
cocoa food product	['e8879']
vegetable (whole or pieces)	['e8880']
pudding mix (sugar-based)	['e8881']
pudding mix (artificially sweetened)	['e8882']
custard (frozen)	['e8883']
fruit sherbet (viscous)	['e8884']
cereal product (solid)	['e8885']
vegetable (outer skin)	['e8886']
shellfish (dried)	['e8887']
shellfish (salted)	['e8888']
whale meat (frozen)	['e8889']
vegetable (raw, processed, simple)	['e8890']
milk (formulated, powdered)	['e8891']
konyak	['e8892']
bakkoji	['e8893']
potato	['e8894']
kyungyook	['e8895']
fish ham (food product)	['e8896']
seongge-jeot	['e8897']
peanut butter (processed)	['e8898']
twoenjang	['e8899']
choonjang	['e8900']
adzuki bean	['e8901']
bean paste	['e8902']
fruit with twoenjang (preserved)	['e8903']
squid smoked	['e8904']
mandoo skin	['e8905']
yookpo	['e8906']
vegetable (preserved)	['e8907']
kelp (dried)	['e8908']
pea (common, canned)	['e8909']
skim milk powder mixture used to prepare liquid food	['e8910']
fruit (canned, artificially sweetened, no sugar added)	['e8911']
chocolate (carbohydrate modified)	['e8912']
milk chocolate (carbohydrate modified)	['e8913']
ice cream (carbohydrate modified)	['e8914']
flour product	['e8915']
beverage (cocoa based)	['e8916']
beverage mix (cocoa based)	['e8917']
beverage mix (coffee based)	['e8918']
blancmange powder	['e8919']
dairy ice mix	['e8920']
dairy based dessert	['e8921']
mammalian milk (flavor modified)	['e8922']
vegetable yogurt	['e8923']
nut yogurt	['e8924']
fruit yogurt (reduced fat or skim milk)	['e8925']
vegetable yogurt (reduced fat or skim milk)	['e8926']
nut yogurt (reduced fat or skim milk)	['e8927']
ice cream (lowfat)	['e8928']
ice cream (reduced fat)	['e8929']
beverage (skim milk based)	['e8930']
beverage mix (cow skim milk based)	['e8931']
meat (corned)	['e8932']
meat (pickled)	['e8933']
meat (salted)	['e8934']
meat (cooked, manufactured)	['e8935']
prawn (frozen, cooked)	['e8936']
fruit (canned, not in contact with tin)	['e8937']
meat extract	['e8938']
vegetable extract	['e8939']
yeast extract	['e8940']
dripping from food	['e8941']
pecan (kernel)	['e8942']
chili paste	['e8943']
avocado pulp (frozen)	['e8944']
avocado puree (frozen)	['e8945']
avocado spread (frozen)	['e8946']
tea concentrate (liquid)	['e8947']
fish (pickled)	['e8948']
fish (fresh)	['e8949']
whale meat (fresh)	['e8950']
nori	['e8951']
kinako	['e8952']
wakame	['e8953']
whale meat (pickled)	['e8954']
potato (peeled, boiled, mashed, dried)	['e8955']
fruit (smoked)	['e8956']
vegetable (smoked)	['e8957']
olive (table)	['e8958']
konnyaku	['e8959']
shellfish meat (whole or pieces)	['e8960']
mandarin orange (canned)	['e8961']
prawn (shelled)	['e8962']
bean (simmered)	['e8963']
whale meat bacon	['e8964']
miso pickle	['e8965']
fish paste	['e8966']
koji pickle	['e8967']
cuttlefish smoked	['e8968']
shiu my pastry case	['e8969']
spring roll pastry case	['e8970']
flour paste for confectioneries	['e8971']
tsukudani	['e8972']
fish product (processed)	['e8973']
shellfish product (processed)	['e8974']
seaweed (processed)	['e8975']
soy sauce pickle	['e8976']
an (rice-based)	['e8977']
vinegar pickle	['e8978']
peach	['e8979']
ikura	['e8980']
tarako	['e8981']
sujiko	['e8982']
cavendish banana flesh	['e8983']
gruel or porridge for infants and young children	['e8984']
cereal flakes for infants or young children	['e8985']
beverage (fruit juice base, preserved, for infants and young children)	['e8986']
beverage (vegetable base, preserved, for infants and young children)	['e8987']
milk product (fermented)	['e8988']
cream (uht-treated)	['e8989']
cow milk (fruit-flavored)	['e8990']
whey food product	['e8991']
tallow (edible)	['e8992']
animal fat or oil	['e8993']
fat or oil (vegetable)	['e8994']
oil grill	['e8995']
meat minced	['e8996']
fish product (fresh)	['e8997']
fish product (deep-frozen)	['e8998']
shellfish (deep-frozen, boiled)	['e8999']
fish product (fully preserved)	['e9000']
fishery product (semi-preserved)	['e9001']
fishery product (chilled)	['e9002']
fish product (alkali-treated)	['e9003']
groats prepared from cereals	['e9004']
bakery product (used in a similar way to bread)	['e9005']
bakery product (mix, used in a similar way to bread)	['e9006']
confectionery flour	['e9007']
cereal flakes	['e9008']
breakfast product made from cereals	['e9009']
alimentary paste product	['e9010']
nectar (food product)	['e9011']
marzipan	['e9012']
hen egg omelette mix	['e9013']
mustard (reconstituted from powder)	['e9014']
veal (preserved, jellied)	['e9015']
tongue food product	['e9016']
lumpfish roe	['e9017']
horseradish (grated)	['e9018']
pear (dried)	['e9019']
drink mix (citrus based)	['e9020']
fruit cocktail	['e9021']
cherry cocktail	['e9022']
meat product (mixed)	['e9023']
cream cheese (acid coagulated)	['e9024']
fungus (edible)	['e9025']
cottage cheese type spread	['e9026']
anchovy (spiced, sugar)	['e9027']
herring spiced sugar	['e9028']
fish roe (sugar treated)	['e9029']
fish roe (salt treated)	['e9030']
berry product	['e9031']
fruit food product	['e9032']
beer (small)	['e9033']
figure-of-eight	['e9034']
porter	['e9035']
skim milk (pasteurized, flavored)	['e9036']
cow milk (semi-skimmed, flavored)	['e9037']
skim milk (milk solids added)	['e9038']
skim milk (milk solids added, flavored)	['e9039']
milk with added milk solids (partly skimmed)	['e9040']
milk with added milk solids (partly skimmed, flavored)	['e9041']
stout (fish, food product)	['e9042']
wax bean (canned)	['e9043']
cream cheese spread	['e9044']
cream cheese spread (with added ingredients)	['e9045']
processed cheese with added ingredients	['e9046']
cheese food processed	['e9047']
processed cow cheese with added ingredients	['e9048']
cheese spread (processed)	['e9049']
processed cheese spread with added ingredients	['e9050']
cold-pack cheese with added ingredients	['e9051']
cold-pack cheese food with added ingredients	['e9052']
fish (preserved)	['e9053']
meat (preserved)	['e9054']
meat by-product (preserved)	['e9055']
piece of poultry meat (preserved)	['e9056']
poultry meat by-product (preserved)	['e9057']
poultry (canned)	['e9058']
head cheese	['e9059']
fruit jelly with pectin	['e9060']
meat by-product (loaf)	['e9061']
meatloaf	['e9062']
meat by-product (potted)	['e9063']
meat (prepared)	['e9064']
fish (prepared)	['e9065']
fig marmalade with pectin	['e9066']
fruit jam with pectin	['e9067']
pineapple marmalade with pectin	['e9068']
lobster paste	['e9069']
fish marinated or similar (cold-processed, packaged)	['e9070']
meat (marinated or similar, cold-processed, packaged)	['e9071']
cream cheese with added ingredients	['e9072']
oil soluble annatto	['e9073']
lobster meat (canned)	['e9074']
distiller's mash	['e9075']
breakfast cereal (dry, malt-flavored)	['e9076']
fruit juice (single strength)	['e9077']
cereal (precooked)	['e9078']
brewers mash	['e9079']
white asparagus (canned)	['e9080']
fish (minced, frozen)	['e9081']
fish (frozen, comminuted)	['e9082']
peanut spread	['e9083']
citrus fruit marmalade with pectin	['e9084']
whey product (dried)	['e9085']
animal protein (hydrolyzed)	['e9086']
mammalian milk protein (hydrolyzed)	['e9087']
vegetable protein, hydrolyzed	['e9088']
pan coating (vegetable oil-based)	['e9089']
potato product (dehydrated)	['e9090']
citrus oil	['e9091']
pork fatty tissue (partially defatted)	['e9092']
beef fatty tissue (partially defatted)	['e9093']
piece of poultry meat (dried, cooked)	['e9094']
white wheat flour (enriched)	['e9095']
fish (frozen, glazed)	['e9096']
hen egg white (delysozymized)	['e9097']
dairy product (unstandardized)	['e9098']
fruit (glazed)	['e9099']
cheddar cheese (grated)	['e9100']
cheese preparation (unstandardized, grated)	['e9101']
fruit juice (carbonated)	['e9102']
cow milk (evaporated, partly skimmed)	['e9103']
cow milk (concentrated, partly skimmed)	['e9104']
coffee concentrate (liquid)	['e9105']
cereal product (solid, infant)	['e9106']
beef blood (raw)	['e9107']
cow blood (raw)	['e9107']
onion (canned)	['e9108']
spring mackerel (canned)	['e9109']
hen egg yolk food product	['e9110']
fig marmalade	['e9111']
coconut (shredded)	['e9112']
lima bean (ripe, canned)	['e9113']
pinto bean (canned)	['e9114']
chickpea (canned)	['e9115']
cavendish banana (dehydrated)	['e9116']
goat milk (evaporated, partly skimmed)	['e9117']
goat milk (evaporated, skimmed)	['e9118']
ham (prepared)	['e9119']
shoulder (prepared)	['e9120']
pork butt (prepared)	['e9121']
ham picnic (prepared)	['e9122']
corn for degermination	['e9123']
meat sausage (dried)	['e9124']
white wheat flour (vitamin b enriched)	['e9125']
fish protein	['e9126']
mammalian milk (malted, flavored)	['e9127']
cheddar cheese (for processing)	['e9128']
seeded raisin (dried)	['e9129']
collagen film (water soluble, edible)	['e9130']
vegetable stock	['e9131']
fruit peel food product	['e9132']
sausage (semi-dried)	['e9133']
cheese (mold-ripened, packed in hermetically sealed container)	['e9134']
bacon side	['e9135']
cheese powder (industrial spray-dried)	['e9136']
cheese (varietal, hard)	['e9137']
cheese varietal semi-hard	['e9138']
cheese varietal (pressed)	['e9139']
cheese (varietal, soft)	['e9140']
dessert preparation (milk-based, unstandardized)	['e9141']
cayenne pepper pieces (dried)	['e9142']
red bell pepper (raw)	['e9143']
celery pepper	['e9144']
lobster meat (shell off, frozen)	['e9145']
hen egg mix (albumen and yolk, dried)	['e9146']
hen egg yolk mix (dried)	['e9147']
piece of poultry meat	['e9148']
oil topping	['e9149']
tuna (flaked, canned)	['e9150']
asparagus packed in glass containers or fully lined cans	['e9151']
goat milk (powdered)	['e9152']
goat milk (skimmed)	['e9153']
goat milk (partly skimmed)	['e9154']
goat milk (powdered, partly skimmed)	['e9155']
meat sausage	['e9156']
pineapple juice blended with other fruit juices	['e9157']
vegetable drink	['e9158']
vegetable drink base	['e9159']
vegetable drink mix	['e9160']
pineapple juice (reconstituted)	['e9161']
cereal based food gluten free	['e9162']
pate	['e9163']
meat pie food product	['e9164']
preserves of red fruits	['e9165']
fruit in vinegar brine or oil	['e9166']
crustacean paste	['e9167']
edible collagen casing	['e9168']
milk-based beverage (energy reduced)	['e9169']
milk-derivative-based beverage (energy reduced)	['e9170']
beverage (fruit juice based, energy reduced)	['e9171']
milk-based preparation (desserts and similar products) energy reduced	['e9172']
milk-derivative-based preparation (desserts and similar products) energy reduced	['e9173']
cereal-based dessert energy reduced	['e9174']
nut (coated)	['e9175']
confectionery (dried-fruit-based, energy reduced)	['e9176']
beer with a minimum acidity of 30 mill.-equivalents expressed as naoh	['e9177']
brown beer oud bruin type	['e9178']
fruit (canned, energy reduced)	['e9179']
jam (energy-reduced)	['e9180']
jelly energy-reduced	['e9181']
marmalade (energy-reduced)	['e9182']
fruit preparation (energy reduced)	['e9183']
sweet-sour fruit preserves	['e9184']
sweet-sour fish preserves	['e9185']
sweet-sour fish (semipreserved)	['e9186']
fish marinade	['e9187']
crustacean (marinated)	['e9188']
mollusc marinade	['e9189']
beverage (fruit juice based)	['e9190']
fruit concentrate liquid	['e9191']
grape juice (unfermented, for sacramental use)	['e9192']
meat product (cured)	['e9193']
meat product (dried)	['e9194']
fish product (semi-preserved)	['e9195']
fish roe product	['e9196']
cheese (sliced, prepacked)	['e9197']
unripened cheese	['e9198']
snack cereal based	['e9199']
snack (potato-based)	['e9200']
poultry fat	['e9201']
sheep fat	['e9202']
nut (processed)	['e9203']
beverage vegetable based	['e9204']
cereal based food containing fat	['e9205']
mammalian milk (preserved)	['e9206']
chicken egg	['e9207']
hen egg	['e9207']
jam extra	['e9208']
tea extract	['e9209']
tea infusion	['e9210']
chorizo	['e9211']
sobrasada	['e9212']
pastirma	['e9213']
vegetable protein	['e9214']
herbal infusion	['e9215']
malt dairy based drink	['e9216']
cow milk (partly dehydrated, less than 28% solids)	['e9217']
cow milk (partly dehydrated, more than 28% milk solids)	['e9218']
beverage flavored fruit juice based nonalcoholic	['e9219']
pulse (canned)	['e9220']
legume (canned)	['e9221']
meat product (preserved)	['e9222']
meat product (semi-preserved)	['e9223']
fish product (preserved)	['e9224']
jams, jellies, and marmalades, product similar to	['e9225']
cherry in syrup	['e9226']
cocktail cherry	['e9227']
cereal and potato-based snack food	['e9228']
pudding tapioca	['e9229']
semihard cheese	['e9230']
sausage (dried, cured)	['e9231']
burger meat (minimum vegetable and/or cereal content of 4%)	['e9232']
breakfast sausage (minimum cereal content of 6%)	['e9233']
longaniza fresca	['e9234']
butilarra fresca	['e9235']
cephalopod (raw)	['e9236']
cephalopod (frozen)	['e9237']
cephalopod (cooked)	['e9238']
potato (dried, granulated)	['e9239']
potato (peeled, cut, cooked)	['e9240']
potato (peeled)	['e9241']
vegetable (white, dried)	['e9242']
vegetable white (processed)	['e9243']
vegetable (white, frozen)	['e9244']
ginger (dried)	['e9245']
tomato (dried)	['e9246']
horseradish pulp	['e9247']
onion pulp	['e9248']
garlic pulp	['e9249']
shallot pulp	['e9250']
onions in vinegar	['e9251']
mushroom (processed)	['e9252']
grape juice (concentrated for home wine making)	['e9253']
jellying fruit extract	['e9254']
pectin (liquid)	['e9255']
fruit juice-based concentrate with not less than 2.5% barley	['e9256']
concentrate based on comminuted fruit	['e9257']
cereal (dry)	['e9258']
meat product (cured, dried, non-heat treated)	['e9259']
breakfast cereal (energy reduced)	['e9260']
cereal-based product (energy reduced)	['e9261']
cocoa-based product (energy reduced)	['e9262']
coffee (canned, liquid)	['e9263']
meat product (heat treated)	['e9264']
cereal containing fat	['e9265']
vegetable protein products	['e9266']
sausage with a starch content of more that 6%	['e9267']
burger meat (starch content of more than 6%)	['e9268']
cavendish banana	['e9269']
cream dessert	['e9270']
milk-based product with fruit preparations (calorie reduced)	['e9271']
milk-based product with non-fruit preparations (calorie reduced)	['e9272']
fish salad	['e9273']
fish product (pickled)	['e9274']
fish product (fried)	['e9275']
fish product (cooked)	['e9276']
anchovy	['e9277']
fish product (in jelly)	['e9278']
horseradish	['e9279']
vegetable (canned, sour)	['e9280']
pastry (low in protein)	['e9281']
coalfish product	['e9282']
gelatin-based capsule	['e9283']
strawberry (preserved in airtight container)	['e9284']
raspberry (preserved in airtight container)	['e9285']
cherry preserved in airtight containers	['e9286']
shrimp (big, in airtight container)	['e9287']
fruit product (coated with sugar)	['e9288']
jam substitute	['e9289']
fish product (marinated)	['e9290']
shellfish product (marinated)	['e9291']
fish product (boiled)	['e9292']
herring product salted	['e9293']
fish in oil (salted)	['e9294']
coalfish product in oil	['e9295']
crayfish preparation (unsterilized)	['e9296']
crayfish soup powder (sterilized)	['e9297']
shrimp product (unsterilized)	['e9298']
meat salad	['e9299']
fruit for further processing in the confectionery and beverages industries	['e9300']
fruit (cooked)	['e9301']
pumpkin (cooked)	['e9302']
rhubarb (cooked)	['e9303']
citrus peel (grated)	['e9304']
onion	['e9305']
paprika puree	['e9306']
olive (preserved)	['e9307']
fruit jelly (calorie reduced)	['e9308']
citrus peel (dried)	['e9309']
potato product (dehydrated, made from cooked potatoes)	['e9310']
potato product (dry, ready-to-eat)	['e9311']
potato product (deep-frozen)	['e9312']
potato product (pre-fried)	['e9313']
quince (dried)	['e9314']
star fruit (dried)	['e9315']
guava (dried)	['e9316']
kumquat dried	['e9317']
mango (dried)	['e9318']
melon (dried)	['e9319']
papaya (dried)	['e9320']
tangerine (dried)	['e9321']
lemon (dried)	['e9322']
fruit (semi-dried, glazed)	['e9323']
lemon peel (candied)	['e9324']
orange peel (candied)	['e9325']
ginger in syrup	['e9326']
citrus peel (grated for commercial bakery use)	['e9327']
apple (raw, peeled, pieces, for commercial bakery use)	['e9328']
asparagus (dried)	['e9329']
cauliflower (dried)	['e9330']
beetroot (white, dried)	['e9331']
parsnip (dried)	['e9332']
onion (chopped)	['e9333']
onion (grated)	['e9334']
garlic (chopped)	['e9335']
garlic (grated)	['e9336']
barley (pearled)	['e9337']
barley groats	['e9338']
jam (plum)	['e9339']
citrus juice concentrates for further commercial processing	['e9340']
crayfish (cooked)	['e9341']
cod dried	['e9342']
hen egg (preserved)	['e9343']
nutmeg seed	['e9344']
fruit product similar to jam (calorie-reduced)	['e9345']
fruit preparation (used with milk products, calorie-reduced)	['e9346']
wheat milling product	['e9347']
pudding powder substitute	['e9348']
fish (semi-preserved)	['e9349']
onion granules	['e9350']
garlic granules	['e9351']
bakery product (small)	['e9352']
tea extract (cold-water soluble)	['e9353']
food based on cereals	['e9354']
meat (cured, low sodium)	['e9355']
meat product (cured, low sodium)	['e9356']
red beet powder	['e9357']
fruit powder	['e9358']
bakery good (lye treated)	['e9359']
walnut (whole or pieces)	['e9360']
grain seed (glazed)	['e9361']
fruit marinade	['e9362']
mushroom produce in sour pickle	['e9363']
fruit juice (raw, semi-finished)	['e9364']
ice cream (commercial, packed)	['e9365']
jelly powder	['e9366']
hen egg white hydrolysate	['e9367']
fruit jelly (low sugar)	['e9368']
fish product (frozen)	['e9369']
cocoa pulp	['e9370']
shortbread cake small	['e9371']
sour cream for butter making	['e9372']
baking fat	['e9373']
fruit half food product	['e9374']
fruit pulp semi-finished	['e9375']
fruit puree semi-finished	['e9376']
fruit produce	['e9377']
tomato (whole or pieces, raw)	['e9378']
kvas	['e9379']
brewing malt	['e9380']
cheese (maturing, rennet)	['e9381']
bean in brine (tinned)	['e9382']
cheese (white)	['e9383']
tomato conserve	['e9384']
meat product (tinned)	['e9385']
mammalian milk (long-life consumer)	['e9386']
cream (sterilized, soft)	['e9387']
vegetable juice (gassed)	['e9388']
cow milk (powdered, instant, with cocoa flavoring)	['e9389']
cow milk (powdered, instant, with coffee flavoring)	['e9390']
cow milk (powdered, instant, with sugar flavoring)	['e9391']
poppy-seed cake	['e9392']
gherkin pickle	['e9393']
fruit produce in sour pickle	['e9394']
fruit (stewed, not hermetically packed)	['e9395']
jam (in thermally formed packaging)	['e9396']
vegetable (pickled in barrels)	['e9397']
sorrel concentrate	['e9398']
beverage syrup cola type	['e9399']
cheese (hard, maturing)	['e9400']
cheese maturing (semi-hard)	['e9401']
jam (low sugar)	['e9402']
cream jelly (with a low sugar content)	['e9403']
milk pudding	['e9404']
cheese (melted)	['e9405']
meat-vegetable conserve	['e9406']
field corn (grain, glazed)	['e9407']
meat sausage (canned)	['e9408']
meat (tinned)	['e9409']
fruit juice (high sugar content)	['e9410']
rennet liquid	['e9411']
dessert soft cheese	['e9412']
confectionery pastry	['e9413']
fish product (in sour pickle)	['e9414']
flour (baking)	['e9415']
cheese (maturing)	['e9416']
marmalade sweets	['e9417']
fruit puree for further processing	['e9418']
fruit juice (fresh)	['e9419']
honey glucose (crystalline)	['e9420']
cheese (rennet, hard, salted, maturing in brine)	['e9421']
sausage (smoked, raw, salami-type)	['e9422']
beef ham	['e9423']
cow milk drink (fermented, savory)	['e9424']
cheese (soft, commercial)	['e9425']
beef bacon	['e9426']
whey (condensed)	['e9427']
cheese (fried)	['e9428']
cheese (specialty)	['e9429']
cheese (scalded, caroway)	['e9430']
cheese (frying, low-fat)	['e9431']
meat sausage (pickled)	['e9432']
meat product (pickled)	['e9433']
meat product (smoked)	['e9434']
meat (sterilized, pickled, canned)	['e9435']
meat (tinned, pasteurized, pickled)	['e9436']
flour dough moulding	['e9437']
oil (refined)	['e9438']
green pea (canned)	['e9439']
heart of palm (pieces, canned)	['e9440']
processed cheese preparation	['e9441']
yogurt (flavored)	['e9442']
yogurt product (heat treated after fermentation)	['e9443']
cream (pasteurized, whipped)	['e9444']
fungus (pickled)	['e9445']
sardine-like products (canned)	['e9446']
fungus product (edible)	['e9447']
fish stick (breaded, quick-frozen)	['e9448']
fish stick (in batter, quick-frozen)	['e9449']
fish portion (breaded, quick-frozen)	['e9450']
fish portion (in batter, quick-frozen)	['e9451']
grape juice (sweetened, concentrated, labrusca type)	['e9452']
fish fillet (quick-frozen in blocks)	['e9453']
fish flesh (minced, quick-frozen in blocks)	['e9454']
fish fillets and minced fish (quick-frozen in blocks)	['e9455']
olive oil (refined)	['e9456']
olive oil (refined residue blends)	['e9457']
mixtures of refined olive oil and refined olive oil residue	['e9458']
grape seed oil (edible)	['e9459']
babassu oil (edible)	['e9460']
vegetable fat food product	['e9461']
chestnut (canned)	['e9462']
chestnut puree (canned)	['e9463']
cocoa-sugar mixture dry	['e9464']
cocoa nib	['e9465']
cocoa dust	['e9466']
cocoa mass	['e9467']
cheese leidse	['e9468']
cheese freise	['e9469']
cheese svecia	['e9470']
cheese butterkase	['e9471']
cheese coulommiers	['e9472']
cheese herrgardsost	['e9473']
cheese hushallsost	['e9474']
cheese norvegia	['e9475']
cheese maribo	['e9476']
cheese amsterdam	['e9477']
potato (french-fried, quick-frozen)	['e9478']
meat (cooked, cured, chopped)	['e9479']
peach (quick-frozen)	['e9480']
strawberry (quick-frozen)	['e9481']
nectar (small fruit, pulpy)	['e9482']
pineapple juice (concentrated, with preservatives)	['e9483']
blue-veined cow milk cheese	['e9484']
cheese harzer	['e9485']
cheese danablu	['e9486']
pea (mature, processed, canned)	['e9487']
tomato (sliced, canned)	['e9488']
tomato (wedged, canned)	['e9489']
tomato (whole and pieces, canned)	['e9490']
tomato (pieces, canned)	['e9491']
hake fillet (quick-frozen)	['e9492']
cod fillet (quick-frozen)	['e9493']
haddock fillet (quick-frozen)	['e9494']
ocean perch fillet (quick-frozen)	['e9495']
flat fish fillets (quick-frozen)	['e9496']
lobster meat (shell off, quick-frozen)	['e9497']
cheese (extra hard, grating)	['e9498']
fungus (sterilized)	['e9499']
tomato concentrate (processed)	['e9500']
cauliflower (quick-frozen)	['e9501']
corn on the cob (quick-frozen)	['e9502']
corn (whole kernel, quick-frozen)	['e9503']
black currant nectar (non-pulpy)	['e9504']
mango product (liquid, pulpy)	['e9505']
carrot (quick frozen)	['e9506']
gudbrandsdalsost cheese	['e9507']
fish of the gadidae family dried salted	['e9508']
bonito packed in water canned	['e9509']
vanilla powder	['e9510']
vanilla extract (concentrated)	['e9511']
vanilla bean extract	['e9512']
milk chocolate and vegetable oil coating	['e9513']
chocolate and vegetable fat coating sweet	['e9514']
cocoa and vegetable fat coating sweet	['e9515']
cocoa (breakfast)	['e9516']
cocoa (low-fat)	['e9517']
buttermilk chocolate	['e9518']
shrimp (raw, lightly breaded, frozen)	['e9519']
nonfat dry milk (vitamin a and d fortified)	['e9520']
lowfat cow milk (acidified)	['e9521']
field corn (canned)	['e9522']
mammalian milk (lowfat, cultured)	['e9523']
skim milk (acidified)	['e9524']
skim milk (cultured)	['e9525']
fruit jelly (artificially sweetened)	['e9526']
jam (fruit, artificially sweetened)	['e9527']
lemonade (frozen concentrate, colored)	['e9528']
orange juice concentrate (canned)	['e9529']
orange juice with preservative	['e9530']
orange juice concentrate (for manufacturing)	['e9531']
orange juice concentrate (with preservative)	['e9532']
prune juice (canned)	['e9533']
boysenberry (canned)	['e9534']
dewberry (canned)	['e9535']
gooseberry (canned)	['e9536']
huckleberry (canned)	['e9537']
youngberry (canned)	['e9538']
cherry (canned, artificially sweetened)	['e9539']
fig (canned)	['e9540']
fig (artificially sweetened, canned)	['e9541']
grape (seedless, canned)	['e9542']
pear (artificially sweetened, canned)	['e9543']
pineapple (artificially sweetened, canned)	['e9544']
half-and-half (sour, acidified)	['e9545']
wheat flour (bromated, enriched)	['e9546']
white wheat flour (phosphated)	['e9547']
white wheat flour (self-rising, enriched)	['e9548']
whole durum flour	['e9549']
white cornmeal (self-rising)	['e9550']
yellow cornmeal (self-rising)	['e9551']
brick cheese for manufacturing	['e9552']
cheddar cheese (for manufacturing)	['e9553']
cheddar cheese (low sodium)	['e9554']
colby cheese (for manufacturing)	['e9555']
cheese colby low sodium	['e9556']
cheese (washed curd for maufacturing)	['e9557']
granular cheese (for manufacturing)	['e9558']
cheese food (american, grated)	['e9559']
monterey jack cheese (pasteurized, high moisture)	['e9560']
mozzarella cheese (low moisture)	['e9561']
cheese (muenster, for manufacturing)	['e9562']
cheese nuworld	['e9563']
pasteurized blended cheese with fruits vegetables or meats	['e9564']
pasteurized process cheese with fruits vegetables or meats	['e9565']
pasteurized process pimento cheese	['e9566']
pasteurized process cheese food with fruits vgetables or meats	['e9567']
pasteurized neufchatel cheese spread with other foods	['e9568']
cheese skim milk for manufacturing	['e9569']
swiss cheese (for manufacturing)	['e9570']
cream (ultrapasteurized)	['e9571']
mammalian milk (sour, flavored)	['e9572']
cheese (ripened)	['e9573']
egg cheese	['e9574']
blood food product (dried)	['e9575']
whole meat product	['e9576']
fish (quick-frozen)	['e9577']
fish (grilled)	['e9578']
stockfish (quick-frozen)	['e9579']
potato (quick-frozen)	['e9580']
vegetable (peeled)	['e9581']
vegetable (quick-frozen)	['e9582']
berry (quick-frozen)	['e9583']
fruit (quick-frozen)	['e9584']
berry (dried)	['e9585']
marmalade fruit	['e9586']
infant gruel (powdered)	['e9587']
infant porridge (powdered)	['e9588']
mushroom (salted)	['e9589']
prune (whole or pieces)	['e9590']
berry (impregnated with sugar)	['e9591']
coconut food product	['e9592']
waffle dough	['e9593']
horseradish root food product	['e9594']
cereal-based product	['e9595']
fish (canned, pasteurized)	['e9596']
meat product (cold smoked)	['e9597']
fish (smoked, vacuum packed)	['e9598']
fish (grilled, vacuum packed)	['e9599']
blood sausage	['e9600']
sausage stuffed with pearl barley	['e9601']
hen egg white mass (quick-frozen)	['e9602']
green bean (canned, spiced)	['e9603']
potato mix (dried)	['e9604']
fish paste (smoked)	['e9605']
fish paste (salted)	['e9606']
coffee bean (decaffeinated, roasted)	['e9607']
tea (instant, decaffeinated)	['e9608']
cheese granular curd	['e9609']
cheese (stirred curd)	['e9610']
cheese blended pasteurized	['e9611']
whey cheese	['e9612']
egg noodle product	['e9613']
vegetable egg noodle product	['e9614']
noodle (egg, vegetable)	['e9615']
egg noodle product (enriched)	['e9616']
noodle (egg, vegetable, enriched)	['e9617']
vegetable egg noodle product (enriched)	['e9618']
noodle (egg, wheat, and soy)	['e9619']
pudding (refrigerated, ready-to-serve)	['e9620']
fig (preserved, canned)	['e9621']
crystallized fruit (energy reduced)	['e9622']
chub cured smoked	['e9623']
white heart cherry (bottled)	['e9624']
fruit (dried, rehydrated, bottled)	['e9625']
lychee (canned)	['e9626']
salt-preserved lemon (sliced, bottled)	['e9627']
beer (low alcohol)	['e9628']
sprat pickled	['e9629']
kampyo (dried gourd strip)	['e9630']
sea urchin product	['e9631']
octopus food product	['e9632']
konbu (dried)	['e9633']
flour paste for bread	['e9634']
black pepper powder	['e9635']
kyungyook (processed)	['e9636']
meat product (processed)	['e9637']
oyster (fresh)	['e9638']
powdered milk with flavoring	['e9639']
fruit juice (raw, sweetened)	['e9640']
fruit juice (raw, unsweetened)	['e9641']
fruit juice concentrate (sweetened)	['e9642']
fruit juice concentrate (unsweetened)	['e9643']
sweet cream	['e9644']
blancmange	['e9645']
dessert made from curd cheese	['e9646']
blancmange concentrate	['e9647']
sweet cream (sterilized)	['e9648']
beverage (fruit juice based, concentrated)	['e9649']
tomato puree (for further processing)	['e9650']
fruit juice drink (from extract)	['e9651']
fruit juice drink (from concentrate)	['e9652']
dessert product (milk based, no added sugar)	['e9653']
mammalian milk (nonfat)	['e9654']
stockfish	['e9655']
milk-derivative-based preparations (desserts and similar products) with no added sugar	['e9656']
breakfast-cereal (no added sugar)	['e9657']
cereal based-desserts with no added sugar	['e9658']
cereal-based-product (with no added sugar)	['e9659']
jam (with no added sugar)	['e9660']
fruit jelly (no added sugar)	['e9661']
marmalade (with no added sugar)	['e9662']
fruit preparation (no added sugar)	['e9663']
confectionery (dried fruit-based, no added sugar)	['e9664']
cocoa-based product (with no added sugar)	['e9665']
sandwich spread (no added sugar, dried-fruit-based)	['e9666']
bakery product (with no added sugar, fine)	['e9667']
crustacean product (fully preserved)	['e9668']
mollusc product (fully preserved)	['e9669']
milk-based beverage (with no added sugar)	['e9670']
milk-derivative-based beverage (with no added sugar)	['e9671']
beverage (fruit juice based, no added sugar)	['e9672']
root vegetable product	['e9673']
potato product	['e9674']
fruit (with no added sugar, canned)	['e9675']
chocolate drink (with no added energy-containing, sweeteners, powders used to prepare)	['e9676']
crustacean product (semi-preserved)	['e9677']
crustacean product (chilled)	['e9678']
berry (canned)	['e9679']
fungus (edible, canned)	['e9680']
root vegetable (canned)	['e9681']
potato (peeled, raw)	['e9682']
apple (raw, peeled)	['e9683']
potato product (peeled, frozen)	['e9684']
apple (peeled, frozen)	['e9685']
apple (peeled, blanched, frozen)	['e9686']
potato (peeled, blanched, frozen)	['e9687']
mushroom (deep-frozen)	['e9688']
potato flakes (granulated and powdered)	['e9689']
root vegetable (flakes, granulated, powdered)	['e9690']
root vegetable (flakes, powdered)	['e9691']
shellfish-like product (fully preserved)	['e9692']
dip (dairy)	['e9693']
meringue topping	['e9694']
baltic herring fillet (deep-frozen)	['e9695']
fruit yogurt (no added sugar, energy 2.0 mj or less)	['e9696']
fruit jelly (no energy-containing sweetener added)	['e9697']
jam (energy-containing sweetener not added)	['e9698']
marmalade (energy-containing sweetener not added)	['e9699']
fruit pulp (no energy-containing sweetener added)	['e9700']
lemon tea (no added energy-containing sweetener, powdered)	['e9701']
citrus nectar	['e9702']
citrus fruit syrup	['e9703']
oats (hulled)	['e9704']
oat must	['e9705']
root vegetable (dried)	['e9706']
meat (whole or pieces)	['e9707']
shrimp (peeled, deep-frozen)	['e9708']
prawn (peeled, deep-frozen)	['e9709']
shellfish (cooked)	['e9710']
butter (concentrated)	['e9711']
fungus (edible, dried)	['e9712']
shrimp or prawn (canned)	['e9713']
shrimp or prawn (quick frozen)	['e9714']
green pea	['e9715']
mammalian milk for infant	['e9716']
dairy food for infant	['e9717']
grain-based food	['e9718']
cheese product (processed)	['e9719']
lobster meat (frozen fresh, quick-frozen)	['e9720']
lobster meat (cooked, quick-frozen)	['e9721']
shrimp or prawn (raw, quick-frozen)	['e9722']
shrimp or prawn (cooked, quick-frozen)	['e9723']
lumpfish roe semi-preserved	['e9724']
lumpfish roe (chilled)	['e9725']
cod roe fully preserved	['e9726']
caviar semi-preserved	['e9727']
caviar (chilled)	['e9728']
cream cheese (processed)	['e9729']
wheat (cracked)	['e9730']
wheat (crushed)	['e9731']
corn grits (quick)	['e9732']
orange juice for manufacturing	['e9733']
yellow corn grits	['e9734']
white cornmeal (bolted)	['e9735']
white cornmeal (degerminated)	['e9736']
yellow cornmeal (bolted)	['e9737']
shrimp (fully preserved)	['e9738']
crab (fully preserved)	['e9739']
spice (capsicum-based)	['e9740']
fish (gutted, fresh)	['e9741']
fish (gutted, deep-frozen)	['e9742']
fish (gutted, fully preserved)	['e9743']
fish roe (semi-preserved)	['e9744']
fish roe (chilled)	['e9745']
anchovy (salted)	['e9746']
horseradish (grated, fresh)	['e9747']
horseradish (grated, frozen)	['e9748']
horseradish (grated, frozen, blanched)	['e9749']
root vegetable (frozen)	['e9750']
fungus (edible, fresh)	['e9751']
fungus (edible, frozen)	['e9752']
beetroot (canned)	['e9753']
beetroot	['e9754']
sturgeon roe semi-preserved	['e9755']
sturgeon roe (chilled)	['e9756']
baltic herring filet fully preserved	['e9757']
ham salad (canned)	['e9758']
beef cut (cured)	['e9759']
pork cut (cured)	['e9760']
meat food product (cured, comminuted)	['e9761']
genoa salami	['e9762']
cheesefurter	['e9763']
garlic bologna	['e9764']
knockwurst	['e9765']
pork meat (fresh)	['e9766']
blood food product (fresh, livestock)	['e9767']
animal fat (rendered)	['e9768']
sausage brown and serve	['e9769']
italian sausage (raw)	['e9770']
ground beef patty (pregrilled)	['e9771']
beef sausage (raw)	['e9772']
beef and pork sausage (raw)	['e9773']
pizza topping (meat-based)	['e9774']
meatball	['e9775']
breading mix (meat-based)	['e9776']
pie (baked)	['e9777']
breakfast sausage	['e9778']
hog sausage	['e9779']
italian sausage	['e9780']
pork sausage (smoked)	['e9781']
braunschweiger	['e9782']
bockwurst	['e9783']
meat-based soup	['e9784']
meat salad (canned)	['e9785']
meat salad (frozen)	['e9786']
meat salad (refrigerated)	['e9787']
pork loin (cooked, cured)	['e9788']
pork product (cured)	['e9789']
pork butt (cooked, cured)	['e9790']
pork picnic (cooked, cured)	['e9791']
pork ham (uncooked, cured)	['e9792']
pork loin (uncooked, cured)	['e9793']
pork shoulder (uncooked, cured)	['e9794']
pork butt (uncooked, cured)	['e9795']
pork (cut fresh)	['e9796']
bacon (made with dry curing material)	['e9797']
pig carcass	['e9798']
pork carcass	['e9798']
pork (carcass, previously frozen cut)	['e9799']
bacon (whole cut or pieces)	['e9800']
bacon (immersion cured)	['e9801']
beef (chopped)	['e9802']
ground beef patty	['e9803']
beef steak (fabricated)	['e9804']
poultry-based soup	['e9805']
poultry fat (rendered)	['e9806']
poultry (raw, ground, formed)	['e9807']
poultry (ground, formed, cooked)	['e9808']
poultry (cooked)	['e9809']
poultry meat product (raw)	['e9810']
poultry spread	['e9811']
poultry (cured)	['e9812']
poultry meat product (cured, comminuted)	['e9813']
poultry (comminuted, cured)	['e9814']
poultry product (cured)	['e9815']
muscle tissue (raw)	['e9816']
poultry meat product (raw, packaged)	['e9817']
poultry meat product (raw, packaged, frozen)	['e9818']
poultry (boneless, canned)	['e9819']
poultry roll (cooked)	['e9820']
poultry roll (raw)	['e9821']
whey (partially delactosed)	['e9822']
lemon oil	['e9823']
beef with barbecue sauce	['e9824']
pork with barbecue sauce	['e9825']
whole muscle meat cut	['e9826']
cream (pasteurized, fresh)	['e9827']
mammalian milk (pastuerized, fresh)	['e9828']
meat (quick-frozen)	['e9829']
fish (raw, dried)	['e9830']
corn germ	['e9831']
corn malt	['e9832']
corn kernel	['e9833']
citrus wine	['e9834']
black grape wine	['e9835']
still wine	['e9836']
coffee bean (roasted, decaffeinated)	['e9837']
beef cut (fresh)	['e9838']
lamb cut (fresh)	['e9839']
cream (low fat, pasteurized)	['e9840']
fruit (unprocessed, deep-frozen)	['e9841']
vegetable (unprocessed, frozen)	['e9842']
vegetable (unprocessed, deep-frozen)	['e9843']
fish (unprocessed, frozen)	['e9844']
fish (unprocessed, deep-frozen)	['e9845']
crustacean (unprocessed, frozen)	['e9846']
crustacean (unprocessed, deep-frozen)	['e9847']
mollusc (unprocessed, frozen)	['e9848']
mollusc (unprocessed, deep-frozen)	['e9849']
leaf tea (unflavored)	['e9850']
pasta (fresh)	['e9851']
fruit (crystallized)	['e9852']
vegetable (crystallized)	['e9853']
hard cheese (sliced)	['e9854']
breakfast cereal (extruded)	['e9855']
breakfast cereal (puffed)	['e9856']
crustacean (deep-frozen)	['e9857']
fruit (unprocessed, frozen)	['e9858']
gnocchi	['e9859']
cream de pruneaux	['e9860']
crustacean (whole or flesh piece)	['e9861']
coffee bean (roasted)	['e9862']
chicory extract	['e9863']
barley malt product	['e9864']
cheese product (processed, flavored)	['e9865']
fruit spread (low-calorie)	['e9866']
fruit porridge	['e9867']
crangon vulgaris (cooked)	['e9868']
vegetable protein drink	['e9869']
fish fillet (unprocessed, frozen)	['e9870']
fish fillet (deep-frozen, unprocessed)	['e9871']
potato (pre-fried, frozen)	['e9872']
potato (pre-fried, deep-frozen)	['e9873']
fruit preparation (canned)	['e9874']
instant powder for fruit based drink	['e9875']
instant tea powder	['e9876']
clotted cream	['e9877']
meat product (canned)	['e9878']
beverage (almond, non-alcoholic)	['e9879']
coconut beverage (non-alcoholic)	['e9880']
breakfast cereal (granola-type)	['e9881']
mollusc (canned)	['e9882']
fish with red skin (frozen)	['e9883']
fish with red skin (deep-frozen)	['e9884']
olive (darkened by oxidation)	['e9885']
meat product (minced or diced, canned)	['e9886']
potato (pre-fried, sliced)	['e9887']
olive	['e9888']
meat product (jelly coated, cooked)	['e9889']
meat product (jelly coated, cured)	['e9890']
meat product (jelly coated, dried)	['e9891']
hen egg product (dehydrated)	['e9892']
hen egg product (concentrated)	['e9893']
hen egg product (frozen)	['e9894']
hen egg product (deep-frozen)	['e9895']
cephalopod (deep-frozen)	['e9896']
potato (deep-frozen)	['e9897']
vegetable (white, deep-frozen)	['e9898']
angelica (candied)	['e9899']
angelica (crystallized)	['e9900']
angelica (glace)	['e9901']
citrus peel (crystallized)	['e9902']
citrus peel glace	['e9903']
jam (made with sulfite fruit)	['e9904']
fruit jelly made with sulfite fruit	['e9905']
marmelade (made with sulfite fruit)	['e9906']
beer with a second fermentation in cask	['e9907']
milk product (flavored)	['e9908']
crustacean (pre-cooked)	['e9909']
cider (aromatized)	['e9910']
mollusc (frozen)	['e9911']
cornmeal porridge (processed, canned)	['e9912']
cephalopod (unprocessed, deep-frozen)	['e9913']
cephalopod (unprocessed, frozen)	['e9914']
crystallized fruit (no added sugar)	['e9915']
cidre bouche	['e9916']
liqueur wine	['e9917']
cheese (red marbled)	['e9918']
skim milk (pasteurized)	['e9919']
cow milk (semi-skimmed, pasteurized)	['e9920']
cow milk (semi-skimmed, sterilized)	['e9921']
skim milk (uht-sterilized)	['e9922']
cow milk (semi-skimmed, uht-sterilized)	['e9923']
saucisses de strasbourg	['e9924']
sage derby cheese	['e9925']
bean (cooked, with seasoning)	['e9926']
fish product (low sodium)	['e9927']
meat product (low sodium)	['e9928']
poultry meat product (low sodium)	['e9929']
yogurt (fruit flavored)	['e9930']
nut yogurt (flavored)	['e9931']
dairy product (fruit flavored)	['e9932']
dairy product (nut flavored)	['e9933']
beverage (fruit juice based, effervescent)	['e9934']
crabmeat (frozen fresh)	['e9935']
fruit juice for confectionery	['e9936']
fruit paste for confectionery	['e9937']
butterbur stem	['e9938']
fruit (pickled)	['e9939']
citrus fruit (blanched, frozen)	['e9940']
fish fillet (deep-frozen)	['e9941']
pork picnic (uncooked, cured)	['e9942']
meat (cured, comminuted)	['e9943']
poultry meat product (cooked)	['e9944']
veal steak (raw, fabricated)	['e9945']
goat milk (powdered, skimmed)	['e9946']
flour (protein-increased)	['e9947']
sausage meat	['e9948']
fish ball	['e9949']
mammalian lactobacillus milk drink	['e9950']
cream (homogenized)	['e9951']
cream (thickened)	['e9952']
hen egg jam	['e9953']
soybean milk (flavored)	['e9954']
cabbage (dehydrated)	['e9955']
chocolate concentrate drink	['e9956']
fillings for flour confectionery (fruit based)	['e9957']
coconut (desiccated)	['e9958']
coffee mixture	['e9959']
fish cracker	['e9960']
diphos sanguin	['e9961']
obsolete: yellowfin tuna	['e9962']
palinurid spiny lobster	['e9963']
water snail	['e9964']
broiler chicken	['e9965']
mussel	['e9966']
oyster	['e9967']
onion plant	['e9968']
clam	['e9969']
truffle fungi	['e9970']
land snail	['e9971']
chicken	['e9972']
scallion plant	['e9973']
brown trout	['e9974']
jamaican tangelo	['e9975']
obsolete: albacore	['e9976']
shallot plant	['e9977']
golden chanterelle	['e9978']
rock cornish game hen	['e9979']
oyster mushroom genus	['e9980']
shiitake mushroom	['e9981']
straw mushroom	['e9982']
abalone mushroom	['e9983']
roaster chicken	['e9984']
capon	['e9985']
stag chicken	['e9986']
chicken hen	['e9987']
rooster	['e9988']
alaska pollock	['e9989']
obsolete: dolphinfish	['e9990']
new zealand commercial scallop	['e9991']
new zealand rock oyster	['e9992']
chilean abalone	['e9993']
new zealand green mussel	['e9994']
black morel	['e9995']
inky cap mushroom	['e9996']
field mushroom	['e9997']
early morel	['e9998']
morel mushroom	['e9999']
porcini mushroom	['e10000']
blusher mushroom	['e10001']
milk mushroom	['e10002']
fenugreek milkcap	['e10003']
magic mushroom	['e10004']
snail	['e10005']
white lepiota	['e10006']
langostino colorado	['e10007']
langostino amarillo	['e10008']
slippery jack mushroom	['e10009']
new zealand wedge clam	['e10010']
obsolete: african mudfish	['e10011']
american razor clam	['e10012']
japanese scallop	['e10013']
cipollini plant	['e10014']
reishi mushroom	['e10015']
japanese hard clam	['e10016']
quahog	['e10017']
enoki mushroom	['e10018']
blewit mushroom	['e10019']
wood blewit	['e10020']
hen clam	['e10021']
pipi clam	['e10022']
toheroa wedge clam	['e10023']
obsolete: common whitefish	['e10024']
new zealand dredge oyster	['e10025']
honey mushroom	['e10026']
red boletus	['e10027']
rough stemmed boletus	['e10028']
saffron milkcap	['e10029']
obsolete: barramundi	['e10030']
japanese flat oyster	['e10031']
razor shell clam	['e10032']
venus clam family	['e10033']
obsolete: cultivated mushroom (organism)	['e10034']
gum arabic	['e10035']
guar gum	['e10036']
bolete mushroom	['e10037']
new zealand langostino	['e10038']
frilled venus	['e10039']
california venus	['e10040']
new zealand cockle	['e10041']
chilean blue mussel	['e10042']
korean mussel	['e10043']
australian mussel	['e10044']
river plata mussel	['e10045']
green mussel	['e10046']
kerguelen mussel	['e10047']
turkish snail	['e10048']
chilean flat oyster	['e10049']
denticulate rock oyster	['e10050']
kumamoto oyster	['e10051']
sweet onion plant	['e10052']
maitake mushroom	['e10053']
king oyster mushroom	['e10054']
brown beech mushroom	['e10055']
red onion plant	['e10056']
white truffle	['e10057']
black truffle	['e10058']
chinese truffle	['e10059']
summer truffle	['e10060']
pearl oyster mushroom	['e10061']
lake trout (brown trout variety)	['e10062']
razor shell family	['e10063']
mactra surf shell family	['e10064']
great scallop	['e10065']
australian scallop	['e10066']
south atlantic scallop	['e10067']
magellan mussel	['e10068']
date shell	['e10069']
horse mussel	['e10070']
snow fungus	['e10071']
south polar fungus	['e10072']
white oyster mushroom	['e10073']
nameko mushroom	['e10074']
spring mushroom	['e10075']
shimeji mushroom	['e10076']
lentinus sajor-caju (fruitbody)	['e10077']
collared stinkhorn	['e10078']
rooting shank	['e10079']
green oyster	['e10080']
shaggy inc cap	['e10081']
coral tooth mushroom	['e10082']
yellow brain fungus	['e10083']
cauliflower fungus	['e10084']
elm oyster	['e10085']
tiger saw-gill	['e10086']
st. george's mushroom	['e10087']
gypsy mushroom	['e10088']
southern queen scallop	['e10089']
yellow onion plant	['e10090']
silverskin onion plant	['e10091']
giant snail	['e10092']
white beech mushroom	['e10093']
hon-shimeji	['e10094']
horse mushroom	['e10095']
forest lamb	['e10096']
caesar's mushroom	['e10097']
pine bolete	['e10098']
summer bolete	['e10099']
pale chanterelle	['e10100']
horn of plenty	['e10101']
yellow foot	['e10102']
trumpet chanterelle	['e10103']
bearded tooth mushroom	['e10104']
wood hedgehog	['e10105']
terracotta hedgehog	['e10106']
parasol mushroom	['e10107']
common morel	['e10108']
golden oyster mushroom	['e10109']
pink oyster mushroom	['e10110']
peruvian calico scallop	['e10111']
goolwa donax	['e10112']
mud mussel	['e10113']
shipworm	['e10114']
river mussel	['e10115']
cassidula	['e10116']
telescope snail	['e10117']
sea snail	['e10118']
mud whelk	['e10119']
mud oyster	['e10120']
pearly freshwater mussel	['e10121']
flood plain mussel	['e10122']
angas' mussel	['e10123']
salt marsh snail	['e10124']
horn snail	['e10125']
giant mangrove whelk	['e10126']
belitong snail	['e10127']
striate mud creeper	['e10128']
helicidae	['e10129']
scotch bonnet	['e10130']
oblique onion plant	['e10131']
french grey shallot plant	['e10132']
persian shallot plant	['e10133']
germinated or sprouted seed	['e10134']
mammalian milk or milk component	['e10135']
mammalian milk cream or cream component	['e10136']
mammalian light whipping cream (30%-36%)	['e10137']
mammalian light cream (18%-30%)	['e10138']
mammalian heavy cream (36%+)	['e10139']
mammalian milk whey	['e10140']
mammalian milk curd	['e10141']
germ oil	['e10142']
peel oil	['e10143']
seed oil	['e10144']
plant seed or nut food product	['e10145']
chocolate or cocoa	['e10146']
vegetable fat or oil	['e10147']
dried or candied fruit	['e10148']
mammalian milk protein	['e10149']
wheat malt	['e10150']
rye malt	['e10151']
guarana seed	['e10152']
poultry wing	['e10153']
poultry breast	['e10154']
poultry leg	['e10155']
poultry thigh	['e10156']
poultry neck	['e10157']
poultry foot	['e10158']
calabrese salami	['e10159']
chicken kiev	['e10160']
cobbler	['e10161']
crumble	['e10162']
khmeli suneli	['e10163']
kulfi	['e10164']
microgreen food product	['e10165']
microgreen (whole or pieces)	['e10166']
microgreen leaf	['e10167']
microgreen stem	['e10168']
microgreen bunch	['e10169']
minas cheese	['e10170']
kheer	['e10171']
panch phoron (non-ground)	['e10172']
paneer	['e10173']
ras malai	['e10174']
rasam (dish)	['e10175']
rice puto	['e10176']
sopressata salami	['e10177']
sambar	['e10178']
sashimi	['e10179']
sheer khurma	['e10180']
split chickpea	['e10181']
tuna saku	['e10182']
mochi	['e10183']
egg salad	['e10184']
dhana jiru	['e10185']
gram flour	['e10186']
carrot (raw, peeled)	['e10187']
za'atar	['e10188']
aequipecten opercularis	['e10189']
pinctada margaritifera	['e10190']
mercenaria campechiensis	['e10191']
ensis ensis	['e10192']
ruditapes philippinarum	['e10193']
allium chinense	['e10194']
stramonita haemastoma	['e10195']
panopea abrupta	['e10196']
cantareus apertus	['e10197']
palinurus elephas	['e10198']
palinurus delagoae	['e10199']
palinurus gilchristi	['e10200']
ensis siliqua	['e10201']
solen marginatus	['e10202']
chlamys islandica	['e10203']
allium cepa var. aggregatum	['e10204']
mytilus galloprovincialis	['e10205']
crassostrea gigas	['e10206']
patinopecten caurinus	['e10207']
argopecten irradians	['e10208']
palinurus mauritanicus	['e10209']
megapitaria maculata	['e10210']
allium fistulosum	['e10211']
saccostrea cucullata	['e10212']
palinurus charlestoni	['e10213']
ostrea edulis	['e10214']
crassostrea rhizophorae	['e10215']
chionista fluctifraga	['e10216']
modiolus modiolus	['e10217']
saxidomus gigantea	['e10218']
chionoecetes opilio	['e10219']
pleoticus muelleri	['e10220']
corbicula fluminea	['e10221']
leukoma staminea	['e10222']
allium cepa	['e10223']
allium canadense	['e10224']
mimachlamys varia	['e10225']
crassostrea angulata	['e10227']
ensis directus	['e10228']
arctica islandica	['e10229']
ostrea lurida	['e10230']
cornu aspersum	['e10231']
helix pomatia	['e10232']
mytilus californianus	['e10233']
mytilus edulis	['e10234']
mytilus trossulus	['e10235']
crassostrea virginica	['e10236']
placopecten magellanicus	['e10237']
pecten maximus	['e10238']
spisula solidissima	['e10239']
macrocallista nimbosa	['e10240']
mercenaria mercenaria	['e10241']
mya arenaria	['e10242']
argopecten gibbus	['e10243']
perna perna	['e10244']
milk	['e10245']
honey	['e10246']
nut or seed added	['e10145']
chocolate or cocoa added	['e10146']
vegetable fat or oil added	['e10147']
dried or candied fruit added	['e10148']
milk protein added	['e10149']
wheat malt added	['e10150']
rye malt added	['e10151']
queen scallop	['e10189']
blacklip pearl oyster	['e10190']
southern quahog	['e10191']
pod razor	['e10192']
japanese littleneck clam	['e10193']
chinese onion plant	['e10194']
rock shell snail	['e10195']
pacific geoduck	['e10196']
green garden snail	['e10197']
common spiny lobster	['e10198']
natal spiny lobster	['e10199']
gilchrist spiny lobster	['e10200']
sword razor	['e10201']
margin jackknife	['e10202']
iceland scallop	['e10203']
mediterranean mussel	['e10205']
pacific giant oyster	['e10206']
weathervane scallop	['e10207']
bay scallop	['e10208']
pink spiny lobster	['e10209']
calico clam	['e10210']
welsh onion plant	['e10211']
sydney cupped oyster	['e10212']
cape verde spiny lobster	['e10213']
european oyster	['e10214']
mangrove cupped oyster	['e10215']
smooth venus	['e10216']
northern horse mussel	['e10217']
butter clam	['e10218']
snow crab	['e10219']
argentine red shrimp	['e10220']
asian clam	['e10221']
pacific littleneck clam	['e10222']
canadian onion plant	['e10224']
variegated scallop	['e10225']
hardshell clam	['e10226']
portuguese oyster	['e10227']
atlantic jackknife	['e10228']
ocean quahog	['e10229']
olympia flat oyster	['e10230']
garden snail	['e10231']
escargot	['e10232']
california mussel	['e10233']
blue mussel	['e10234']
northern blue mussel	['e10235']
eastern oyster	['e10236']
sea scallop	['e10237']
great atlantic scallop	['e10238']
atlantic surfclam	['e10239']
sunray venus	['e10240']
northern quahog	['e10241']
softshell clam	['e10242']
atlantic calico scallop	['e10243']
south american rock mussel	['e10244']
gehakt	['e3']
ground meat	['e3']
fines	['e4']
hotdog	['e13']
yoghourt	['e18']
yoghurt	['e18']
yougert	['e18']
bresse blue	['e26']
emmental cheese	['e36']
emmentaler cheese	['e36']
harzerkaese	['e37']
pork	['e41']
ice-cream	['e48']
flax oil	['e83']
flax seed oil	['e83']
linseed oil	['e83']
fermented apple	['e92']
coffee and coffee products	['e131']
maize food product	['e134']
tuber	['e138']
pomes	['e148']
common oat food product	['e174']
dried fava bean	['e182']
garbanzo bean food product	['e183']
pulse	['e193']
pulses	['e193']
cocoa and cocoa products	['e195']
herb or spice	['e217']
dairy product	['e231']
milk product	['e231']
cider	['e248']
sweet custard	['e251']
beef mince	['e252']
ground beef	['e252']
hamburger meat	['e252']
minced beef	['e252']
cantaloup	['e257']
alfalfa nut	['e297']
capers	['e368']
cardamon	['e369']
cardamum	['e369']
cereal product	['e387']
cloves	['e411']
dill	['e460']
dry corn food product	['e484']
common pea vegetable food product	['e486']
garden pea vegetable food product	['e486']
linseed food product	['e491']
ginger	['e510']
red pepper	['e548']
hǎidài	['e569']
dasima (korean: 다시마)	['e569']
haidai	['e569']
kombu	['e569']
lettuce	['e578']
lupin	['e589']
mace	['e591']
marjoram	['e598']
miracle fruit food product	['e608']
mollusk food product	['e610']
sage	['e744']
soy product	['e777']
thyme	['e806']
vanilla	['e819']
aduki bean paste	['e848']
red mung bean paste	['e848']
white bean paste	['e849']
camembert-blue cheese	['e861']
canestrato	['e862']
roquefort	['e864']
crescenza cheese	['e865']
japanese mustard greens	['e866']
kyona	['e866']
qian jing shui cai	['e866']
spider mustard	['e866']
mint	['e868']
jujube	['e910']
ham	['e924']
deboned cooked chicken	['e934']
queso cincho	['e942']
wantan	['e952']
wuntun	['e952']
hibiscus tea	['e959']
grauburgunder	['e973']
pinot grigio	['e973']
blauburgunder	['e974']
pinot nero	['e974']
rulandské modré	['e974']
spätburgunder	['e974']
blanc fume	['e979']
fume blanc	['e979']
muskat-silvaner	['e979']
sauvignon jaune	['e979']
sémillon wine	['e980']
frizzante	['e982']
spumante	['e982']
tranquillo	['e982']
frappato nero	['e986']
frappato nero di vittoria	['e986']
frappatu	['e986']
frappatu di vittoria	['e986']
nerello	['e986']
nerello di catania	['e986']
nero capitano.	['e986']
zante wine	['e992']
claret	['e993']
jamaica pepper	['e997']
jamaica pimento	['e997']
myrtle pepper	['e997']
pimenta	['e997']
pimento	['e997']
chela	['e1006']
pincer	['e1006']
boston bean	['e1012']
haricot	['e1012']
pea bean	['e1012']
pearl haricot bean	['e1012']
white pea bean	['e1012']
langouste	['e1013']
langustas	['e1013']
rock lobster	['e1013']
lactuca sativa l. var. longifolia	['e1014']
cos lettuce	['e1014']
romaine	['e1014']
turkey pectoral muscle	['e1016']
green onion	['e1020']
salad onion	['e1020']
spring onion	['e1020']
chicken pectoral muscle	['e1027']
bofe	['e1029']
cow lung	['e1029']
cow lung (raw)	['e1029']
paru	['e1029']
savoury biscuit	['e1030']
water biscuit	['e1030']
ground turkey	['e1031']
minced turkey	['e1031']
polish sausage	['e1034']
thai chili	['e1040']
bird eye chili	['e1040']
bird's chili	['e1040']
harina de carne	['e1041']
soft-shell crab is a culinary term for crabs that have recently molted their old exoskeleton and are still soft. soft-shells are removed from the water as soon as they molt to prevent any hardening of their shell. this means that almost the entire animal can be eaten, rather than having to shell the animal to reach the meat.	['e1044']
softshell crab	['e1044']
guajillo chili	['e1045']
guajillo pepper	['e1045']
roman bean	['e1047']
gadhra bean	['e1047']
romano bean	['e1047']
rosecoco bean	['e1047']
saluggia bean	['e1047']
dried bean	['e1049']
arhar	['e1055']
toor dal	['e1055']
tur	['e1055']
तूर	['e1055']
तूर दाल	['e1055']
haricot bean	['e1056']
ground-bean	['e1068']
hog-peanut	['e1068']
edamame shelled	['e1076']
tericopelo bean	['e1078']
garbanzo bean (dried)	['e1081']
goose egg	['e1092']
turkey egg	['e1093']
snow pea	['e1095']
turkey	['e1096']
<http://purl.obolibrary.org/obo/iao_0000122>	['e1099']
extra virgin olive oil	['e1099']
枝豆	['e1100']
fava bean pod	['e1102']
1% milk	['e1105']
sheep lung	['e1113']
neck of lamb	['e1118']
plant ash	['e1120']
bartlett pear	['e1122']
williams bon chrétien pear	['e1122']
quico	['e1123']
toasted corn	['e1123']
hopi tea	['e1128']
navajo tea	['e1128']
navajo tea greenthread	['e1128']
greenthread tea	['e1128']
fiji apple	['e1129']
majhool date	['e1132']
medjoul date	['e1132']
مجهول‎	['e1132']
natto	['e1134']
納豆	['e1134']
ohelo berry	['e1136']
oheloberries	['e1136']
biji	['e1137']
dòufuzhā	['e1137']
dòuzhā	['e1137']
kongbiji	['e1137']
soy pulp	['e1137']
tofu dregs	['e1137']
餃子	['e1138']
dried sōmen	['e1140']
somen	['e1140']
somyeon	['e1140']
sùmiàn	['e1140']
素面	['e1140']
素麵	['e1140']
素麺	['e1140']
소면)	['e1140']
pudding rice	['e1141']
short-grain rice	['e1141']
short ribs	['e1142']
stinkheads	['e1143']
camellia oleifera seed oil	['e1144']
camellia oil	['e1144']
camellia seed oil	['e1144']
teaseed oil	['e1144']
blue crab meat	['e1145']
black bean	['e1147']
meringue	['e1149']
king crab meat	['e1151']
capelin roe	['e1152']
roasted black gram	['e1155']
roasted chickpea	['e1155']
bengal cardamom	['e1160']
indian cardamom	['e1160']
nepal cardamom	['e1160']
big cardamon	['e1160']
brown cardamom	['e1160']
greater cardamom	['e1160']
hill cardamom	['e1160']
winged cardamom	['e1160']
heirloom tomato	['e1161']
heritage tomato	['e1161']
hengu	['e1167']
hing	['e1167']
inguva	['e1167']
jowani badian	['e1167']
kayam	['e1167']
ting	['e1167']
graviola	['e1168']
guanábana	['e1168']
guyabano	['e1168']
kimchee	['e1171']
german turnip	['e1173']
kohlrabi	['e1173']
prime rib roast	['e1175']
standing rib roast	['e1175']
bushmeat	['e1176']
wildmeat	['e1176']
lemon grass leaf	['e1177']
west indian lemongrass leaf	['e1177']
bastard saffron	['e1180']
kasuba	['e1180']
kasubha	['e1180']
ribeyza	['e1181']
rostov rybez	['e1181']
rybetz	['e1181']
gnetum africanum leaf	['e1182']
afang leaf	['e1182']
african jointfir leaf	['e1182']
eru leaf	['e1182']
fumbua leaf	['e1182']
okok leaf	['e1182']
ukazi leaf	['e1182']
wild spinach leaf	['e1182']
gnetum africanum tuber	['e1183']
afang tuber	['e1183']
african jointfir tuber	['e1183']
eru tuber	['e1183']
okazi root tuber	['e1183']
ukazi tuber	['e1183']
minneiska	['e1184']
sweetango	['e1184']
butternut squash	['e1186']
fish cutlet	['e1188']
tuna cutlet	['e1189']
broccosprout	['e1190']
ancho	['e1193']
chile ancho	['e1193']
poblano	['e1193']
poblano powder	['e1194']
hawaii nut	['e1196']
queensland nut	['e1196']
bauple	['e1196']
bauple nut	['e1196']
boombera	['e1196']
bush nut	['e1196']
gyndl	['e1196']
jindilli	['e1196']
macadamia	['e1196']
maroochi nut	['e1196']
gherkin	['e1197']
pickle	['e1197']
pacific serviceberry	['e1198']
alder-leaf shadbush berry	['e1198']
chuckley pear berry	['e1198']
dwarf shadbush berry	['e1198']
pigeon berry	['e1198']
western juneberry	['e1198']
western serviceberry	['e1198']
redcurrant	['e1199']
yellow wax bean	['e1201']
yellow bell pepper	['e1202']
yellow pepper	['e1202']
golden zucchini	['e1204']
yellow zucchini	['e1204']
orange bell pepper	['e1205']
orange pepper	['e1205']
cibleme	['e1206']
scallopini	['e1206']
sunburst squash	['e1206']
white squash	['e1206']
yellow squash	['e1206']
caraway	['e1211']
cumin	['e1213']
ripe olive	['e1214']
druplet berry	['e1215']
pomello	['e1216']
pommelo	['e1216']
pumello	['e1216']
pumelo	['e1216']
pummelo	['e1216']
shaddock	['e1216']
cow steak	['e1218']
savoy cabbage	['e1220']
burdock	['e1223']
greater burdock	['e1223']
tarragon	['e1224']
mugwort	['e1225']
mugwort buds	['e1225']
mugwort leaves	['e1225']
saffron	['e1229']
basil	['e1230']
soft-necked garlic	['e1231']
hard-necked garlic	['e1232']
potato puff	['e1233']
حمص بالطحينة‎	['e1234']
ḥummuṣ bi-ṭaḥini	['e1234']
corn grits	['e1237']
piki bread	['e1238']
robusta coffee	['e1239']
arabica coffee	['e1240']
chinese pear	['e1245']
japanese pear	['e1245']
nashi	['e1245']
nashi pear	['e1245']
oriental pear	['e1245']
sand pear	['e1245']
abiyuch	['e1246']
garlic pear	['e1246']
sacred barma	['e1246']
sacred garlic pear	['e1246']
templeplant	['e1246']
rowanberry	['e1249']
black spanish radish	['e1250']
nopal pad	['e1253']
chinese potato	['e1254']
cinnamon-vine	['e1254']
nagaimo	['e1254']
山药	['e1254']
east asian mountain yam	['e1255']
japanese mountain yam	['e1255']
yamaimo	['e1255']
jack	['e1259']
jack fruit	['e1259']
jakfruit	['e1259']
langka	['e1259']
crowberry	['e1260']
roselle	['e1263']
chinese star anise	['e1265']
badiane	['e1265']
staranise	['e1265']
lovage	['e1266']
lichee	['e1270']
lichi	['e1270']
litchee	['e1270']
litchi	['e1270']
litchi nut	['e1270']
carambola	['e1272']
sallowthorn	['e1278']
sandthorn	['e1278']
sea buckthornberry	['e1278']
sea-buckthornberry	['e1278']
seaberry	['e1278']
barley	['e1279']
hyssop	['e1280']
purple mangosteen	['e1281']
abricotier d’afrique	['e1282']
african apple	['e1282']
african apricot	['e1282']
african mammee apple	['e1282']
mammea	['e1282']
mammee apple	['e1282']
santo domingo apricot	['e1283']
south american apricot	['e1283']
mamey	['e1283']
mammee	['e1283']
tropical apricot	['e1283']
yellow mamey	['e1283']
egyptian bean	['e1284']
indian lotus	['e1284']
bean of india	['e1284']
lotus	['e1284']
sacred lotus	['e1284']
cerisier carré	['e1287']
brazil cherry	['e1287']
cayenne cherry	['e1287']
pitanga	['e1287']
oregon yampah	['e1291']
highbush cranberry	['e1292']
lowbush cranberry	['e1292']
mooseberry	['e1292']
moosomin	['e1292']
pembina	['e1292']
pimbina	['e1292']
viburnum edule	['e1292']
crab apple	['e1293']
crabapple	['e1293']
vigna unguiculata subsp. cylindrica	['e1294']
catjang	['e1294']
chinese broccoli	['e1295']
chinese kale	['e1295']
jie lan	['e1295']
kai-lan	['e1295']
bread wheat	['e1296']
bread wheat kernel	['e1296']
medlar	['e1297']
chinese bayberry	['e1300']
chinese strawberry	['e1300']
japanese bayberry	['e1300']
red bayberry	['e1300']
waxberry	['e1300']
yamamomo	['e1300']
yangmei	['e1300']
yumberry	['e1300']
yángméi	['e1300']
ヤマモモ	['e1300']
杨梅	['e1300']
palm heart	['e1301']
palmetto	['e1301']
palmito	['e1301']
curds and whey	['e1302']
junket	['e1302']
bulgur wheat	['e1303']
coffee mocha	['e1304']
mocaccino	['e1304']
mochaccino	['e1304']
mochachino	['e1304']
canadian-style bacon	['e1305']
dinkel wheat	['e1309']
hulled wheat	['e1309']
butter bean	['e1314']
multiflora bean	['e1314']
runner bean	['e1314']
scarlet bean	['e1314']
scarlet runner bean	['e1314']
vaccinium stamineum	['e1316']
buckberry	['e1316']
highbush huckleberry	['e1316']
southern gooseberry	['e1316']
squaw huckleberry	['e1316']
tall deerberry	['e1316']
dragon eyes	['e1317']
lungan	['e1317']
hairy lychee	['e1318']
rhambustan	['e1318']
portuguese kale	['e1320']
couve tronchuda	['e1320']
sea kale	['e1320']
japanese bunching onion	['e1321']
bunching onion	['e1321']
long green onion	['e1321']
spanish onion	['e1321']
african horned cucumber	['e1330']
african horned melon	['e1330']
cucumis metuliferus	['e1330']
hedged gourd	['e1330']
jelly melon	['e1330']
kiwano	['e1330']
kiwano plant	['e1330']
melano	['e1330']
spiked melon	['e1330']
soya yogurt	['e1331']
soygurt	['e1331']
yofu	['e1331']
vegetarian food	['e1332']
cupu assu	['e1333']
cupuaçu	['e1333']
irish oatmeal	['e1343']
coarse oatmeal	['e1343']
pinhead oats	['e1343']
bakery filling fat	['e1348']
poppy oil	['e1349']
poppy seed oil	['e1349']
apricot oil	['e1352']
cupu assu oil	['e1355']
paste tomato	['e1361']
processing tomato	['e1361']
roma tomato	['e1361']
müsli	['e1362']
müesli	['e1362']
la tarte de saint-tropez	['e1363']
tropezienne	['e1363']
beef burgundy	['e1364']
bœuf bourguignon	['e1364']
bœuf à la bourguignonne	['e1364']
souffle	['e1366']
parmesan	['e1368']
omelet	['e1370']
mille-feuille	['e1371']
millefeuille	['e1371']
ipa	['e1374']
sack yoghurt	['e1375']
yogurt cheese	['e1375']
savoyard fondue	['e1376']
fondue bourguignonne	['e1377']
common fig	['e1378']
chnöpfli	['e1380']
csipetke	['e1380']
galuska	['e1380']
halušky	['e1380']
knöpfle	['e1380']
nokedli	['e1380']
spätzli	['e1380']
bush tea	['e1382']
red tea	['e1382']
redbush tea	['e1382']
zest	['e1384']
manzanilla de sevilla	['e1390']
manzanillo olive	['e1390']
spanish olive	['e1390']
eye fillet	['e1396']
filet de bœuf	['e1396']
new york strip	['e1397']
strip steak	['e1397']
top loin steak	['e1397']
beef loin porterhouse steak bone in	['e1399']
yuja	['e1409']
west indian lemon grass stalk	['e1417']
cymbopogon citratus stalk	['e1417']
lemon grass stalk	['e1417']
gingko nut	['e1436']
arabica bean	['e1437']
broccoli	['e1442']
cabbage	['e1443']
carrot	['e1445']
manioc	['e1446']
tapioca	['e1446']
yuca	['e1446']
yucca root	['e1446']
cauliflower	['e1447']
durum wheat	['e1453']
durum wheat seed	['e1453']
de-stemmed grape	['e1454']
corn cob	['e1463']
perl millet	['e1465']
rhubart stalk	['e1467']
purple rice	['e1471']
jacktree	['e1482']
asaparagus	['e1483']
button mushroom	['e1485']
champignon mushroom	['e1485']
common mushroom	['e1485']
table mushroom	['e1485']
white button mushroom	['e1485']
italian brown	['e1486']
italian mushroom	['e1486']
roman brown mushroom	['e1486']
swiss brown mushroom	['e1486']
brown cap mushroom	['e1486']
chestnut mushroom	['e1486']
cremini	['e1486']
crimini	['e1486']
crimini mushroom	['e1486']
portabella	['e1487']
portabella mushroom	['e1487']
portobella mushroom	['e1487']
portobello	['e1487']
drumstick	['e1492']
chinese prickly ash	['e1493']
mala pepper	['e1493']
rattan pepper	['e1493']
szechuan pepper	['e1493']
szechwan pepper	['e1493']
honghuajiao	['e1494']
红花椒	['e1494']
qinghuajiao	['e1495']
青花椒	['e1495']
aqpik	['e1501']
averin	['e1501']
bakeapple	['e1501']
evron	['e1501']
knotberry	['e1501']
knoutberry	['e1501']
low-bush salmonberry	['e1501']
nordic berry	['e1501']
cherry pepper	['e1505']
capsicum	['e1506']
sweet pepper	['e1506']
achee	['e1510']
ackee	['e1510']
ackee apple	['e1510']
ankye	['e1510']
ayee	['e1510']
bear's eye blackberry	['e1511']
black cap raspberry	['e1511']
black caps	['e1511']
scotch cap.	['e1511']
wild black raspberry	['e1511']
black-eyed bean	['e1512']
black-eyed pea	['e1512']
crowder pea	['e1512']
southern pea	['e1512']
flinders rose	['e1513']
caper bush	['e1513']
spinach	['e1516']
spinach bundle	['e1517']
collard greens	['e1522']
collard greens bundle	['e1522']
collard	['e1523']
mustard greens bundle	['e1524']
kale greens	['e1525']
kale greens bundle	['e1525']
iceberg lettuce	['e1527']
peppers	['e1537']
common berry	['e1538']
italian oyster mushroom	['e1539']
phoenix mushroom	['e1539']
usuhiratake	['e1539']
american cress	['e1541']
barbarea verna	['e1541']
belle isle cress	['e1541']
bermuda cress	['e1541']
and upland cress	['e1541']
bank cress	['e1541']
black wood cress	['e1541']
creasy greens	['e1541']
creasy leaf	['e1541']
early wintercress	['e1541']
early yellowrocket	['e1541']
land cress	['e1541']
scurvy cress	['e1541']
creasy greens bunch	['e1543']
land cress bundle	['e1543']
mushroom	['e1544']
toadstool	['e1544']
chanterelles	['e1545']
chard bundle	['e1547']
siberian kale bundle	['e1548']
sour cherry, sour red cherry	['e1550']
papaw	['e1556']
cowberry	['e1558']
mountain cranberry	['e1558']
partridgeberry	['e1558']
european gooseberry	['e1559']
sweet green pepper	['e1563']
sweet yellow pepper	['e1564']
sweet orange pepper	['e1565']
garden asparagus	['e1566']
edible ivory	['e1567']
royal vegetable	['e1567']
white asparagus	['e1567']
white gold asparagus	['e1567']
purple asparagus	['e1568']
mandarin	['e1570']
mandarine	['e1570']
yukon potato	['e1573']
austrian winter pea	['e1575']
dun (grey-brown) pea	['e1575']
kapucijner pea	['e1575']
field corn	['e1577']
abiaba, pomme de lait	['e1582']
aguay	['e1582']
caimito	['e1582']
cainito	['e1582']
estrella	['e1582']
golden leaf tree	['e1582']
milk fruit	['e1582']
purple star apple	['e1582']
tar apple	['e1582']
teardrop tomato	['e1583']
chinese water chestnut	['e1584']
french artichoke	['e1586']
globe artichoke	['e1586']
green artichoke	['e1586']
williams' bon chrétien pear	['e1588']
european pear	['e1589']
chinese gooseberry	['e1591']
plum grape tomato	['e1593']
sunflower seed	['e1594']
garlic	['e1595']
garlic spear	['e1597']
garlic stem	['e1597']
garlic top	['e1597']
ornamental gourd	['e1610']
pepper squash	['e1610']
summer crookneck squash	['e1610']
colewort	['e1615']
rocket leaf	['e1615']
rocket salad	['e1615']
roquette	['e1615']
rucola	['e1615']
rucoli	['e1615']
rugula	['e1615']
european black currant	['e1617']
korean pear	['e1618']
oriental pears	['e1618']
pyrus pyrifolia	['e1618']
taiwan pear	['e1618']
eastern black walnut	['e1622']
erfurter radish	['e1623']
cacao bean	['e1624']
betel nut	['e1625']
cherimoya	['e1627']
chirimoya	['e1627']
chirimuya	['e1627']
aubergine	['e1629']
brinjal	['e1629']
egg plant	['e1629']
mehti	['e1631']
methi leaf	['e1631']
fenugreek bunch	['e1632']
radicchio	['e1635']
succory	['e1635']
witloof	['e1635']
chicory bundle	['e1636']
semarang rose-apple	['e1637']
wax apple	['e1637']
wax jambu	['e1637']
beech nut	['e1638']
beetroot leaf	['e1644']
bunch of grapes	['e1649']
cluster of grapes	['e1649']
clustered grape	['e1649']
grape bunch	['e1649']
grapes on the vine	['e1649']
loose leaf lettuce	['e1651']
arugula green bundle	['e1654']
arugula greens	['e1654']
sorrel bundle	['e1659']
chinese date	['e1662']
red date	['e1662']
christophine	['e1663']
mirliton squash	['e1663']
pipinela	['e1663']
buddha's hand	['e1668']
ata	['e1669']
custard-apple	['e1669']
seet sop	['e1669']
sugar apple	['e1669']
sugar-apple	['e1669']
sweetsop	['e1669']
chinese cabbage	['e1671']
chinese radish	['e1675']
japanese radish	['e1675']
kaiware daikon	['e1675']
colanut	['e1676']
kolanut	['e1676']
kola fruit	['e1677']
kola fruit follicle	['e1677']
filbert	['e1678']
miracle fruit	['e1680']
sweet berry	['e1680']
tamarind	['e1682']
granado	['e1687']
grenadier	['e1687']
shi liu	['e1687']
zakuro	['e1687']
gumbo	['e1689']
kacang bendi	['e1689']
lady's finger	['e1689']
lady's-fingers	['e1689']
okra	['e1689']
okra vegetable	['e1689']
quiabo	['e1689']
linseed	['e1691']
scouve tronchuda	['e1693']
tronchuda cabbage plant	['e1693']
abiyuch tree	['e1695']
barna	['e1695']
bidasi	['e1695']
garlic pear tree	['e1695']
sacred barma tree	['e1695']
sacred garlic pear tree	['e1695']
sacred garlic-pear	['e1695']
spider tree	['e1695']
temple plant	['e1695']
lulo	['e1696']
pistachio	['e1699']
finger millet	['e1703']
ragi	['e1703']
green onions	['e1704']
sibies	['e1704']
spring onions	['e1704']
blackbean	['e1712']
moreton bay chestnut	['e1712']
moreton bay chestnut  blackbean	['e1712']
button squash	['e1714']
custard squash	['e1714']
scallop squash	['e1714']
scallopini squash	['e1714']
paw paw	['e1717']
paw-paw	['e1717']
russet potato	['e1722']
elephant ginger	['e1724']
elephant ginger root	['e1724']
grosellero	['e1728']
jumbilin	['e1728']
sour gooseberry	['e1728']
balm	['e1733']
balm mint	['e1733']
common balm	['e1733']
honduran sarsaparilla	['e1734']
jamaican sarsaparilla	['e1734']
sarsaparilla	['e1734']
european red raspberry	['e1735']
tree-tomato	['e1736']
kuzu	['e1738']
xiang cheng	['e1738']
sumac fruit	['e1739']
rye	['e1740']
rye seed	['e1740']
sheanut	['e1742']
mexican turnip	['e1745']
mexican yam bean	['e1745']
jicama	['e1745']
yam bean	['e1745']
wrinkled sweet pea	['e1746']
intoxicating pepper	['e1747']
kava	['e1747']
kava kava	['e1747']
kave root	['e1747']
chile	['e1750']
chile pepper	['e1750']
chili	['e1750']
chili pod	['e1750']
chilli	['e1750']
chilli pepper	['e1750']
chīlli	['e1750']
green chili	['e1750']
green chilli pepper	['e1750']
red chili pepper	['e1750']
jamberry	['e1751']
mexican groundcherry	['e1751']
mexican husk tomato	['e1751']
bitter orange	['e1753']
sour orange	['e1753']
olallaberry	['e1755']
olalliberry	['e1755']
ollalaberry	['e1755']
ollaliberry	['e1755']
ollalieberry	['e1755']
elephant apple	['e1756']
feronia limonia	['e1756']
indian wood apple	['e1756']
limonia acidissima	['e1756']
cocoyam	['e1757']
dasheen	['e1757']
eddo	['e1757']
elephant's ear	['e1757']
kalo	['e1757']
malanga	['e1757']
taro	['e1757']
indian saffron	['e1758']
turmeric	['e1758']
yellow ginger	['e1758']
august plum	['e1759']
goose plum	['e1759']
hog plum (prunus)	['e1759']
wild plum	['e1759']
field lupine	['e1762']
white lupin	['e1762']
white lupine	['e1762']
yellow sweet potato	['e1764']
red sweet potato	['e1765']
white pepper	['e1767']
choufa plant	['e1768']
chufa plant	['e1768']
earth almond plant	['e1768']
nutgrass plant	['e1768']
purple nutsedge plant	['e1768']
rush nut plant	['e1768']
tiger nut plant	['e1768']
tigernut plant	['e1768']
yellow nutsedge plant	['e1768']
zulu nut plant	['e1768']
sayer date	['e1769']
sayir date	['e1769']
northern red currant	['e1771']
bastard cress	['e1773']
field peppergrass	['e1773']
field pepperweed	['e1773']
pepperwort	['e1773']
abyssinian banana	['e1776']
ensete	['e1776']
false banana	['e1776']
red-skinned banana	['e1776']
cherry tomato	['e1778']
guinea bean	['e1785']
italian edible gourd	['e1785']
new guinea bean	['e1785']
tasmania bean	['e1785']
bottle gourd	['e1785']
calabash	['e1785']
giant gourd	['e1785']
suzza melon	['e1785']
white flowered gourd	['e1785']
yellow dent corn	['e1786']
yellow corn	['e1787']
white corn	['e1788']
cooking banana	['e1789']
pole corn	['e1790']
sugar corn	['e1790']
sweetcorn	['e1790']
long grain rice	['e1791']
milled white rice	['e1792']
alaska peas	['e1795']
cardamom	['e1797']
clove	['e1798']
coffeeberry	['e1800']
deer nut	['e1800']
goat nut	['e1800']
goatnut	['e1800']
pignut	['e1800']
quinine nut	['e1800']
wild hazel	['e1800']
padma	['e1801']
cayenne pepper pod	['e1803']
konbu leaf	['e1805']
indian-lilac leaf	['e1821']
margosa leaf	['e1821']
mimba leaf	['e1821']
creosote bush	['e1823']
greasewood leaf	['e1823']
candyleaf	['e1824']
sugarleaf	['e1824']
sweet leaf	['e1824']
sweetleaf	['e1824']
arnica montana leaf	['e1825']
mountain tobacco leaf	['e1825']
manzanilia leaf	['e1828']
balsam-pear leaf	['e1829']
bitter melon leaf	['e1829']
bitter squash leaf	['e1829']
cerasee leaf	['e1829']
gray sagewort leaf	['e1834']
louisiana wormwood leaf	['e1834']
silver wormwood leaf	['e1834']
western mugwort leaf	['e1834']
white sagebrush leaf	['e1834']
chironji seed	['e1836']
ipil-ipil	['e1837']
jumbay	['e1837']
river tamarind	['e1837']
white leadtree	['e1837']
white popinac	['e1837']
cha-om leaf	['e1839']
soy sprout	['e1841']
soyabean sprout	['e1841']
mitragyna javanica leaf	['e1842']
romaine heart	['e1844']
pig ear	['e1846']
pig's ear	['e1846']
porcine pig ear	['e1846']
dried pig ear	['e1847']
dried pork ear	['e1847']
pig ear (dried)	['e1847']
soya bean butter	['e1848']
soybean butter	['e1848']
soynut butter	['e1848']
frozen coconut meat	['e1850']
jong gouda	['e1851']
graskass gouda	['e1852']
farmhouse style cheese	['e1853']
farmhouse-style cheese	['e1853']
boerenkass gouda	['e1854']
flaked coconut	['e1857']
coconut cheese alternative	['e1858']
coconut cheese analogue	['e1858']
cashew mylk	['e1859']
cashew cheese alternative	['e1860']
cashew cheese analogue	['e1860']
almond cheese alternative	['e1861']
almond cheese analogue	['e1861']
ají amarillo sauce	['e1863']
bavarian loaf	['e1864']
fleischkase	['e1864']
fleischkäse	['e1864']
leberkas	['e1864']
leberkäs	['e1864']
leberkäse	['e1864']
minced sirloin meat	['e1865']
choco ball	['e1867']
kafta	['e1869']
pak choi	['e1873']
pok choi	['e1873']
agushi	['e1877']
agushi seed	['e1877']
agusi	['e1877']
agusi seed	['e1877']
egwusi	['e1877']
ohue	['e1877']
european red raspberry leaf	['e1878']
garden raspberry leaf	['e1878']
formula-fed veal	['e1883']
milk fed veal	['e1883']
milk-fed veal	['e1883']
special fed veal	['e1883']
special-fed veal	['e1883']
white veal	['e1883']
de árbol powder	['e1884']
red arbol powder	['e1884']
neem powder	['e1887']
lemon grass powder	['e1888']
corndog	['e1892']
grape solids	['e1904']
marc	['e1904']
pork frank	['e1915']
pig heart	['e1928']
pig's heart	['e1928']
porcine heart	['e1928']
chinese celery stalk	['e1931']
blood clam food product	['e1934']
blood clam (raw)	['e1935']
harbin pear	['e1951']
ussurian pear	['e1951']
chinese ginger	['e1953']
chinese keys	['e1953']
fingerroot	['e1953']
kapi kachu powder	['e1956']
saku block	['e1966']
five-spice powder	['e1969']
raspberry orange	['e1990']
chinese guava	['e2016']
cattley guava	['e2016']
purple guava	['e2016']
beurré d' anjou	['e2022']
d'anjou pear	['e2022']
red anjou	['e2023']
green anjou	['e2024']
chistora	['e2057']
greenhouse tomato	['e2058']
labeo rohita egg	['e2059']
fish rohu egg	['e2059']
roho labeo egg	['e2059']
rui egg	['e2059']
hilsa egg	['e2060']
hilsa herring egg	['e2060']
hilsa shad egg	['e2060']
ilisha egg	['e2060']
chopped meat	['e2061']
komatsuna	['e2089']
japanese mustard spinach	['e2089']
kabuna	['e2089']
spinach mustard	['e2089']
tendergreen	['e2089']
goji	['e2093']
wolfberry	['e2093']
oriental wheat kernel (cooked)	['e2099']
raw hemp heart	['e2132']
cow heart	['e2141']
cow heart (raw)	['e2142']
raw beef heart	['e2142']
shellbark hickory	['e2176']
sweet pignut hickory	['e2177']
cow roast	['e2187']
pig roast	['e2189']
pig primal cut	['e2191']
pig sub-primal cut	['e2193']
consumer cut of pork	['e2194']
pig retail cut	['e2194']
lamb meat chop	['e2195']
pig chop	['e2196']
pork meat chop	['e2196']
pig muscle tissue cut	['e2197']
00 flour	['e2210']
lepista personata	['e2229']
pitaya roja	['e2271']
red-fleshed pitaya	['e2271']
european blueberry	['e2301']
flowering kale leaf	['e2303']
tulsi leaf	['e2322']
raw tulsi leaf	['e2323']
dried tulsi leaf	['e2324']
raw german chamomile leaf	['e2327']
dried german chamomile leaf	['e2328']
raw purple rice	['e2337']
bean curd	['e2357']
cooked purple rice	['e2378']
inside round steak	['e2388']
inside round roast	['e2395']
round tip roast	['e2399']
mock tender steak	['e2415']
beef medallion pot roast	['e2417']
beef mock tender roast	['e2417']
chuck center roast	['e2419']
beef chuck eye roll steak (boneless)	['e2421']
delmonico steak	['e2421']
boneless chuck roast	['e2423']
boneless country style rib	['e2423']
sierra cut	['e2425']
chuck under blade center steak	['e2427']
chuck under blade steak	['e2427']
beef under blade roast (center-cut)	['e2429']
beef arm chuck steak	['e2431']
beef arm steak	['e2431']
shoulder clod roast	['e2433']
beef shoulder top blade steak	['e2437']
7-bone steak	['e2441']
blade steak	['e2445']
boneless blade steak 1st cut	['e2445']
chuck blade pot roast	['e2447']
chuck roast 1st cut	['e2447']
chuck roast blade cut	['e2447']
beef center cut chuck roast	['e2449']
beef chuck center roast	['e2449']
beef chuck pot roast	['e2449']
beef pot roast	['e2449']
chuck center steak	['e2451']
chuck arm pot roast	['e2457']
beef top loin roast (boneless)	['e2465']
beef top loin steak (boneless)	['e2467']
beef top loin steak (bone in)	['e2469']
beef strip petite roast (boneless)	['e2471']
beef filet mignon roast	['e2475']
boneless beef tenderloin roast	['e2475']
chateaubriand tenderloin roast	['e2475']
filet mignon steak	['e2477']
boneless top sirloin steak	['e2479']
top sirloin butt steak, boneless	['e2479']
top sirloin center-cut steak	['e2479']
top sirloin steak boneless cap off	['e2479']
top sirloin steak cap off	['e2479']
top sirloin petite roast, boneless	['e2483']
boneless top sirloin cap steak	['e2485']
coulotte	['e2487']
sirloin cap	['e2487']
top sirloin cap	['e2487']
top sirloin cap roast	['e2487']
bottom sirloin roast	['e2489']
newport roast	['e2489']
triangle roast	['e2489']
newport steak	['e2491']
triangle steak	['e2491']
ball tip steak	['e2493']
sirloin steak	['e2493']
ball tip roast	['e2495']
sirloin roast	['e2495']
bottom sirloin bavette steak	['e2497']
bottom sirloin butt, flap steak	['e2497']
bottom sirloin flap steak	['e2497']
hanging tenderloin	['e2505']
ribeye petite steak	['e2513']
beef rib steak (bone-in)	['e2518']
first cut rib roast	['e2521']
second cut rib roast	['e2523']
lamb blade roast	['e2533']
lamb blade chop	['e2535']
lamb arm roast	['e2539']
lamb arm chop	['e2541']
drop loin	['e2567']
pork fresh side	['e2571']
side (belly)	['e2571']
pork leg rump half	['e2575']
pork loin rib chop	['e2586']
pork loin sirloin chop boneless	['e2592']
boneless new york chops	['e2597']
pork top loin chop boneless	['e2597']
boneless new york roast	['e2599']
pork top loin roast boneless	['e2599']
pork picnic arm roast	['e2616']
pork blade steak	['e2620']
pork leg top cap steak boneless	['e2626']
pork shoulder petite tender	['e2628']
pork shoulder tender	['e2628']
pork shoulder breast boneless	['e2630']
pork leaf fat	['e2632']
raw capon carcass	['e2673']
dead emu	['e2680']
duck albumen	['e2699']
raw chicken carcass	['e2710']
boneless chicken meat	['e2736']
raw poultry carcass	['e2874']
boneless poultry meat	['e2876']
raw mussel carcass	['e2901']
raw scallop carcass	['e2904']
raw beef carcass	['e2909']
cow external fat	['e2910']
cow seam fat	['e2911']
cow fat (raw)	['e2912']
cow external fat (raw)	['e2913']
cow seam fat (raw)	['e2914']
cow roast (raw)	['e2915']
cow roast (boneless)	['e2916']
cow roast (boneless, raw)	['e2917']
cow roast (boneless, seasoned, fresh frozen)	['e2918']
dead lamb	['e2929']
lamb testis	['e2957']
raw lamb heart	['e2959']
boneless lamb meat	['e2990']
consumer cut of lamb	['e3041']
raw veal carcass	['e3056']
raw wild boar carcass	['e3082']
raw pork carcass	['e3094']
dead pork	['e3095']
pig processed carcass	['e3095']
pig processed carcass (raw)	['e3096']
pig carcass (raw, skinless)	['e3097']
pig carcass (butchered)	['e3098']
pig carcass (gutted)	['e3099']
pig organ	['e3101']
pig brain	['e3102']
pig kidney	['e3103']
pig liver	['e3104']
pig spleen	['e3105']
pig lung	['e3106']
pig tongue	['e3107']
pig thymus	['e3108']
pig pancreas	['e3109']
pig stomach	['e3110']
pig small intestine	['e3111']
pig organ (raw)	['e3112']
pig heart (raw)	['e3113']
raw pork heart	['e3113']
pig brain (raw)	['e3114']
pig kidney (raw)	['e3115']
pig spleen (raw)	['e3116']
pig lung (raw)	['e3117']
pig tongue (raw)	['e3118']
pig thymus (raw)	['e3119']
pig pancreas (raw)	['e3120']
pig stomach (raw)	['e3121']
pig ear (raw)	['e3122']
pig small intestine (raw)	['e3123']
piece of pig organ	['e3124']
piece of pig heart	['e3125']
piece of pig brain	['e3126']
piece of pig liver	['e3127']
piece of pig spleen	['e3128']
piece of pig lung	['e3129']
piece of pig tongue	['e3130']
piece of pig thymus	['e3131']
piece of pig pancreas	['e3132']
piece of pig stomach	['e3133']
piece of pig ear	['e3134']
piece of pig heart  (raw)	['e3135']
piece of pig brain (raw)	['e3136']
piece of pig kidney (raw)	['e3137']
piece of pig liver (raw)	['e3138']
piece of pig spleen (raw)	['e3139']
piece of pig lung (raw)	['e3140']
piece of pig tongue (raw)	['e3141']
piece of pig thymus (raw)	['e3142']
piece of pig pancreas (raw)	['e3143']
piece of pig stomach (raw)	['e3144']
piece of pig ear (raw)	['e3145']
piece of pig meat	['e3146']
piece of pig meat (raw)	['e3147']
pig tail	['e3148']
piece(s) of pig meat	['e3150']
piece(s) of pig meat (raw)	['e3151']
piece(s) of pig meat (with skin)	['e3152']
piece(s) of pig meat (with skin, raw)	['e3153']
piece(s) of pig meat (boneless)	['e3154']
pig meat (ground)	['e3155']
pig meat (ground, raw)	['e3156']
piece(s) of pig meat (deboned)	['e3157']
piece(s) of pig meat (deboned, raw)	['e3158']
piece(s) of pig meat (mechanically deboned)	['e3159']
piece(s) of pig meat (mechanically deboned, raw)	['e3160']
piece(s) of pig meat (frozen)	['e3161']
pig meat (ground, fresh frozen)	['e3162']
pig meat (minced)	['e3163']
pig meat (minced, raw)	['e3164']
piece(s) of pig organ	['e3165']
piece(s) of pig heart	['e3166']
piece(s) of pig brain	['e3167']
piece(s) of pig kidney	['e3168']
piece(s) of pig liver	['e3169']
piece(s) of pig spleen	['e3170']
piece(s) of pig lung	['e3171']
piece(s) of pig tongue	['e3172']
piece(s) of pig thymus	['e3173']
piece(s) of pig pancreas	['e3174']
piece(s) of pig stomach	['e3175']
piece(s) of pig ear	['e3176']
piece(s) of pig organ (raw)	['e3177']
piece(s) of pig heart (raw)	['e3178']
piece(s) of pig brain (raw)	['e3179']
piece(s) of pig kidney (raw)	['e3180']
piece(s) of pig liver (raw)	['e3181']
piece(s) of pig spleen (raw)	['e3182']
piece(s) of pig lung (raw)	['e3183']
piece(s) of pig tongue (raw)	['e3184']
piece(s) of pig thymus (raw)	['e3185']
piece(s) of pig pancreas (raw)	['e3186']
piece(s) of pig stomach (raw)	['e3187']
piece(s) of pig ear (raw)	['e3188']
butchery cut of pig	['e3189']
butchery cut of pig (raw)	['e3190']
pig primal cut (raw)	['e3191']
pig sub-primal cut (raw)	['e3192']
pig retail cut (raw)	['e3193']
boston butt steak	['e3194']
pig steak	['e3194']
pork cutlet	['e3194']
pig steak (raw)	['e3195']
pig roast (raw)	['e3196']
pig roast (boneless)	['e3197']
pig roast (boneless, raw)	['e3198']
pig roast (boneless, seasoned, fresh frozen)	['e3199']
pig chop (boneless)	['e3200']
pig chop (boneless, raw)	['e3201']
piece of pig meat (skinless)	['e3207']
piece of pig meat (skinless, raw)	['e3208']
piece of pig meat (with skin)	['e3209']
piece of pig meat (with skin, raw)	['e3210']
boneless pork meat	['e3211']
piece of pig meat (boneless)	['e3211']
piece of pig meat (boneless, raw)	['e3212']
piece of pig meat (deboned)	['e3213']
piece of pig meat (deboned, raw)	['e3214']
piece of pig meat (mechanically deboned)	['e3215']
piece of pig meat (mechanically deboned, raw)	['e3216']
pig tail (raw)	['e3217']
fillet of atlantic cod	['e3222']
fillet of catfish	['e3232']
fillet of nile tilapia	['e3242']
fillet of sockeye salmon	['e3252']
fillet of atlantic salmon	['e3265']
beet greens	['e3274']
bobbejaanghaap	['e3278']
ghaap	['e3278']
asian chives	['e3281']
chinese chive bundle	['e3281']
chinese chives	['e3281']
chinese leek	['e3281']
oriental garlic	['e3281']
garlic chives	['e3281']
lollo rossa	['e3284']
dried oregano leaf	['e3292']
cress	['e3294']
garden cress	['e3294']
garden pepper cress	['e3294']
mustard and cress	['e3294']
pepper grass	['e3294']
poor man's pepper	['e3294']
artichoke thistle	['e3307']
broccoli rabe, field mustard	['e3311']
broccoli rabe	['e3313']
clump foot cabbage	['e3317']
eastern skunk cabbage	['e3317']
meadow cabbage	['e3317']
skunk cabbage	['e3317']
swamp cabbage	['e3317']
borage	['e3319']
starflower	['e3319']
chinese lettuce	['e3323']
asparagus lettuce	['e3323']
celery lettuce	['e3323']
stem lettuce	['e3323']
common dandelion	['e3328']
dandelion	['e3328']
bombweed	['e3331']
great willowherb	['e3331']
rosebay willowherb	['e3331']
vegetable spaghetti	['e3335']
yellow crookneck	['e3339']
balsam pear pod	['e3359']
bitter melon pod	['e3359']
bitter squash pod	['e3359']
jew's mallow leaf	['e3360']
jute mallow leaf	['e3360']
masoor daal	['e3364']
orange lentil	['e3364']
black caraway seed	['e3368']
black cumin	['e3368']
kalonji seed	['e3368']
nigella seed	['e3368']
banana chili	['e3373']
yellow wax pepper	['e3373']
tahitian spinach leaf	['e3389']
ceylon spinach leaf	['e3394']
vine spinach leaf	['e3394']
fiddlehead greens	['e3401']
ostrich fern	['e3401']
shuttlecock fern	['e3401']
coriander bundle	['e3406']
mint bundle	['e3407']
corinader	['e3448']
coriander leaf	['e3449']
coriander seed	['e3450']
oregano	['e3452']
parsley	['e3455']
kale	['e3460']
mint leaf	['e3463']
black pepper	['e3467']
rockmelon	['e3468']
spanspek	['e3468']
sweet melon	['e3468']
fennel	['e3469']
black caraway	['e3471']
oriental wheat kernel	['e3481']
oriental wheat kernel (raw)	['e3482']
carrageen moss	['e3497']
green laver	['e3498']
sour cream (reduced fat)	['e3536']
egg noodle	['e3554']
coffee	['e3573']
cocoa liquor	['e3585']
cocoa powder	['e3587']
wood ear	['e3590']
crab meat	['e3593']
apple cider	['e3621']
acorn	['e3631']
pig liver (raw)	['e3653']
artichoke bottom	['e3658']
star anise seed	['e3675']
windsor bean	['e3684']
broadbean	['e3684']
faba bean	['e3684']
fava bean	['e3684']
date	['e3695']
date palm	['e3695']
tonka bean	['e3743']
tonkin bean	['e3743']
tonquin bean	['e3743']
cashew	['e3765']
dried pea	['e3777']
fresh bean	['e3799']
soy bean	['e3806']
soya bean	['e3806']
red yam	['e3824']
nonfat milk	['e3841']
skim milk	['e3841']
skimmed milk	['e3841']
gateau base	['e3870']
nutmeg	['e3871']
sinnamon	['e3887']
sweet marjoram	['e3889']
common sage	['e3890']
garden sage	['e3890']
alphalfa seed	['e3912']
devil's-tongue	['e3918']
elephant-yam	['e3918']
konjaku	['e3918']
mo-yu	['e3918']
agave worm	['e3936']
brazilnut	['e3940']
brussel sprout	['e3976']
dried plums	['e3981']
celery	['e3985']
cottonseed feed	['e4006']
lox	['e4024']
brazil nut	['e4033']
turnip greens	['e4052']
turnip greens bundle	['e4052']
raw beef hamburger	['e4065']
cod liver	['e4077']
frankfurter würstel	['e4108']
german wiener	['e4108']
saitenwurst	['e4108']
vienna sausage	['e4108']
wiener	['e4108']
wiener würstchen	['e4108']
wienerle	['e4108']
wienerli	['e4108']
würstl	['e4108']
frank	['e4108']
frankfurter wurstl	['e4108']
madagascar bean	['e4132']
butterbean	['e4132']
double bean	['e4132']
sieva bean	['e4132']
baby lima	['e4138']
borlotti bean	['e4141']
lupin bean	['e4149']
lupine	['e4149']
cow fat	['e4154']
cooked beef patty	['e4157']
soy flour	['e4176']
baked potato	['e4198']
cola nut	['e4203']
sheep casing	['e4231']
mashed potato	['e4248']
soy beverage	['e4259']
butternut	['e4341']
chicory	['e4370']
cow liver (raw)	['e4374']
soya bean meal	['e4386']
quick oats	['e4423']
provolone	['e4437']
jack cheese	['e4439']
monterey jack	['e4439']
monterey jack cheese	['e4439']
raw chicken heart	['e4502']
kapchunka	['e4511']
tangarine	['e4527']
coffee substitute	['e4542']
imitation coffee	['e4542']
currant	['e4615']
kiwi	['e4616']
semolina	['e4617']
parmigiano cheese (block)	['e4730']
butterfat	['e4765']
milkfat	['e4765']
california dip	['e4823']
onion dip	['e4823']
spice blend	['e4909']
spice mix	['e4909']
pepperoncino	['e4930']
granular flour	['e4987']
instant flour	['e4987']
sauce flour	['e4987']
garbanzo bean flour	['e5014']
ahuautle	['e5058']
raw beef patty	['e5076']
red cabbage	['e5090']
egg albumen food product	['e5160']
muscadine grape	['e5172']
senna tea	['e5189']
tree tomato	['e5198']
tamarillo sauce	['e5200']
tempe	['e5242']
témpé	['e5242']
glacé fruit	['e5253']
soy milk	['e5363']
miracle fruit concentrate	['e5370']
guinea grains	['e5426']
alligator pepper	['e5426']
fom wisa	['e5426']
guinea pepper	['e5426']
melegueta pepper	['e5426']
ossame	['e5426']
roe	['e5485']
french bean	['e5595']
green bean	['e5595']
haricot vert	['e5595']
snap bean	['e5595']
snaps	['e5595']
string bean	['e5595']
stringless bean	['e5595']
horchata de chufas	['e5717']
kunnu aya	['e5717']
lasagne noodle	['e5736']
perilla frutescens var. crispa	['e5746']
beefsteak plant leaf (raw)	['e5746']
シソ	['e5746']
linseed meal	['e5868']
pine nut	['e5916']
cep	['e5927']
penny bun	['e5927']
porcini	['e5927']
porcino	['e5927']
wild mushroom	['e5929']
nuts	['e5974']
virgin olive oil	['e5975']
ground chili pepper	['e5993']
beet	['e6001']
chard	['e6003']
swiss chard	['e6003']
green bell pepper	['e6016']
green pepper	['e6016']
chick pea	['e6066']
garbanzo	['e6066']
garbanzo bean	['e6066']
common field pea	['e6070']
potato peel	['e6111']
amathungulu	['e6125']
large num-num	['e6125']
noem-noem	['e6125']
umthungulu obomvu	['e6125']
roasted peanut	['e6131']
cornish game hen	['e6226']
cornish hen	['e6226']
poussin	['e6226']
rock cornish	['e6226']
rock cornish hen	['e6226']
old fashioned oats	['e6252']
whole oats	['e6252']
canned olives	['e6278']
mead wine	['e6352']
milk shake	['e6437']
bamboo shoot	['e6559']
foodon:02022064	['e6599']
chilean baby crawfish (raw)	['e6760']
deep sea cray (raw)	['e6760']
sea cray (raw)	['e6760']
south pacific shellfish (raw)	['e6760']
fish cutlet (raw)	['e6857']
raw fish cutlet	['e6857']
raw fish steak	['e6857']
atlantic pollock	['e7352']
baby carrot	['e7436']
cannellini	['e7446']
safaid lobia	['e7446']
meat scrap	['e7480']
meat trim	['e7480']
bushberry	['e7490']
rutabaga turnip	['e7537']
swede	['e7537']
swedish turnip	['e7537']
eastern halibut fillet (raw)	['e7581']
millet	['e7616']
millet seed	['e7616']
gingelly	['e7618']
til oil	['e7618']
turkish gram	['e7629']
dew bean	['e7629']
mat bean	['e7629']
matki	['e7629']
moth-bean	['e7629']
mothbean	['e7629']
antaque	['e7648']
banner bean	['e7648']
carmelita	['e7648']
frijol caballero	['e7648']
natoba	['e7648']
jicama root	['e7651']
liver	['e7662']
common kidney bean	['e7666']
shrimp sauce	['e7681']
findi	['e7683']
fundi	['e7683']
hungry rice	['e7683']
sweet orange	['e7688']
arachis oil	['e7704']
groundnut oil	['e7704']
rhubarb	['e7705']
groundnut shell	['e7708']
valencia orange	['e7735']
garden tomato	['e7736']
black gram	['e7741']
black matpe bean	['e7741']
matpe bean	['e7741']
minapa pappu	['e7741']
mungo bean	['e7741']
urad	['e7741']
urad bean	['e7741']
urad dal black lentil	['e7741']
urd	['e7741']
urd-bean	['e7741']
urdbean	['e7741']
urid bean	['e7741']
sorghum	['e7757']
sorghum seed	['e7757']
ricebean	['e7761']
large white bean	['e7793']
santa maria pinquito	['e7794']
habichuelas rosadas	['e7794']
dried mushroom	['e7802']
dill weed	['e7805']
licorice	['e7807']
rape	['e7815']
purslane	['e7821']
sorrel	['e7822']
quinoa	['e7860']
green cabbage	['e7882']
white cabbage	['e7882']
corn meal	['e7897']
maize meal	['e7897']
goa bean	['e7910']
goa bean four-angled bean plant	['e7910']
manila bean	['e7910']
asparagus pea	['e7910']
asparagus pea plant	['e7910']
dragon bean	['e7910']
dragon bean plant	['e7910']
four-angled bean	['e7910']
four-cornered bean	['e7910']
four-cornered bean plant	['e7910']
goa bean plant	['e7910']
manila bean plant	['e7910']
sesame	['e7913']
sunflower oil	['e7938']
lucerne meal	['e7942']
chinese long bean	['e7966']
bodi	['e7966']
bora	['e7966']
long bean	['e7966']
long-podded cowpea	['e7966']
snake bean	['e7966']
yardlong bean	['e7966']
ground ginger	['e7992']
sheep liver	['e8011']
chicken frank	['e8016']
cow kidney (raw)	['e8022']
onion flake	['e8028']
hash brown	['e8033']
cold cut	['e8072']
deli meat	['e8072']
lunch meat	['e8072']
rosé	['e8104']
ground caraway	['e8113']
ground caraway seed	['e8113']
leaf vegetables	['e8121']
leafy greens	['e8121']
vegetable greens	['e8121']
cow whole milk	['e8127']
matrie	['e8158']
earth almond	['e8174']
tiger nut	['e8174']
brown egyptian corn	['e8186']
guinea corn	['e8186']
indian millet (sorghum)	['e8186']
red guinea corn	['e8186']
kidney	['e8190']
turkey frank	['e8208']
cow tongue (raw)	['e8210']
green zucchini	['e8213']
pig chop (raw)	['e8290']
chive	['e8352']
chives	['e8352']
allium cepa l.	['e8422']
brown onion	['e8422']
field cress	['e8467']
field pepperwort	['e8467']
asparagus	['e8468']
climbing bean	['e8473']
pole bean	['e8473']
red wheat	['e8521']
soy bran	['e8529']
soy flour (defatted)	['e8530']
soy grits	['e8531']
seedless raisin	['e8547']
piece of pig kidney	['e8556']
beef trimmings	['e8558']
armillaria ponderosa	['e8611']
tricholoma matsutake	['e8611']
matsu-take	['e8611']
matsutake	['e8611']
pine mushroom	['e8611']
tricholoma nauseosum	['e8611']
松茸	['e8611']
송이	['e8611']
blackcurrant	['e8613']
baked turkey breast	['e8636']
beefsteak	['e8642']
cow steak (raw)	['e8642']
oat oil	['e8674']
persimon	['e8708']
snap pea	['e8712']
sugar pea	['e8712']
sugar snap pea	['e8712']
ballpark peanut	['e8733']
canned fava bean	['e8739']
kombucha	['e8753']
paddy rice	['e8754']
cake yeast	['e8758']
yeast cake	['e8758']
brussels sprouts	['e8759']
tea	['e8805']
caryopsis fruit	['e8845']
pea pod	['e8853']
peas in pod	['e8853']
pecan nut	['e8855']
mook	['e8874']
jeot	['e8875']
joht	['e8875']
joht sungge	['e8897']
salted sea urchin	['e8897']
aduki bean	['e8901']
azuki bean	['e8901']
paht	['e8901']
red bean	['e8901']
red mung bean	['e8901']
tallow	['e8992']
brawn	['e9059']
boston butt	['e9121']
red bell pepper	['e9143']
sausage	['e9156']
pasturmas	['e9213']
bulb onion	['e9305']
common onion	['e9305']
carambola (dried)	['e9315']
palmito pieces (canned)	['e9440']
grape oil	['e9459']
grapeseed oil	['e9459']
babassu oil	['e9460']
natural vanilla	['e9512']
dashi konbu	['e9633']
garden pea	['e9715']
beef hamburger patty	['e9803']
beef patty	['e9803']
beefburger	['e9803']
hamburger	['e9803']
deboned canned poultry	['e9819']
fuki stem	['e9938']
broiler	['e9965']
fryer chicken	['e9965']
mytilidae	['e9966']
ostreidae	['e9967']
green shallot	['e9973']
long onion	['e9973']
onion stick	['e9973']
ugli fruit	['e9975']
autumn chanterelle	['e9978']
chanterelle jaune	['e9978']
craterellus lutescens	['e9978']
girolle	['e9978']
rock cornish fowl	['e9979']
rock cornish chicken	['e9979']
pleurotus spp.	['e9980']
black forest mushroom	['e9981']
black mushroom	['e9981']
forest mushroom	['e9981']
japanese mushroom	['e9981']
lentinus edodes	['e9981']
shii-take	['e9981']
shiitake	['e9981']
paddy straw mushroom	['e9982']
volvaria volvacea	['e9982']
white elf	['e9983']
roasting chicken	['e9984']
stewing chicken	['e9987']
cock	['e9988']
cockerel	['e9988']
inky cap	['e9996']
common inkcap	['e9996']
coprinus atramentarius	['e9996']
meadow mushroom	['e9997']
morel	['e9999']
king boletus	['e10000']
steinpilz	['e10000']
yellow boletus	['e10000']
lactarius spp.	['e10002']
lactarius aquifluus	['e10003']
liberty cap	['e10004']
lepiota naucina	['e10006']
leucoagaricus naucinus	['e10006']
smooth lepiota	['e10006']
white agaricus mushroom	['e10006']
white dapperling	['e10006']
chilean baby crawfish	['e10008']
deep sea cray	['e10008']
sea cray	['e10008']
south pacific shellfish	['e10008']
ringed boletus	['e10009']
sticky bun mushroom	['e10009']
ganoderma lucidum	['e10015']
lacquered bracket	['e10015']
lingzhi mushroom	['e10015']
enoki	['e10018']
enoki-take	['e10018']
enokitake	['e10018']
futu	['e10018']
futu mushroom	['e10018']
golden needle mushroom	['e10018']
lily mushroom	['e10018']
velvet foot	['e10018']
velvet shank	['e10018']
velvet stem	['e10018']
winter mushroom	['e10018']
clitocybe nuda	['e10020']
lepista nuda	['e10020']
tricholoma nudum	['e10020']
blue stalk mushroom	['e10020']
boletus rufus	['e10027']
red-capped scaber stalk	['e10027']
birch boletus	['e10028']
scaber stalk	['e10028']
orange agaric	['e10029']
red pine mushroom	['e10029']
indian gum	['e10035']
senegal gum	['e10035']
acacia	['e10035']
acacia gum	['e10035']
arabic gum	['e10035']
gum acacia	['e10035']
hen-of-the-woods	['e10053']
maitake	['e10053']
ram's head	['e10053']
sheep's head	['e10053']
french horn mushroom	['e10054']
boletus of the steppes	['e10054']
king brown mushroom	['e10054']
king trumpet mushroom	['e10054']
trumpet royale	['e10054']
beech mushroom	['e10055']
brown beech	['e10055']
brown clamshell mushrooms	['e10055']
brown shimeji	['e10055']
buna-shimeji	['e10055']
bunashimeji	['e10055']
pleurotus ostreatus	['e10061']
grey oyster mushroom	['e10061']
oyster fungus	['e10061']
oyster mushroom	['e10061']
silver ear	['e10071']
silver ear fungus	['e10071']
snow ear	['e10071']
white jelly	['e10071']
white jelly mushroom	['e10071']
agrocybe aegerita	['e10072']
agrocybe cylindracea	['e10072']
cyclocybe aegerita	['e10072']
pholiota aegerita	['e10072']
poplar mushroom	['e10072']
nameko	['e10074']
pholiota nameko	['e10074']
agaricus rodmani	['e10075']
banded agaric	['e10075']
pavement mushroom	['e10075']
spring agaric	['e10075']
torq	['e10075']
bunapi-shimeji	['e10076']
daikokushimeji	['e10076']
honshimeji	['e10076']
hypsizygus marmoreus	['e10076']
hypsizygus tesselatus	['e10076']
lyophyllaceae	['e10076']
lyophyllus shimeji	['e10076']
senbonshimeji	['e10076']
pleurotus sajor-caju	['e10077']
netted stinkhorn	['e10078']
wood witch	['e10078']
hymenopellis radicata	['e10079']
oudemansiella radicata	['e10079']
deep root mushroom	['e10079']
tsuetake	['e10079']
xerula radicata	['e10079']
late fall oyster	['e10080']
mukitake	['e10080']
panellus serotinus	['e10080']
lawyer's wig	['e10081']
sasakurehitoyotake	['e10081']
shaggy ink cap	['e10081']
shaggy mane	['e10081']
coral hydnum	['e10082']
coral tooth fungus	['e10082']
coralloides	['e10082']
hericium	['e10082']
golden jelly fungus	['e10083']
koganenikawatake	['e10083']
witches' butter	['e10083']
yellow brain	['e10083']
yellow trembler	['e10083']
hanabiratake	['e10084']
wood cauliflower fungus	['e10084']
elm leech	['e10085']
shirotamogidake	['e10085']
kegawatake	['e10086']
kishimejizoku	['e10087']
marzolino	['e10087']
gem scallop	['e10089']
gem shellfish	['e10089']
southern fan scallop	['e10089']
hypsizygus tessulatus	['e10093']
bunapishimeji	['e10093']
white beech	['e10093']
white clamshell mushroom	['e10093']
white shimeji	['e10093']
sheep polypore	['e10096']
caesar's amanita	['e10097']
pine cep	['e10098']
pinewood king bolete	['e10098']
boletus aestivalis	['e10099']
summer cep	['e10099']
black chanterelle	['e10101']
black trumpet	['e10101']
cantharellus cornucopioides	['e10101']
trombetta dei morti	['e10101']
trompette de la mort	['e10101']
trumpet of the dead	['e10101']
cantharellus aurora	['e10102']
cantharellus lutescens	['e10102']
craterellus tubaeformis	['e10103']
funnel chanterelle	['e10103']
yellowfoot	['e10103']
yellowfoot chanterelle	['e10103']
bearded hedgehog mushroom	['e10104']
lion's mane	['e10104']
monkey head mushroom	['e10104']
pom-pom	['e10104']
satyr's beard	['e10104']
hedgehog	['e10105']
hedgehog mushroom	['e10105']
pied de mouton	['e10105']
sweet tooth	['e10105']
sponge morel	['e10108']
true morel	['e10108']
yellow morel	['e10108']
tamogitake	['e10109']
polymesoda	['e10113']
unionidae	['e10115']
telescopium	['e10117']
hyriidae	['e10121']
telescopium telescopium	['e10125']
terebralia palustris	['e10126']
terebralia semistriata	['e10128']
typical snail	['e10129']
fairy ring champignon	['e10130']
allium obliquum	['e10131']
lop-sided onion	['e10131']
twisted-leaf onion	['e10131']
allium stipitatum	['e10133']
whey	['e10140']
curd	['e10141']
milk protein	['e10149']
poultry pectoral muscle	['e10154']
chicken kyiv	['e10160']
qulfi	['e10164']
queijo minas	['e10170']
ponir	['e10173']
rosh malai	['e10174']
rossomalai	['e10174']
sheer khorma	['e10180']
chana dal	['e10181']
split bengal gram	['e10181']
dhana jeera	['e10185']
dhanjiru	['e10185']
besan	['e10186']
zaatar	['e10188']
japanese littleneck	['e10193']
manila clam	['e10193']
florida rocksnail	['e10195']
oyster drill	['e10195']
grooved razor	['e10202']
pacific oyster	['e10206']
japanese bunching onion plant	['e10211']
bunching onion plant	['e10211']
long green onion plant	['e10211']
spanish onion plant	['e10211']
spring onion plant	['e10211']
small rock oyster	['e10212']
sydney rock oyster	['e10212']
colchester native oyster	['e10214']
european flat oyster	['e10214']
edible oyster	['e10214']
northern horsemussel	['e10217']
alaska snow crab	['e10219']
argentine red shrim	['e10220']
atlantic scallop	['e10225']
crassostrea angulate	['e10227']
portugese oyster	['e10227']
olympia oyster	['e10230']
brown garden snail	['e10231']
burgundy snail	['e10232']
roman snail	['e10232']
edible snail	['e10232']
edible mussel	['e10234']
bay mussel	['e10235']
common blue mussel	['e10235']
st james shell	['e10238']
escallop	['e10238']
giant scallop	['e10238']
king scallop	['e10238']
atlantic surf clam	['e10239']
atlantic surf-clam	['e10239']
sun-ray clam	['e10240']
sunray clam	['e10240']
softshell	['e10242']
mammal milk	['e10245']
porcine meat	['e126']
"blue daisy, blue dandelion, blue sailors, blue weed, bunk, coffeeweed, cornflower, hendibeh, horseweed, ragged sailors, succory, wild bachelor's buttons, and wild endive.\n\nnote: \cornflower\"" is commonly applied to centaurea cyanus.\n\ncommon names for varieties of var. foliosum include endive, radicchio, radichetta, belgian endive, french endive, red endive, sugarloaf, and witloof (or witlof)."""	['e399']
mahi mahi	['e467']
dublin bay prawn	['e621']
scampi	['e621']
american corn mint, brook mint, canadian mint, chinese mint, corn mint, cornmint oil, field mint oil, huile de menthe, huile de menthe des champs, japanese oil of peppermint, menta japonesa, mentha arvensis aetheroleum, mentha arvensis var. piperascens, mentha canadensis, menthe du canada, menthe des champs, menthe japonaise, mint oil, minzol, poleo, pudina, putiha. [source: https://www.webmd.com/vitamins-supplements/ingredientmono-616-japanese%20mint.aspx?activeingredientid=616&activeingredientname=japanese%20mint]	['e868']
galloanserae	['e912']
smetana cream	['e927']
beurré bosc	['e928']
kaiser	['e928']
gravad lax	['e933']
gravad laks	['e933']
gravlaks	['e933']
kebab	['e936']
shashlik	['e936']
şiş kebap	['e936']
شیش کباب	['e936']
masa de maíz	['e937']
maseca	['e937']
queso añejo	['e940']
chihuahua cheese	['e941']
queso menonita	['e941']
quesillo	['e943']
queso oaxaca	['e943']
jamón serrano	['e944']
jamón ibérico	['e945']
presunto ibérico	['e945']
shelled bean	['e946']
shellie bean	['e946']
shellies	['e946']
shelly bean	['e946']
blin	['e954']
blinchiki	['e954']
blintzes	['e954']
bliny	['e954']
mlynchiki	['e954']
блинчики	['e954']
блины	['e954']
млинці	['e954']
млинчики	['e954']
chilpotle	['e955']
frog legs	['e957']
grapeseed	['e958']
squash blossom	['e961']
courgette flower	['e961']
pumpkin blossom	['e961']
pumpkin flower	['e961']
green chilies	['e1750']
tomato tinned	['e3826']
cooked bean curd	['e4046']
white flour	['e4249']
chitlins	['e4378']
chittlin	['e4378']
giant river prawn	['e6845']
pesto	['e7874']
paatsami	['e7880']
pif	['e8006']
courgettes	['e8213']
cooked dried bean curd	['e8542']
long egg	['e8817']
basterma	['e9213']
bastirma	['e9213']
basturma	['e9213']
pastourma	['e9213']
hiatula diphos	['e9961']
purple clam	['e9961']
soletellina diphos	['e9961']
marine crayfish	['e9963']
palinurus spp.	['e9963']
freshwater snails	['e9964']
marine snails	['e9964']
sea snails	['e9964']
allium spp.	['e9968']
cebolla	['e9968']
garden onion	['e9968']
tuber spp.	['e9970']
helix spp.	['e9971']
snail, land	['e9971']
salmo trutta	['e9974']
salmo trutta trutta	['e9974']
sea trout	['e9974']
trutta marina	['e9974']
citrus reticulata × citrus paradisi	['e9975']
volvariella volvacea	['e9982']
stewing hen	['e9987']
theragra chalcogramma	['e9989']
walleye pollock	['e9989']
pecten novaezelandiae	['e9991']
auckland oyster	['e9992']
crassostrea glomerata	['e9992']
saccostrea glomerata	['e9992']
concholepas concholepas	['e9993']
false abalone	['e9993']
liparis spp.	['e9993']
locos	['e9993']
green-lipped mussel	['e9994']
perna canaliculus	['e9994']
morchella angusticeps	['e9995']
morchella conica	['e9995']
pointed morel	['e9995']
ribbed morel	['e9995']
common inccap	['e9996']
agaricus campestris	['e9997']
verpa bohemica	['e9998']
early false morel	['e9998']
amigasatake	['e9999']
morchellaceae	['e9999']
russulaceae	['e10002']
carrot squat lobster	['e10007']
galathea monodon	['e10007']
pleuroncodes monodon	['e10007']
red crab	['e10007']
squat lobster	['e10007']
blue squat lobster	['e10008']
cervinumida johni	['e10008']
paphies subtriangulatum	['e10010']
paphies ventricosa	['e10010']
tuatua	['e10010']
ensis americanus	['e10012']
siligna patula	['e10012']
amusium japanic	['e10013']
patinopecten yessoensis	['e10013']
cipollini onion	['e10014']
meretrix lusoria	['e10016']
arctica spp.	['e10017']
mercenaria spp.	['e10017']
lepista spp.	['e10019']
clam, hen	['e10021']
mactra sachalinensis	['e10021']
paphies australis	['e10022']
amphidesma ventricosum	['e10023']
new zealand surf clam	['e10023']
ostrea lutaria	['e10025']
tiostrea lutaria	['e10025']
armillaria mellea	['e10026']
honey fungus	['e10026']
naratake	['e10026']
ostrea denselamellosa	['e10031']
ostrea laperousei	['e10031']
ensis macha	['e10032']
giant jackknife	['e10032']
veneridae	['e10033']
champignon	['e10034']
lobster krill	['e10038']
munida gregaria	['e10038']
red whalefeed	['e10038']
swarming squat lobster	['e10038']
chione undatella	['e10039']
chione californiensis	['e10040']
austrovenus stutchburyi	['e10041']
mytilus chilensis	['e10042']
mytilus crassitesta	['e10043']
mytilus planulatus	['e10044']
mytilus platensis	['e10045']
mytilus smaragdinus	['e10046']
mytilus desolationis	['e10047']
helix lucorum	['e10048']
ostrea chilensis	['e10049']
ostrea denticulata	['e10050']
alba truffle	['e10057']
italian white truffle	['e10057']
tuber magnatum	['e10057']
black périgord truffle	['e10058']
french black truffle	['e10058']
périgord truffle	['e10058']
tuber melanosporum	['e10058']
tuber indicum	['e10059']
tuber sinense	['e10059']
burgundy truffle	['e10060']
tuber aestivum	['e10060']
tuber uncinatum	['e10060']
salmo trutta lacustris	['e10062']
pharidae	['e10063']
mactridae	['e10064']
great mediterranean scallop	['e10065']
pecten jacobaeus	['e10065']
pecten meridionalis	['e10066']
groovesided scallop	['e10067']
pacten culcicostatus	['e10067']
aulacomya ater	['e10068']
ribbed mussel	['e10068']
date mussel	['e10069']
european date mussel	['e10069']
lithophaga lithophaga	['e10069']
modiolus spp.	['e10070']
phoenix-tail mushroom	['e10077']
hypsizygus ulmarius	['e10085']
cortinarius caperatus	['e10088']
chlamys delicatula	['e10089']
tipa	['e10089']
zygochlamys delicatula	['e10089']
achatina	['e10092']
lyophyllum shimeji	['e10094']
albatrellus ovinus	['e10096']
argopecten purpuratus	['e10111']
peruvian scallop	['e10111']
donax deltoides	['e10112']
plebidonax deltoides	['e10112']
marshclam	['e10113']
teredo	['e10114']
unionids	['e10115']
ellobiidae	['e10116']
marine gastropod	['e10118']
sea slug	['e10118']
mud creeper	['e10119']
polymesoda coaxans	['e10120']
cassidula angulifera	['e10124']
twistedleaf garlic	['e10131']
allium oschaninii	['e10132']
french shallot	['e10132']
allium hirtifolium	['e10133']
whipping cream	['e10137']
coffee cream	['e10138']
cream, light	['e10138']
table cream	['e10138']
cream for whipping	['e10139']
heavy whipping cream	['e10139']
candied fruit added	['e10148']
chlamys opercularis	['e10189']
black-lip oyster	['e10190']
gulf quahog	['e10191']
hard clam	['e10191']
asari	['e10193']
tapes japonica	['e10193']
tapes philippinarum	['e10193']
venerupis philippinarum	['e10193']
allium bakeri	['e10194']
chinese scallion	['e10194']
rakkyo	['e10194']
thaididae	['e10195']
clam, pacific geoduck	['e10196']
helix aperta	['e10197']
palinurus vulgaris	['e10198']
southern spiny lobster	['e10200']
european razor clam	['e10202']
razor clam	['e10202']
solen vagina	['e10202']
magallana gigas	['e10206']
pacific cupped oyster	['e10206']
portuguese cupped oyster	['e10206']
macrocallista maculata	['e10210']
crassostrea commercialis	['e10212']
saccostrea cuccullata	['e10212']
saxidomus giganteus	['e10218']
queen crab	['e10219']
native littleneck	['e10222']
protothaca staminea	['e10222']
steamer	['e10222']
canada onion	['e10224']
wild garlic	['e10224']
wild onion	['e10224']
chlamys varia	['e10225']
hardshell	['e10226']
protothaca thaca	['e10226']
atlantic jackknife clam	['e10228']
western oyster	['e10230']
yaquina oyster	['e10230']
helix aspersa	['e10231']
common mussel	['e10234']
foolish mussel	['e10235']
american cupped oyster	['e10236']
american oyster	['e10236']
blue point oyster	['e10236']
american sea scallop	['e10237']
coquille saint-jacques	['e10238']
bar clam	['e10239']
sea clam	['e10239']
surf clam	['e10239']
cherrystone clam	['e10241']
clam, cherrystone	['e10241']
littleneck	['e10241']
venus mercenaria	['e10241']
maninose clam	['e10242']
aequipecten gibbus	['e10243']
calico scallop	['e10243']
pecten gibbus	['e10243']
bambara nut	['e181']
bambara-bean	['e181']
congo goober	['e181']
earth pea	['e181']
bengal gram	['e183']
egyptian pea	['e183']
gram	['e183']
kidney, haricot bean (ph. vulgaris); \nlima, butter bean (ph. lunatus); \nadzuki bean (ph. angularis); \nmungo bean, golden, green gram (ph. aureus); \nblack gram, urd (ph. mungo); \nscarlet runner bean (ph. coccineus); \nrice bean (ph. calcaratus); \nmoth bean (ph. aconitifolius); \ntepary bean (ph. acutifolius)	['e185']
dry corn	['e484']
united states southern varieties: big red ripper, zipper, rucker, stick up, old timer, turkey craw, whippoorwill, purple hull, pinkeye, crowder, wash day, rattlesnake, iron clay, bird, cow, colossus, hercules, mississippi silver, shanty, polecat	['e486']
satsuma	['e594']
pimiento pepper	['e677']
northern red snapper	['e727']
southern red snapper	['e727']
curcuma	['e814']
maguro nakaochi	['e851']
nakaochi scrape	['e851']
anseriformes	['e912']
galliformes	['e912']
gamefowl	['e912']
landfowl	['e912']
waterfowl	['e912']
cheerios	['e935']
masa de harina	['e937']
masa harina	['e937']
el queso cotija de montaña	['e942']
tajo cheese	['e942']
propadus	['e1006']
lamb neck chop	['e1118']
navajo juniper ash	['e1121']
tepa	['e1143']
tipnuk	['e1143']
cobnut	['e1165']
coccinia grandis	['e1195']
kowai fruit	['e1195']
scarlet gourd	['e1195']
tindora	['e1195']
angelica	['e1219']
black mulberry	['e1299']
allium fistulosum l.	['e1321']
nutella	['e1329']
filet mignon	['e1398']
bok choy vegetable food product	['e1418']
bomdong vegetable food product	['e1418']
broccolini vegetable food product	['e1418']
choy sum vegetable food product	['e1418']
collard greens vegetable food product	['e1418']
gai lan vegetable food product	['e1418']
komatsuna vegetable food product	['e1418']
mizuna vegetable food product	['e1418']
rutabaga vegetable food product	['e1418']
savoy cabbage vegetable food product	['e1418']
tatsoi vegetable food product	['e1418']
hooikaas	['e1852']
meikaas	['e1852']
party wing	['e1964']
indo kratom powder	['e1968']
pecten laquaetus	['e2902']
pecten aequiscleatus	['e2902']
horse bean	['e3684']
field bean	['e3684']
tic bean	['e3684']
tick bean	['e3684']
condensed milk	['e3855']
philadelphia cream cheese	['e4066']
cheddar-jack	['e4439']
colby-jack	['e4439']
pepper jack	['e4439']
tempeh gembus	['e5242']
tempeh kedele	['e5242']
red velvet	['e6264']
exact string match	['e6599']
bagoong alamang	['e7681']
bagoong aramang	['e7681']
belacan	['e7681']
belachan	['e7681']
blachang	['e7681']
hae ko	['e7681']
hom ha	['e7681']
kapi	['e7681']
mắm ruốc	['e7681']
mắm tép	['e7681']
mắm tôm	['e7681']
ngapi	['e7681']
sidol	['e7681']
terasi	['e7681']
bottom round	['e8023']
eye of round	['e8023']
top round	['e8023']
whole milk	['e8127']
tricholoma nauseosum (a. blytt) kytöv.	['e8611']
double porter	['e9035']
extra porter	['e9035']
stout porter	['e9035']
souse	['e9059']
soletellina diphos (linnaeus 1771)	['e9961']
crassostrea spp.	['e9967']
ostrea spp.	['e9967']
pteriidae	['e9967']
allium	['e9968']
allium l.	['e9968']
allium sp.	['e9968']
snail, garden	['e9971']
gallus gallus (linnaeus, 1758)	['e9972']
baby onion	['e9973']
gibbon	['e9973']
precious onions	['e9973']
syboe	['e9973']
yard onion	['e9973']
salmo trutta berg 1908	['e9974']
salmo trutta linnaeus, 1758	['e9974']
allium cepa l. var. aggregatum g. don	['e9977']
allium cepa l. var. aggregatum g.don	['e9977']
cantharellus cibarius fr., 1821	['e9978']
lentinula edodes (berk.) pegler, 1976	['e9981']
volvariella volvacea (bull.) singer, 1951	['e9982']
pleurotus cystidiosus o.k. mill., 1969	['e9983']
theragra chalcogramma (pallas 1814)	['e9989']
theragra chalcogramma (pallas, 1811)	['e9989']
theragra chalcogramma (pallas, 1814)	['e9989']
pecten novaezelandiae reeve 1852	['e9991']
pecten novaezelandiae reeve, 1852	['e9991']
saccostrea glomerata (gould, 1850)	['e9992']
concholepas concholepas (bruguiere 1789)	['e9993']
perna canaliculus (gmelin 1791)	['e9994']
morchella conica pers 1801	['e9995']
coprinopsis atramentaria (bull.) redhead, vilgalys & moncalvo 2001	['e9996']
agaricus campestris l., 1753	['e9997']
verpa bohemica (krombh.) j.schröt. (1893)	['e9998']
boletus edulis bull., 1782	['e10000']
amanita rubescens	['e10001']
lactarius helvus (fr.) fr., 1838	['e10003']
psilocybe semilanceata (fr.) p. kumm., 1871	['e10004']
leucoagaricus leucothites (vittad.) wasser, 1977	['e10006']
pleuroncodes monodon (h. milne edwards 1837)	['e10007']
cervimunida johni	['e10008']
cervimunida johni porter 1903	['e10008']
suillus luteus (l.) roussel, 1806	['e10009']
paphies subtriangulata	['e10010']
ensis americanus (gould, 1870)	['e10012']
patinopecten yessoensis (jay 1857)	['e10013']
ganoderma lucidum (curtis) p. karst., 1881	['e10015']
ganoderma lucidum (m.a.curtis) p.karst.	['e10015']
meretrix lusoria (roding, 1798)	['e10016']
meretrix lusoria (röding, 1798)	['e10016']
flammulina velutipes (curtis) singer, 1951	['e10018']
lepista nuda (bull.) cooke, 1871	['e10020']
paphies australis (gmelin 1791)	['e10022']
mesodesma ventricosum (gray 1843)	['e10023']
ostrea lutaria hutton 1873	['e10025']
ostrea lutaria hutton, 1873	['e10025']
armillaria mellea (vahl) p. kumm., 1871	['e10026']
leccinum aurantiacum (bull.) gray 1821	['e10027']
leccinum scabrum var. scabrum (bull.) gray 1821	['e10028']
lactarius deliciosus (l.) gray, 1821	['e10029']
ostrea denselamellosa lischke 1869	['e10031']
ensis macha (molina 1782)	['e10032']
agaricus bisporus (j.e. lange) imbach, 1946	['e10034']
agaricus bisporus (lange) imbach	['e10034']
agaricus bisporus (lange) imbach forma albidus (lange) singer	['e10034']
munida gregaria (fabricius 1793)	['e10038']
chione undatella (g. b. sowerby i, 1835)	['e10039']
chione undatella (sowerby, 1835)	['e10039']
chione californiensis (broderip, 1835)	['e10040']
chione stutchburyi (wood 1828)	['e10041']
mytilus chilensis (hupé, 1854)	['e10042']
mytilus chilensis hupe, 1854	['e10042']
mytilus planulatus lamarck, 1819	['e10044']
mytilus platensis orbigny, 1846	['e10045']
mytilus platensis dorbigny 1846	['e10045']
mytilus desolationis lamy 1936	['e10047']
ostrea chilensis philippi 1845	['e10049']
ostrea chilensis philippi, 1847	['e10049']
ostrea denticulata born 1778	['e10050']
ostrea denticulata born, 1778	['e10050']
grifola frondosa (dicks.) gray, 1821	['e10053']
pleurotus eryngii (dc.) quél., 1872	['e10054']
hypsizygus tessulatus (bull.) singer	['e10055']
tuber magnatum picco, 1788	['e10057']
tuber melanosporum vittad., 1831	['e10058']
tuber sinense x.l. mao 2000	['e10059']
tuber aestivum vittad., 1831	['e10060']
pleurotus ostreatus (jacq.) p. kumm., 1871	['e10061']
salmo trutta lacustris linnaeus, 1758	['e10062']
pecten jacobaeus (linnaeus, 1758)	['e10065']
pecten meridionalis tate, 1887	['e10066']
pecten sulcicostatus sowerby 1842	['e10067']
pecten sulcicostatus sowerby, 1842	['e10067']
aulacomya ater (molina, 1782)	['e10068']
lithophaga lithophaga (linnaeus, 1758)	['e10069']
tremella fuciformis berk., 1856	['e10071']
agrocybe cylindracea (dc.) maire, 1938	['e10072']
pleurotus floridanus singer, 1946	['e10073']
pholiota nameko (t. itô) s. ito & s. imai, 1933	['e10074']
agaricus bitorquis (quél.) sacc., 1887	['e10075']
phallus duplicatus bosc, 1811	['e10078']
xerula radicata (relhan) dörfelt, 1975	['e10079']
panellus serotinus (pers.) kühner, 1950	['e10080']
coprinus comatus (o.f. müll.) pers., 1797	['e10081']
hericium coralloides (scop.) pers., 1794	['e10082']
tremella mesenterica retz., 1769	['e10083']
sparassis crispa (wulfen) fr., 1821	['e10084']
hypsizygus ulmarius (bull.) redhead, 1984	['e10085']
lentinus tigrinus (bull.) fr., 1825	['e10086']
calocybe gambosa (fr.) singer, 1951	['e10087']
tricholoma gambosum	['e10087']
cortinarius caperatus (pers.) fr. (1838)	['e10088']
cortinarius caperatus (pers.) fr., 1838	['e10088']
lyophyllum shimeji (kawam.) hongo	['e10094']
agaricus arvensis schaeff., 1774	['e10095']
albatrellus ovinus (schaeff.) kotl. & pouzar 1957	['e10096']
amanita caesarea (scop.) pers. 1801	['e10097']
boletus pinophilus pilát & dermek 1973	['e10098']
boletus reticulatus schaeff. 1774	['e10099']
cantharellus pallens pilát 1959	['e10100']
craterellus cornucopioides (l.) pers. 1825	['e10101']
craterellus lutescens (fr.) fr. 1838	['e10102']
craterellus tubaeformis (fr.) quél. 1888	['e10103']
hericium erinaceus (bull.) pers. 1797	['e10104']
hydnum repandum l. 1753	['e10105']
hydnum rufescens pers. 1800	['e10106']
macrolepiota procera (scop.) singer 1948	['e10107']
morchella esculenta (l.) pers 1801	['e10108']
pleurotus citrinopileatus singer 1942	['e10109']
pleurotus djamor (rumph. ex fr.) boedijn 1959	['e10110']
argopecten purpuratus (lamarck, 1819)	['e10111']
donax deltoides lamarck, 1818	['e10112']
telescopium telescopium (linnaeus, 1758)	['e10117']
terebralia palustris (linnaeus, 1767)	['e10119']
terebralia semistriata (mörch, 1852)	['e10119']
terebralia sulcata (born, 1778)	['e10119']
polymesoda coaxans (gmelin, 1791)	['e10120']
velesunio ambiguus (philippi, 1847)	['e10122']
velesunio angasi (sowerby, 1867)	['e10123']
allium obliquum l.	['e10131']
allium oschaninii o. fedtsch.	['e10132']
allium stipitatum regel	['e10133']
aequipecten opercularis (linnaeus 1758)	['e10189']
chlamys opercularis (linnaeus, 1758)	['e10189']
pinctada margaritifera (linnaeus, 1758)	['e10190']
pinctada margaritifera linnaeus, 1758	['e10190']
mercenaria campechiensis (gmelin, 1791)	['e10191']
ensis ensis (linnaeus, 1758)	['e10192']
ensis ensis linnaeus, 1758	['e10192']
venerupis philippinarum (a. adams and reeve, 1850)	['e10193']
allium chinense don.	['e10194']
allium chinense g. don	['e10194']
stramonita haemastoma (linnaeus, 1758)	['e10195']
panopea abrupta (conrad, 1849)	['e10196']
helix aperta born, 1778	['e10197']
palinurus elephas (fabricius, 1787)	['e10198']
palinurus delagoae barnard, 1926	['e10199']
palinurus gilchristi stebbing, 1900	['e10200']
ensis siliqua (linnaeus, 1758)	['e10201']
solen marginatus (pulteney, 1799)	['e10202']
solen vagina linnaeus, 1758	['e10202']
chlamys islandica (muller, 1776)	['e10203']
chlamys islandica (müller, 1776)	['e10203']
mytilus galloprovincialis lamarck, 1819	['e10205']
crassostrea gigas (thunberg, 1793)	['e10206']
patinopecten caurinus (gould 1850)	['e10207']
patinopecten caurinus (gould, 1850)	['e10207']
argopecten irradians (lamarck, 1819)	['e10208']
palinurus mauritanicus gruvel, 1911	['e10209']
macrocallista maculata (linnaeus, 1758)	['e10210']
saccostrea cuccullata (born, 1778)	['e10212']
palinurus charlestoni forest & postel, 1964	['e10213']
palinurus charlestoni forest and postel, 1964	['e10213']
ostrea edulis linnaeus, 1758	['e10214']
crassostrea rhizophorae (guilding, 1828)	['e10215']
crassostrea rhizophorae guilding	['e10215']
chionista fluctifraga (g. b. sowerby ii, 1853)	['e10216']
modiolus modiolus (linnaeus, 1758)	['e10217']
saxidomus gigantea (deshayes, 1839)	['e10218']
saxidomus giganteus (deshayes, 1839)	['e10218']
chionoecetes opilio (fabricius, 1788)	['e10219']
chionoecetes opilio (j. c. fabricius, 1788)	['e10219']
chionoecetes opilio opilio (o. fabricius, 1788)	['e10219']
pleoticus muelleri (bate, 1888)	['e10220']
corbicula fluminea (muller 1774)	['e10221']
corbicula fluminea (o. f. müller, 1774)	['e10221']
protothaca staminea (conrad, 1837)	['e10222']
pickling onion	['e10223']
allium canadense l.	['e10224']
chlamys varia (linnaeus, 1758)	['e10225']
protothaca thaca (molina, 1782)	['e10226']
crassostrea angulata lamarck	['e10227']
ensis directus (conrad, 1843)	['e10228']
ensis directus conrad, 1843	['e10228']
arctica islandica (linnaeus, 1767)	['e10229']
ostrea lurida carpenter	['e10230']
ostrea lurida carpenter, 1864	['e10230']
helix aspersa muller, 1774	['e10231']
helix pomatia linnaeus, 1758	['e10232']
mytilus californianus conrad, 1837	['e10233']
mytilus edulis linnaeus, 1758	['e10234']
mytilus trossulus gould, 1850	['e10235']
crassostrea virginica (gmelin, 1791)	['e10236']
placopecten magellanicus (gmelin, 1791)	['e10237']
placopecten magellanicus (gmelin, 1792)	['e10237']
pecten maximus (linnaeus, 1758)	['e10238']
spisula solidissima (dillwyn, 1817)	['e10239']
macrocallista nimbosa (lightfoot, 1786)	['e10240']
mercenaria mercenaria (linnaeus 1758)	['e10241']
mercenaria mercenaria (linnaeus, 1758)	['e10241']
mya arenaria linnaeus, 1758	['e10242']
argopecten gibbus (linnaeus, 1758)	['e10243']
perna perna (linnaeus, 1758)	['e10244']
perna perna (linnaeus, 1767)	['e10244']
citrus	['e142']
nakaochi	['e851']
mizuna	['e866']
milled	['e994']
egg liquid	['e1043']
poached egg	['e1090']
neck chop	['e1118']
elettaria cardamomum	['e1159']
chia	['e1179']
steak	['e1218']
nopal	['e1253']
lemon grass	['e1417']
lemongrass	['e1417']
zanthoxylum bungeanum	['e1494']
non-dairy cheese	['e1856']
plant-based cheese	['e1856']
vegan cheese	['e1856']
american ginseng	['e1868']
korean ginseng	['e1871']
japanese ginseng	['e1872']
red leaf	['e1878']
guaje	['e1879']
swine frank	['e1915']
swine frankfurter	['e1915']
raw bison meat	['e2144']
raw goat meat	['e2151']
raw wild boar meat	['e2153']
emu meat	['e2185']
raw pigeon meat	['e2677']
raw emu meat	['e2687']
chicken meat	['e2730']
raw chicken meat	['e2731']
raw pheasant meat	['e2866']
raw poultry meat	['e2875']
lamb meat	['e2989']
seal meat	['e3073']
wild boar meat	['e3087']
pork meat	['e3146']
raw pork meat	['e3147']
atlantic cod meat	['e3220']
catfish meat	['e3230']
nile tilapia meat	['e3240']
sockeye salmon meat	['e3250']
raw catfish meat	['e3258']
raw nile tilapia meat	['e3259']
raw sockeye salmon meat	['e3260']
atlantic salmon meat	['e3263']
raw atlantic cod meat	['e3271']
green algae	['e3275']
satavar	['e3277']
shatamull	['e3277']
shatawari	['e3277']
hoodia	['e3278']
brocoflower	['e3315']
yard-long bean	['e3352']
baby zucchini squash	['e3353']
kelp	['e3495']
raw water buffalo meat	['e3749']
raw turtle meat	['e3931']
anise	['e4047']
blackberry jam	['e4128']
chitterlings	['e4378']
fish burger	['e4442']
green tea	['e5067']
black tea	['e5068']
egg white	['e5160']
raw kangaroo meat	['e5480']
raw horse meat	['e5709']
raw nutria meat	['e5881']
caribou meat	['e5883']
reindeer meat	['e5883']
raw seal meat	['e5884']
raw elk meat	['e5886']
raw reindeer meat	['e5887']
raw buffalo meat	['e5889']
raw deer meat	['e5890']
raw elephant meat	['e5898']
raw hippopotamus meat	['e5899']
raw rabbit meat	['e5904']
raw milk	['e6423']
raw atlantic salmon meat	['e6599']
raw quail meat	['e6930']
raw ostrich meat	['e7477']
raw zebra meat	['e7478']
raw lamb meat	['e7494']
zucchini	['e8213']
pot pie	['e8744']
pod	['e8853']
yolk	['e9110']
poultry meat	['e9148']
milk-based drink	['e9169']
egg	['e9207']
fuki	['e9938']
palaeoheterodonta	['e9966']
pteriomorphia	['e9966']
hen	['e9987']
fairy ring mushroom	['e10130']
pulse flour	['e10186']
littleneck clam	['e10193']
geoduck clam	['e10196']
weathervane	['e10207']
venus clam	['e10216']
snow  crab	['e10219']
shrimp	['e10220']
surfclam	['e10239']
invertebrate animal	['e165']
ricefield rat	['e7522']
wagyu cattle	['e950']
red delicious apple tree	['e953']
chardonnay grape plant	['e967']
chenin blanc grape plant	['e969']
malbec grape plant	['e970']
merlot grape plant	['e971']
pinot blanc grape plant	['e972']
pinot gris grape plant	['e973']
pinot noir grape plant	['e974']
pinotage grape plant	['e975']
riesling grape plant	['e977']
sangiovese grape plant	['e978']
sauvignon blanc grape plant	['e979']
semillon grape plant	['e980']
syrah grape plant	['e983']
tempranillo grape plant	['e984']
zinfandel grape plant	['e985']
frappato grape plant	['e986']
gamay grape plant	['e987']
gewürztraminer grape plant	['e988']
carignane grape plant	['e989']
grenache grape plant	['e990']
barbera grape plant	['e991']
cabernet sauvignon grape plant	['e968']
alpaca	['e1021']
red banana plant (genus musa)	['e1085']
granny smith apple tree	['e1125']
fuji apple tree	['e1129']
blaufränkisch grape plant	['e1130']
mourvèdre grape plant	['e1133']
yellow bean plant	['e3349']
black cardamom plant	['e1160']
tango apple tree	['e1184']
golden zucchini plant	['e1204']
myrica rubra tree	['e1300']
robusta coffee plant	['e1239']
salvia elegans plant	['e1248']
colorado pinyon tree	['e1286']
durian tree	['e1674']
oregon yampa plant	['e1291']
catjang plant	['e1784']
deerberry plant	['e1316']
lacinato kale	['e2332']
red leaf lettuce plant	['e3284']
orange bell pepper plant	['e1565']
amarelle cherry plant	['e2005']
poultry	['e7435']
cosmic crisp apple tree	['e2277']
sugarbee apple tree	['e2279']
scarlet spur apple tree	['e2281']
envy apple tree	['e2283']
aztec fuji apple tree	['e2285']
royal royce strawberry plant	['e2286']
valiant strawberry plant	['e2288']
marionberry plant	['e2290']
emu	['e2679']
emu carcass	['e2680']
donkey	['e882']
atlantic cod	['e3218']
catfish	['e3228']
nile tilapia	['e3238']
sockeye salmon	['e3248']
atlantic salmon	['e3261']
fruit plant used as vegetable	['e685']
pectin-producing plant	['e669']
oil-producing plant	['e683']
vegetable-producing plant, root, tuber or bulb	['e8669']
lingonberry plant	['e582']
great northern bean plant	['e529']
agar plant	['e3868']
chinese or celery cabbage plant	['e1671']
california valencia orange plant	['e1630']
phaseolus vulgaris, edible pod cultivar (plant)	['e8473']
phaseolus vulgaris, edible seed cultivar (plant)	['e8737']
huckleberry plant	['e549']
lime (citrus) plant	['e1670']
sultana grape plant	['e5602']
sweet cherry plant	['e8528']
cauliflower plant	['e381']
red raspberry plant	['e6292']
blackeyed pea plant	['e345']
casaba melon plant	['e2002']
pear tomato plant	['e7540']
kidney bean plant	['e567']
winter savory plant	['e3674']
bramble berry plant	['e1217']
herring family	['e544']
pacific whiting	['e7347']
angel shark genus	['e7336']
white pepper plant	['e1767']
horseradish plant	['e546']
pod or seed vegetable plant	['e691']
atlantic horse mackerel	['e6676']
edible seed producing plant	['e4992']
chard plant	['e6003']
sheep	['e758']
baby lima bean plant	['e4138']
cranberry bean plant	['e1066']
winter squash plant	['e1899']
spiny dogfish	['e7464']
thyme plant	['e3892']
cowpea plant	['e441']
freshwater drum genus	['e7043']
nut producing plant	['e161']
insect	['e166']
fish	['e223']
sesame plant	['e755']
zia mays plant	['e134']
turnip plant	['e815']
thread herring	['e7340']
goose	['e255']
clover plant	['e5466']
clove plant	['e411']
conch	['e6684']
fungus	['e135']
mint plant	['e868']
lentil plant	['e577']
tuna	['e811']
bamboo plant	['e324']
melon plant	['e602']
chive plant	['e401']
snake	['e767']
vertebrate animal	['e87']
algae	['e170']
arabica coffee plant	['e1240']
cherry plant	['e3691']
beet plant	['e333']
radish plant	['e717']
cockle	['e412']
cacao plant	['e195']
alaska pea plant	['e1795']
acacia (genus) plant	['e1838']
orange plant	['e4326']
skate	['e6955']
yeast	['e136']
wax bean plant	['e825']
triticale plant	['e947']
rhubarb plant	['e7705']
carob bean plant	['e854']
broad bean plant	['e355']
pinto bean plant	['e681']
kohlrabi plant	['e1174']
green bean plant	['e530']
crustacean	['e447']
angelica plant	['e303']
sweet corn plant	['e1790']
partridge	['e7479']
collard plant	['e420']
wintergreen plant	['e6881']
youngberry plant	['e1579']
lettuce plant	['e578']
menhaden	['e6649']
lima bean plant	['e579']
abalone	['e292']
rutabaga plant	['e1472']
cod	['e415']
mackerel family	['e7998']
dandelion plant	['e871']
mandarin orange tree	['e594']
argentine	['e7392']
shellfish	['e260']
nectarine tree	['e3609']
broccoli plant	['e356']
chervil plant	['e3680']
persimmon plant	['e920']
zucchini plant	['e8213']
star anise plant	['e1265']
cinnamon plant	['e405']
tangelo plant	['e5450']
parsnip plant	['e646']
watercress plant	['e1241']
sassafras plant	['e916']
mulberry plant	['e1298']
lobster	['e585']
snapper	['e768']
chinese radish plant	['e8645']
poppy plant	['e1288']
edible currant plant	['e4615']
european filbert plant	['e478']
agave plant	['e863']
barracuda	['e6755']
beech tree	['e1638']
caraway plant	['e8113']
navy bean plant	['e619']
fordhook lima bean plant	['e4143']
pacific herring	['e6664']
honeydew melon plant	['e1609']
white asparagus plant	['e835']
brussels sprout plant	['e359']
amphibian	['e2063']
reptile	['e2064']
armadillo	['e5906']
taro plant	['e804']
purslane plant	['e7821']
hot pepper plant	['e548']
cuttlefish	['e452']
lappa plant	['e7883']
green kidney bean plant	['e4145']
red kidney bean plant	['e7666']
damson plum plant	['e5580']
green cardamom plant	['e1159']
ginseng plant	['e514']
greengage plum plant	['e7489']
castor bean plant	['e856']
gourd plant	['e521']
asparagus bean plant	['e7966']
hyacinth bean plant	['e192']
blue-green algae	['e3808']
wakame kelp	['e8953']
clementine plant	['e4526']
carangidae family	['e559']
croaker	['e6726']
grunt	['e3997']
cusk-eel family	['e7152']
ocean pout	['e7311']
anchovy family	['e302']
european dover sole	['e7372']
silverside family	['e7334']
needlefish family	['e881']
dogfish shark family	['e466']
mackerel shark family	['e6601']
carp or minnow family	['e371']
redbelly dace	['e8045']
hawkfish family	['e7332']
pomfret family	['e698']
spiny cockle	['e7403']
trumpeter family	['e6621']
slipper lobster family	['e3640']
common bean plant	['e422']
century plant	['e3669']
bullhead catfish	['e7510']
tree tomato plant	['e5198']
corinth grape plant	['e4614']
spirulina	['e8275']
mango melon plant	['e6327']
licorice plant	['e7807']
nevada jointfir plant	['e620']
devil's claw plant	['e5021']
linden plant	['e5091']
mistletoe plant (european)	['e5813']
coca plant	['e6529']
feverfew plant	['e5065']
cocklebur plant	['e6543']
senna plant	['e5189']
mexican tea plant	['e6550']
kava plant	['e966']
acorn squash plant	['e8854']
mustard plant	['e617']
vetch plant	['e1079']
white cabbage plant	['e1157']
bosc pear plant	['e1601']
anjou pear plant	['e2021']
hibiscus plant	['e959']
mule	['e5880']
camel	['e8782']
mollusc	['e610']
echinoderm	['e1405']
cephalopod	['e385']
barnacle	['e7328']
triggerfish	['e7866']
filefish family	['e7639']
moreton bay chestnut plant	['e611']
spanish thyme plant	['e4910']
beefsteak plant	['e5746']
leatherjacket genus	['e7638']
golden snapper	['e7259']
south american catfish	['e7331']
groundsel plant	['e7831']
balsam apple plant	['e7927']
porcupinefish	['e7015']
creek chub	['e6738']
deep sea lobster	['e456']
searobin family	['e6622']
wasabi plant	['e5442']
cactus plant	['e855']
threadfin family	['e6907']
wild caia plant	['e7911']
spotted stargazer	['e7457']
wrasse family	['e7006']
limpet	['e880']
lizard	['e7800']
california pilchard	['e6816']
surgeonfish family	['e7631']
betel plant	['e4211']
betel nut palm plant	['e337']
summer orange plant	['e5995']
top shell	['e7079']
blue marlin	['e7049']
timothy plant	['e7838']
reed fescue plant	['e7839']
devils tongue plant	['e459']
lichen	['e7106']
giant keyhole limpet	['e7092']
wheatgrass plant	['e7873']
chinese chive plant	['e1940']
alligator	['e998']
snow pea plant	['e1095']
sugar snap pea plant	['e8712']
yellow vetchling plant	['e8158']
millet plant	['e64']
morello cherry plant	['e2004']
guajillo pepper plant	['e1045']
cherry pepper plant	['e8002']
plaice	['e8391']
broccoflower plant	['e8685']
olallieberry plant	['e1755']
yellow bell pepper plant	['e1564']
konbu	['e569']
hijiki kelp	['e8309']
amberjack	['e8273']
crawfish or crayfish	['e445']
shortnose cisco	['e8549']
iguana	['e8554']
pitaya plant	['e2114']
krill	['e570']
hyssop plant	['e1280']
plant used as fodder	['e3734']
velvet bean plant	['e1078']
west indian gherkin plant	['e9393']
banana pepper plant	['e3373']
plum tomato plant	['e1761']
yam bean plant	['e188']
crowberry plant	['e1260']
purple crowberry plant	['e1275']
red crowberry plant	['e1274']
bovine	['e127']
blue corn plant	['e1400']
myrica	['e1620']
hericium coralloides	['e10082']
digitaria exilis	['e178']
castanea crenata	['e1664']
malus sieversii	['e1977']
opuntia	['e1253']
genypterus chilensis	['e7323']
pachyrhizus erosus	['e1745']
brassica oleracea var. gongylodes	['e1458']
moolgarda engeli	['e7559']
hordeum vulgare subsp. vulgare	['e1434']
selenicereus costaricensis	['e2271']
pangium edule	['e2036']
prunus cocomilia	['e1817']
selenicereus megalanthus	['e2115']
archosargus probatocephalus	['e7155']
eugenia uniflora	['e1287']
psidium	['e1633']
leccinum aurantiacum	['e10027']
leccinum scabrum	['e10028']
brassica oleracea var. sabauda	['e1692']
ganoderma lingzhi	['e10015']
lepista saeva	['e2229']
illicium verum	['e1521']
azadirachta indica	['e1821']
physalis peruviana	['e2242']
corylus maxima	['e1678']
dimocarpus longan	['e1685']
gymnachirus melas	['e6787']
mitragyna parvifolia	['e1843']
cololabis saira	['e7385']
strongylura exilis	['e7450']
piper methysticum	['e1747']
chamaenerion angustifolium	['e3331']
hypophthalmichthys molitrix	['e7371']
juniperus	['e1802']
piper betle	['e4211']
prunus virginiana	['e2013']
acanthocybium solandri	['e7411']
annona muricata	['e1168']
auxis thazard	['e497']
xiphopenaeus kroyeri	['e7384']
carya	['e1261']
carya glabra	['e2175']
coffea arabica	['e1437']
corylus avellana	['e1455']
diospyros	['e1730']
citrus junos	['e1738']
buchanania lanzan	['e1836']
lepidocybium flavobrunneum	['e6754']
curcuma longa	['e1758']
scomber scombrus	['e6767']
scomberomorus cavalla	['e7621']
carya laciniosa	['e2176']
carya texana	['e2180']
vaccinium	['e1666']
vaccinium macrocarpon	['e443']
brassica napus var. napus	['e1444']
vigna unguiculata subsp. sesquipedalis	['e3352']
hydnum rufescens	['e10106']
sparassis crispa	['e10084']
prunus cerasus	['e1550']
attalea speciosa	['e9460']
malva sylvestris	['e2320']
bambusoideae	['e6559']
panulirus homarus	['e6721']
panulirus versicolor	['e6719']
nephelium lappaceum	['e1727']
malpighia emarginata	['e1604']
lactarius helvus	['e10003']
thelesperma megapotamicum	['e1128']
epinephelus morio	['e7102']
pholiota microspora	['e10074']
genypterus blacodes	['e7329']
aspalathus linearis	['e6495']
mucuna pruriens	['e1078']
murraya koenigii	['e3369']
epinephelus areolatus	['e7161']
molva molva	['e7018']
arripis georgianus	['e6758']
juglans	['e3771']
dioscorea pentaphylla	['e3392']
schinus terebinthifolia	['e6024']
phractolaemus ansorgii	['e7726']
anacardium occidentale	['e1626']
parophrys vetulus	['e7373']
caranx caballus	['e7179']
carangoides ruber	['e7632']
lithodes aequispinus	['e7136']
paralithodes brevipes	['e6730']
cynoscion regalis	['e6600']
lactuca sativa var. longifolia	['e1014']
selenicereus undatus	['e2117']
brassica oleracea var. gemmifera	['e8759']
alectis ciliaris	['e6890']
vaccinium reticulatum	['e1136']
vaccinium vitis-idaea	['e1558']
marasmius oreades	['e10130']
psilocybe semilanceata	['e10004']
boletus reticulatus	['e10099']
peprilus triacanthus	['e7459']
urophycis chuss	['e7346']
urophycis tenuis	['e7341']
sicyos edulis	['e1663']
centropristis striata	['e7162']
paralabrax callaensis	['e7579']
esox niger	['e6394']
areca catechu	['e1625']
petasites japonicus	['e9938']
rubus flagellaris	['e301']
vaccinium deliciosum	['e2261']
vaccinium membranaceum	['e2264']
vaccinium ovalifolium	['e2000']
empetrum nigrum	['e1271']
aronia	['e2251']
hippophae rhamnoides	['e1277']
brassica juncea subsp. integrifolia	['e1457']
brosimum alicastrum	['e5303']
eopsetta jordani	['e7377']
glyptocephalus zachirus	['e7379']
hippoglossus stenolepis	['e7266']
isopsetta isolepis	['e7099']
lepidopsetta bilineata	['e7378']
lyopsetta exilis	['e7382']
platichthys stellatus	['e7580']
psettichthys melanostictus	['e7380']
psettodes erumei	['e7166']
trinectes maculatus	['e6786']
chaceon quinquedens	['e7132']
mammea americana	['e1283']
leucoagaricus leucothites	['e10006']
tautoga onitis	['e7363']
crateva religiosa	['e1695']
ocimum tenuiflorum	['e2322']
coleus amboinicus	['e1815']
carya palmeri	['e2179']
brassica napus var. pabularia	['e1475']
pisum sativum var. arvense	['e1575']
mentha	['e3462']
callicarpa <eudicots>	['e2125']
syzygium aromaticum	['e1798']
diplectrum formosum	['e7316']
alosa aestivalis	['e6741']
brevoortia tyrannus	['e6880']
opisthonema oglinum	['e6882']
lottia gigantea	['e7091']
ophiodon elongatus	['e7319']
berberis	['e1833']
citrus x tangelo	['e1737']
pyrus communis	['e1589']
lutjanus sebae	['e7202']
chionoecetes bairdi	['e6975']
citrus tangerina	['e1509']
engraulis mordax	['e6808']
raphanus sativus var. sativus	['e1623']
bagre marinus	['e7577']
macruronus novaezelandiae	['e7343']
castanospermum australe	['e1712']
clidoderma asperrimum	['e7458']
phallus duplicatus	['e10078']
opisthonema libertate	['e7342']
pimenta racemosa	['e1811']
syzygium samarangense	['e1637']
pandanus amaryllifolius	['e1822']
lutjanus sanguineus	['e7974']
brassica oleracea var. sabellica	['e2303']
origanum majorana	['e3889']
erilepis zonifer	['e7456']
arripis trutta	['e6779']
citrus x limon	['e8812']
citrus sinensis	['e8813']
pimpinella anisum	['e1796']
asparagus racemosus	['e3277']
saccharomyces pastorianus	['e8003']
lutjanus johnii	['e7220']
paralithodes platypus	['e6978']
chondrus crispus	['e2351']
micropterus salmoides	['e8701']
carya ovalis	['e2177']
symplocarpus foetidus	['e3317']
centropomus undecimalis	['e7399']
pleurotus cystidiosus	['e9983']
lutjanus peru	['e7222']
lates niloticus	['e7348']
micropogonias undulatus	['e7321']
mentha spicata	['e4811']
vitis vinifera	['e9459']
mangifera indica	['e1554']
auricularia auricula-judae	['e3442']
erimacrus isenbeckii	['e565']
metacarcinus magister	['e6981']
cucurbita pepo var. ovifera	['e1610']
annona squamosa	['e1669']
annona reticulata	['e1221']
passiflora edulis f. edulis	['e2274']
parachanna obscura	['e7728']
vigna cylindrica	['e1784']
pyrus ussuriensis	['e1951']
mallotus villosus	['e6740']
oncorhynchus clarkii	['e8687']
ulva prolifera	['e8644']
seriolella brama	['e7415']
paralichthys californicus	['e7097']
genyonemus lineatus	['e7189']
menticirrhus undulatus	['e7042']
amelanchier alnifolia	['e1198']
eriobotrya japonica	['e7653']
prunus persica var. nucipersica	['e1598']
ziziphus jujuba	['e1662']
matteuccia struthiopteris	['e3401']
cyclopsetta chittendeni	['e7173']
ginkgo biloba	['e1436']
lepidium sativum	['e3294']
brassica rapa subsp. nipposinica	['e1652']
pinus	['e5916']
pinus pinea	['e786']
polyprion oxygeneios	['e6608']
chelidonichthys kumu	['e6620']
laminariaceae	['e1805']
persea americana	['e1611']
umbellularia californica	['e1807']
agaricus arvensis	['e10095']
lactarius <basidiomycete fungi>	['e10002']
brassica rapa var. perviridis	['e2089']
pleurotus djamor	['e10110']
coryphaena hippurus	['e467']
glyptocephalus cynoglossus	['e7098']
artocarpus heterophyllus	['e1482']
pseudocaranx dentex	['e7305']
morus <eudicots>	['e1684']
beta vulgaris subsp. vulgaris	['e1449']
chenopodium album	['e7820']
basella alba	['e3394']
lablab purpureus	['e7648']
boletus edulis	['e10000']
cantharellus	['e1545']
cantharellus cibarius	['e9978']
coregonus albula	['e8550']
rheum rhabarbarum	['e1467']
actinidia chinensis	['e1938']
actinidia deliciosa	['e1591']
theobroma cacao	['e1624']
citrullus lanatus	['e1681']
cucumis melo	['e1607']
cucumis melo var. cantalupo	['e1590']
cucumis sativus	['e1452']
prunus armeniaca	['e1497']
sorbus aucuparia	['e1249']
cucurbita	['e1555']
cucurbita maxima	['e3333']
cydonia oblonga	['e1731']
cucurbita moschata	['e1186']
cucurbita pepo subsp. pepo	['e3335']
lagenaria siceraria	['e1785']
luffa	['e1720']
micromesistius australis	['e7416']
armoracia rusticana	['e1705']
brassica	['e1418']
brassica juncea	['e1518']
brassica napus subsp. rapifera	['e1473']
citrus maxima	['e1216']
manilkara zapota	['e2040']
synsepalum dulcificum	['e1680']
fragaria x ananassa	['e1476']
malus domestica	['e897']
psidium cattleyanum	['e2015']
prunus	['e1499']
prunus dulcis	['e1540']
prunus domestica	['e1948']
triticum turgidum subsp. turanicum	['e3481']
citrus x paradisi	['e1569']
pyrus	['e1227']
fabaceae	['e8057']
canavalia ensiformis	['e1070']
cicer arietinum	['e6066']
cyamopsis tetragonoloba	['e2076']
abramis brama	['e7258']
lathyrus	['e1741']
lens culinaris	['e8055']
lupinus albus	['e1762']
phaseolus lunatus	['e4132']
phaseolus coccineus	['e1314']
salvia officinalis	['e3890']
flammulina velutipes	['e10018']
vicia	['e1083']
vicia faba	['e3684']
vigna mungo	['e7741']
vigna radiata var. radiata	['e3720']
vigna unguiculata subsp. unguiculata	['e1512']
agastache foeniculum	['e2309']
paullinia cupana	['e1323']
origanum vulgare	['e3888']
salvia rosmarinus	['e1813']
morchella esculenta	['e10108']
sebastes fasciatus	['e7224']
lutjanus gibbus	['e7196']
brachyplatystoma vaillantii	['e7326']
cinnamomum tamala	['e1809']
rhus	['e1739']
daucus carota	['e1445']
pastinaca sativa	['e1701']
apium graveolens	['e383']
coriandrum sativum	['e3448']
sarcomyxa serotina	['e10080']
lutjanus analis	['e7148']
lutjanus vivanus	['e7205']
lutjanus griseus	['e7146']
lutjanus buccanella	['e7198']
etelis oculatus	['e7147']
panax	['e1725']
panax ginseng	['e1871']
solanum lycopersicum	['e3827']
anethum graveolens	['e1799']
solanum melongena	['e1629']
solanum tuberosum	['e8894']
rumex acetosa	['e1658']
seriola dumerili	['e7993']
olea europaea	['e9888']
raphanus sativus var. niger	['e1675']
sambucus	['e1686']
sambucus nigra	['e873']
arctium lappa	['e1223']
artemisia vulgaris	['e1225']
prunus avium	['e1450']
phoenix dactylifera	['e3695']
arnica	['e1826']
mugil liza	['e7560']
atheresthes stomias	['e7381']
cornus	['e2330']
citrus x aurantium	['e1753']
arnica montana	['e1825']
schinus molle	['e1814']
trichilia emetica	['e2077']
parapercis colias	['e7254']
lotella rhacina	['e7195']
percophis brasiliensis	['e7333']
pseudophycis bachus	['e7255']
camellia sinensis	['e130']
panax quinquefolius	['e1868']
panax japonicus	['e1872']
coix lacryma-jobi	['e7588']
eleusine coracana	['e1703']
oryza sativa	['e1469']
tetragonia tetragonoides	['e3342']
panicum miliaceum	['e423']
pampus cinereus	['e6606']
lutjanus purpureus	['e7197']
secale cereale	['e1740']
lutjanus guttatus	['e7204']
triticum	['e8845']
triticum aestivum	['e1296']
solanum betaceum	['e1736']
acanthistius brasilianus	['e7171']
callicarpa acuminata	['e2126']
portulaca oleracea	['e1718']
morone chrysops	['e7325']
ensete ventricosum	['e1776']
allium ampeloprasum	['e1679']
allium tuberosum	['e1940']
asparagus officinalis	['e1483']
fungi	['e1544']
aluterus monoceros	['e7637']
coregonus pidschian	['e7397']
levisticum officinale	['e1266']
thunnus atlanticus	['e7235']
thunnus tonggol	['e587']
mugil cephalus	['e6879']
mugil curema	['e7354']
sphoeroides maculatus	['e7295']
rubus x loganobaccus	['e1500']
zoarces viviparus	['e6596']
crangon crangon	['e9868']
rhododendron tomentosum	['e2319']
annona cherimola	['e1627']
thyrsites atun	['e6781']
satureja	['e1830']
satureja hortensis	['e1831']
satureja montana	['e1832']
lentinus sajor-caju	['e10077']
taraxacum officinale	['e3328']
myristica fragrans	['e9344']
xanthosoma brasiliense	['e3389']
seriphus politus	['e7165']
morchella	['e9999']
tremella mesenterica	['e10083']
scorpaenichthys marmoratus	['e7253']
cuminum cyminum	['e1435']
ferula assa-foetida	['e1167']
musa balbisiana	['e1973']
pleurotus	['e9980']
pleurotus eryngii	['e10054']
agaricus bisporus	['e1488']
agaricus bitorquis	['e10075']
lentinula edodes	['e9981']
lentinus tigrinus	['e10086']
boletus	['e3515']
suillus luteus	['e10009']
chamaerops humilis	['e1301']
lactarius deliciosus	['e10029']
stevia rebaudiana	['e1824']
chaceon granulatus	['e7141']
macrolepiota procera	['e10107']
coprinus comatus	['e10081']
grifola frondosa	['e10053']
scolopax minor	['e5983']
calocybe gambosa	['e10087']
sambucus nigra subsp. caerulea	['e2269']
boletus pinophilus	['e10098']
hedysarum alpinum	['e1131']
trifolium pratense	['e7714']
rubus chamaemorus	['e1501']
juniperus communis	['e5784']
garcinia mangostana	['e1581']
triticum spelta	['e1309']
rubus spectabilis	['e1697']
panulirus longipes	['e6717']
carya ovata	['e2178']
castanea mollissima	['e2050']
macadamia integrifolia	['e1196']
aframomum melegueta	['e5426']
zeus faber	['e7370']
myzopsetta proboscidea	['e7167']
channa striata	['e7976']
tremella fuciformis	['e10071']
lepidium campestre	['e1773']
capparis spinosa	['e1513']
pectinidae	['e2902']
cymbopogon citratus	['e1177']
morchella tomentosa	['e2367']
aronia melanocarpa	['e2254']
paratrachichthys trailli	['e7291']
larrea tridentata	['e1823']
paralichthys dentatus	['e6902']
ictalurus furcatus	['e6597']
homarus gammarus	['e3639']
procambarus clarkii	['e6840']
panulirus japonicus	['e6718']
paralithodes camtschaticus	['e6977']
cancer irroratus	['e6976']
amanita caesarea	['e10097']
menippe mercenaria	['e493']
zanthoxylum armatum	['e1495']
nephrops norvegicus	['e621']
hydnum repandum	['e10105']
adansonia	['e2249']
lutjanus colorado	['e7225']
schilbe mystus	['e7725']
lota lota	['e7318']
mugil trichodon	['e7355']
malpighia glabra	['e580']
coprinopsis atramentaria	['e9996']
sebastes diploproa	['e8484']
sebastes entomelas	['e7207']
sebastes flavidus	['e7208']
sebastes goodei	['e7209']
sebastes levis	['e7210']
sebastes melanops	['e7211']
sebastes miniatus	['e7212']
sebastes mystinus	['e8415']
sebastes ovalis	['e7213']
sebastes paucispinis	['e7214']
sebastes pinniger	['e7215']
sebastes ruberrimus	['e7216']
sebastes rufus	['e7217']
sebastes serranoides	['e7218']
trinectes inscriptus	['e6784']
artemisia dracunculus	['e1816']
mobula hypostoma	['e7390']
zeus capensis	['e7292']
cilus gilberti	['e7401']
apis mellifera	['e10246']
rubus ursinus	['e2258']
cantharellus pallens	['e10100']
senecio vulgaris	['e1650']
hypsophrys nematopus	['e914']
citrus japonica	['e1694']
cetraria islandica	['e7150']
mustelus canis	['e7335']
amorphophallus konjac	['e3918']
lamna nasus	['e6602']
callorhinchus milii	['e7975']
macrobrachium rosenbergii	['e6845']
ictalurus punctatus	['e389']
salmonidae	['e1496']
oncorhynchus gorbuscha	['e6958']
salmo salar	['e6599']
capsicum chinense	['e2183']
salvelinus fontinalis	['e7569']
salvelinus namaycush	['e7568']
gadus morhua	['e6616']
gadus macrocephalus	['e6615']
portunus pelagicus	['e7134']
micromesistius poutassou	['e7417']
perca fluviatilis	['e7571']
pagrus pagrus	['e7320']
pomoxis nigromaculatus	['e7322']
anarhichas lupus	['e7408']
katsuwonus pelamis	['e763']
euthynnus affinis	['e6897']
euthynnus alletteratus	['e6896']
sarda sarda	['e6605']
thunnus thynnus	['e349']
thunnus maccoyii	['e6892']
thunnus obesus	['e6894']
myzopsetta ferruginea	['e6745']
pseudopleuronectes americanus	['e7375']
conger conger	['e7003']
gymnanthemum amygdalinum	['e1827']
laurus nobilis	['e1808']
citrus reticulata	['e1570']
citrus x clementina	['e1665']
galeorhinus galeus	['e6612']
artemisia ludoviciana	['e1834']
harengula thrissina	['e6884']
aves	['e99']
struthio camelus	['e7477']
peprilus paru	['e6778']
syzygium polyanthum	['e1810']
litsea glaucescens	['e1812']
microstomus pacificus	['e6757']
musa x paradisiaca	['e1789']
merluccius capensis	['e366']
merluccius hubbsi	['e7273']
juglans cinerea	['e4341']
hericium erinaceus	['e10104']
arachis hypogaea var. vulgaris	['e1707']
corchorus olitorius	['e3360']
apium graveolens secalinum group	['e1931']
craterellus cornucopioides	['e10101']
etrumeus micropus	['e6667']
hoplostethus atlanticus	['e7290']
sardinella longiceps	['e6821']
equus zebra	['e885']
hippopotamus amphibius	['e5899']
pleurotus citrinopileatus	['e10109']
pleurotus floridanus	['e10073']
matricaria chamomilla	['e2326']
scomberomorus maculatus	['e7289']
nematalosa vlaminghi	['e6771']
mammea africana	['e1282']
organism	['e845']
whole plant	['e19']
fonio plant	['e178']
japanese chestnut tree	['e1664']
red kingklip	['e7323']
jicama plant	['e1745']
kanda	['e7559']
sheepshead	['e7155']
surinam cherry plant	['e1287']
neem plant	['e1821']
cape gooseberry plant	['e2242']
longan tree	['e1685']
naked sole	['e6787']
pacific saury	['e7385']
california needlefish	['e7450']
silver carp	['e7371']
wahoo	['e7411']
soursop plant	['e1168']
frigate tuna	['e497']
atlantic seabob	['e7384']
common hazel plant	['e1455']
yuzu tree	['e1738']
escolar	['e6754']
atlantic mackerel	['e6767']
king mackerel	['e7621']
american cranberry plant	['e443']
babassu palm plant	['e9460']
common mallow plant	['e2320']
scalloped spiny lobster	['e6721']
painted spiny lobster	['e6719']
rambutan tree	['e1727']
greenthread plant	['e1128']
red grouper	['e7102']
golden kingklip	['e7329']
rooibos plant	['e6495']
wood apple plant	['e1756']
persian grouper	['e7161']
ling	['e7018']
australian ruff	['e6758']
brazilian pepper tree	['e6024']
african mudfish	['e7726']
cashew plant	['e1626']
english sole	['e7373']
green jack	['e7179']
bar jack	['e7632']
golden king crab	['e7136']
hanasaki crab	['e6730']
weakfish	['e6600']
african pompano	['e6890']
oheloberry plant	['e1136']
american butterfish	['e7459']
red hake	['e7346']
white hake	['e7341']
chayote plant	['e1663']
black sea bass	['e7162']
peruvian sea bass	['e7579']
chain pickerel	['e6394']
american dewberry plant	['e301']
alaska blueberry plant	['e2000']
black crowberry plant	['e1271']
sea buckthorn plant	['e1277']
indian mustard plant	['e1457']
breadnut plant	['e5303']
petrale sole	['e7377']
rex sole	['e7379']
pacific halibut	['e7266']
butter sole	['e7099']
rock sole	['e7378']
slender sole	['e7382']
starry flounder	['e7580']
sand sole	['e7380']
indian ocean flounder	['e7166']
hogchoker	['e6786']
red deepsea crab	['e7132']
mammea americana tree	['e1283']
tautog	['e7363']
crateva religiosa tree	['e1695']
holy basil plant	['e2322']
sand perch	['e7316']
blueback herring	['e6741']
atlantic menhaden	['e6880']
atlantic thread herring	['e6882']
owl limpet	['e7091']
lingcod	['e7319']
emperor snapper	['e7202']
southern tanner crab	['e6975']
squashberry plant	['e1726']
northern anchovy	['e6808']
gafftopsail catfish	['e7577']
hoki	['e7343']
roughscale flounder	['e7458']
deepbody thread herring	['e7342']
java apple plant	['e1637']
blood snapper	['e7974']
sweet marjoram plant	['e3889']
skilfish	['e7456']
kahawai	['e6779']
brewers yeast	['e8003']
john's snapper	['e7220']
blue king crab	['e6978']
irish moss	['e2351']
largemouth bass	['e8701']
common snook	['e7399']
pacific snapper	['e7222']
nile perch	['e7348']
atlantic croaker	['e7321']
spearmint plant	['e4811']
common grape plant	['e9459']
mango plant	['e1554']
kegani crab	['e565']
dungeness crab	['e6981']
sweetsop plant	['e1669']
custard apple tree	['e1221']
snakehead	['e7728']
chinese pear plant	['e1951']
capelin	['e6740']
cutthroat trout	['e8687']
dark green nori	['e8644']
blue warehou	['e7415']
california halibut	['e7097']
white croaker	['e7189']
california corbina	['e7042']
saskatoon plant	['e1198']
loquat plant	['e7653']
ostrich fern plant	['e3401']
mexican flounder	['e7173']
ginkgo tree	['e1436']
garden cress plant	['e3294']
stone pine tree	['e786']
groper	['e6608']
bluefin searobin	['e6620']
dolphinfish	['e467']
gray sole	['e7098']
jackfruit tree	['e1482']
white trevally	['e7305']
lamb's quarter plant	['e7820']
malabar nightshade plant	['e3394']
vendace	['e8550']
garden rhubarb plant	['e1467']
kiwifruit plant (a. chinensis)	['e1938']
watermelon plant	['e1681']
european rowan plant	['e1249']
common quince plant	['e1731']
butternut squash plant	['e1186']
southern blue whiting	['e7416']
sapodilla plant	['e2040']
garden strawberry plant	['e1476']
strawberry guava plant	['e2015']
jack-bean plant	['e1070']
garbanzo bean plant	['e6066']
guar plant	['e2076']
bream	['e7258']
ivy gourd plant	['e1195']
scarlet runner bean plant	['e1314']
kitchen sage plant	['e3890']
black gram bean plant	['e7741']
guarana plant	['e1323']
oregano plant	['e3888']
labrador redfish	['e7224']
humpback snapper	['e7196']
brazilian catfish	['e7326']
celery plant	['e383']
mutton snapper	['e7148']
silk snapper	['e7205']
gray snapper	['e7146']
blackfin snapper	['e7198']
queen snapper	['e7147']
chinese ginseng plant	['e1871']
dill plant	['e1799']
garden sorrel plant	['e1658']
greater amberjack	['e7993']
european elder plant	['e873']
greater burdock plant	['e1223']
mugwort plant	['e1225']
date plant	['e3695']
liza	['e7560']
arrowtooth flounder	['e7381']
peruvian peppertree	['e1814']
blue cod	['e7254']
rock cod	['e7195']
brazilian duckbill	['e7333']
red cod	['e7255']
tea plant	['e130']
american ginseng plant	['e1868']
japanese ginseng plant	['e1872']
job's tears plant	['e7588']
new zealand spinach plant	['e3342']
common millet plant	['e423']
white pomfret	['e6606']
caribbean red snapper	['e7197']
common rye plant	['e1740']
spotted rose snapper	['e7204']
argentine sea bass	['e7171']
white bass	['e7325']
red banana plant (ensete ventricosum)	['e1776']
unicorn filefish	['e7637']
humpback whitefish	['e7397']
lovage plant	['e1266']
blackfin tuna	['e7235']
longtail tuna	['e587']
flathead grey mullet	['e6879']
white mullet	['e7354']
northern puffer	['e7295']
eelpout	['e6596']
common shrimp	['e9868']
cherimoya tree	['e1627']
snake mackerel	['e6781']
nutmeg plant	['e9344']
tahitian spinach plant	['e3389']
queenfish	['e7165']
cabezon	['e7253']
asafoetida plant	['e1167']
stevia plant	['e1824']
pacific deep sea crab	['e7141']
woodcock	['e5983']
alpine sweetvetch plant	['e1131']
red clover plant	['e7714']
cloudberry plant	['e1501']
juniper plant	['e5784']
mangosteen tree	['e1581']
spelt plant	['e1309']
salmonberry plant	['e1697']
longlegged spiny lobster	['e6717']
chinese chestnut tree	['e2050']
horned melon plant	['e1667']
grains-of-paradise plant	['e5426']
european john dory	['e7370']
longhead dab	['e7167']
striped snakehead	['e7976']
field cress plant	['e1773']
roughy	['e7291']
summer flounder	['e6902']
blue catfish	['e6597']
european lobster	['e3639']
red swamp crayfish	['e6840']
japanese spiny lobster	['e6718']
red king crab	['e6977']
atlantic rock crab	['e6976']
black stone crab	['e493']
florida stone crab	['e493']
norway lobster	['e621']
colorado snapper	['e7225']
silver catfish	['e7725']
burbot	['e7318']
fantail mullet	['e7355']
acerola plant	['e580']
splitnose rockfish	['e8484']
widow rockfish	['e7207']
yellowtail rockfish	['e7208']
chilipepper (fish)	['e7209']
cowcod	['e7210']
black rockfish	['e7211']
vermilion rockfish	['e7212']
blue rockfish	['e8415']
speckled rockfish	['e7213']
bocaccio	['e7214']
canary rockfish	['e7215']
yelloweye rockfish	['e7216']
bank rockfish	['e7217']
olive rockfish	['e7218']
scrawled sole	['e6784']
devil ray	['e7390']
cape dory	['e7292']
chilean croaker	['e7401']
california blackberry plant	['e2258']
neet (fish)	['e914']
round kumquat plant	['e1694']
iceland moss	['e7150']
dusky smooth-hound	['e7335']
porbeagle	['e6602']
elephant fish	['e7975']
giant freshwater prawn	['e6845']
channel catfish	['e389']
pink salmon	['e6958']
habanero pepper plant	['e2183']
brook trout	['e7569']
lake trout	['e7568']
pacific cod	['e6615']
blue swimming crab	['e7134']
blue whiting	['e7417']
eurasian perch	['e7571']
red porgy	['e7320']
black crappie	['e7322']
atlantic wolffish	['e7408']
skipjack tuna	['e763']
kawakawa	['e6897']
spotted tunny	['e6896']
atlantic bonito	['e6605']
bluefin tuna	['e349']
southern bluefin tuna	['e6892']
bigeye tuna	['e6894']
yellowtail flounder	['e6745']
blackback flounder	['e7375']
conger eel	['e7003']
tope shark	['e6612']
flatiron herring	['e6884']
ostrich	['e7477']
harvestfish	['e6778']
dover sole	['e6757']
cape hake	['e366']
argentine hake	['e7273']
butternut tree	['e4341']
nalta jute plant	['e3360']
leaf celery plant	['e1931']
pacific round herring	['e6667']
orange roughy	['e7290']
oil sardine	['e6821']
zebra	['e885']
hippopotamus	['e5899']
atlantic spanish mackerel	['e7289']
western australian gizzard shad	['e6771']
mammea africana tree	['e1282']
rice-field rat	['e7522']
pineau de la loire	['e969']
pinot grigio grape	['e973']
sémillon grape	['e980']
shiraz	['e983']
aragonez	['e984']
cencibel	['e984']
tinta roriz	['e984']
tinta del pais	['e984']
ull de llebre	['e984']
primitivo	['e985']
frappato di vittoria	['e986']
gamay noir à jus blanc	['e987']
gewurztraminer	['e988']
gewürz	['e988']
bovale grande	['e989']
carignano	['e989']
carinyena	['e989']
cariñena	['e989']
mazuelo	['e989']
samsó	['e989']
garnacha	['e990']
blauer limberger	['e1130']
blaufränkisch grape	['e1130']
blue limberger	['e1130']
lemberger	['e1130']
mataró	['e1133']
monastrell	['e1133']
mourvèdre grape	['e1133']
sinaloa azufrad, sulphur, mayocoba, and peruano	['e3349']
canary bean plant	['e3349']
amomum subulatum	['e1160']
minneiska apple tree	['e1184']
gold gush zucchini	['e1204']
golden delight zucchini	['e1204']
goldfinger zucchini	['e1204']
robusta plant	['e1239']
pineapple sage	['e1248']
tangerine sage	['e1248']
colorado pinyon	['e1286']
pinus edulis	['e1286']
pinyon pine	['e1286']
two-needle piñon	['e1286']
eppaw	['e1291']
buckberry plant	['e1316']
highbush huckleberry plant	['e1316']
southern gooseberry plant	['e1316']
squaw huckleberry plant	['e1316']
tall deerberry plant	['e1316']
cavolo nero	['e2332']
lacinato	['e2332']
tuscan kale	['e2332']
black tuscan palm	['e2332']
black cabbage	['e2332']
dinosaur kale	['e2332']
flat back cabbage	['e2332']
palm tree kale	['e2332']
winter savory	['e3674']
shellout	['e1066']
curcurbita	['e1899']
simsim	['e755']
thunnini	['e811']
true tuna	['e811']
allium schoenoprasum	['e401']
wild chives	['e401']
mountain coffee	['e1240']
common beet	['e333']
batavian orange tree	['e4326']
mozambique orange tree	['e4326']
sweet orange tree	['e4326']
tight-skinned orange tree	['e4326']
west african sweet orange	['e4326']
faba bean plant	['e355']
fava bean plant	['e355']
horse bean plant	['e355']
horsebean plant	['e355']
snap bean plant	['e530']
string bean plant	['e530']
stringless bean plant	['e530']
butter bean plant	['e579']
madagascar bean plant	['e579']
brassica napus l.  emend. metzg var. napobrassica	['e1472']
brassica napobrassica var. solidflora	['e1472']
brassica napus var. napobrassica	['e1472']
neep	['e1472']
snagger	['e1472']
fuzzless peach	['e3609']
shaved peach	['e3609']
courgette	['e8213']
cucurbita pepo var. melopepo cv. zucchini	['e8213']
poppy	['e1288']
corylus	['e478']
corylus spp.	['e478']
portulaca spp.	['e7821']
tau kok	['e7966']
vigna unguiculata var. sesquipedalis	['e7966']
blue-green bacteria	['e3808']
cyanophycota	['e3808']
cyanophyta	['e3808']
linden	['e5091']
camelid	['e8782']
mollusca	['e610']
mollusk	['e610']
threadfine	['e6907']
chinese chive	['e1940']
garlic chive	['e1940']
pisum sativum l. subsp. sativum var. macrocarpon ser.	['e8712']
pisum sativum var. macrocarpon	['e8712']
snap pea plant	['e8712']
grape tomato plant	['e1761']
roma tomato plant	['e1761']
hopi maize	['e1400']
kuri	['e1664']
barbary fig	['e1253']
cholla	['e1253']
cholla cactus	['e1253']
nopal plant	['e1253']
opuntia spp.	['e1253']
prickly-pears	['e1253']
red cusk-eel	['e7323']
potato-bean	['e1745']
yam-bean	['e1745']
domesticated barley	['e1434']
hordeum distichum	['e1434']
hordeum vulgare l. convar. distichon	['e1434']
two-rowed barley	['e1434']
sheepshead seabream	['e7155']
brazil-cherry	['e1287']
surinam-cherry	['e1287']
brazil cherry plant	['e1287']
cayenne cherry plant	['e1287']
eugenia michelii	['e1287']
nagapiry	['e1287']
pitanga plant	['e1287']
ñangapirí	['e1287']
brassica oleracea l. var. sabauda l.	['e1692']
brassica oleracea var. sabauda l.	['e1692']
chinese star-anise	['e1521']
indian-lilac	['e1821']
margosa	['e1821']
neem	['e1821']
neem tree	['e1821']
cape-gooseberry	['e2242']
gooseberry-tomato	['e2242']
euphorbia longan	['e1685']
nephelium longanum	['e1685']
north american naked sole	['e6787']
zebra sole	['e6787']
californian needlefish	['e7450']
fireweed	['e3331']
junipers	['e1802']
guanabana	['e1168']
prickly custard apple	['e1168']
sea bob shrimp	['e7384']
pignut hickory	['e2175']
sweet pignut	['e2175']
corylus avellana l.	['e1455']
european hazelnut	['e1455']
black hickory	['e2180']
american cranberry	['e443']
large cranberry	['e443']
oxycoccus macrocarpos	['e443']
annual rape	['e1444']
canola	['e1444']
yard-long-bean	['e3352']
pie cherry	['e1550']
sour cherry plant	['e1550']
motacu	['e9460']
motacuchi	['e9460']
indian spiny lobster	['e6721']
south china sea lobster	['e6719']
painted rock lobster	['e6719']
spiny blue lobster	['e6719']
alectryon subcinereus	['e1727']
euphorbia nephelium	['e1727']
hairy lychee tree	['e1727']
rhambustan tree	['e1727']
thelesperma megapotamicum is a perennial species of flowering plant in the aster family known by the common name navajo tea greenthread and rayless greenthread.	['e1128']
rayless greenthread	['e1128']
pink cusk-eel	['e7329']
rooibos	['e6495']
indian wood-apple	['e1756']
elephant-apple	['e1756']
areolate grouper	['e7161']
common ling	['e7018']
australian herring	['e6758']
bull herring	['e6758']
ruff	['e6758']
sea herring	['e6758']
tommy rough	['e6758']
tommy ruff	['e6758']
western herring	['e6758']
walnuts	['e3771']
wu ye shu yu	['e3392']
brazilian peppertree	['e6024']
hingemouth	['e7726']
maranon	['e1626']
gray seatrout	['e6600']
gray weakfish	['e6600']
romaine lettuce	['e1014']
ʻōhelo ʻai	['e1136']
lingenberry	['e1558']
fairy-ring mushroom	['e10130']
atlantic butterfish	['e7459']
butterfish	['e7459']
dollar fish	['e7459']
pumpkin scad	['e7459']
sheephead	['e7459']
black seabass	['e7162']
southern rock bass	['e7579']
areca-nut	['e1625']
betel palm	['e1625']
catechu	['e1625']
pinang	['e1625']
petasites japonica	['e9938']
butterbur plant	['e9938']
fuki plant	['e9938']
american dewberry	['e301']
northern dewberry	['e301']
oval-leaf bilberry	['e2000']
oval-leaf blueberry	['e2000']
oval-leaf huckleberry	['e2000']
vaccinium alaskaense	['e2000']
crakeberry	['e1271']
curlew-berry	['e1271']
sea buckthorn	['e1277']
sea-buckthorn	['e1277']
southern rock sole	['e7378']
pacific sand sole	['e7380']
indian spiny turbot	['e7166']
indian ocean spiny halibut	['e7166']
mamey amarillo	['e1283']
mammee-apple	['e1283']
mammy apple tree	['e1283']
holy basil	['e2322']
hanover salad	['e1475']
siberian kale	['e1475']
mints	['e3462']
callicarpa	['e2125']
blueback shad	['e6741']
mossbunker	['e6880']
barberries	['e1833']
emperor red snapper	['e7202']
dancy tangerine	['e1509']
gafftopsail sea catfish	['e7577']
blue grenadier	['e7343']
australian chestnut	['e1712']
roughscale sole	['e7458']
pacific thread herring	['e7342']
west indian bay	['e1811']
bay rum tree	['e1811']
java-apple	['e1637']
makopa	['e1637']
pandan rampeh	['e1822']
pandan wangi	['e1822']
bloodred snapper	['e7974']
humphead snapper	['e7974']
flowering kale	['e2303']
australian salmon	['e6779']
citrus limon	['e8812']
apfelsine	['e8813']
naranja	['e8813']
lager yeast	['e8003']
carageen	['e2351']
carrageen	['e2351']
carragheen	['e2351']
florida bass	['e8701']
florida largemouth	['e8701']
green trout	['e8701']
oswego bass	['e8701']
potter's fish	['e8701']
bigmouth bass	['e8701']
black bass	['e8701']
bucketmouth	['e8701']
gilsdorf bass	['e8701']
green bass	['e8701']
large mouth bass	['e8701']
largemouth blackbass	['e8701']
largies	['e8701']
northern largemouth	['e8701']
southern largemouth	['e8701']
widemouth bass	['e8701']
pacific red snapper	['e7222']
common grape	['e9459']
common grape vine	['e9459']
european grape	['e9459']
wine grape	['e9459']
ear fungus	['e3442']
jelly ear	['e3442']
jew ear	['e3442']
judas' ear fungus	['e3442']
anona corazon	['e1221']
bullock's-heart	['e1221']
maman	['e1221']
catjang cowpea	['e1784']
sow-pea	['e1784']
qiu zi li	['e1951']
common warehou	['e7415']
california flounder	['e7097']
california kingcroaker	['e7042']
loquat	['e7653']
chinese jujube	['e1662']
zizyphus jujuba	['e1662']
chinese red date	['e1662']
common jujube	['e1662']
zao	['e1662']
sichuan-pepper	['e1494']
hua jiao	['e1494']
ginkgo	['e1436']
maidenhair tree	['e1436']
wang sheng cai	['e1652']
italian stone pine	['e786']
parasol pine	['e786']
pignolia-nut pine	['e786']
stone pine	['e786']
hapuka	['e6608']
sea bass	['e6608']
bluefin gurnard	['e6620']
red gurnard	['e6620']
california bay	['e1807']
california bay tree	['e1807']
lactarius	['e10002']
common dolphinfish	['e467']
dolphin fish	['e467']
dorado	['e467']
mahi	['e467']
mahi mahi fish	['e467']
greysole	['e7098']
witch	['e7098']
witch flounder	['e7098']
artocarpus heterophylla	['e1482']
jack tree	['e1482']
hard-tail jack	['e7305']
morus	['e1684']
mulberries	['e1684']
mulberry trees	['e1684']
field beet	['e1449']
garden beet	['e1449']
spinach chard	['e1449']
table beet	['e1449']
lamb's quarter	['e7820']
lamb's-quarters	['e7820']
lambsquarters	['e7820']
pigweed	['e7820']
white goosefoot	['e7820']
ceylon spinach	['e3394']
ceylon-spinach	['e3394']
buffalo spinach	['e3394']
climbing spinach	['e3394']
creeping spinach	['e3394']
indian spinach	['e3394']
malabar spinach	['e3394']
red vine spinach	['e3394']
vine spinach	['e3394']
chanterelle	['e9978']
rheum x rhabarbarum	['e1467']
garden rhubarb	['e1467']
zhong hua mi hou tao	['e1938']
cacao	['e1624']
wild melon	['e1681']
oriental melon	['e1607']
cucumis melo l. ssp. melo cantaloupe group	['e1590']
persian melo	['e1590']
netted muskmelon	['e1590']
nutmeg melon	['e1590']
cucumbers	['e1452']
apricot tree	['e1497']
european mountain ash	['e1249']
european mountain-ash	['e1249']
quickbeam	['e1249']
rowan	['e1249']
marrows	['e1555']
pumpkins	['e1555']
squashes	['e1555']
boston marrow	['e3333']
great pumpkin	['e3333']
wen po	['e1731']
canada pumpkin	['e1186']
ayote	['e1186']
butternut pumpkin	['e1186']
crookneck pumpkin	['e1186']
crookneck winter squash	['e1186']
cucurbita moschata var. butternut	['e1186']
cushaw squash	['e1186']
gramma	['e1186']
lacayote	['e1186']
field pumpkin	['e3335']
vegetable marrow	['e3335']
white-flowered gourd	['e1785']
indian mustard	['e1518']
brown mustard	['e1518']
citrus grandis	['e1216']
buntan	['e1216']
citrus decumana	['e1216']
pomelo	['e1216']
yu	['e1216']
achras sapota	['e2040']
chicle	['e2040']
chicle tree	['e2040']
chicozapote	['e2040']
chikoo	['e2040']
naseberry	['e2040']
nispero	['e2040']
nispero tree	['e2040']
sapodilla	['e2040']
sapota	['e2040']
sapote	['e2040']
apple tree	['e897']
cultivated apple	['e897']
psidium cattleianum	['e2015']
cherry guava	['e2015']
sweet almond	['e1540']
pears	['e1227']
asian pear tree	['e1618']
chinese pear tree	['e1618']
japanese pear tree	['e1618']
nashi pear tree	['e1618']
nashi tree	['e1618']
oriental pear tree	['e1618']
sand pear tree	['e1618']
sha li	['e1618']
pea family	['e8057']
cluster bean	['e2076']
guar	['e2076']
common bream	['e7258']
multiflora bean plant	['e1314']
phaseolus multifloris	['e1314']
runner bean plant	['e1314']
scarlet bean plant	['e1314']
black lentil	['e7741']
urad dal	['e7741']
golden gram	['e3720']
green gram	['e3720']
anise hyssop	['e2309']
anise-mint	['e2309']
blue giant hyssop	['e2309']
brazilian cocoa	['e1323']
guarana	['e1323']
uabano	['e1323']
common oregano	['e3888']
rosemary	['e1813']
acadian redfish	['e7224']
humpback red snapper	['e7196']
laulao catfish	['e7326']
piramutaba	['e7326']
queen anne's lace	['e1445']
carrots	['e1445']
cilantro	['e3448']
grey snapper	['e7146']
asiatic ginseng	['e1871']
chinese ginseng	['e1871']
hong shen	['e1871']
insam	['e1871']
jinso	['e1871']
ninjin	['e1871']
ren seng	['e1871']
sansam	['e1871']
potatoes	['e8894']
garden sorrel	['e1658']
sour dock	['e1658']
common olive	['e9888']
european elder	['e873']
sambucus spp.	['e873']
beggar's buttons	['e1223']
edible burdock	['e1223']
gobo burdock	['e1223']
great burdock	['e1223']
happy major	['e1223']
lappa	['e1223']
thorny burr	['e1223']
common wormwood	['e1225']
gean	['e1450']
mazzard	['e1450']
liza mullet	['e7560']
cape mahogany	['e2077']
mafura tree	['e2077']
new zealand blue cod	['e7254']
beardie	['e7195']
pacific rockfish	['e7195']
physiculus barbatus	['e7195']
red codling	['e7255']
chikusetu-ninjin	['e1872']
satsuma-ninjin	['e1872']
tochiba-ninjin	['e1872']
job's tears	['e7588']
asian cultivated rice	['e1469']
asian rice	['e1469']
red rice	['e1469']
broom millet	['e423']
common millet	['e423']
proso millet	['e423']
carribean red snapper	['e7197']
rose snapper	['e7204']
canadian hard winter wheat	['e1296']
common wheat	['e1296']
wheat	['e1296']
argentine seabass	['e7171']
levant garlic	['e1679']
unicorn leatherjacket	['e7637']
northern bluefin tuna	['e587']
formosan gray mullet	['e6879']
formosan grey mullet	['e6879']
flathead mullet	['e6879']
striped mullet	['e6879']
redeye mullet	['e7354']
silver mullet	['e7354']
rubus idaeus x rubus ursinus	['e1500']
rubus loganobaccus	['e1500']
viviparous blenny	['e6596']
crystal-tea	['e2319']
marsh-tea	['e2319']
wild rosemary	['e2319']
barracouta	['e6781']
snoek	['e6781']
summer savory	['e1831']
balbis banana	['e1973']
starchy banana	['e1973']
shimeji	['e10061']
agaricus bisporus var. albidus (nom. inval.)	['e1488']
european fan palm	['e1301']
american woodcock	['e5983']
alpine sweetvetch	['e1131']
peavine clover	['e7714']
purple clover	['e7714']
red clover	['e7714']
rotklee	['e7714']
common juniper	['e5784']
purple mangosteen tree	['e1581']
spelt	['e1309']
shagbark hickory	['e2178']
african horned cucumber plant	['e1667']
african horned melon plant	['e1667']
english tomato plant	['e1667']
cherie plant	['e1667']
hedged gourd plant	['e1667']
jelly melon plant	['e1667']
melano plant	['e1667']
atlantic john dory	['e7370']
john dory	['e7370']
doorkeeper's fish	['e7370']
banded snakehead	['e7976']
chevron snakehead	['e7976']
snakehead murrel	['e7976']
caperbush	['e1513']
scallops	['e2902']
pinkfinned roughy	['e7291']
sandpaper fish	['e7291']
kamchatka crab	['e6977']
winged prickly-ash	['e1495']
pargo colorado	['e7225']
pargo rojo	['e7225']
african butter catfish	['e7725']
butter catfish	['e7725']
barbados cherry	['e580']
huesito	['e580']
blusher	['e10001']
yellowtain rockfish	['e7208']
chilipepper	['e7209']
chilipepper fish	['e7209']
vermillion rockfish	['e7212']
french tarragon	['e1816']
atlantic devil ray	['e7390']
lesser devil ray	['e7390']
small devilfish	['e7390']
corvina	['e7401']
corvina drum	['e7401']
european honey bee	['e10246']
western honey bee	['e10246']
bee	['e10246']
honey bee	['e10246']
honeybee	['e10246']
old-man-in-the-spring	['e1650']
poor man's tropheus	['e914']
marumi kumquat	['e1694']
meiwa kumquat	['e1694']
smooth dogfish	['e7335']
australian ghost shark	['e7975']
elephant shark	['e7975']
ghost shark	['e7975']
makorepe	['e7975']
plownose chimaera	['e7975']
reperepe	['e7975']
salmonids	['e1496']
humpback salmon	['e6958']
river trout	['e9974']
bonnet pepper	['e2183']
rocotillo	['e2183']
cod fish	['e6615']
blue swimmer crab	['e7134']
sand crab	['e7134']
couch's whiting	['e7417']
poutassou	['e7417']
european perch	['e7571']
perch	['e7571']
redfin	['e7571']
common sea bream	['e7320']
common seabream	['e7320']
wolf-fish	['e7408']
bonito	['e763']
eastern little tuna	['e6897']
island bonito	['e6897']
island skipjack	['e6897']
little tunny	['e6896']
atlantic bluefin tuna	['e349']
blackback	['e7375']
winter flounder	['e7375']
european conger	['e7003']
sea eel	['e7003']
school shark	['e6612']
silver wormwood	['e1834']
pacific flatiron herring	['e6884']
birds	['e99']
african ostrich	['e7477']
american harvestfish	['e6778']
indonesian bayleaf	['e1810']
salam	['e1810']
shallow-water cape hake	['e366']
south african hake	['e366']
stock fish	['e366']
southwest atlantic hake	['e7273']
hericium erinaceum	['e10104']
bearded tooth	['e10104']
nalta jute	['e3360']
jute	['e3360']
chinese celery	['e1931']
leaf celery	['e1931']
indian oil sardine	['e6821']
mountain zebra	['e885']
spanish mackerel	['e7289']
seer	['e7289']
african mammee-apple tree	['e1282']
african mammyapple tree	['e1282']
planta entera (spanish, exact)	['e19']
植物体全体 (japanese, exact)	['e19']
ass	['e882']
burro	['e882']
equus asinus	['e882']
alpine cranberry	['e582']
agar-agar	['e3868']
caranx spp.	['e7455']
brassica pekinensis	['e1671']
brassica rapa var. pekinensis	['e1671']
celery cabbage	['e1671']
heading chinese cabbage	['e1671']
napa	['e1671']
napa cabbage	['e1671']
pe-tsai cabbage	['e1671']
shantung cabbage	['e1671']
black bean (phaseolus)	['e8737']
gaylussacia spp.	['e549']
vaccinium spp.	['e549']
citrus aurantiifolia	['e1670']
citrus medica var. acida	['e1670']
indian lime	['e1670']
key lime	['e1670']
sour lime	['e1670']
sultana	['e5602']
brassica oleracea var. botrytis	['e381']
american red raspberry	['e6292']
rubus idaeus	['e6292']
western red raspberry	['e6292']
blackeyed bean	['e345']
goat pea	['e345']
vigna unguiculata unguiculata	['e345']
italian tomato	['e7540']
lycopersicon lycopersicum var. pyriforme	['e7540']
rubus spp.	['e1217']
clupeidae	['e544']
merluccius productus	['e7347']
pacific hake	['e7347']
squatina spp.	['e7336']
armoracia lapathifolia	['e546']
scad	['e6676']
trachurus trachurus	['e6676']
beta vulgaris var. cicla	['e6003']
leaf beet	['e6003']
mangold	['e6003']
silver beet	['e6003']
spinach beet	['e6003']
mutton (meat)	['e758']
ovis spp.	['e758']
phaseolus vulgaris	['e1066']
dogfish shark	['e7464']
spurdog	['e7464']
squalus spp.	['e7464']
thyme, common	['e3892']
thyme, white	['e3892']
thymus spp	['e3892']
thymus vulgaris	['e3892']
vigna sinensis	['e441']
vigna unguiculata	['e441']
aplodinotus spp.	['e7043']
river drum	['e7043']
thunderpumper	['e7043']
insecta	['e166']
sesamum indicum	['e755']
sesamum orientale	['e755']
maize	['e134']
zea mays	['e134']
caridea	['e761']
crangonidae	['e761']
palaemondidae	['e761']
penaeidae	['e761']
prawn	['e761']
brassica rapa var. rapifera	['e815']
opisthonema spp.	['e7340']
anser spp.	['e255']
branta spp.	['e255']
chen spp.	['e255']
trifolium spp.	['e5466']
caryophyllus	['e411']
eugenia aromatica	['e411']
busycon	['e6684']
strombus spp.	['e6684']
mentha spp.	['e868']
bambusa spp.	['e324']
cucumis spp.	['e602']
cobra	['e767']
ophidia	['e767']
serpentes	['e767']
serpents	['e767']
prunus spp.	['e3691']
beta vulgaris	['e333']
raphanus sativus	['e717']
cardiidae	['e412']
early june pea	['e1795']
pea, smooth skin cultivars	['e1795']
acacia spp.	['e1838']
wattle	['e1838']
raja spp.	['e6955']
ray	['e6955']
rye-wheat hybrid	['e947']
x triticosecale	['e947']
rheum spp.	['e7705']
ceratonia siliqua	['e854']
locust bean	['e854']
crustacea	['e447']
angelica archangelica	['e303']
angelica spp	['e303']
golden corn	['e1790']
sweet corn	['e1790']
zea mays var. rugosa	['e1790']
odontophorinae	['e7479']
perdicinae	['e7479']
perdrix	['e7479']
borekale	['e420']
brassica oleracea var. viridis	['e420']
cow cabbage	['e420']
fodder kale	['e420']
gaultheria procumbens	['e6881']
wintergreen spice	['e6881']
rubus hybr.	['e1579']
rubus ursinus cv. young	['e1579']
lactuca sativa	['e578']
brevoortia spp.	['e6649']
ethmidium spp.	['e6649']
phaseolus limensis	['e579']
abalones nei	['e292']
haliotis spp.	['e292']
gadus spp.	['e415']
scombridae	['e7998']
taraxacum	['e871']
citrus deliciosa	['e594']
citrus nobilus	['e594']
citrus unshia	['e594']
fremont	['e594']
loose-skinned orange	['e594']
tangerine tree	['e594']
argentina spp.	['e7392']
silver smelts	['e7392']
brassica oleracea l. convar. botrytis var. italica	['e356']
brassica oleracea var. italica	['e356']
anthriscus cerefolium	['e3680']
diospyros spp.	['e920']
cassia	['e405']
cinnamomum	['e405']
cinnamomum verum	['e405']
cinnamomum zeylanicum	['e405']
citrus tangelo	['e5450']
nasturtium officinale	['e1241']
rorippa nasturtium-aquaticum	['e1241']
sassafras albidum	['e916']
morus spp.	['e1298']
homarus spp.	['e585']
panulirus spp.	['e585']
common snapper	['e768']
lutjanus spp.	['e768']
daikon plant	['e8645']
raphanus sativus longipinnatus	['e8645']
papaver	['e1288']
poppies	['e1288']
hazel	['e478']
sphyraena spp.	['e6755']
beech nut tree	['e1638']
fagus spp.	['e1638']
carum carvi	['e8113']
cumin des pres	['e8113']
kummel	['e8113']
pea bean plant	['e619']
large lima bean	['e4143']
lima bean, large	['e4143']
clupea harengus pallasi	['e6664']
clupea pallasi	['e6664']
clupea pallasii	['e6664']
amphibia	['e2063']
reptilia	['e2064']
dasypodidae	['e5906']
colocasia esculenta	['e804']
old cocoyam	['e804']
capsicum annuum, longum group	['e548']
capsicum chile pepper	['e548']
long pepper	['e548']
red pepper (chile pepper)	['e548']
sepiidae	['e452']
burdock root	['e7883']
bullace	['e5580']
prunus domestica insititia	['e5580']
prunus insititia	['e5580']
prunus insititia var. italica	['e7489']
ricinus communis	['e856']
cucurbitaceae	['e521']
dolichos sesquipedalis	['e7966']
vigna sesquipedalis	['e7966']
dolichos lablab	['e192']
lablab	['e192']
lubia bean	['e192']
japanese kelp	['e8953']
sea mustard	['e8953']
undaria pinnatifida	['e8953']
citrus clementina	['e4526']
citrus reticulata cv. clementine	['e4526']
carangidae	['e559']
paralonchurus spp.	['e6726']
haemulon spp.	['e3997']
tomtate	['e3997']
ophidiidae	['e7152']
macrozoarces americanus	['e7311']
engraulidae	['e302']
sole, european	['e7372']
solea vulgaris	['e7372']
atherinidae	['e7334']
belonidae	['e881']
dogfish sharks	['e466']
spiny dogfishes	['e466']
squalidae	['e466']
lamnidae	['e6601']
porbeagles	['e6601']
barbs	['e371']
cyprinidae	['e371']
minnow family	['e371']
minnow	['e8045']
phoxinus spp.	['e8045']
cirrhitidae	['e7332']
bramidae	['e698']
castagnole	['e698']
acanthocardia aculeata	['e7403']
cardium aculeata	['e7403']
cardium echinatum	['e7403']
latridae	['e6621']
latrididae	['e6621']
scyllaridae	['e3640']
slipper lobsters	['e3640']
small white bean	['e422']
agave americana	['e3669']
agave atrovirens	['e3669']
american aloe	['e3669']
maguey	['e3669']
ictalurus spp.	['e7510']
cyphomandra betacea	['e5198']
black corinth grape	['e4614']
garden lemon	['e6327']
melon apple	['e6327']
orange melon	['e6327']
vegetable orange	['e6327']
vine peach	['e6327']
glycyrrhiza glabra	['e7807']
ephedra nevadensis	['e620']
gray ephedra	['e620']
mormon tea	['e620']
nevada ephedra	['e620']
grapple plant	['e5021']
harpagophytum procumbens	['e5021']
tilia spp.	['e5091']
european mistletoe	['e5813']
viscum album	['e5813']
erythroxylum coca	['e6529']
altamisa	['e5065']
chrysanthemum parthenium	['e5065']
agrimonia eupatoria	['e6543']
agrimony	['e6543']
cassia spp.	['e5189']
senna spp.	['e5189']
chenopodium ambrosioides	['e6550']
dysphania ambrosoides	['e6550']
epazote	['e6550']
wormseed	['e6550']
cucurbita pepo var. pepo	['e8854']
brassica spp.	['e617']
sinapis spp.	['e617']
tare	['e1079']
brassica oleracea convar. capitata var. capitata	['e1157']
brassica oleracea var. capitata	['e1157']
hibiscus spp.	['e959']
equus asinus x equus caballus	['e5880']
camelus spp.	['e8782']
echinodermata	['e1405']
cephalopoda	['e385']
balanus spp.	['e7328']
goose barnacles	['e7328']
lepadidae	['e7328']
lepas spp.	['e7328']
balistes app.	['e7866']
monacanthidae	['e7639']
lippia micromera	['e4910']
thyme, spanish	['e4910']
perilla frutescens crispa	['e5746']
oligoplites spp.	['e7638']
lutjanus inermis	['e7259']
amazon catfish	['e7331']
brachyplatystoma flavicans	['e7331']
momordica balsamina	['e7927']
diodon spp.	['e7015']
fugu	['e7015']
semotilus spp.	['e6738']
metanephrops nei	['e456']
metanephrops spp.	['e456']
triglidae	['e6622']
eutrema wasabi	['e5442']
japanese horseradish	['e5442']
wasabia japonica	['e5442']
cactaceae	['e855']
polynemidae	['e6907']
astroscopus guttatus	['e7457']
labridae	['e7006']
cellana denticulata	['e880']
fissurellidae	['e880']
lapa	['e880']
patella caerulea	['e880']
patella vulgata	['e880']
true limpets	['e880']
lacertilia	['e7800']
squamata	['e7800']
californian sardine	['e6816']
sardinops caeruleus	['e6816']
acanthuridae	['e7631']
betle pepper	['e4211']
citrus aurantium subsp. nastridaidai	['e5995']
citrus natsudaidai	['e5995']
golden oriental grapefruit	['e5995']
summer orange	['e5995']
summer tangerine	['e5995']
nonodonta turbinata	['e7079']
turban snail	['e7079']
turbinidae	['e7079']
turbo	['e7079']
turbo cornutus	['e7079']
makaira nigricans	['e7049']
pacific blue marlin	['e7049']
phleum pratense	['e7838']
alta fescue	['e7839']
festuca arundinacea	['e7839']
festuca elatior	['e7839']
meadow fescue	['e7839']
tall fescue	['e7839']
amorphophallus rivieri	['e459']
hydrosme rivieri	['e459']
leopard palm	['e459']
fissurella maxima	['e7092']
agropyron spicatum	['e7873']
bluebunch wheatgrass	['e7873']
alligator spp.	['e998']
alligatoridae	['e998']
caymans	['e998']
lathyrus aphaca	['e8158']
poaceae	['e64']
pepper, guajillo	['e1045']
bird cherry pepper	['e8002']
capsicum annuum, cerasiforme group	['e8002']
creole cherry pepper	['e8002']
hot cherry pepper	['e8002']
hungarian cherry pepper	['e8002']
pepper, hot cherry	['e8002']
northern flounder	['e8391']
pleuronectes spp.	['e8391']
green cauliflower	['e8685']
laminaria japonica	['e569']
laminaria longissima	['e569']
naga-kombu	['e569']
hijikia fusiformis	['e8309']
sargassum fusiforme	['e8309']
seriola spp.	['e8273']
coregonus reighardi	['e8549']
iguana spp.	['e8554']
hylocereus triangularis	['e2114']
hylocereus undatus	['e2114']
pitahaya	['e2114']
red pitaya	['e2114']
euphausiidae	['e570']
feed plant	['e3734']
fodder	['e3734']
fodder plant	['e3734']
forage	['e3734']
bur cucumber	['e9393']
bur gherkin	['e9393']
cucumis anguria	['e9393']
capsicum annuum var. annuum	['e3373']
pachyrhizus spp.	['e188']
empetrum spp.	['e1260']
eames' purple crowberry	['e1275']
empetrum eamesii	['e1275']
rockberry	['e1275']
empetrum rubrum	['e1274']
bovinae	['e127']
rio grande blue	['e1400']
tarahumara maiz azul	['e1400']
yoeme blue	['e1400']
zea mays indurata (not acc.)	['e1400']
zea mays ssp. mays	['e1400']
morella	['e1620']
white fonio	['e178']
kingklip, red	['e7323']
mugil kandavensis	['e7559']
valamugil engeli	['e7559']
rowal	['e2036']
hylocereus megalanthus	['e2115']
groundcherry, peruvian	['e2242']
poha	['e2242']
mackerel pike	['e7385']
saury, pacific	['e7385']
skipper (pacific saury)	['e7385']
needlefish, california	['e7450']
amur carp	['e7371']
carp, silver	['e7371']
bitter-berry	['e2013']
virginia bird cherry	['e2013']
virginia chokeberry	['e2013']
annona	['e1168']
tuna, frigate	['e497']
seabob	['e7384']
carya spp.	['e1261']
curcuma domestica	['e1758']
mackerel, atlantic	['e6767']
acid cherry	['e1550']
tart cherry	['e1550']
babacu	['e9460']
orbignya barbosiana	['e9460']
orbignya speciosa	['e9460']
panulirus burgeri	['e6721']
trasnkei spiny lobster	['e6721']
painted crayfish	['e6719']
kingklip, golden	['e7329']
juglans spp.	['e3771']
christmas berry tree	['e6024']
schinus terebinthifolius	['e6024']
cashew apple	['e1626']
sole, english	['e7373']
jack, green	['e7179']
jurel (green jack)	['e7179']
jurel bonito	['e7179']
caranx ruber	['e7632']
carrang	['e7632']
lithodes aequispina	['e7136']
brown king crab	['e6730']
acaupa	['e6600']
cynoscion  regalis	['e6600']
cynoscion acoupa	['e6600']
threadfish	['e6890']
hake, white	['e7341']
choko	['e1663']
mirliton squash plant	['e1663']
sechium edule	['e1663']
blackfish	['e7162']
sea bass, black	['e7162']
sea bass, peruvian	['e7579']
eastern pickerel	['e6394']
esox reticulatus	['e6394']
maya nut	['e5303']
sole, petrale	['e7377']
halibut, pacific	['e7266']
pleuronectes isolepis	['e7099']
sole, butter	['e7099']
sole, rock	['e7378']
sole, slender	['e7382']
flounder, starry	['e7580']
fringe sole	['e7380']
sole, sand	['e7380']
flounder, indian ocean	['e7166']
indian halibut	['e7166']
geryon quinquedens	['e7132']
brush-leaf-tea	['e2322']
ocimum sanctum	['e2322']
herring, blueback	['e6741']
pomolobus aestivalis	['e6741']
menhaden, atlantic	['e6880']
thread herring, atlantic	['e6882']
giant owl limpet	['e7091']
limpet, giant owl	['e7091']
tanner crab	['e6975']
anchovy, northern	['e6808']
californian anchoveta	['e6808']
north pacific anchovy	['e6808']
opisthonema oblieri	['e7342']
eugenia javanica	['e1637']
scarlet snapper	['e7974']
marjoram, sweet	['e3889']
brewer's yeast	['e8003']
saccharomyces carlsbergensis	['e8003']
blackspot snapper	['e7220']
plainscaled snapper	['e7220']
thailand snapper	['e7220']
lake victoria perch	['e7348']
croaker, atlantic	['e7321']
mentha viridis	['e4811']
indian mango	['e1554']
hair crab	['e565']
cancer magister	['e6981']
bullock's heart	['e1221']
corazon	['e1221']
jamaica apple	['e1221']
ophicephalus obscurus	['e7728']
snake-head	['e7728']
oncorhynchus clarki	['e8687']
salmo clarki	['e8687']
enteromorpha prolifera	['e8644']
travelle	['e7415']
halibut, california	['e7097']
croaker, white	['e7189']
japanese medlar	['e7653']
japanese plum (eriobotrya)	['e7653']
jujube nut	['e1662']
rhamnus ziziphus	['e1662']
ziziphus lotus	['e1662']
ziziphus vulgaris	['e1662']
ziziphus ziziphus	['e1662']
zizyphus sativa	['e1662']
peppergrass	['e3294']
pignolia	['e786']
pino nut	['e786']
pinon	['e786']
pinon nut	['e786']
umbrella pine	['e786']
sole, gray	['e7098']
artocarpus integrifolius	['e1482']
fat-hen	['e7820']
goosefoot, white	['e7820']
melde	['e7820']
actinidia sinensis	['e1938']
strawberry peach	['e1938']
citrullus vulgaris	['e1681']
colocynthis citrullus	['e1681']
cucurbita citrullus	['e1681']
datiro	['e1681']
edible seed melon	['e1681']
equisi	['e1681']
kaffir melon	['e1681']
momordica lanata	['e1681']
whiting, southern blue	['e7416']
cultivated strawberry	['e1476']
giant stock-bean	['e1070']
gotani bean	['e1070']
seaside-bean	['e1070']
sword bean	['e1070']
wonder bean	['e1070']
bengal gram bean	['e6066']
chick bean	['e6066']
indian gram bean	['e6066']
cyamposis psoralioides	['e2076']
phaseolus mungo	['e7741']
european oregano	['e3888']
marjoram, wild	['e3888']
oregano, common	['e3888']
oregano, european	['e3888']
origanum	['e3888']
wild marjoram	['e3888']
redfish, labrador	['e7224']
snapper, humpback	['e7196']
brachyplatystoma vaillanti	['e7326']
snapper, mutton	['e7148']
snapper, silk	['e7205']
snapper, blackfin	['e7198']
bleareyed snapper	['e7147']
cachucho	['e7147']
night snapper	['e7147']
asian ginseng	['e1871']
manchurian ginseng	['e1871']
oriental ginseng	['e1871']
lycopersicon esculentum	['e3827']
common sorrel	['e1658']
spinach dock	['e1658']
amberjack, greater	['e7993']
lebranche mullet	['e7560']
mugil brasiliensis	['e7560']
australian cod	['e7254']
new zealand cod	['e7254']
physiculus bachus	['e7255']
camellia thea	['e130']
thea sinensis	['e130']
new zealand spinach	['e3342']
tetragonia expansa	['e3342']
stromateus cinereus	['e6606']
rye, common	['e1740']
snapper, spotted rose	['e7204']
sea bass, argentine	['e7171']
bass, white	['e7325']
andora	['e7637']
arctic whitefish	['e7397']
garden lovage	['e1266']
neothunnus rarus	['e587']
blueback mullet	['e7354']
mullet, white	['e7354']
sea squab	['e7295']
brown shrimp	['e9868']
crangon vulgaris	['e9868']
tahitian taro	['e3389']
corvineta reina	['e7165']
devil's dung	['e1167']
ferula foetida	['e1167']
geryon granulatus	['e7141']
japanese deep sea crab	['e7141']
philohela minor	['e5983']
baked apple berry	['e1501']
malka	['e1501']
yellowberry	['e1501']
german wheat	['e1309']
triticum aestivum subsp. spelta	['e1309']
triticum aestivum, spelta group	['e1309']
chinese hairy chestnut	['e2050']
amomum granum-paradisii	['e5426']
amomum melegueta	['e5426']
galilee fish	['e7370']
st. peter's fish	['e7370']
zeus japonicus	['e7370']
dab, longhead	['e7167']
limanda proboscidea	['e7167']
channa	['e7976']
ophicephalus striatus	['e7976']
cream-anther field pepperwort	['e1773']
field peppergrass plant	['e1773']
field pepperweed plant	['e1773']
field pepperwort plant	['e1773']
hoplostethus	['e7291']
paratrachichthys	['e7291']
flounder, summer	['e6902']
catfish, blue	['e6597']
astacus europaeus	['e3639']
astacus marinus	['e3639']
cancer gammarus	['e3639']
homarus marinus	['e3639']
homarus vulgaris	['e3639']
crawfish, red swamp	['e6840']
louisiana crawfish	['e6840']
louisiana crayfish	['e6840']
alaska deepsea crab	['e6977']
japanese crab	['e6977']
king crab	['e6977']
menippe	['e493']
stone crab	['e493']
langoustine	['e621']
snapper, colorado	['e7225']
lota maculosa	['e7318']
mullet, fantail	['e7355']
malpighia marginata	['e580']
west indian cherry	['e580']
rockfish, widow	['e7207']
rockfish, yellowtail	['e7208']
rockfish, black	['e7211']
rockfish, vermilion	['e7212']
rockfish, speckled	['e7213']
rockfish, canary	['e7215']
rockfish, yelloweye	['e7216']
rockfish, bank	['e7217']
rockfish, olive	['e7218']
chilean grunt	['e7401']
pacific blackberry	['e2258']
pacific dewberry	['e2258']
neetroplus nematopus	['e914']
fortunella japonica	['e1694']
iceland lichen	['e7150']
gummy shark	['e7335']
smooth hound	['e7335']
lamna cornubica	['e6602']
callorhynchus millii	['e7975']
silver trumpeter	['e7975']
giant freshwater shrimp	['e6845']
catfish, channel	['e389']
salmon, pink	['e6958']
pepper, habanero	['e2183']
speckled trout	['e7569']
cristivomer namaycush	['e7568']
cod, atlantic	['e6616']
cod, pacific	['e6615']
bluey	['e7134']
river perch	['e7571']
pagrus sedicem	['e7320']
crappie, black	['e7322']
wolffish, atlantic	['e7408']
euthynnus pelamis	['e763']
thynnus pelamis	['e763']
euthynnus yaito	['e6897']
bonito, atlantic	['e6605']
pelamys sardis	['e6605']
scomber mediterraneus	['e6605']
scomber palamitus	['e6605']
ahi	['e6894']
parathunnus mebachi	['e6894']
flounder, yellowtail	['e6745']
limanda ferruginea	['e6745']
pleuronectes americanus	['e7375']
grey shark	['e6612']
greyboy	['e6612']
avian	['e99']
common ostrich	['e7477']
northern harvestfish	['e6778']
peprilus alepidotus	['e6778']
sole, dover	['e6757']
musa paradisiaca	['e1789']
shallow-water hake	['e366']
noix juglans cinerea	['e4341']
jew's mallow	['e3360']
jute mallow	['e3360']
jute, nalta	['e3360']
molokhia	['e3360']
tossa jute	['e3360']
apium graveolens var. secalinum	['e1931']
herring, round	['e6667']
deep sea perch	['e7290']
tamban	['e6821']
common hippopotamus	['e5899']
bony bream	['e6771']
fluvialosa vlaminghi	['e6771']
perth herring	['e6771']
western australia river gizzard shad	['e6771']
akage washu	['e950']
akaushi	['e950']
japanese black	['e950']
japanese brown	['e950']
japanese polled	['e950']
japanese shorthorn	['e950']
kuroge washu	['e950']
mukaku washu	['e950']
nihon tankaku washu	['e950']
日本短角和種	['e950']
無角和種	['e950']
赤毛和種	['e950']
黒毛和種	['e950']
equus asinus linnaeus, 1758	['e882']
brassica rapa l. subsp. pekinensis (lour.) hanelt	['e1671']
brassica rapa subsp. pekinensis (lour.) hanelt	['e1671']
citrus sinensis (l.) osbeck	['e1630']
citrus ×sinensis (l.) osbeck (pro sp.)	['e1630']
phaseolus vulgaris l.	['e8473']
phaseolus vulgaris var. vulgaris	['e8473']
bush bean plant	['e8473']
pole bean plant	['e8473']
citrus aurantiifolia (christm. & panz.) swingle	['e1670']
citrus aurantiifolia (christm.) swingle	['e1670']
citrus ×aurantiifolia (christm.) swingle (pro sp.)	['e1670']
vitis vinifera l.	['e5602']
prunus avium (l.) l.	['e8528']
brassica oleracea l. var. botrytis l.	['e381']
brassica oleracea var. botrytis l.	['e381']
rubus idaeus l. ssp. idaeus	['e6292']
rubus idaeus l. ssp. strigosus (michx.) focke	['e6292']
rubus idaeus ssp. idaeus l.	['e6292']
rubus idaeus ssp. strigosus (michx.) focke	['e6292']
rubus idaeus var. idaeus l.	['e6292']
vigna unguiculata (l.) walp.	['e345']
vigna unguiculata (l.) walp. subsp. unguiculata	['e345']
cucumis melo l. subsp. melo var. inodorus h. jacq.	['e2002']
squatina duméril, 1806	['e7336']
armoracia rusticana gaertn., mey. & scherb.	['e546']
trachurus trachurus (linnaeus, 1758)	['e6676']
beta vulgaris l. ssp. cicla (l.) w.d.j. koch	['e6003']
beta vulgaris l. subsp. vulgaris	['e6003']
beta vulgaris l. var. cicla l.	['e6003']
beta vulgaris ssp. cicla (l.) koch	['e6003']
phaseolus lunatus l.	['e4138']
cucurbita pepo	['e1899']
thymus	['e3892']
thymus l.	['e3892']
thymus spp.	['e3892']
thymus vulgaris l.	['e3892']
vigna unguiculata (l.) walp. ssp. unguiculata	['e441']
sesamum indicum l.	['e755']
sesamum orientale l.	['e755']
zea mays l.	['e134']
brassica rapa l. ssp. rapa	['e815']
syzygium aromaticum (l.) merr. & l.m. perry	['e411']
mentha l.	['e868']
lens culinaris medik.	['e577']
bambusa  schreb.	['e324']
allium schoenoprasum l.	['e401']
serpentes linnaeus, 1758	['e767']
coffea arabica l.	['e1240']
beta vulgaris l.	['e333']
raphanus sativus l. var. acanthiformis makino	['e717']
theobroma cacao l.	['e195']
x triticosecale wittm.	['e947']
x triticosecale rimpaui wittm.	['e947']
x triticosecale sp.	['e947']
×triticosecale rimpaui wittm.	['e947']
vicia faba l.	['e355']
vicia faba l. (varieties for human consumption)	['e355']
brassica oleracea l. var. gongylodes l.	['e1174']
brassica oleracea var. gongylodes l.	['e1174']
angelica l.	['e303']
angelica archangelica l.	['e303']
angelica spp.	['e303']
brassica oleracea l. var. viridis l.	['e420']
lactuca sativa l.	['e578']
ethmidium thompson, 1916	['e6649']
phaseolus lunatus l. var. lunatus	['e579']
taraxacum officinale f.h. wigg.	['e871']
taraxacum officinale f.h. wigg. ssp. ceratophorum (ledeb.) schinz ex thell.	['e871']
taraxacum officinale f.h. wigg. ssp. officinale	['e871']
taraxacum officinale g.h. weber ex wiggers	['e871']
taraxacum officinale weber ex f.h.wigg., s.l.	['e871']
taraxacum officinale aggregate	['e871']
taraxacum officinale ssp. officinale g.h. weber ex wiggers	['e871']
taraxacum officinale ssp. vulgare (lam.) schinz & r. keller	['e871']
citrus reticulata blanco	['e594']
persica vulgaris var. nectarina (aiton) holub	['e3609']
prunus persica (l.) batsch var. nucipersica (suckow) c.k. schneid.	['e3609']
prunus persica (l.) batsch var. nucipersica (suckow) c.k.schneid.	['e3609']
brassica oleracea l. var. italica plenck	['e356']
anthriscus cerefolium (l.) hoffm.	['e3680']
illicium verum j.d. hook	['e1265']
cinnamomum schaeff.	['e405']
cinnamomum spp.	['e405']
cinnamomum verum j. presl	['e405']
cinnamomum verum j.presl	['e405']
citrus x tangelo j. ingram & h. moore	['e5450']
citrus x tangelo j. w. ingram & h. e. moore	['e5450']
citrus x tangelo j.w.ingram & h.e.moore	['e5450']
citrus ×tangelo j.w. ingram & h.e. moore	['e5450']
pastinaca sativa l.	['e646']
nasturtium officinale r.br.	['e1241']
nasturtium officinale w. t. aiton	['e1241']
nasturtium officinale w.t. aiton	['e1241']
rorippa nasturtium-aquaticum (l.) hayek	['e1241']
lutjanus bloch, 1790	['e768']
lutjanus lutjanus bloch, 1790	['e768']
corylus l.	['e478']
carum carvi l.	['e8113']
clupea pallasi valenciennes, 1847	['e6664']
clupea pallasii valenciennes 1847	['e6664']
clupea pallasii valenciennes in cuvier and valenciennes, 1847	['e6664']
brassica oleracea l. var. gemmifera dc.	['e359']
brassica oleracea l. var. gemmifera zenker	['e359']
brassica oleracea var. gemmifera (dc.) zenker	['e359']
brassica oleracea var. gemmifera dc.	['e359']
colocasia esculenta (l.) schott.	['e804']
portulaca oleracea l. ssp. sativa (haw.) celak.	['e7821']
prunus domestica subsp. insititia (l.) c. k. schneid.	['e5580']
elettaria cardamomum (l.) maton	['e1159']
prunus domestica l. subsp. italica (borkh.) gams	['e7489']
prunus domestica subsp. italica (borkh.) gams ex hegi	['e7489']
vigna unguiculata (l.) walp. ssp. sesquipedalis (l.) verdc.	['e7966']
vigna unguiculata (l.) walp. subsp. sesquipedalis (l.) verdc.	['e7966']
vigna unguiculata subsp. sesquipedalis (l.) verdc.	['e7966']
lablab purpureus (l.) sweet	['e192']
undaria pinnatifida (harvey) suringar 1873	['e8953']
citrus clementina hort. ex tanaka	['e4526']
jack family	['e559']
scad family	['e559']
haemulon cuvier, 1829	['e3997']
macrozoarces americanus (bloch & schneider 1801)	['e7311']
macrozoarces americanus (schneider, 1801)	['e7311']
solea solea (linnaeus, 1758)	['e7372']
solea vulgaris quensel, 1806	['e7372']
acanthocardia aculeata (linnaeus, 1758)	['e7403']
cyphomandra betacea (cav.) sendtn.	['e5198']
cyphomandra betacea (cav.) sendtner	['e5198']
solanum betaceum cav.	['e5198']
spirulina turpin ex gomont, 1893	['e8275']
cucumis melo var. chito (c. morren) naudin	['e6327']
glycyrrhiza glabra l.	['e7807']
tilia	['e5091']
tilia l.	['e5091']
senna	['e5189']
senna mill.	['e5189']
chenopodium ambrosioides l.	['e6550']
dysphania ambrosioides (l.) mosyakin & clemants	['e6550']
lathyrus sativus l.	['e1079']
brassica oleracea l. var. alba dc.	['e1157']
brassica oleracea var. capitata l.	['e1157']
echinodermata klein, 1734	['e1405']
castanospermum australe a. cunn. & c. fraser ex hook.	['e611']
castanospermum australe a.cunn. & c.fraser ex hook.	['e611']
lutjanus inermis (peters, 1869)	['e7259']
brachyplatystoma flavicans (castelnau 1855)	['e7331']
momordica charantia l.	['e7927']
astroscopus guttatus abbott, 1860	['e7457']
labridae cuvier, 1816	['e7006']
sardinops caeruleus (girard 1854)	['e6816']
sardinops caeruleus (girard, 1854)	['e6816']
citrus natsudaidai hayata	['e5995']
turbo cornutus lightfoot 1786	['e7079']
phleum pratense l.	['e7838']
festuca arundinacea schreb.	['e7839']
allium tuberosum rottler ex spreng.	['e1940']
lathyrus aphaca l.	['e8158']
yellow pea plant	['e8158']
laminaria japonica areschoug 1851	['e569']
sargassum fusiforme setchell 1931	['e8309']
astacidae	['e445']
astacoidea	['e445']
cambaridaa	['e445']
cambarus spp.	['e445']
crawfish	['e445']
crayfish	['e445']
parastacidae	['e445']
procambarus spp.	['e445']
coregonus reighardi (koelz, 1924)	['e8549']
iguana laurenti, 1768	['e8554']
hylocereus undatus (haw.) britt. & rose	['e2114']
hylocereus undatus (haw.) britton & rose	['e2114']
hyssopus officinalis l.	['e1280']
mucuna deeringiana (bort.) merr.; stizolobium deeringianum bort.; other stizolobium spp.	['e1078']
cucumis sativus l.; pickling cucumber cultivars	['e9393']
capsicum annuum l. var. annuum	['e3373']
empetrum eamesii fern. & wieg.	['e1275']
empetrum eamesii fernald & wiegand	['e1275']
empetrum eamesii fernald & wiegand ssp. atropurpureum (fernald & wiegand) d. löve	['e1275']
empetrum eamesii fernald & wiegand ssp. eamesii	['e1275']
empetrum eamesii ssp. atropurpureum (fern. & wieg.) d. löve	['e1275']
empetrum eamesii ssp. eamesii fern. & wieg.	['e1275']
empetrum rubrum vahl ex willd.	['e1274']
zea mays ssp. mays l.	['e1400']
zea mays subsp. mays	['e1400']
morella lour.	['e1620']
morella rubra lour.	['e1620']
digitaria exilis (kippist) stapf	['e178']
castanea crenata sieb. & zucc.	['e1664']
castanea crenata siebold & zucc.	['e1664']
opuntia vulgaris	['e1253']
tuna (opuntia)	['e1253']
genypterus chilensis (guichenot 1848)	['e7323']
genypterus chilensis (guichenot, 1848)	['e7323']
pachyrhizus erosus (l.) urb.	['e1745']
pachyrhizus erosus (l.) urban	['e1745']
valamugil engeli (bleeker, 1858-59)	['e7559']
pangium edule reinw.	['e2036']
pangium edule reinw. ex blume	['e2036']
hylocereus megalanthus (k. schum. ex vaupel) ralf bauer	['e2115']
archosargus probatocephalus (walbaum 1792)	['e7155']
archosargus probatocephalus (walbaum, 1792)	['e7155']
eugenia uniflora l.	['e1287']
azadirachta indica a. juss.	['e1821']
azadirachta indica a.juss.	['e1821']
azadirachta indica adr. juss.	['e1821']
physalis peruviana l.	['e2242']
dimocarpus longan lour.	['e1685']
gymnachirus melas nichols, 1916	['e6787']
cololabis saira (brevoort, 1856)	['e7385']
strongylura exilis (girard 1854)	['e7450']
strongylura exilis (girard, 1854)	['e7450']
hypophthalmichthys molitrix (valenciennes in cuvier and valenciennes, 1844)	['e7371']
hypophthalmichthys molitrix (valenciennes, 1844)	['e7371']
prunus virginiana l.	['e2013']
acanthocybium solandri (cuvier in cuvier and valenciennes, 1832)	['e7411']
acanthocybium solandri (cuvier, 1832)	['e7411']
annona muricata l.	['e1168']
auxis thazard (lacepède, 1800)	['e497']
auxis thazard (lacépède, 1800)	['e497']
auxis thazard brachydorax collette and aadland, 1996	['e497']
auxis thazard thazard (lacepède, 1800)	['e497']
xiphopenaeus kroyeri (c. heller, 1862)	['e7384']
xiphopenaeus kroyeri (heller, 1862)	['e7384']
lepidocybium flavobrunneum (smith, 1843)	['e6754']
scomber scombrus linnaeus, 1758	['e6767']
scomberomorus cavalla (cuvier, 1829)	['e7621']
vaccinium macrocarpon ait.	['e443']
vaccinium macrocarpon aiton	['e443']
cerasus vulgaris austera group	['e1550']
cerasus vulgaris mill.	['e1550']
prunus cerasus l.	['e1550']
attalea speciosa mart.	['e9460']
attalea speciosa mart. ex spreng.	['e9460']
orbignya barbosiana burret	['e9460']
malva sylvestris l.	['e2320']
panulirus homarus (linnaeus, 1758)	['e6721']
panulirus versicolor (latreille, 1804)	['e6719']
nephelium lappaceum l.	['e1727']
epinephelus morio (valenciennes in cuvier and valenciennes, 1828)	['e7102']
epinephelus morio (valenciennes, 1828)	['e7102']
genypterus blacodes (forster 1801)	['e7329']
genypterus blacodes (forster in bloch and schneider, 1801)	['e7329']
genypterus blacodes (schneider, 1801)	['e7329']
aspalathus linearis (burm. f.) r. dahlgren	['e6495']
aspalathus linearis (burman f.) r. dahlgren	['e6495']
limonia acidissima l.	['e1756']
epinephelus areolatus (forsskål, 1775)	['e7161']
molva molva (linnaeus, 1758)	['e7018']
arripis georgianus (valenciennes 1831)	['e6758']
arripis georgianus (valenciennes in cuvier and valenciennes, 1831)	['e6758']
schinus terebinthifolia raddi	['e6024']
schinus terebinthifolius raddi	['e6024']
phractolaemus ansorgii boulenger 1901	['e7726']
phractolaemus ansorgii boulenger, 1901	['e7726']
anacardium occidentale l.	['e1626']
parophrys vetulus girard, 1854	['e7373']
caranx caballus günther, 1868	['e7179']
carangoides ruber (bloch, 1793)	['e7632']
caranx ruber (bloch 1793)	['e7632']
caranx ruber (bloch, 1793)	['e7632']
lithodes aequispina benedict 1894	['e7136']
lithodes aequispinus j. e. benedict, 1895	['e7136']
paralithodes brevipes (benedict, 1894)	['e6730']
paralithodes brevipes (h. milne edwards and lucas, 1841)	['e6730']
cynoscion regalis (bloch & schneider, 1801)	['e6600']
cynoscion regalis (bloch and schneider, 1801)	['e6600']
alectis ciliaris (bloch, 1787)	['e6890']
vaccinium reticulatum sm.	['e1136']
peprilus triacanthus (peck, 1804)	['e7459']
peprilus triacanthus (peek, 1804)	['e7459']
urophycis chuss (walbaum, 1792)	['e7346']
urophycis tenuis (mitchill, 1814)	['e7341']
sechium edule (jacq.) sw.	['e1663']
centropristis striata (linnaeus, 1758)	['e7162']
paralabrax callaensis starks, 1906	['e7579']
esox niger lesueur, 1818	['e6394']
rubus flagellaris willd.	['e301']
vaccinium alaskaense howell	['e2000']
vaccinium alaskaense t.j. howell	['e2000']
vaccinium ovalifolium sm.	['e2000']
empetrum nigrum l.	['e1271']
empetrum nigrum l. ssp. hermaphroditum (lange ex hagerup) böcher	['e1271']
empetrum nigrum l. ssp. nigrum	['e1271']
hippophae rhamnoides l.	['e1277']
brosimum alicastrum sw.	['e5303']
eopsetta jordani (lockington, 1879)	['e7377']
glyptocephalus zachirus lockington, 1879	['e7379']
hippoglossus stenolepis schmidt, 1904	['e7266']
isopsetta isolepis (lockington, 1880)	['e7099']
lepidopsetta bilineata (ayres 1855)	['e7378']
lepidopsetta bilineata (ayres, 1855)	['e7378']
lyopsetta exilis (jordan & gilbert, 1880)	['e7382']
lyopsetta exilis (jordan and gilbert, 1880)	['e7382']
platichthys stellatus (pallas, 1787)	['e7580']
platichthys stellatus (pallas, 1788)	['e7580']
psettichthys melanostictus girard, 1854	['e7380']
psettodes erumei (bloch & schneider, 1801)	['e7166']
psettodes erumei (bloch and schneider, 1801)	['e7166']
trinectes maculatus (bloch & schneider, 1801)	['e6786']
trinectes maculatus (bloch and schneider, 1801)	['e6786']
chaceon quinquedens (s. i. smith, 1879)	['e7132']
chaceon quinquedens (smith 1879)	['e7132']
mammea americana l.	['e1283']
tautoga onitis (linnaeus, 1758)	['e7363']
crateva religiosa forster f.	['e1695']
crateva religiosa g. forst.	['e1695']
ocimum tenuiflorum l.	['e2322']
diplectrum formosum (linnaeus, 1766)	['e7316']
alosa aestivalis (mitchill, 1814)	['e6741']
brevoortia tyrannus (latrobe, 1802)	['e6880']
opisthonema oglinum (lesueur 1818)	['e6882']
opisthonema oglinum (lesueur, 1818)	['e6882']
lottia gigantea (sowerby, 1934)	['e7091']
lottia gigantea g. b. sowerby i, 1834	['e7091']
ophiodon elongatus girard 1854	['e7319']
ophiodon elongatus girard, 1854	['e7319']
pyrus communis l.	['e1589']
lutjanus sebae (cuvier, 1816)	['e7202']
chionoecetes bairdi m. j. rathbun, 1924	['e6975']
chionoecetes bairdi rathbun, 1924	['e6975']
viburnum edule (michx.) raf.	['e1726']
engraulis mordax girard, 1854	['e6808']
engraulis mordax girard, 1856	['e6808']
bagre marinus (mitchill, 1815)	['e7577']
macruronus novaezelandiae (hector 1871)	['e7343']
macruronus novaezelandiae (hector, 1871)	['e7343']
clidoderma asperrimum (temminck & schlegel, 1846)	['e7458']
clidoderma asperrimum (temminck and schlegel, 1846)	['e7458']
opisthonema libertate (günther 1867)	['e7342']
opisthonema libertate (günther, 1867)	['e7342']
eugenia javanica lam; syn: syzigium samarangense (bl.) merr. & perry	['e1637']
syzygium samarangense (blume) merr. & l. m. perry	['e1637']
syzygium samarangense (blume) merr. & l.m. perry	['e1637']
syzygium samarangense (blume) merr. & l.m.perry	['e1637']
syzygium samarangense (blume) merr. & perry	['e1637']
lutjanus sanguineus (cuvier in cuvier and valenciennes, 1828)	['e7974']
origanum majorana l.	['e3889']
erilepis zonifer (lockington, 1880)	['e7456']
arripis trutta (forster in bloch and schneider, 1801)	['e6779']
arripis trutta (forster, 1801)	['e6779']
arripis trutta (schneider, 1801)	['e6779']
saccharomyces carlsbergensis hansen, 1908	['e8003']
saccharomyces pastorianus reess ex e.c. hansen, 1904	['e8003']
lutjanus johnii (bloch, 1792)	['e7220']
paralithodes platypus brandt, 1850	['e6978']
chondrus crispus (linnaeus) j. stackhouse	['e2351']
chondrus crispus (linnaeus, 1767)	['e2351']
chondrus crispus stackhouse 1797	['e2351']
micropterus salmoides (lacepède, 1802)	['e8701']
micropterus salmoides (lacépède, 1801)	['e8701']
centropomus undecimalis (bloch, 1792)	['e7399']
lutjanus peru (nichols & murphy, 1922)	['e7222']
lutjanus peru (nichols and murphy, 1922)	['e7222']
lates niloticus (linnaeus, 1758)	['e7348']
micropogonias undulatus (linnaeus, 1766)	['e7321']
mentha spicata l.	['e4811']
mentha spicata l. emend l.	['e4811']
mangifera indica l.	['e1554']
auricularia auricula-judae (bull.) quél., 1886	['e3442']
erimacrus isenbeckii (brandt, 1848)	['e565']
cancer magister dana, 1852	['e6981']
annona squamosa l.	['e1669']
annona reticulata l.	['e1221']
parachanna obscura (günther, 1861)	['e7728']
pyrus ussuriensis maxim.	['e1951']
mallotus villosus (müller, 1776)	['e6740']
oncorhynchus clarki (richardson 1836)	['e8687']
oncorhynchus clarkii (richardson, 1836)	['e8687']
salmo clarki richardson, 1836	['e8687']
enteromorpha prolifera (o. f. mueller) j. agardh	['e8644']
enteromorpha prolifera (o.f. müller) j. agardh 1883	['e8644']
seriolella brama (günther, 1860)	['e7415']
paralichthys californicus (ayres, 1859)	['e7097']
genyonemus lineatus (ayres, 1855)	['e7189']
menticirrhus undulatus (girard 1854)	['e7042']
menticirrhus undulatus (girard, 1854)	['e7042']
amelanchier alnifolia (nutt.) nutt. ex m. roem.	['e1198']
eriobotrya japonica (thunb.) lindl.	['e7653']
ziziphus jujuba mill.	['e1662']
ziziphus zizyphus (l.) karst.	['e1662']
matteuccia struthiopteris (l.) tod.	['e3401']
cyclopsetta chittendeni bean, 1895	['e7173']
ginkgo biloba l.	['e1436']
lepidium sativum l.	['e3294']
pinus pinea l.	['e786']
polyprion oxygeneios (bloch and schneider, 1801)	['e6608']
polyprion oxygeneios (schneider & forster, 1801)	['e6608']
polyprion oxygeneios (schneider and forster in bloch and schneider, 1801)	['e6608']
chelidonichthys kumu (cuvier, 1829)	['e6620']
chelidonichthys kumu (lesson, 1829)	['e6620']
coryphaena hippurus linnaeus, 1758	['e467']
glyptocephalus cynoglossus (linnaeus, 1758)	['e7098']
artocarpus heterophyllus lam.	['e1482']
pseudocaranx dentex (bloch & schneider, 1801)	['e7305']
pseudocaranx dentex (bloch and schneider, 1801)	['e7305']
chenopodium album l.	['e7820']
basella alba l.	['e3394']
coregonus albula (linnaeus, 1758)	['e8550']
rheum rhabarbarum l.	['e1467']
actinidia chinensis planch.	['e1938']
actinidia chinensis planchon	['e1938']
actinidia chinensis var. chinensis	['e1938']
actinidia deliciosa (a. chev.) c. f. liang & a. r. ferguson	['e1591']
citrullus lanatus (thunb.) matsum. & nakai	['e1681']
citrullus lanatus (thunb.) matsumura & nakai	['e1681']
cucumis melo l.	['e1607']
cucumis melo l. subsp. melo var. cantalupensis naudin	['e1607']
cucumis melo l. var. cantalupensis naudin	['e1607']
prunus armeniaca l.	['e1497']
sorbus aucuparia l.	['e1249']
cydonia oblonga mill.	['e1731']
cydonia oblonga p. mill.	['e1731']
cucurbita moschata duch.	['e1186']
cucurbita moschata duchesne	['e1186']
micromesistius australis norman, 1937	['e7416']
citrus maxima (burm. f.) merr.	['e1216']
citrus maxima (burm.) merr.	['e1216']
manilkara zapota (l.) p. royen	['e2040']
manilkara zapota (l.) p.royen	['e2040']
manilkara zapota (l.) van royen	['e2040']
synsepalum dulcificum (schumach. & thonn.) daniell	['e1680']
synsepalum dulcificum (schumach.) daniell	['e1680']
synsepalum dulcificum (schumacher & thonn.) daniell	['e1680']
fragaria x ananassa duchesne (pro sp.)	['e1476']
fragaria x ananassa duchesne	['e1476']
fragaria x ananassa duchesne ex rozier	['e1476']
fragaria ×ananassa (weston) duchesne ex rozier (pro sp.)	['e1476']
psidium cattleianum sabine	['e2015']
psidium cattleianum sabine var. littorale (raddi) fosberg	['e2015']
psidium cattleianum f. lucidum o. deg.	['e2015']
psidium cattleianum var. cattleianum	['e2015']
psidium cattleianum var. cattleianum sabine	['e2015']
psidium cattleianum var. littorale (raddi) fosberg	['e2015']
prunus dulcis (mill.) d. a. webb	['e1540']
prunus dulcis (mill.) d.a.webb var. amara (dc.) buchheim	['e1540']
prunus dulcis (mill.) d.a.webb var. dulcis	['e1540']
prunus dulcis (p. mill.) d.a. webber	['e1540']
pyrus pyrifolia  (burm. f.) nakai	['e1618']
pyrus pyrifolia (burm. fil.) nakai	['e1618']
pyrus pyrifolia (burm.) nakai	['e1618']
pyrus pyrifolia var. culta (makino) nakai	['e1618']
canavalia ensiformis (l.) dc.	['e1070']
cicer arietinum l.	['e6066']
cyamopsis tetragonoloba (l.) taub.	['e2076']
abramis brama (linnaeus, 1758)	['e7258']
coccinea cordifolia	['e1195']
coccinea grandis	['e1195']
coccinea indica	['e1195']
phaseolus coccineus l.	['e1314']
salvia officinalis l.	['e3890']
vigna mungo (l.) hepper	['e7741']
paullinia cupana kunth	['e1323']
origanum vulgare l.	['e3888']
sebastes fasciatus storer 1856	['e7224']
sebastes fasciatus storer, 1854	['e7224']
lutjanus gibbus (forsskål, 1775)	['e7196']
brachyplatystoma vaillanti (valenciennes, 1840)	['e7326']
brachyplatystoma vaillantii (valenciennes in cuvier and valenciennes, 1840)	['e7326']
apium graveolens l.	['e383']
lutjanus analis (cuvier in cuvier and valenciennes, 1828)	['e7148']
lutjanus analis (cuvier, 1828)	['e7148']
lutjanus vivanus (cuvier in cuvier and valenciennes, 1828)	['e7205']
lutjanus vivanus (cuvier, 1828)	['e7205']
lutjanus griseus (linnaeus, 1758)	['e7146']
lutjanus buccanella (cuvier in cuvier and valenciennes, 1828)	['e7198']
lutjanus buccanella (cuvier, 1828)	['e7198']
etelis oculatus (valenciennes in cuvier and valenciennes, 1828)	['e7147']
etelis oculatus (valenciennes, 1828)	['e7147']
panax ginseng c. a. mey.	['e1871']
panax ginseng c.a. mey.	['e1871']
panax ginseng c.a.mey.	['e1871']
lycopersicon esculentum mill.	['e3827']
lycopersicon esculentum var. esculentum p. mill.	['e3827']
solanum lycopersicum l.	['e3827']
anethum graveolens l.	['e1799']
rumex acetosa l.	['e1658']
seriola dumerili (risso, 1810)	['e7993']
olea europaea l.	['e9888']
sambucus nigra l.	['e873']
black elderberry	['e873']
arctium lappa l.	['e1223']
arctium lappa l. var. edule (siebold ex miq.) mansf.	['e1223']
artemisia vulgaris l.	['e1225']
phoenix dactylifera l.	['e3695']
mugil liza valenciennes in cuvier and valenciennes, 1836	['e7560']
mugil liza valenciennes, 1836	['e7560']
atheresthes stomias (jordan & gilbert, 1880)	['e7381']
atheresthes stomias (jordan and gilbert, 1880)	['e7381']
reinhardtius stomias	['e7381']
reinhardtius stomias (jordan and gilbert, 1880)	['e7381']
schinus molle l.	['e1814']
parapercis colias (bloch and schneider, 1801 )	['e7254']
parapercis colias (forster in bloch and schneider, 1801)	['e7254']
parapercis colias (forster, 1801)	['e7254']
lotella rhacina (forster in bloch and schneider, 1801)	['e7195']
percophis brasiliensis quoy & gaimard 1825	['e7333']
percophis brasiliensis quoy and gaimard, 1825	['e7333']
pseudophycis bachus (forster 1801)	['e7255']
pseudophycis bachus (forster in bloch and schneider, 1801)	['e7255']
camellia sinensis (l.) kuntze	['e130']
camellia sinensis (l.) o. kuntze	['e130']
panax quinquefolius l.	['e1868']
panax japonicus (t. nees) c. a. mey.	['e1872']
panax japonicus (t. nees) c.a. mey.	['e1872']
panax japonicus c.a.mey	['e1872']
coix lacryma-jobi l.	['e7588']
eleusine coracana (l.) gaertn.	['e1703']
tetragonia tetragonioides (pall.) kuntze	['e3342']
tetragonia tetragonioides (pallas) kuntze	['e3342']
tetragonia tetragonoides (pall.) kuntze	['e3342']
panicum miliaceum l.	['e423']
pampus cinereus (bloch, 1795)	['e6606']
lutjanus purpureus (poey, 1866)	['e7197']
lutjanus purpureus poey, 1867	['e7197']
lutjanus purpureus poey, 1876	['e7197']
secale cereale l.	['e1740']
secale cereale subsp. cereale	['e1740']
lutjanus guttatus (steindachner, 1869)	['e7204']
acanthistius brasilianus (cuvier in cuvier and valenciennes, 1828)	['e7171']
acanthistius brasilianus (cuvier, 1828)	['e7171']
morone chrysops (rafinesque 1820)	['e7325']
morone chrysops (rafinesque, 1820)	['e7325']
ensete ventricosum (welw.) cheeseman	['e1776']
ensete ventricosum (welw.) cheesman	['e1776']
allium ampeloprasum l.	['e1679']
allium ampeloprasum l. var. ampeloprasum	['e1679']
allium ampeloprasum l., var. kurrat schweinf. ex krause	['e1679']
allium ampeloprasum var. ampeloprasum  l.	['e1679']
allium ampeloprasum var. ampeloprasum	['e1679']
wild leek	['e1679']
aluterus monoceros (linnaeus, 1758)	['e7637']
coregonus pidschian (gmelin, 1789)	['e7397']
coregonus pidschianoides (pravdin)	['e7397']
levisticum officinale w. d. j. koch	['e1266']
levisticum officinale w. koch	['e1266']
levisticum officinale w.d.j. koch	['e1266']
thunnus atlanticus (lesson, 1830)	['e7235']
thunnus atlanticus (lesson, 1831)	['e7235']
thunnus tonggol (bleeker, 1851)	['e587']
thunnus tonggol (bleeker, i851)	['e587']
mugil cephalus linnaeus, 1758	['e6879']
mugil curema valenciennes in cuvier and valenciennes, 1836	['e7354']
mugil curema valenciennes, 1836	['e7354']
sphoeroides maculatus (bloch & schneider, 1801)	['e7295']
sphoeroides maculatus (bloch and schneider, 1801)	['e7295']
zoarces viviparus (linnaeus, 1758)	['e6596']
crangon crangon (linnaeus, 1758)	['e9868']
annona cherimola mill.	['e1627']
annona cherimola miller	['e1627']
thyrsites atun (euphrasen, 1791)	['e6781']
thyrsites atun (euphrasen,l791)	['e6781']
myristica fragrans houtt.	['e9344']
xanthosoma brasiliense (desf.) engl.	['e3389']
seriphus politus ayres, 1860	['e7165']
scorpaenichthys marmoratus (ayres, 1854)	['e7253']
ferula assa-foetida l.	['e1167']
ferula foetida (bunge) regel	['e1167']
stevia rebaudiana (bertoni) bertoni	['e1824']
chaceon granulatus (sakai, 1978)	['e7141']
scolopax minor gmelin, 1789	['e5983']
hedysarum alpinum l.	['e1131']
trifolium pratense l.	['e7714']
rubus chamaemorus l.	['e1501']
juniperus communis l.	['e5784']
garcinia mangostana l.	['e1581']
triticum aestivum subsp. spelta (l.) thell.	['e1309']
triticum spelta l.	['e1309']
rubus spectabilis pursh	['e1697']
panulirus longipes (a. milne edwards, 1868)	['e6717']
panulirus longipes (a. milne-edwards, 1868)	['e6717']
castanea mollissima blume	['e2050']
cucumis metuliferus e. mey. ex naud.	['e1667']
cucumis metuliferus e.mey. ex naudin	['e1667']
aframomum melegueta k. schum.	['e5426']
aframomum melegueta k.schum.	['e5426']
aframomum melegueta schum.	['e5426']
aframomum melegueta schumann	['e5426']
zeus faber linnaeus, 1758	['e7370']
limanda proboscidea gilbert 1896	['e7167']
limanda proboscidea gilbert, 1896	['e7167']
channa striata (bloch, 1793)	['e7976']
lepidium campestre (l.) ait. f.	['e1773']
lepidium campestre (l.) r.br.	['e1773']
lepidium campestre (l.) w. t. aiton	['e1773']
lepidium campestre (l.) w.t. aiton	['e1773']
paratrachichthys trailli (hutton, 1875)	['e7291']
paralichthys dentatus (linnaeus, 1766)	['e6902']
ictalurus furcatus (valenciennes in cuvier and valenciennes, 1840)	['e6597']
ictalurus furcatus (valenciennes, 1840)	['e6597']
homarus gammarus (linnaeus, 1758)	['e3639']
procambarus clarkii (girard, 1852)	['e6840']
panulirus japonicus (von siebold, 1824)	['e6718']
paralithodes camtschaticus (tilesius, 1815)	['e6977']
cancer irroratus say, 1817	['e6976']
menippe mercenaria (say, 1818)	['e493']
nephrops norvegicus (linnaeus, 1758)	['e621']
lutjanus colorado jordan & gilbert, 1882	['e7225']
lutjanus colorado jordan and gilbert, 1882	['e7225']
schilbe mystus (linnaeus, 1758)	['e7725']
lota lota (linnaeus, 1758)	['e7318']
mugil trichodon poey, 1875	['e7355']
malpighia glabra l.	['e580']
sebastes diploproa (gilbert, 1890)	['e8484']
sebastes entomelas (jordan & gilbert, 1880)	['e7207']
sebastes entomelas (jordan and gilbert, 1880)	['e7207']
sebastes flavidus (ayres, 1862)	['e7208']
sebastes goodei (eigenmann & eigenmann, 1890)	['e7209']
sebastes goodei (eigenmann and eigenmann, 1890)	['e7209']
sebastes levis (eigenmann and eigenmann, 1889)	['e7210']
sebastes melanops girard, 1856	['e7211']
sebastes miniatus (jordan & gilbert, 1880)	['e7212']
sebastes miniatus (jordan and gilbert, 1880)	['e7212']
sebastes mystinus (jordan & gilbert, 1881)	['e8415']
sebastes mystinus (jordan and gilbert, 1881)	['e8415']
sebastes ovalis (ayres, 1862)	['e7213']
sebastes paucispinis ayres, 1854	['e7214']
sebastes pinniger (gill, 1864)	['e7215']
sebastes ruberrimus (cramer, 1895)	['e7216']
sebastes ruberrimus (jordan & gilbert, 1883)	['e7216']
sebastes rufus (eigenmann and eigenmann, 1890)	['e7217']
sebastes serranoides (eigenmann & eigenmann, 1890)	['e7218']
sebastes serranoides (eigenmann and eigenmann, 1890)	['e7218']
trinectes inscriptus (gosse, 1851)	['e6784']
mobula hypostoma (bancroft, 1831)	['e7390']
zeus capensis valenciennes in cuvier and valenciennes, 1835	['e7292']
zeus capensis valenciennes, 1835	['e7292']
cilus gilberti (abbott 1899)	['e7401']
cilus gilberti (abbott, 1899)	['e7401']
rubus ursinus cham. & schlecht.	['e2258']
rubus ursinus cham. & schltdl.	['e2258']
rubus ursinus cham. & schltdl. ssp. macropetalus (douglas ex hook.) roy l. taylor & macbryde	['e2258']
rubus ursinus cham. & schltdl. ssp. ursinus	['e2258']
rubus ursinus cham. & schltdl. ssp. ursinus var. sirbenus (l.h. bailey) j.t. howell	['e2258']
rubus ursinus cham. & schltdl. ssp. ursinus var. ursinus	['e2258']
rubus ursinus ssp. macropetalus (dougl. ex hook.) taylor & macbryde	['e2258']
rubus ursinus ssp. ursinus cham. & schlecht.	['e2258']
rubus ursinus subsp. macropetalus (douglas ex hook.) roy l. taylor & macbryde	['e2258']
rubus ursinus subsp. ursinus	['e2258']
rubus ursinus var. sirbenus (bailey) j.t. howell	['e2258']
rubus ursinus var. ursinus cham. & schldl.	['e2258']
rubus ursinus var. ursinus cham. & schlecht.	['e2258']
neetroplus nematopus günther, 1867	['e914']
fortunella japonica (thunb.) swingle	['e1694']
cetraria islandica (l.) ach.	['e7150']
cetraria islandica (l.) ach., 1803	['e7150']
mustelus canis (mitchill, 1815)	['e7335']
lamna nasus (bonnaterre, 1788)	['e6602']
callorhinchus milii (bory de saint-vincent, 1823)	['e7975']
callorhinchus milii bory de saint-vincent, 1823	['e7975']
macrobrachium rosenbergii (de man 1879)	['e6845']
macrobrachium rosenbergii (de man, 1879)	['e6845']
ictalurus punctatus (rafinesque, 1818)	['e389']
oncorhynchus gorbuscha (walbaum, 1792)	['e6958']
salmo salar linnaeus, 1758	['e6599']
capsicum chinense jacq.	['e2183']
salvelinus fontinalis (mitchill, 1814)	['e7569']
salvelinus fontinalis (mitchill, 1815)	['e7569']
salvelinus namaycush (walbaum in artedi, 1792)	['e7568']
salvelinus namaycush (walbaum, 1792)	['e7568']
gadus morhua linnaeus, 1758	['e6616']
gadus macrocephalus tilesius, 1810	['e6615']
portunus pelagicus (linnaeus, 1758)	['e7134']
portunus pelagicus linnaeus, 1758	['e7134']
micromesistius poutassou (risso, 1826)	['e7417']
micromesistius poutassou (risso, 1827)	['e7417']
perca fluviatilis linnaeus, 1758	['e7571']
pagrus pagrus (linnaeus, 1758)	['e7320']
pomoxis nigromaculatus (lesueur in cuvier and valenciennes, 1829)	['e7322']
pomoxis nigromaculatus (lesueur, 1829)	['e7322']
anarhichas lupus linnaeus, 1758	['e7408']
katsuwonus pelamis (linnaeus, 1758)	['e763']
euthynnus affinis (cantor, 1849)	['e6897']
euthynnus alletteratus (rafinesque, 1810)	['e6896']
sarda sarda (bloch, 1793)	['e6605']
thunnus thynnus (linnaeus, 1758)	['e349']
thunnus maccoyii (castelnau, 1872)	['e6892']
thunnus obesus (lowe, 1839)	['e6894']
limanda ferruginea (storer, 1839)	['e6745']
pseudopleuronectes americanus (walbaum, 1792)	['e7375']
pseudopleuronectes americanus walbaum, 1792	['e7375']
conger conger (linnaeus, 1758)	['e7003']
galeorhinus galeus (linnaeus, 1758)	['e6612']
harengula thrissina (jordan & gilbert 1882)	['e6884']
harengula thrissina (jordan and gilbert, 1882)	['e6884']
struthio camelus linnaeus, 1758	['e7477']
peprilus paru (linnaeus, 1758)	['e6778']
microstomus pacificus (lockington 1879)	['e6757']
microstomus pacificus (lockington, 1879)	['e6757']
musa x paradisiaca l. (pro sp.)	['e1789']
musa x paradisiaca l.	['e1789']
musa ×paradisiaca l. (pro sp.)	['e1789']
merluccius capensis castelnau 1861	['e366']
merluccius capensis castelnau, 1861	['e366']
merluccius hubbsi marini 1933	['e7273']
merluccius hubbsi marini, 1932	['e7273']
merluccius hubbsi marini, 1933	['e7273']
juglans cinerea l.	['e4341']
corchorus olitorius l.	['e3360']
apium graveolens var. secalinum (alef.) mansf.	['e1931']
apium graveolens var. secalinum alef.	['e1931']
etrumeus micropus (temminck and schlegel, 1846)	['e6667']
hoplostethus atlanticus collett, 1889	['e7290']
sardinella longiceps valenciennes in cuvier and valenciennes, 1847	['e6821']
sardinella longiceps valenciennes, 1847	['e6821']
equus zebra linnaeus, 1758	['e885']
hippopotamus amphibius linnaeus, 1758	['e5899']
scomberomorus maculatus (mitchill, 1815)	['e7289']
nematalosa vlaminghi (munro, 1956)	['e6771']
mammea africana sabine	['e1282']
bush (narrow)	['e19']
frutex (narrow)	['e19']
frutices (narrow, plural)	['e19']
gametophyte (narrow)	['e19']
herb (narrow)	['e19']
liana (narrow)	['e19']
prothalli (narrow, plural)	['e19']
prothallium (narrow)	['e19']
prothallus (narrow)	['e19']
seedling (narrow)	['e19']
shrub (narrow)	['e19']
sporophyte (narrow)	['e19']
suffrutex (narrow)	['e19']
suffrutices (narrow, plural)	['e19']
tree (narrow)	['e19']
vine (narrow)	['e19']
woody clump (narrow)	['e19']
savory	['e3674']
animal	['e87']
kingklip	['e7323']
sole	['e6787']
saury	['e7385']
needlefish	['e7450']
carp	['e7371']
oilfish	['e6754']
mackerel	['e6767']
spanish	['e7621']
grouper	['e7102']
golden king  crab	['e7136']
hanasaki	['e6730']
pompano	['e6890']
hake	['e7346']
pickerel	['e6394']
flounder	['e7377']
halibut	['e7266']
herring	['e6741']
river herring	['e6741']
gafftopsail fish	['e7577']
gafftopsail whiskered fish	['e7577']
blue hake	['e7343']
new zealand whiting	['e7343']
king  crab	['e6978']
bass	['e8701']
snook	['e7399']
kegani crabmeat	['e565']
korean variety crabmeat	['e565']
trout	['e8687']
warehou	['e7415']
corbina	['e7042']
kingfish	['e7042']
searobin	['e6620']
mahi-mahi	['e467']
trevally	['e7305']
ocean perch	['e7224']
mullet	['e7560']
sandperch	['e7254']
morid cod	['e7195']
duckbill	['e7333']
filefish	['e7637']
whitefish	['e7397']
puffer	['e7295']
gemfish	['e6781']
drum	['e7165']
sculpin	['e7253']
dory	['e7370']
dab	['e7167']
fluke	['e6902']
rock crab	['e6976']
rockfish	['e8484']
manta	['e7390']
cape shark	['e7335']
shark	['e6602']
freshwater shrimp	['e6845']
humpback	['e6958']
alaska cod	['e6615']
swimming crab	['e7134']
porgy	['e7320']
sea bream	['e7320']
crappie	['e7322']
wolffish	['e7408']
cape capensis	['e366']
whiting	['e366']
sardine	['e6821']
gizzard shad	['e6771']
genet (broad)	['e19']
ramet (broad)	['e19']
pectins	['e1']
lobster tail food products	['e2']
fermented agave juices	['e7']
fermenting sugar cane juices	['e8']
fermenting elaeis palm sap food products	['e9']
mammalian meat food products	['e10']
meat sausage food products	['e11']
liver pastes	['e12']
hot dogs	['e13']
processed meat food products	['e14']
milk formula food products	['e15']
cheese food products	['e17']
yogurt food products	['e18']
plant food products	['e19']
cabbage food products	['e20']
commercial yogurts	['e21']
cheese starter culture food products	['e22']
wort food products	['e23']
beer wort food products	['e24']
acifified beer wort food products	['e25']
bleu de bresse cheeses	['e26']
mammalian milk butters	['e27']
pickled cabbage food products	['e28']
camembert cheese food products	['e29']
cheddar cheese food products	['e30']
brie cheese food products	['e31']
gouda cheese food products	['e32']
halloumi cheese food products	['e33']
gorgonzola cheese food products	['e34']
swiss cheese food products	['e35']
emmenthal cheeses	['e36']
harzer cheese food products	['e37']
new zealand cheddar cheese food products	['e38']
pont ieveque cheese food products	['e39']
vacherin mont dor cheese food products	['e40']
pork meat food products	['e41']
cured meat food products	['e42']
chicken meat food products	['e43']
beef food products	['e44']
cow food products	['e44']
bovine milk beverages	['e45']
ovine milk beverages	['e46']
caprine milk beverages	['e47']
ice cream food products	['e48']
animal seafood products	['e49']
meshanger cheese food products	['e50']
pork chop food products	['e51']
tempeh food products	['e52']
fermented rice beverages	['e53']
amasake food products	['e54']
fermented dairy food products	['e55']
fermented fish or seafood food products	['e56']
sea water fish food products	['e57']
flour food products	['e58']
plant fruit food products	['e59']
fruit extract food products	['e60']
apple juices	['e61']
awamori food products	['e62']
bacon food products	['e63']
fermented millet food products	['e64']
millet beer food products	['e65']
bottled beer food products	['e66']
blue cheese food products	['e67']
bottled fruit food products	['e68']
buttermilk food products	['e69']
miso food products	['e70']
grape musts	['e71']
barley malt vinegars	['e72']
sake food products	['e74']
salt pork meat food products	['e75']
fermented soybean food products	['e76']
tape kefan food products	['e77']
bondon cheese food products	['e78']
bitter cheese food products	['e79']
evaporated milk food products	['e80']
kefir food products	['e81']
vegetable oil food products	['e82']
flaxseed oils	['e83']
milled corn food products	['e84']
sour milk beverages	['e85']
dried milk food products	['e86']
vertebrate animal food products	['e87']
cereal grain food products	['e88']
fermented grape beverages	['e89']
fermented elaeis palm beverages	['e90']
fermented sugar cane beverages	['e91']
fermented apple beverages	['e92']
apple beverages	['e93']
orange fruit beverages	['e94']
grape beverages	['e95']
fermented grain beverages	['e96']
fermented agave beverages	['e97']
sea water fish egg food products	['e98']
avian egg food products	['e99']
camelid dairy food products	['e100']
bovine dairy food products	['e101']
buffalo dairy food products	['e102']
caprine dairy food products	['e103']
donkey dairy food products	['e104']
equine dairy food products	['e105']
ovine dairy food products	['e106']
yak dairy food products	['e107']
zebra dairy food products	['e108']
reindeer dairy food products	['e109']
water buffalo dairy food products	['e110']
horse dairy food products	['e111']
cattle dairy food products	['e112']
cervid dairy food products	['e113']
camelid milk beverages	['e114']
equine milk beverages	['e115']
cervid milk beverages	['e116']
cow milk beverages	['e117']
caprine cheese food products	['e118']
ovine cheese food products	['e119']
bovine cheese food products	['e120']
cow milk cheeses	['e121']
limburger cheese food products	['e122']
goat milk cheese food products	['e123']
sheep milk cheese food products	['e124']
poultry meat food products	['e125']
swine food products	['e126']
bovine meat food products	['e127']
distilled fermented grain beverages	['e128']
distilled fermented beverages	['e129']
tea based beverage products	['e130']
coffee based beverage products	['e131']
fruit juice food products	['e132']
wheat food products	['e133']
maize (corn) food products	['e134']
fungus food products	['e135']
yeast food products	['e136']
microbial food products	['e137']
solanaceous root food products	['e138']
plant root food products	['e139']
potato food products	['e140']
cucurbit fruit food products	['e141']
citrus fruit food products	['e142']
melon fruit food products	['e143']
muskmelon (cucumis melo) fruit food products	['e144']
citrullus lanatus fruit food products	['e145']
citrus fruit juices	['e146']
pomaceous fruit juice beverages	['e147']
pomaceous fruit food products	['e148']
fermented pomaceous fruit beverages	['e149']
pomaceous fruit extracts	['e150']
citrus fruit extract food products	['e151']
grape extracts	['e152']
solanaceous fruit food products	['e153']
tomato food products	['e154']
solanaceous food products	['e155']
plant inflorescence food products	['e156']
amaranthaceous food products	['e157']
cruciferous food products	['e158']
grape berry food products	['e159']
cruciferous inflorescence food products	['e160']
nut food products	['e161']
plant seed food products	['e162']
plant lipid food products	['e163']
plant stem food products	['e164']
invertebrate animal food products	['e165']
insect food products	['e166']
honey food products	['e167']
amaranthaceous inflorescence food products	['e168']
pickled cruciferous food products	['e169']
algal food products	['e170']
rice food products	['e171']
buckewheat food products	['e172']
sorghum food products	['e173']
oat food products	['e174']
rye food products	['e175']
barley food products	['e176']
quinoa food products	['e177']
fonio food products	['e178']
dry pea food products	['e179']
bambara groundnut food products	['e181']
chickpea food products	['e183']
cowpea (pulse) food products	['e184']
dry bean food products	['e185']
winged bean food products	['e186']
yam bean food products	['e188']
lupin seed food products	['e190']
hyacinth bean food products	['e192']
pulse food products	['e193']
wheat flour food products	['e194']
cacao food products	['e195']
cream food products	['e196']
mammalian milk beverages	['e197']
bee food products	['e198']
smoked meat food products	['e205']
fruit preserve or jam food products	['e206']
jam food products	['e207']
processed cheese food products	['e208']
mustard seed food products	['e209']
nut oil food products	['e210']
soy sauce food products	['e211']
fresh sea water fish food products	['e212']
natural (animal-derived) rennet food products	['e213']
microbial rennet food products	['e214']
vegetable rennet food products	['e215']
processed pork meat food products	['e216']
spice or herbs	['e217']
animal lipid food products	['e218']
coffee beverages	['e219']
hot chocolate food products	['e221']
mate food products	['e222']
fish food products	['e223']
freshwater fish food products	['e224']
fish egg food products	['e225']
avian food products	['e226']
animal derived beverages	['e227']
plant derived beverages	['e228']
plant derived fermented beverages	['e229']
nonfermented plant derived beverage products	['e230']
dairy food products	['e231']
milk or milk based food products	['e232']
beer beverages	['e233']
vegetable food products	['e234']
botanical fruit food products	['e235']
bu-dus	['e236']
legume food products	['e237']
buffalo milk beverages	['e238']
camel milk beverages	['e239']
donkey milk beverages	['e240']
horse milk beverages	['e241']
reindeer milk beverages	['e242']
water buffalo milk beverages	['e243']
yak milk beverages	['e244']
zebra milk beverages	['e245']
egg food products	['e246']
hen egg food products	['e247']
chocolate food products	['e250']
custard dessert food products	['e251']
poultry food products	['e253']
duck meat food products	['e254']
goose meat food products	['e255']
turkey meat food products	['e256']
cantaloupe fruit food products	['e257']
clam food products	['e258']
oyster food products	['e259']
shellfish food products	['e260']
pecorino cheeses	['e262']
unpasteurized cow milk cheese food products	['e264']
unpasteurized camel milk beverages	['e265']
unpasteurized milk beverages	['e267']
hoi-dongs	['e268']
mum-khai-plas	['e269']
mum-sai-plas	['e270']
nam-budus	['e271']
nham-plas	['e272']
noa mais	['e273']
noa mai dongs	['e274']
pak kard dongs	['e275']
pak kum dongs	['e276']
pak sean dongs	['e277']
pak sean and hua plee dongs	['e278']
pak sean and makhua dongs	['e279']
pla-choms	['e280']
pla-jaws	['e281']
pla-soms	['e282']
pu dongs	['e283']
som-khai-plas	['e284']
tai-plas	['e285']
tuaw jaews	['e286']
blood meals	['e288']
pre-evisceration carcasses	['e289']
post-evisceration carcasses	['e290']
rolled grains	['e291']
abalone food products	['e292']
akee fruit food products	['e293']
albacore food products	['e294']
alewife food products	['e295']
alfalfa food products	['e296']
alfalfa pellets	['e297']
alfalfa vegetable food products	['e298']
almond candy food products	['e299']
almond food products	['e300']
american dewberry food products	['e301']
anchovy food products	['e302']
angelica candy food products	['e303']
animal based refined or partially-refined food products	['e304']
animal based salad food products	['e305']
animal fat or oil refined food products	['e306']
animal product based dressings	['e307']
animal product based flavoring or seasonings	['e308']
animal product sausages	['e309']
animal soup food products	['e310']
apple food products	['e311']
apple preserve or jam food products	['e312']
apple vinegar food products	['e313']
apple wine food products	['e314']
apricot food products	['e315']
apricot preserve or jam food products	['e316']
artichoke vegetable food products	['e317']
asian water buffalo meat food products	['e318']
asparagus vegetable food products	['e319']
atlantic halibut food products	['e320']
atlantic herring food products	['e321']
atlantic salmon and trout food products	['e322']
avocado food products	['e323']
bamboo food products	['e324']
banana food products	['e325']
banana passionfruit food products	['e326']
milled barley food products	['e327']
barley vegetable food products	['e328']
bass food products	['e329']
bean food products	['e330']
beef product based flavoring or seasonings	['e331']
beet pickle food products	['e332']
beet food products	['e333']
belgian carrot food products	['e334']
berry food products	['e335']
berry juices	['e336']
betel nut food products	['e337']
black currant nectar beverages	['e338']
black olive food products	['e339']
black or white pepper products	['e340']
black pepper food products	['e341']
black raspberry food products	['e342']
black walnut food products	['e343']
blackberry group food products	['e344']
blackeyed pea vegetable food products	['e345']
blue runner food products	['e346']
blueberry food products	['e347']
blueberry preserve or jam food products	['e348']
bluefin tuna food products	['e349']
bluefish food products	['e350']
bonito food products	['e351']
bony fish food products	['e352']
boysenberry food products	['e353']
brazil nut food products	['e354']
broad bean food products	['e355']
broccoli food products	['e356']
broiler chicken meat food products	['e357']
brown trout food products	['e358']
brussels sprout food products	['e359']
buffalo meat food products	['e360']
buffalofish food products	['e361']
butterfly mackerel food products	['e362']
cabbage juice food products	['e363']
cabbage head food products	['e364']
calf meat food products	['e365']
cape hake food products	['e366']
cape spiny lobster food products	['e367']
caper food products	['e368']
cardamom food products	['e369']
carp food products	['e370']
carp or minnow family food products	['e371']
carrot juice food products	['e372']
carrot food products	['e373']
cashew nut food products	['e374']
cassava snack food products	['e375']
cassava food products	['e376']
cattle based pie food products	['e377']
cattle cured meat food products	['e378']
cattle product based flavoring or seasonings	['e379']
cattle sausage food products	['e380']
cauliflower (pickled) food products	['e381']
cauliflower food products	['e382']
celery food products	['e383']
leaf celery food products	['e384']
cephalopod food products	['e385']
cereal dessert food products	['e386']
cereal food products	['e387']
chamomile teas	['e388']
channel catfish food products	['e389']
cherry food products	['e390']
cherry juice food products	['e391']
cherry nectar beverages	['e392']
cherry pies	['e393']
cherry preserve or jam food products	['e394']
chestnut food products	['e395']
chicken product based flavoring or seasonings	['e396']
chicken pie food products	['e397']
chicken salad food products	['e398']
chicory food products	['e399']
chinook salmon food products	['e400']
chive food products	['e401']
chub mackerel food products	['e402']
chum salmon food products	['e403']
cichlid food products	['e404']
cinnamon food products	['e405']
citron food products	['e406']
citrus nectar beverages	['e407']
citrus preserve or jam food products	['e408']
clingstone peach food products	['e409']
cloudberry food products	['e410']
clove food products	['e411']
cockle food products	['e412']
cocoa beverages	['e413']
coconut beverages	['e414']
cod food products	['e415']
codling food products	['e416']
coho salmon food products	['e417']
kola nut food products	['e418']
cold-pack cheese food products	['e419']
collard food products	['e420']
cavendish banana food products	['e421']
common bean food products	['e422']
common millet food products	['e423']
common oat cereal food products	['e424']
coriander food products	['e425']
vegetable corn food products	['e426']
corvina food products	['e427']
cotton seed food products	['e428']
cow buttermilk food products	['e429']
dried cow milk food products	['e430']
cow milk based food products	['e431']
cow milk butter food products	['e432']
cow milk cream food products	['e433']
cow milk cured cheese food products	['e434']
cow milk desserts	['e435']
cow milk hard cheese food products	['e436']
cow milk pie food products	['e437']
cow milk product based dressings	['e438']
cow milk sherbet food products	['e439']
cow milk snacks	['e440']
cowpea vegetable food products	['e441']
cow milk processed cheese products	['e442']
cranberry food products	['e443']
cranberry preserve or jam food products	['e444']
crayfish food products	['e445']
cream dressing food products	['e446']
crustacean food products	['e447']
cucumber or gherkin pickle food products	['e448']
cucumber food products	['e449']
cured cheese food products	['e450']
cusk food products	['e451']
cuttlefish food products	['e452']
dairy dessert food products	['e453']
dairy product based dressings	['e454']
date food products	['e455']
deep sea lobster food products	['e456']
deer meat food products	['e457']
devilfish food products	['e458']
devils tongue food products	['e459']
dill food products	['e460']
diluted apple beverages	['e461']
diluted citrus fruit beverages	['e462']
diluted fruit beverages	['e463']
diluted grape beverages	['e464']
diluted orange beverages	['e465']
dogfish food products	['e466']
dolphinfish food products	['e467']
doughnut food products	['e468']
duck egg food products	['e469']
milled durum wheats	['e470']
durum wheat food products	['e471']
eel food products	['e472']
eggplant food products	['e473']
emulsified cheese products	['e474']
english walnut food products	['e475']
european blackberry food products	['e476']
european blackberry preserve or jam food products	['e477']
european filbert nut food products	['e478']
fenugreek food products	['e479']
fermented cereal beverages	['e480']
fern vegetable food products	['e481']
field corn based bakery food products	['e482']
field corn cereal food products	['e483']
field corn food products	['e484']
field corn vegetable food products	['e485']
field pea vegetable food products	['e486']
fig food products	['e487']
fig preserve or jam food products	['e488']
fish refined food products	['e489']
fish soups	['e490']
flaxseed food products	['e491']
flax vegetable food products	['e492']
florida stone crab food products	['e493']
flying fish food products	['e494']
fermented milk food products	['e495']
freshwater drum food products	['e496']
frigate tuna food products	['e497']
frozen dairy desserts	['e498']
frozen dairy food products	['e499']
frozen yogurt food products	['e500']
fruit butter food products	['e501']
fruit candy food products	['e502']
fruit jelly food products	['e503']
fruit pie food products	['e504']
fruit salad food products	['e505']
fruit spread or sauces	['e506']
fungus vegetable food products	['e507']
garlic food products	['e508']
ginger food products	['e510']
ginger preserve or jam food products	['e511']
ginseng teas	['e512']
ginseng food products	['e513']
ginseng plant food products	['e514']
goat evaporated milk food products	['e515']
goat milk beverages	['e516']
goat dairy food products	['e517']
goat powdered milk food products	['e519']
gooseberry food products	['e520']
gourd food products	['e521']
grain based bakery food products	['e522']
grape spread or sauces	['e523']
grape juice food products	['e524']
grape preserve or jam food products	['e525']
grape vinegar food products	['e526']
grapefruit food products	['e527']
gray mullet food products	['e528']
great northern bean food products	['e529']
green bean food products	['e530']
green bell pepper food products	['e531']
green olive food products	['e532']
greenland halibut food products	['e533']
grouper food products	['e534']
grouse meat food products	['e535']
guava food products	['e536']
haddock food products	['e537']
halibut food products	['e538']
ham salad food products	['e539']
hard cheese food products	['e540']
hard grating cheese food products	['e541']
hard wheat food products	['e542']
hemp food products	['e543']
herring food products	['e544']
horse meat food products	['e545']
horseradish plant food products	['e546']
hot pepper spice food products	['e547']
hot pepper food products	['e548']
huckleberry food products	['e549']
human milk based food products	['e550']
hungarian wax pepper food products	['e551']
hungarian wax pepper pickle food products	['e552']
ice cow milk food products	['e553']
ice goat milk food products	['e554']
mammalian ice milk food products	['e555']
imitation fruit preserve or jam food products	['e556']
inconnu food products	['e557']
insect refined food products	['e558']
jack family (or carangidae) food products	['e559']
jalapeno pepper food products	['e560']
jerusalem artichoke food products	['e561']
jewfish food products	['e562']
kale food products	['e563']
kangaroo meat food products	['e564']
kegani crab food products	['e565']
kelp food products	['e566']
kidney bean food products	['e567']
king crab food products	['e568']
konbu vegetable food products	['e569']
krill food products	['e570']
kumquat food products	['e571']
lake herring food products	['e572']
lamb meat food products	['e573']
langostino food products	['e574']
leguminous vegetable food products	['e575']
lemon food products	['e576']
lentil food products	['e577']
lettuce head food products	['e578']
lima bean food products	['e579']
acerola food products	['e580']
lime preserve or jam food products	['e581']
lingonberry food products	['e582']
lingonberry preserve or jams	['e583']
lychee food products	['e584']
lobster food products	['e585']
loganberry food products	['e586']
longtail tuna food products	['e587']
lumpfish food products	['e588']
lupine bean food products	['e589']
macaroni or noodle food products	['e590']
mace food products	['e591']
mackerel food products	['e592']
malabar snapper food products	['e593']
mandarin orange food products	['e594']
mandarin orange juices	['e595']
mango food products	['e596']
mango nectar beverages	['e597']
marjoram food products	['e598']
marlin food products	['e599']
mate beverages	['e600']
meat salad food products	['e601']
melon food products	['e602']
microbial refined food products	['e603']
milk dessert food products	['e604']
milk product based dressings	['e605']
milkfish food products	['e606']
millet food products	['e607']
miracle berry food products	['e608']
mixed fruit beverages	['e609']
mollusc food products	['e610']
moreton bay chestnut food products	['e611']
mung bean food products	['e612']
mushroom pickle food products	['e613']
mushroom soup food products	['e614']
mussel food products	['e616']
mustard food products	['e617']
naranjilla juice products	['e618']
navy bean food products	['e619']
nevada jointfir beverages	['e620']
norway lobster food products	['e621']
nut candies	['e622']
nutmeg food products	['e623']
milled oat food products	['e624']
okra food products	['e625']
olive fat or oil refined food products	['e626']
olive food products	['e627']
onion flavouring food products	['e628']
onion soup food products	['e629']
onion food products	['e630']
orange spread or sauces	['e631']
orange food products	['e632']
orange preserve or jam food products	['e633']
oregano food products	['e634']
oriental blue crab food products	['e635']
pacific salmon food products	['e636']
paddlefish food products	['e637']
palinurid spiny lobster food products	['e638']
palm fat or oil refined food products	['e639']
palm vegetable food products	['e640']
pancake or waffle food products	['e641']
papaya food products	['e642']
papaya leaf food products	['e643']
papaya nectar beverages	['e644']
parsley food products	['e645']
parsnip food products	['e646']
passion food products	['e647']
passion fruit juices	['e648']
pasteurized blended cheese food products	['e649']
pasteurized cheese food products	['e650']
pasteurized cheese spread food products	['e651']
pasteurized process cheese food products	['e652']
pasteurized process cheese spread food products	['e653']
pea soup food products	['e654']
peach butter food products	['e655']
peach food products	['e656']
peach preserve or jams	['e657']
peanut candy food products	['e658']
peanut fat or oil refined food products	['e659']
peanut food products	['e660']
pear beverages	['e661']
pear food products	['e662']
pear juice food products	['e663']
pear nectar beverages	['e664']
pear preserve or jams	['e665']
pearl millet food products	['e666']
pecan candy food products	['e667']
pecan nut food products	['e668']
pectin producing plant fruit food products	['e669']
green or red pepper pickle food products	['e670']
pepper vegetable food products	['e671']
peppermint food products	['e672']
perch food products	['e673']
pie food products	['e674']
pigeon pea vegetable food products	['e675']
pike food products	['e676']
pimiento pepper food products	['e677']
pineapple food products	['e678']
pineapple juice food products	['e679']
pineapple preserve or jams	['e680']
pinto bean food products	['e681']
plant derived soft drinks	['e682']
plant fat or oil refined food products	['e683']
plant floret vegetable food products	['e684']
plant fruit as vegetable food products	['e685']
plant head vegetable food products	['e686']
plant leaf food products	['e687']
plant root vegetable food products	['e688']
plant seed based bakery food products	['e689']
plant seed cereal food products	['e690']
plant seed vegetable food products	['e691']
plant sherbets	['e692']
plant soup food products	['e693']
plant stem or spear food products	['e694']
plantain (musa) food products	['e695']
pleuronectiform fish food products	['e696']
plum fruit food products	['e697']
pomfret food products	['e698']
pompano food products	['e699']
porgy food products	['e700']
organ meat products	['e701']
potato soup food products	['e702']
poultry cured meats	['e703']
poultry fat or oil refined food products	['e704']
poultry product based flavoring or seasonings	['e705']
powdered cow milk food products	['e706']
powdered milk food products	['e707']
prepared hen egg products	['e708']
prune food products	['e709']
prune juice food products	['e710']
pudding food products	['e711']
pufferfish food products	['e712']
pumpkin food products	['e713']
quail egg food products	['e714']
quince food products	['e715']
rabbit meat food products	['e716']
radish food products	['e717']
rainbow trout food products	['e718']
rape fat or oil refined food products	['e719']
rapeseed food products	['e720']
rasberry spread or sauces	['e721']
raspberry preserve or jams	['e722']
raspberry food products	['e723']
red bell pepper food products	['e724']
red currant preserve or jams	['e725']
red kidney bean soup food products	['e726']
red snapper food products	['e727']
redfish perch food products	['e728']
reindeer meat food products	['e729']
reptile egg food products	['e730']
amphibian or reptile food products	['e731']
amphibian or reptile meat food products	['e732']
rhubarb food products	['e733']
rice bean food products	['e734']
rice cereal food products	['e735']
rice flours	['e736']
river herring food products	['e737']
rock cornish fowl meat food products	['e738']
rose food products	['e739']
rosemary food products	['e740']
rye based bakery food products	['e741']
rye cracker food products	['e742']
sablefish food products	['e743']
sage food products	['e744']
saithe food products	['e745']
salmon food products	['e746']
sardine food products	['e747']
sauger food products	['e748']
saurel food products	['e749']
saury food products	['e750']
scallop food products	['e751']
sea animal soups	['e752']
semihard cheese products	['e753']
semisoft cheese products	['e754']
sesame food products	['e755']
shallot food products	['e756']
shark food products	['e757']
sheep meat food products	['e758']
sheep milk beverages	['e759']
cocos fruit products	['e760']
shrimp food products	['e761']
siluriform fish food products	['e762']
skipjack tuna food products	['e763']
smelt food products	['e764']
nata de cocos	['e765']
snail food products	['e766']
snake meat food products	['e767']
snapper food products	['e768']
snow crab food products	['e769']
sockeye salmon food products	['e770']
soft cheese food products	['e771']
soft wheat food products	['e772']
sole food products	['e773']
soy based formula food products	['e774']
doujiangs	['e775']
soybean seed (field) food products	['e776']
soybean food products	['e777']
spinach food products	['e778']
sprat food products	['e779']
squash food products	['e780']
squat lobster food products	['e781']
squid food products	['e782']
steeped beverage products	['e783']
stone fruit food products	['e784']
stone fruit juices	['e785']
stone pine nut food products	['e786']
strawberry spread or sauces	['e787']
strawberry food products	['e788']
strawberry preserve or jams	['e789']
sturgeon food products	['e790']
sugar based cacao food products	['e791']
sugar beet food products	['e792']
sunflower food products	['e793']
surfclam food products	['e794']
sweet pea food products	['e795']
sweet potato food products	['e796']
sweet roll or sweet bun food products	['e797']
pork cured meat food products	['e798']
swine fat or oil refined food products	['e799']
swine snack foods	['e800']
swine sausages	['e801']
swordfish food products	['e802']
tamarind food products	['e803']
taro food products	['e804']
tarragon food products	['e805']
thyme food products	['e806']
tomato juice food products	['e807']
tomato soup food products	['e808']
trout food products	['e810']
tuna food products	['e811']
turbot food products	['e812']
turkey pie food products	['e813']
turmeric food products	['e814']
turnip food products	['e815']
turtle egg food products	['e816']
uncured cheese food products	['e817']
uncured cow milk cheese food products	['e818']
vanilla bean food products	['e819']
vegetable pickle food products	['e820']
vegetable soup food products	['e821']
walnut food products	['e822']
water chestnut food products	['e823']
watermelon food products	['e824']
wax bean food products	['e825']
whale food products	['e826']
whale meat food products	['e827']
wheat based bakery food products	['e828']
wheat based cake food products	['e829']
wheat based pastry food products	['e830']
wheat cereal food products	['e831']
wheat cracker food products	['e832']
whey based formula food products	['e833']
cow whey food products	['e834']
white asparagus vegetable food products	['e835']
white pepper food products	['e836']
whitefish (genus coregonus) food products	['e837']
whiting food products	['e838']
wolffish food products	['e839']
wood apple food products	['e840']
yam food products	['e841']
yellow perch food products	['e842']
yellowfin tuna food products	['e843']
youngberry food products	['e844']
food product by organisms	['e845']
ans	['e846']
sweet bean pastes	['e847']
azuki bean pastes	['e848']
shiro ans	['e849']
apple musts	['e850']
tuna scrapes	['e851']
mammalian buttermilks	['e852']
carob food products	['e854']
cactus food products	['e855']
castor bean food products	['e856']
bean flours	['e859']
cambozola cheeses	['e861']
canastrato cheeses	['e862']
agave food products	['e863']
roquefort cheeses	['e864']
stracchino cheeses	['e865']
adzuki bean food products	['e867']
mint food products	['e868']
citron melon food products	['e869']
mushroom food products	['e870']
dandelion food products	['e871']
elderberry food products	['e873']
elk food products	['e874']
endives	['e875']
mullet fish food products	['e876']
rockfish food products	['e877']
flounder food products	['e878']
frog food products	['e879']
limpet food products	['e880']
needlefish food products	['e881']
donkey food products	['e882']
nutsedge food products	['e883']
zucchini food products	['e884']
zebra food products	['e885']
multi-component honey products	['e886']
black currant food products	['e888']
red currant food products	['e889']
lime fruit food products	['e890']
apples	['e897']
apple pies	['e899']
pies	['e900']
game animal food products	['e901']
harissa chili pastes	['e907']
fowl food products	['e912']
neet fish food products	['e914']
sarsaparilla food products	['e915']
sassafras food products	['e916']
narangilla food products	['e917']
kiwifruit food products	['e918']
licorice plant food products	['e919']
persimmon food products	['e920']
chard food products	['e921']
safflower plant food products	['e922']
spice rubs	['e923']
ham food products	['e924']
cocoa flavanols	['e925']
tualag honeys	['e926']
smetanas	['e927']
blueberry juices	['e929']
blue corn meals	['e931']
carrot cakes	['e932']
gravlaxes	['e933']
o's cereals	['e935']
shish kebabs	['e936']
masas	['e937']
potato waffles	['e938']
potato wedge	['e939']
añejo cheeses	['e940']
quesa chihuahuas	['e941']
cotija cheeses	['e942']
oaxaca cheeses	['e943']
serrano hams	['e944']
iberian hams	['e945']
shell beans	['e946']
triticale food products	['e947']
triticale flours	['e948']
tzimbalo melon pears	['e949']
wagyu steaks	['e950']
black puddings	['e951']
red delicious apples	['e953']
blinis	['e954']
chipotles	['e955']
elderflowers	['e956']
grape seeds	['e958']
pork loins	['e960']
squash flowers	['e961']
arborio rices	['e962']
bean sprouts	['e963']
wine by regions	['e964']
kava food products	['e966']
chardonnay wines	['e967']
cabernet sauvignon wines	['e968']
chenin blanc wines	['e969']
malbec wines	['e970']
merlot wines	['e971']
pinot blanc wines	['e972']
pinot gris wines	['e973']
pinot noir wines	['e974']
pinotage wines	['e975']
reserve wines	['e976']
riesling wines	['e977']
sangiovese wines	['e978']
sauvignon blanc wines	['e979']
semillon wines	['e980']
glera wines	['e981']
prosecco wines	['e982']
syrah wines	['e983']
tempranillo wines	['e984']
zinfandel wines	['e985']
frappato wines	['e986']
gamay noir wines	['e987']
gewürztraminer wines	['e988']
carignane wines	['e989']
grenache wines	['e990']
barbera wines	['e991']
zakynthos wines	['e992']
bordeaux wines	['e993']
pig food products	['e995']
pork food products	['e995']
almond barks	['e996']
allspices	['e997']
alligator meats	['e998']
anchovy fillets	['e999']
alfalfa sprouts	['e1000']
animal meat food products	['e1001']
chicken nuggets	['e1002']
chicken wings	['e1003']
cod liver food products	['e1005']
crab claws	['e1006']
fish cakes	['e1007']
fish fillets	['e1008']
mahi mahi fillets	['e1009']
milk fats	['e1010']
mustard green	['e1011']
navy beans	['e1012']
spiny lobsters	['e1013']
romaine lettuce heads	['e1014']
tropical fruit food products	['e1015']
turkey breasts	['e1016']
moth bean food products	['e1018']
canola meals	['e1019']
scallion food products	['e1020']
alpaca meat food products	['e1021']
apple snails	['e1022']
barramundi food products	['e1023']
barramundi fillets	['e1024']
canola plant food products	['e1025']
chamomile food products	['e1026']
chicken breasts	['e1027']
cod fillets	['e1028']
crackers	['e1030']
herring fillets	['e1032']
chicken drumsticks	['e1033']
kielbasas	['e1034']
pork sausages	['e1035']
turkey livers	['e1036']
snapper fillets	['e1037']
roast beefs	['e1038']
sole fillets	['e1039']
bird's eye chilis	['e1040']
meat and bone meals	['e1041']
tuna fillets	['e1042']
hen egg liquids	['e1043']
soft-shell crabs	['e1044']
guajillo chili food products	['e1045']
brown beans	['e1046']
beans	['e1050']
kidney beans	['e1056']
dry bean pods	['e1058']
shell bean pods	['e1059']
bean pods	['e1060']
pink bean food products	['e1062']
brown bean food products	['e1063']
hyacinth bean pods	['e1065']
cranberry bean food products	['e1066']
asparagus bean food products	['e1067']
bambara groundnuts	['e1068']
jack beans	['e1070']
jack-bean food products	['e1071']
pigeon pea food products	['e1072']
pigeon peas	['e1073']
soybean pods	['e1074']
marrow beans	['e1077']
velvet beans	['e1078']
vetch food products	['e1079']
vetch seeds	['e1083']
potato flake	['e1084']
red bananas	['e1085']
potato prepared foods	['e1088']
banana powders	['e1094']
edamames	['e1100']
broad bean pods	['e1102']
edible bean pods	['e1103']
pea food products	['e1104']
liver food products	['e1109']
kidney food products	['e1111']
lung food products	['e1112']
biltongs	['e1117']
lamb necks	['e1118']
blood food products	['e1119']
plant ash food products	['e1120']
juniper ashes	['e1121']
corn nuts	['e1123']
enchiladas	['e1124']
granny smith apples	['e1125']
hohoysi teas	['e1128']
fuji apples	['e1129']
blaufränkisch wines	['e1130']
mashu roots	['e1131']
medjool dates	['e1132']
mourvèdre wines	['e1133']
nattōs	['e1134']
oheloberry fruit products	['e1135']
okaras	['e1137']
jiaozis	['e1138']
pumpkin pie spices	['e1139']
sōman	['e1140']
short grain rice kernels	['e1141']
beef short ribs	['e1142']
fermented salmons	['e1143']
tea seed oils	['e1144']
blue crabmeats	['e1145']
yellow bean pods	['e1146']
black turtle beans	['e1147']
rock lobster tails	['e1150']
king crabmeats	['e1151']
masagos	['e1152']
bratwursts	['e1153']
muttons	['e1154']
bhuna chanas	['e1155']
grana padanos	['e1156']
green cabbage heads	['e1157']
red cabbage heads	['e1158']
green cardamom pods	['e1159']
black cardamom pods	['e1160']
ground chucks	['e1162']
ground rounds	['e1163']
hazelnut food products	['e1164']
hazelnuts	['e1165']
venisons	['e1166']
asafoetidas	['e1167']
soursops	['e1168']
instant noodles	['e1169']
parsley leafs	['e1170']
kimchis	['e1171']
andouille sausages	['e1172']
kohlrabi leafs	['e1173']
kohlrabi food products	['e1174']
beef prime rib roasts	['e1175']
game meats	['e1176']
lemongrass leafs	['e1177']
beef sausages	['e1178']
chia seeds	['e1179']
safflower flowers	['e1180']
kapchunka fishes	['e1181']
okazi leafs	['e1182']
okazi tubers	['e1183']
tango apples	['e1184']
baby spinaches	['e1185']
tuna tatakis	['e1187']
fish steaks	['e1188']
tuna steaks	['e1189']
broccoli sprouts	['e1190']
fresh bratwursts	['e1191']
cooked bratwursts	['e1192']
ancho peppers	['e1193']
ancho powders	['e1194']
ivy gourd food products	['e1195']
macadamia nuts	['e1196']
pickled cucumbers	['e1197']
saskatoon berries	['e1198']
nankin cherries	['e1200']
wax beans	['e1201']
bell pepper food products	['e1203']
golden zucchini squashes	['e1204']
cheese soups	['e1207']
turmeric extracts	['e1209']
caraway food products	['e1211']
black olives	['e1214']
drupelet berry food products	['e1215']
pomelo fruits	['e1216']
bramble berry food products	['e1217']
beef steaks	['e1218']
angelica food products	['e1219']
greater burdock roots	['e1223']
mugwort leaves and bud	['e1225']
borage food products	['e1226']
herb food products	['e1228']
saffron food products	['e1229']
basil food products	['e1230']
softneck garlics	['e1231']
hardneck garlics	['e1232']
hummu	['e1234']
empanadas	['e1235']
pan dulces	['e1236']
grit	['e1237']
pikis	['e1238']
watercresses	['e1241']
pomegranate food products	['e1242']
skunk currants	['e1247']
pineapple sage leafs	['e1248']
sweet rowanberries	['e1249']
red rice kernels	['e1252']
prickly pear pads	['e1253']
chinese yams	['e1254']
mountain yams	['e1255']
veals	['e1256']
young jackfruits	['e1258']
crowberry food products	['e1260']
hickory nuts	['e1261']
roselle food products	['e1263']
sorrel food products	['e1264']
star anise food products	['e1265']
lovage food products	['e1266']
lovage seeds	['e1267']
lovage roots	['e1268']
lovage leafs	['e1269']
lychees	['e1270']
black crowberries	['e1271']
star fruits	['e1272']
star fruit food products	['e1273']
red crowberries	['e1274']
purple crowberries	['e1275']
sea-buckthorn food products	['e1277']
sea buckthorn berries	['e1278']
hyssop food products	['e1280']
mangosteen food products	['e1281']
mammea africana fruit products	['e1282']
mamey apples	['e1283']
lotus plant food products	['e1284']
pine nut food products	['e1285']
colorado pinyon pine nut food products	['e1286']
surinam cherries	['e1287']
opium poppy seed food products	['e1288']
oregon yampah roots	['e1291']
gai lans	['e1295']
common wheat kernels	['e1296']
mulberry food products	['e1298']
heart of palms	['e1301']
bulgurs	['e1303']
caffè mochas	['e1304']
canadian bacons	['e1305']
back bacons	['e1306']
heart food products	['e1307']
brain food products	['e1308']
spelt kernels	['e1309']
sweetbread food products	['e1310']
meat spreads	['e1311']
almond milks	['e1312']
egg soups	['e1313']
scarlet runner bean food products	['e1314']
scarlet runner bean pods	['e1315']
deerberry food products	['e1316']
welsh onions	['e1321']
guarana food products	['e1323']
longan fruit food products	['e1324']
jojoba bean food products	['e1326']
ymers	['e1328']
chocolate spreads	['e1329']
soy yogurts	['e1331']
vegetarian food products	['e1332']
shea fruit food products	['e1335']
soy creams	['e1337']
landjaegers	['e1338']
peanuts	['e1340']
misos	['e1342']
steel cut oat	['e1343']
confectionery fats	['e1346']
filling fats	['e1348']
poppyseed oils	['e1349']
tomato seed oils	['e1350']
walnut oils	['e1351']
apricot kernel oils	['e1352']
hazelnut oils	['e1353']
cupuaçu fruit food products	['e1354']
cupuaçu oils	['e1355']
nutmeg butters	['e1356']
ucuhuba seed oils	['e1357']
rice bran oils	['e1359']
mueslis	['e1362']
tarte tropéziennes	['e1363']
beef bourguignons	['e1364']
soufflés	['e1366']
prosciuttos	['e1367']
parmesan cheese food products	['e1368']
pancettum	['e1369']
omelettes	['e1370']
mille-feuille pastries	['e1371']
mascarpones	['e1372']
pale ales	['e1373']
india pale ales	['e1374']
strained yogurts	['e1375']
fondue savoyardes	['e1376']
burgundy fondues	['e1377']
figs	['e1378']
pork rib	['e1379']
spätzles	['e1380']
cornichon pickles	['e1383']
citrus fruit zests	['e1384']
lemon zests	['e1385']
truffle food products	['e1386']
peppercorn food products	['e1387']
tonka bean food products	['e1388']
tamarillo food products	['e1389']
manzanilla olives	['e1390']
white grapefruit juices	['e1391']
turkey sausages	['e1392']
beef loins	['e1395']
beef tenderloins	['e1396']
beef top loin steaks	['e1397']
beef t-bone steaks	['e1398']
beef porterhouse steaks	['e1399']
blue corn flours	['e1400']
winged bean pods	['e1401']
white bean food products	['e1403']
graham flours	['e1404']
echinoderm food products	['e1405']
yuzu food products	['e1408']
citrus fruits	['e1410']
turkey thighs	['e1411']
turkey legs	['e1412']
lemongrass stalks	['e1417']
brassica food products	['e1418']
gala apples	['e1420']
brown rice flours	['e1423']
glutinous rices	['e1424']
glutinous rice flours	['e1425']
pastry flours	['e1427']
chicken carcasses	['e1430']
barley seeds	['e1434']
cumin seeds	['e1435']
ginkgo nuts	['e1436']
arabica coffee beans	['e1437']
robusta coffee beans	['e1438']
excelsa coffee beans	['e1439']
common beans	['e1440']
common bean pods	['e1441']
broccoli florets	['e1442']
cabbage heads	['e1443']
rapeseeds	['e1444']
carrot roots	['e1445']
cassavas	['e1446']
cauliflower florets	['e1447']
celery stalks	['e1448']
sugar beets	['e1449']
sweet cherries	['e1450']
cowpeas	['e1451']
durum wheat kernels	['e1453']
grapes	['e1454']
common hazelnuts	['e1455']
mustard seeds	['e1456']
indian mustard seeds	['e1457']
kohlrabi stems	['e1458']
lettuce leafs	['e1459']
soft white wheat kernels	['e1460']
hominy grit	['e1461']
maize kernels	['e1462']
maize cobs	['e1463']
oats	['e1464']
perl millet kernels	['e1465']
radishes	['e1466']
rhubarb stalks	['e1467']
raspberries	['e1468']
whole grain rice kernels	['e1469']
brown rice kernels	['e1470']
black rice kernels	['e1471']
rutabaga food products	['e1472']
rutabagas	['e1473']
saffron threads	['e1474']
siberian kale leafs	['e1475']
strawberries	['e1476']
sweet potatoes	['e1477']
turnips	['e1478']
yams	['e1479']
coconuts	['e1480']
jackfruit food products	['e1481']
jackfruits	['e1482']
asparagus spears	['e1483']
pineapples	['e1484']
white mushrooms	['e1485']
brown mushrooms	['e1486']
portobello mushrooms	['e1487']
cultivated mushrooms	['e1488']
pioppini mushrooms	['e1489']
poultry drumsticks	['e1492']
sichuan peppers	['e1493']
red sichuan peppercorns	['e1494']
green sichuan peppercorns	['e1495']
salmons	['e1496']
apricots	['e1497']
drupelet berries	['e1498']
cherries	['e1499']
loganberries	['e1500']
cloudberries	['e1501']
clingstone peaches	['e1502']
freestone peaches	['e1503']
plums	['e1504']
pimientos	['e1505']
sweet red bell peppers	['e1506']
blackberries	['e1508']
tangerines	['e1509']
akees	['e1510']
black raspberries	['e1511']
blackeyed peas	['e1512']
jalapeno peppers	['e1514']
spinach leafs	['e1515']
spinach heads	['e1516']
spinach bunches	['e1517']
mustard leafs	['e1518']
collard leafs	['e1519']
kale leafs	['e1520']
star anises	['e1521']
collard greens bunches	['e1522']
collard heads	['e1523']
mustard greens bunches	['e1524']
kale greens bunches	['e1525']
crisphead lettuces	['e1527']
butterhead lettuces	['e1528']
head lettuces	['e1529']
living lettuces	['e1530']
cabbage leafs	['e1531']
red onions	['e1533']
yellow onions	['e1534']
white onions	['e1535']
honeycrisp apples	['e1536']
berries	['e1538']
lung oysters	['e1539']
almonds	['e1540']
land cress leafs	['e1541']
land cress food products	['e1542']
land cress bunches	['e1543']
mushroom fruitbodies	['e1544']
chanterelle mushrooms	['e1545']
chard leafs	['e1546']
chard bunches	['e1547']
siberian kale bunches	['e1548']
turnip leafs	['e1549']
sour cherries	['e1550']
blue plums	['e1551']
purple plums	['e1552']
prunes	['e1553']
mangos	['e1554']
papayas	['e1556']
blueberries	['e1557']
lingonberries	['e1558']
gooseberries	['e1559']
huckleberries	['e1560']
hot peppers	['e1561']
bell peppers	['e1562']
sweet green bell peppers	['e1563']
sweet yellow bell peppers	['e1564']
sweet orange bell peppers	['e1565']
green asparagus spears	['e1566']
white asparagus spears	['e1567']
purple asparagus spears	['e1568']
grapefruits	['e1569']
mandarin oranges	['e1570']
boysenberries	['e1571']
dewberries	['e1572']
yellow potatoes	['e1573']
white potatoes	['e1574']
field peas	['e1575']
sweet peas	['e1576']
field corn kernels	['e1577']
chestnuts	['e1578']
youngberries	['e1579']
tropical fruits	['e1580']
mangosteens	['e1581']
star apples	['e1582']
pear tomatoes	['e1583']
water chestnuts	['e1584']
root vegetables	['e1585']
artichoke heads	['e1586']
waterfly eggs	['e1587']
williams pears	['e1588']
common pears	['e1589']
cantaloupes	['e1590']
fuzzy kiwifruits	['e1591']
navel oranges	['e1592']
grape tomatoes	['e1593']
garlic bulbs	['e1595']
garlic cloves	['e1596']
garlic scapes	['e1597']
nectarines	['e1598']
light red kidney beans	['e1599']
dark red kidney beans	['e1600']
bosc pears	['e1601']
celery hearts	['e1602']
cassava leafs	['e1603']
acerolas	['e1604']
fish meats	['e1605']
muskmelons	['e1607']
melons	['e1608']
honeydew melons	['e1609']
acorn squashes	['e1610']
avocados	['e1611']
amaranth seeds	['e1612']
arrowroots	['e1613']
arugula food products	['e1614']
arugula leafs	['e1615']
apple flours	['e1616']
black currants	['e1617']
asian pears	['e1618']
banana passionfruits	['e1619']
bayberries	['e1620']
black grapes	['e1621']
black walnuts	['e1622']
black radishes	['e1623']
cocoa beans	['e1624']
areca nuts	['e1625']
cashew nuts	['e1626']
cherimoya fruits	['e1627']
cupuaçu fruits	['e1628']
eggplants	['e1629']
california valencia oranges	['e1630']
fenugreek leafs	['e1631']
fenugreek leaf bunches	['e1632']
guavas	['e1633']
chicory leafs	['e1634']
chicory heads	['e1635']
chicory bunches	['e1636']
java apples	['e1637']
beechnuts	['e1638']
breadfruits	['e1639']
basil leafs	['e1640']
bean leafs	['e1641']
swiss chard leafs	['e1642']
swiss chard bunches	['e1643']
beet leafs	['e1644']
cauliflower leafs	['e1645']
celery leafs	['e1646']
celery bunches	['e1647']
grape leafs	['e1648']
grape clusters	['e1649']
groundsel leafs	['e1650']
loose leaf lettuce plant leafs	['e1651']
mizuna leafs	['e1652']
papaya leafs	['e1653']
arugula greens bunches	['e1654']
parsley bunches	['e1655']
pumpkin leafs	['e1656']
radish leafs	['e1657']
sorrel leafs	['e1658']
sorrel bunches	['e1659']
taro leafs	['e1660']
vegetable leafs	['e1661']
jujube fruits	['e1662']
chayotes	['e1663']
japanese chestnuts	['e1664']
clementines	['e1665']
cranberries	['e1666']
horned melons	['e1667']
citrons	['e1668']
custard apples	['e1669']
limes	['e1670']
chinese cabbage heads	['e1671']
chinese cabbage food products	['e1672']
chinese cabbage leafs	['e1673']
durians	['e1674']
daikons	['e1675']
kola nuts	['e1676']
kola nut pods	['e1677']
filbert nuts	['e1678']
leeks	['e1679']
miracle berries	['e1680']
watermelons	['e1681']
tamarind pods	['e1682']
passion fruits	['e1683']
longans	['e1685']
elderberries	['e1686']
pomegranates	['e1687']
natal plums	['e1688']
okra pods	['e1689']
okra seeds	['e1690']
flaxseeds	['e1691']
savoy cabbage heads	['e1692']
tronchuda cabbage leafs	['e1693']
kumquats	['e1694']
sacred pears	['e1695']
naranjillas	['e1696']
salmonberries	['e1697']
pistachio nut food products	['e1698']
pistachio nuts	['e1699']
shea fruits	['e1700']
parsnips	['e1701']
finger millet seeds	['e1703']
scallions	['e1704']
horseradish roots	['e1705']
pecans	['e1706']
spanish peanuts	['e1707']
runner peanuts	['e1708']
valencia peanuts	['e1709']
virginia peanuts	['e1710']
virginia peanut pods	['e1711']
moreton bay chestnut black beans	['e1712']
jerusalem artichokes	['e1713']
pattypan squashes	['e1714']
summer squashes	['e1715']
yellow summer squashes	['e1716']
pawpaws	['e1717']
purslane leafs	['e1718']
ridge gourds	['e1720']
sweet onions	['e1721']
idaho potatoes	['e1722']
idaho russet potatoes	['e1723']
ginger roots	['e1724']
ginseng roots	['e1725']
squashberries	['e1726']
rambutans	['e1727']
otaheite gooseberries	['e1728']
pili nuts	['e1729']
persimmons	['e1730']
quinces	['e1731']
lemon balm food products	['e1732']
lemon balm leafs	['e1733']
red raspberries	['e1735']
tamarillos	['e1736']
tangelos	['e1737']
yuzus	['e1738']
sumac berries	['e1739']
rye kernels	['e1740']
lathyrus peas	['e1741']
shea nuts	['e1742']
lupine beans	['e1743']
vanilla beans	['e1744']
jicama tubers	['e1745']
wrinkled peas	['e1746']
kava roots	['e1747']
safflower seeds	['e1749']
chili peppers	['e1750']
tomatillos	['e1751']
rose hips	['e1752']
seville oranges	['e1753']
shallots	['e1754']
olallieberries	['e1755']
wood apples	['e1756']
taro roots	['e1757']
turmeric roots	['e1758']
yellow plums	['e1759']
red plums	['e1760']
plum tomatoes	['e1761']
white lupine beans	['e1762']
russet burbank potatoes	['e1763']
yellow variety sweet potatoes	['e1764']
red variety sweet potatoes	['e1765']
jersey yellow sweet potatoes	['e1766']
white peppercorns	['e1767']
yellow nutsedge tubers	['e1768']
sair dates	['e1769']
green tomatoes	['e1770']
red currants	['e1771']
purple cauliflower florets	['e1772']
field cress leafs	['e1773']
red potatoes	['e1774']
belgian carrots	['e1775']
red abyssinian banana corms	['e1776']
seedless white grapes	['e1777']
miniature tomatoes	['e1778']
oat brans	['e1779']
bramble berries	['e1780']
ribier grapes	['e1781']
white grapes	['e1782']
red grapes	['e1783']
catjang peas	['e1784']
zucca melons	['e1785']
yellow dent corn kernels	['e1786']
yellow sweet corn kernels	['e1787']
white sweet corn kernels	['e1788']
plantains	['e1789']
sweet corn kernels	['e1790']
long grain rice kernels	['e1791']
white rices	['e1792']
chive leafs	['e1793']
soursop food products	['e1794']
anise seeds	['e1796']
cardamom seeds	['e1797']
dill seeds	['e1799']
jojoba beans	['e1800']
lotus seeds	['e1801']
juniper berries	['e1802']
cayenne peppers	['e1803']
konbu blades	['e1805']
bay leafs	['e1806']
california bay leafs	['e1807']
bay laurels	['e1808']
indian bay leafs	['e1809']
indonesian bay leafs	['e1810']
west indian bay leafs	['e1811']
mexican bay leafs	['e1812']
rosemary leafs	['e1813']
pink peppercorns	['e1814']
spanish thyme leafs	['e1815']
tarragon leafs	['e1816']
italian prune plums	['e1817']
herb leafs	['e1818']
kelp blades	['e1819']
vegetables	['e1820']
neem leafs	['e1821']
pandan leafs	['e1822']
chaparral leafs	['e1823']
stevia leafs	['e1824']
mountain arnica leafs	['e1825']
arnica leafs	['e1826']
bitter leafs	['e1827']
chamomile leafs	['e1828']
bitter gourd leafs	['e1829']
savory leafs	['e1830']
summer savory leafs	['e1831']
winter savory leafs	['e1832']
barberry barks	['e1833']
estafiate wormwood leafs	['e1834']
red pear tomatoes	['e1835']
charoli seeds	['e1836']
river tamarind seeds	['e1837']
acacia food products	['e1838']
acacia leafs	['e1839']
acacia seeds	['e1840']
soybean sprouts	['e1841']
kra thom na leafs	['e1842']
kaim leafs	['e1843']
romaine lettuce hearts	['e1844']
cheese cores	['e1845']
pork ears	['e1846']
soy nut butters	['e1848']
coconut meats	['e1849']
young goudas	['e1851']
graskaas goudas	['e1852']
farmhouse cheeses	['e1853']
boerenkass cheeses	['e1854']
fermented nut food products	['e1855']
nut cheeses	['e1856']
coconut flakes	['e1857']
coconut cheeses	['e1858']
cashew milks	['e1859']
cashew cheeses	['e1860']
almond cheeses	['e1861']
deggi peppers	['e1862']
aji amarillo pastes	['e1863']
leberkases	['e1864']
ground sirloins	['e1865']
chocolate balls	['e1867']
american ginseng roots	['e1868']
koftum	['e1869']
chili dogs	['e1870']
chinese ginseng roots	['e1871']
japanese ginseng roots	['e1872']
bok choy leafs	['e1873']
bok choy rosettes	['e1874']
shanghai bok choy leafs	['e1875']
shanghai bok choy rosettes	['e1876']
egusi seeds	['e1877']
red raspberry leafs	['e1878']
river tamarind pods	['e1879']
almond meats	['e1881']
bob veals	['e1882']
formula fed veals	['e1883']
de arbol powders	['e1884']
habanero powders	['e1885']
aloe vera powders	['e1886']
neem leaf powders	['e1887']
lemongrass powders	['e1888']
almond meals	['e1889']
blanched almond meals	['e1890']
natural almond meals	['e1891']
corn dogs	['e1892']
chia seed powders	['e1893']
dairy-based coffee drinks	['e1897']
winter squashes	['e1899']
crassostrea gigas kumamotos	['e1900']
destemmed grape musts	['e1901']
free-run grape juices	['e1902']
pressed grape juices	['e1903']
grape pomaces	['e1904']
sweet wines	['e1905']
rosé wine musts	['e1907']
red wine musts	['e1908']
white wine musts	['e1909']
white grape clusters	['e1910']
red grape clusters	['e1911']
lemongrass food products	['e1913']
macadamia nut food products	['e1914']
pork frankfurters	['e1915']
amaranth flours	['e1916']
feta cheese food products	['e1918']
sheep milk feta cheeses	['e1919']
cow milk feta cheeses	['e1920']
goat milk feta cheeses	['e1921']
piklizs	['e1922']
pennywort juice food products	['e1923']
pennywort juices	['e1924']
celeriac food products	['e1926']
celeriac stalks	['e1927']
pork hearts	['e1928']
celeriac roots	['e1930']
leaf celery stalks	['e1931']
celery (dulce group) food products	['e1932']
blood cockle food products	['e1934']
golden kiwifruits	['e1938']
chinese chive leafs	['e1940']
poultry by-products	['e1944']
butterfly shrimps	['e1945']
mangifera minor fruits	['e1946']
english walnuts	['e1947']
european plums	['e1948']
manchurian pears	['e1951']
new mexico chili powders	['e1952']
krachais	['e1953']
krachai powders	['e1954']
velvet bean food products	['e1955']
kapikachu powders	['e1956']
seal meat food products	['e1957']
piece of seals	['e1958']
plant based powders	['e1959']
moringa leaf powders	['e1960']
capsicum powders	['e1961']
incense powders	['e1962']
prepared chicken wings	['e1964']
sakus	['e1966']
kratom leaf powders	['e1967']
indo kratom leaf powders	['e1968']
chinese five spice powders	['e1969']
saba bananas	['e1972']
musa balbisiana bananas	['e1973']
bananas	['e1975']
malus sieversii apples	['e1977']
pink apples	['e1978']
quinoa seeds	['e1980']
good-king-henry food products	['e1981']
good-king-henry seeds	['e1982']
good-king-henry leafs	['e1983']
good-king-henry stems	['e1984']
tree spinach food products	['e1986']
tree spinach leafs	['e1987']
tree spinach seeds	['e1988']
tree spinach stems	['e1989']
blood oranges	['e1990']
golden delicious apples	['e1994']
alaska blueberries	['e2000']
casaba melons	['e2002']
morello cherries	['e2004']
amarelle cherries	['e2005']
buckwheat seeds	['e2011']
chokecherry food products	['e2012']
chokecherries	['e2013']
strawberry guavas	['e2015']
strawberry guava food products	['e2017']
anjou pears	['e2021']
monterey jack cheese products	['e2026']
animal food products	['e2032']
roselle calyxes	['e2033']
rowal food products	['e2035']
rowal fruits	['e2036']
sapodilla food products	['e2039']
sapodilla fruits	['e2040']
chinese chestnuts	['e2050']
fennel food products	['e2055']
fennel seeds	['e2056']
chistorras	['e2057']
rohu eggs	['e2059']
ilish eggs	['e2060']
turtle food products	['e2062']
amphibian food products	['e2063']
reptile food products	['e2064']
dill spices	['e2065']
brassica carinata meals	['e2066']
mint sauces	['e2067']
compound feed premixes	['e2069']
rice kernel with husks	['e2073']
rice husks	['e2074']
ostrich food products	['e2075']
guar plant food products	['e2076']
mafurra nuts	['e2077']
romano cheese food products	['e2078']
white glutinous rices	['e2086']
mustard spinach food products	['e2088']
mustard spinach leafs	['e2089']
goji berry food products	['e2092']
goji berries	['e2093']
bitter melon food products	['e2100']
moringa food products	['e2101']
tangelo food products	['e2104']
sumac food products	['e2110']
pitaya food products	['e2113']
pitaya fruits	['e2114']
yellow pitaya fruits	['e2115']
dragon fruits	['e2117']
kiwifruits	['e2119']
skyrs	['e2121']
winged bean leafs	['e2122']
winged bean tubers	['e2123']
beautyberry food products	['e2124']
beautyberries	['e2125']
black beautyberries	['e2126']
american beautyberries	['e2128']
welchs pink berries	['e2130']
labnehs	['e2139']
greek yogurts	['e2140']
beef hearts	['e2141']
bison meat food products	['e2143']
goat food products	['e2149']
wild boar food products	['e2152']
duck eggs	['e2157']
mafurra nut food products	['e2159']
spelt food products	['e2162']
hickory nut food products	['e2163']
baby arugula green	['e2164']
delicata squashes	['e2167']
green acorn squashes	['e2169']
golden acorn squashes	['e2171']
mexican grey squashes	['e2173']
pignut hickory nuts	['e2175']
shellback hickory nuts	['e2176']
red hickory nuts	['e2177']
shagbark hickory nuts	['e2178']
mexican hickory nuts	['e2179']
black hickory nuts	['e2180']
habaneros	['e2183']
ivy gourds	['e2184']
piece of emu meats	['e2185']
beef roasts	['e2187']
lamb roasts	['e2188']
pork roasts	['e2189']
lamb primal cuts	['e2190']
pork primal cuts	['e2191']
lamb sub-primal cuts	['e2192']
pork sub-primal cuts	['e2193']
pork retail cuts	['e2194']
lamb chops	['e2195']
pork chops	['e2196']
pork muscle tissue cuts	['e2197']
piece of pigs	['e2198']
goat milk curds	['e2199']
buffalo milk curds	['e2200']
sheep milk curds	['e2201']
cow milk curds	['e2202']
ice creams	['e2203']
quinoa flours	['e2204']
coconut flours	['e2205']
lobster meats	['e2206']
milled food products	['e2207']
flours	['e2208']
chestnut flours	['e2209']
00 white wheat flours	['e2210']
oat milks	['e2213']
sesame butters	['e2222']
queso frescos	['e2223']
veal carcasses	['e2225']
piece(s) of herbs	['e2227']
field blewits	['e2229']
pig foots	['e2230']
canola seeds	['e2232']
pokeberry shoots	['e2233']
radicchio heads	['e2235']
finger millet food products	['e2239']
finger millet flours	['e2240']
goldenberry food products	['e2241']
goldenberries	['e2242']
moringa pods	['e2244']
baobab food products	['e2248']
baobab fruits	['e2249']
chokeberries	['e2251']
chokeberry food products	['e2251']
black chokeberries	['e2254']
california blackberry food products	['e2257']
california blackberries	['e2258']
blueleaf huckleberry food products	['e2260']
blueleaf huckleberries	['e2261']
mountain huckleberry food products	['e2263']
mountain huckleberries	['e2264']
blue elderberry food products	['e2268']
blue elderberries	['e2269']
red dragon fruits	['e2271']
purple passion fruits	['e2274']
purple passion fruit pulps	['e2274']
cosmic crisp apples	['e2277']
sugarbee apples	['e2279']
scarlet spur apples	['e2281']
envy apples	['e2283']
aztec fuji apples	['e2285']
royal royce strawberries	['e2286']
valiant strawberries	['e2288']
marionberries	['e2290']
brown lentils	['e2294']
red lentils	['e2296']
bilberries	['e2301']
curly kale leafs	['e2303']
pomegranate arils	['e2305']
anise hyssop food products	['e2308']
anise hyssop leafs	['e2309']
canada thistle food products	['e2312']
canada thistle flowers	['e2313']
canada thistle leafs	['e2315']
canada thistle roots	['e2317']
common mallow leafs	['e2320']
holy basil leafs	['e2322']
german chamomile leafs	['e2326']
dogwood berry food products	['e2329']
dogwood berries	['e2330']
kale lacinato leafs	['e2332']
canary bean food products	['e2334']
canary beans	['e2335']
sugar kelp food products	['e2347']
irish moss food products	['e2350']
sea lettuce food products	['e2354']
white bean flatbreads	['e2356']
tofus	['e2357']
extra firm tofus	['e2358']
farro food products	['e2361']
farro kernels	['e2362']
monterey jack cheese flavoured with chili flake	['e2366']
gray morel mushrooms	['e2367']
house cricket powders	['e2368']
cricket powders	['e2370']
jamaican cricket powders	['e2371']
cricket food products	['e2372']
pokeberry food products	['e2373']
golden rice kernels	['e2375']
bilberry food products	['e2376']
mallow food products	['e2377']
spelt flours	['e2379']
beef bottom round steaks	['e2380']
beef bottom round roasts	['e2384']
beef top round steaks	['e2388']
beef top round roasts	['e2395']
beef sirloin tip roasts	['e2399']
beef sirloin tip steaks	['e2401']
beef sirloin tip side roasts	['e2403']
beef sirloin tip side steaks	['e2405']
beef sirloin tip center roasts	['e2407']
beef sirloin tip center steaks	['e2409']
beef eye of round roasts	['e2411']
beef eye of round steaks	['e2413']
beef chuck tender steaks	['e2415']
beef chuck tender roasts	['e2417']
beef chuck eye roasts	['e2419']
beef chuck eye steaks	['e2421']
beef country-style ribs	['e2423']
beef sierra steaks	['e2425']
beef denver steaks	['e2427']
beef denver roasts	['e2429']
beef shoulder steaks	['e2431']
beef shoulder roasts	['e2433']
beef ranch steaks	['e2435']
beef top blade steaks	['e2437']
beef flat iron steaks	['e2439']
beef 7-bone chuck steaks	['e2441']
beef 7-bone chuck roasts	['e2443']
beef blade chuck steaks	['e2445']
beef blade chuck roasts	['e2447']
beef chuck roasts	['e2449']
beef chuck steaks	['e2451']
beef cross-rib roasts	['e2453']
beef chuck arm steaks	['e2455']
beef chuck arm roasts	['e2457']
beef chuck neck roasts	['e2459']
beef chuck flap/edge roasts	['e2461']
beef strip petite roasts	['e2471']
beef tenderloin roasts	['e2475']
beef tenderloin steaks	['e2477']
beef top sirloin steaks	['e2479']
beef top sirloin roasts	['e2481']
beef top sirloin petite roasts	['e2483']
beef culotte steaks	['e2485']
beef culotte roasts	['e2487']
beef tri-tip roasts	['e2489']
beef tri-tip steaks	['e2491']
beef petite sirloin steaks	['e2493']
beef petite sirloin roasts	['e2495']
beef sirloin bavette steaks	['e2497']
beef flank steaks	['e2499']
beef inside skirt steaks	['e2501']
beef outside skirt steaks	['e2503']
beef hanger steaks	['e2505']
beef ribeye roasts	['e2507']
beef ribeye steaks	['e2509']
beef ribeye petite roasts	['e2511']
beef ribeye fillets	['e2513']
beef ribeye cap steaks	['e2515']
beef rib steaks	['e2518']
beef small end rib roasts	['e2521']
beef large end rib roasts	['e2523']
beef cowboy steaks	['e2525']
beef tomahawk steaks	['e2527']
lamb shoulders	['e2529']
lamb shoulder blades	['e2531']
lamb shoulder blade roasts	['e2533']
lamb shoulder blade chops	['e2535']
lamb shoulder arms	['e2537']
lamb shoulder arm roasts	['e2539']
lamb shoulder arm chops	['e2541']
lamb legs	['e2543']
lamb shank halves	['e2546']
lamb sirloin halves	['e2548']
lamb leg bottoms	['e2552']
lamb leg tops	['e2553']
lamb sirloin chops	['e2554']
leg of lambs	['e2558']
leg of lamb center cuts	['e2560']
lamb ribs	['e2562']
lamb breasts	['e2564']
lamb foreshanks	['e2565']
lamb loins	['e2567']
lamb tenderloins	['e2569']
pork bellies	['e2571']
pork legs	['e2573']
pork leg sirloin halves	['e2575']
pork leg shank halves	['e2577']
pork loin blade chops	['e2580']
pork loin blade roasts	['e2582']
porterhouse chops	['e2584']
ribeye chops	['e2586']
ribeye roasts	['e2588']
pork sirloin chops	['e2590']
pork sirloin roasts	['e2594']
pork tenderloins	['e2596']
pork loin country-style rib	['e2601']
pork loin back rib	['e2605']
pork leg center slouse	['e2607']
pork sparerib	['e2610']
pork shoulders	['e2612']
pork picnics	['e2614']
pork arm roasts	['e2616']
pork shoulder blades	['e2618']
pork butt steaks	['e2620']
pork sirloin tips	['e2622']
pork sirloin tip roasts	['e2624']
pork leg cap steaks	['e2626']
pork petite tenders	['e2628']
pork brisket points	['e2630']
leaf lards	['e2632']
pork jowls	['e2634']
emu fan fillets	['e2636']
emu flat fillets	['e2638']
emu full rumps	['e2640']
emu inside drums	['e2641']
emu outside drums	['e2642']
emu oysters	['e2643']
animal milks	['e2666']
animal bloods	['e2668']
capon food products	['e2670']
live capons	['e2671']
capon carcasses	['e2672']
pigeon food products	['e2674']
emu food products	['e2678']
emu materials	['e2679']
emu processed carcasses	['e2680']
piece of emus	['e2685']
piece(s) of emus	['e2688']
piece(s) of emu meats	['e2689']
duck food products	['e2694']
duck substances	['e2695']
duck shelled eggs	['e2697']
duck egg whites	['e2699']
duck egg yolks	['e2700']
duck eggshells	['e2701']
chicken food products	['e2702']
chicken shelled eggs	['e2704']
chicken bloods	['e2706']
live chickens	['e2709']
piece of chicken meats	['e2730']
chicken thighs	['e2744']
chicken foots	['e2745']
chicken necks	['e2746']
chicken backs	['e2747']
chicken legs	['e2748']
piece of chicken thighs	['e2774']
piece of chicken breasts	['e2775']
piece of chicken drumsticks	['e2776']
piece of chicken wings	['e2777']
piece of chicken necks	['e2778']
piece of chicken backs	['e2779']
piece of chicken legs	['e2780']
piece of dark chicken meats	['e2818']
piece of light chicken meats	['e2824']
goose food products	['e2830']
turkey food products	['e2831']
turkey bloods	['e2832']
piece of turkey breasts	['e2852']
guinea fowl food products	['e2862']
pheasant food products	['e2863']
piece of dark poultry meats	['e2890']
piece of light poultry meats	['e2892']
quail food products	['e2894']
squab food products	['e2899']
mussel carcasses	['e2900']
scallop carcasses	['e2903']
antelope food products	['e2905']
bison food products	['e2906']
domestic yak food products	['e2907']
cow milks	['e2908']
beef external fats	['e2910']
beef seam fats	['e2911']
beefalo food products	['e2919']
buffalo food products	['e2920']
buffalo milks	['e2921']
water buffalo food products	['e2922']
goat milks	['e2923']
gazelle food products	['e2926']
lamb food products	['e2927']
lamb materials	['e2928']
lamb processed carcasses	['e2929']
piece of lambs	['e2934']
lamb muscle tissue cuts	['e2940']
lamb fats	['e2941']
lamb external fats	['e2942']
lamb seam fats	['e2943']
lamb organs	['e2947']
lamb hearts	['e2948']
lamb brains	['e2949']
lamb kidneys	['e2950']
lamb livers	['e2951']
lamb spleens	['e2952']
lamb lungs	['e2953']
lamb tongues	['e2954']
lamb thymu	['e2955']
lamb pancrea	['e2956']
lamb testicles	['e2957']
piece of lamb organs	['e2968']
piece of lamb hearts	['e2969']
piece of lamb brains	['e2970']
piece of lamb kidneys	['e2971']
piece of lamb livers	['e2972']
piece of lamb spleens	['e2973']
piece of lamb lungs	['e2974']
piece of lamb tongues	['e2975']
piece of lamb thymu	['e2976']
piece of lamb pancrea	['e2977']
piece of lamb testicles	['e2978']
piece of lamb meats	['e2989']
piece(s) of lambs	['e2998']
piece(s) of lamb meats	['e2999']
piece(s) of lamb organs	['e3015']
piece(s) of lamb hearts	['e3016']
piece(s) of lamb brains	['e3017']
piece(s) of lamb kidneys	['e3018']
piece(s) of lamb livers	['e3019']
piece(s) of lamb spleens	['e3020']
piece(s) of lamb lungs	['e3021']
piece(s) of lamb tongues	['e3022']
piece(s) of lamb thymu	['e3023']
piece(s) of lamb pancrea	['e3024']
piece(s) of lamb testicles	['e3025']
butchery cut of lambs	['e3037']
lamb retail cuts	['e3041']
lamb steaks	['e3043']
sheep food products	['e3051']
sheep milks	['e3052']
veal food products	['e3054']
live veals	['e3055']
moose food products	['e3057']
deer food products	['e3058']
reindeer food products	['e3059']
crab food products	['e3060']
kangaroo food products	['e3061']
whelk food products	['e3062']
giraffe food products	['e3063']
hippopotamus food products	['e3064']
rabbit food products	['e3065']
elephant food products	['e3066']
donkey milks	['e3067']
horse food products	['e3069']
horse milks	['e3070']
seal food products	['e3072']
piece of seal meats	['e3073']
green sea turtle food products	['e3074']
sea turtle food products	['e3075']
beaver food products	['e3076']
muskrat food products	['e3077']
squirrel food products	['e3078']
nutria food products	['e3079']
wild boar materials	['e3080']
wild boar carcasses	['e3081']
piece of wild boars	['e3083']
wild boar organs	['e3085']
piece of wild boar organs	['e3086']
piece of wild boar meats	['e3087']
piece(s) of wild boars	['e3088']
piece(s) of wild boar meats	['e3089']
piece(s) of wild boar organs	['e3091']
pig materials	['e3092']
pig substances	['e3093']
pork processed carcasses	['e3095']
pork organs	['e3101']
pork brains	['e3102']
pork kidneys	['e3103']
pork livers	['e3104']
pork spleens	['e3105']
pork lungs	['e3106']
pork tongues	['e3107']
pork thymu	['e3108']
pork pancrea	['e3109']
pork stomaches	['e3110']
pork small intestines	['e3111']
piece of pork organs	['e3124']
piece of pork hearts	['e3125']
piece of pork brains	['e3126']
piece of pork livers	['e3127']
piece of pork spleens	['e3128']
piece of pork lungs	['e3129']
piece of pork tongues	['e3130']
piece of pork thymu	['e3131']
piece of pork pancrea	['e3132']
piece of pork stomaches	['e3133']
piece of pork ears	['e3134']
piece of pork meats	['e3146']
pork tails	['e3148']
piece(s) of pigs	['e3149']
piece(s) of pork meats	['e3150']
piece(s) of pork organs	['e3165']
piece(s) of pork hearts	['e3166']
piece(s) of pork brains	['e3167']
piece(s) of pork kidneys	['e3168']
piece(s) of pork livers	['e3169']
piece(s) of pork spleens	['e3170']
piece(s) of pork lungs	['e3171']
piece(s) of pork tongues	['e3172']
piece(s) of pork thymu	['e3173']
piece(s) of pork pancrea	['e3174']
piece(s) of pork stomaches	['e3175']
piece(s) of pork ears	['e3176']
butchery cut of porks	['e3189']
pork steaks	['e3194']
bear food products	['e3202']
water buffalo milks	['e3203']
lamb small intestines	['e3205']
atlantic cod materials	['e3218']
piece of atlantic cods	['e3219']
piece of atlantic cod meats	['e3220']
butchery cut of atlantic cods	['e3221']
atlantic cod fillets	['e3222']
catfish materials	['e3228']
piece of catfishes	['e3229']
piece of catfish meats	['e3230']
butchery cut of catfishes	['e3231']
catfish fillets	['e3232']
nile tilapia materials	['e3238']
piece of nile tilapium	['e3239']
piece of nile tilapia meats	['e3240']
butchery cut of nile tilapium	['e3241']
nile tilapia fillets	['e3242']
sockeye salmon materials	['e3248']
piece of sockeye salmons	['e3249']
piece of sockeye salmon meats	['e3250']
butchery cut of sockeye salmons	['e3251']
sockeye salmon fillets	['e3252']
atlantic salmon materials	['e3261']
piece of atlantic salmons	['e3262']
piece of atlantic salmon meats	['e3263']
butchery cut of atlantic salmons	['e3264']
atlantic salmon fillets	['e3265']
fruit legislated as vegetables	['e3272']
fenugreek seeds	['e3273']
beet greens bunches	['e3274']
green algae food products	['e3275']
chlorella food products	['e3276']
shatawari root food products	['e3277']
hoodia stems	['e3278']
butterbur (petasites japonicus) food products	['e3279']
butterbur sprouts	['e3280']
chinese chive bunches	['e3281']
red leaf lettuces	['e3284']
amaranth leafs	['e3291']
garden cress leafs	['e3294']
garden cress food products	['e3295']
broccoli leafs	['e3303']
broccoli stalks	['e3305']
cardoon stalks	['e3307']
cardoon leafs	['e3309']
rapini leafs	['e3311']
rapini bunches	['e3313']
rapini food products	['e3314']
green cauliflower florets	['e3315']
swamp cabbage heads	['e3317']
borage flowers	['e3319']
borage leafs	['e3321']
celtuce food products	['e3323']
celtuce leafs	['e3324']
celtuce stems	['e3326']
dandelion leafs	['e3328']
fireweed food products	['e3330']
fireweed leafs	['e3331']
hubbard squashes	['e3333']
spaghetti squashes	['e3335']
straightneck squashes	['e3337']
crookneck squashes	['e3339']
new zealand spinach food products	['e3341']
new zealand spinach leafs	['e3342']
yellow bean food products	['e3348']
yellow beans	['e3349']
asparagus beans	['e3352']
cowpea pods	['e3354']
bitter gourd pods	['e3359']
nalta jute leafs	['e3360']
scotch kale leafs	['e3362']
pink lentils	['e3364']
edible pea pods	['e3366']
black cumin seeds	['e3368']
curry leafs	['e3369']
banana peppers	['e3373']
serrano peppers	['e3375']
hungarian wax peppers	['e3377']
sweet potato leafs	['e3379']
taro shoots	['e3383']
yellow tomatoes	['e3385']
orange tomatoes	['e3387']
tahitian taro leafs	['e3389']
fiveleaf yams	['e3392']
malabar spinach leafs	['e3394']
edamame pods	['e3396']
fiddlehead leafs	['e3401']
white icicle radishes	['e3403']
ginger leafs	['e3405']
coriander bunches	['e3406']
mint bunches	['e3407']
black cumin food products	['e3408']
chia seed food products	['e3409']
chia sprouts	['e3410']
pea sprouts	['e3411']
mixed sprout	['e3412']
wild rice kernels	['e3475']
khorasan wheat kernels	['e3481']
hard white wheat kernels	['e3483']
short-grain white rices	['e3484']
long grain brown rice kernels	['e3488']
dark rye flours	['e3490']
medium rye flours	['e3491']
light rye flours	['e3492']
whole wheat pastry flours	['e3493']
red algae food products	['e3496']
whole groat buckwheat flours	['e3499']
cheeses	['e3506']
ucuhuba butter oils	['e3513']
mutton tallows	['e3514']
boletus mushrooms	['e3515']
chia food products	['e3516']
curry leaf food products	['e3517']
seaweed food products	['e3521']
endive leafs	['e3522']
cod liver oils	['e3524']
sardine oils	['e3525']
menhaden oils	['e3526']
arrowroot flours	['e3530']
romano cheeses	['e3533']
light sour creams	['e3537']
american cheese food products	['e3539']
american cheeses	['e3540']
pasteurized process american cheese foods	['e3544']
pasteurized process american cheese spreads	['e3545']
gjetost cheeses	['e3549']
arrowroot flour food products	['e3551']
chocolate candies	['e3555']
honey butters	['e3556']
grape wines	['e3557']
barley malt powders	['e3558']
honey extracts	['e3565']
royal jellies	['e3570']
citrus honeys	['e3571']
soft-ripened cheeses	['e3575']
oriental noodles	['e3580']
candied citron melons	['e3584']
chocolate liquors	['e3585']
cocoas	['e3587']
black fungus food products	['e3590']
caviars	['e3592']
orange drinks	['e3604']
orange pulpwash solid	['e3605']
orange juice solid	['e3606']
orange juices	['e3607']
cranberry concentrates	['e3608']
fruit jams	['e3610']
fruit pulps	['e3611']
bran food products	['e3614']
strawberry jams	['e3617']
blueberry jams	['e3618']
applesauces	['e3619']
grape juices	['e3620']
apple flavorings	['e3623']
apple wines	['e3624']
brown rice kernel food products	['e3625']
aspics	['e3627']
cherry juices	['e3628']
cucumber pickles	['e3629']
mustard oils	['e3633']
cinnamons	['e3650']
spice seeds	['e3652']
artichoke hearts	['e3658']
jerusalem artichoke flours	['e3659']
acidophilus lowfat milks	['e3663']
century plant juices	['e3669']
bark teas	['e3670']
multer berries	['e3679']
chervil food products	['e3680']
cinnamon sticks	['e3682']
broad beans	['e3684']
white beans	['e3685']
vinegar made from dried apple cores and skin	['e3686']
cranberry sauces	['e3694']
fig pastes	['e3698']
cherry jams	['e3699']
black currant jams	['e3700']
maraschino cherries	['e3702']
green olives	['e3714']
mung beans	['e3720']
raisins	['e3726']
apricot nectars	['e3728']
peach nectars	['e3729']
pear nectars	['e3730']
apricot purees	['e3731']
peach purees	['e3732']
pear purees	['e3733']
pear juices	['e3735']
pear jams	['e3736']
jordan almonds	['e3739']
peas	['e3741']
tonka bean extracts	['e3744']
oat flours	['e3746']
peanut meals	['e3748']
reishi mushroom extracts	['e3750']
shiitake mushroom extracts	['e3751']
cocoa butters	['e3753']
infant cereals	['e3755']
rice sticks	['e3757']
rice sheets	['e3758']
alfalfas	['e3759']
gefilte fishes	['e3760']
peanut pods	['e3762']
tree nuts	['e3763']
corn husks	['e3789']
mycelium food materials	['e3792']
sauerkrauts	['e3796']
ginsengs	['e3798']
black currant jellies	['e3803']
grain byproducts	['e3804']
prune butters	['e3805']
soybeans	['e3806']
blue-green algae food products	['e3808']
almond dragees	['e3814']
vegetable juice food products	['e3820']
mung bean sprouts	['e3821']
tomatoes	['e3827']
tomato juices	['e3828']
tomato pastes	['e3829']
tomato purees	['e3830']
tomato powders	['e3832']
corn dextrins	['e3835']
lowfat cow milks	['e3840']
skim milk food products	['e3841']
light creams	['e3842']
sour cream dressings	['e3848']
evaporated milks	['e3857']
fruit butters	['e3859']
pasta filata cheeses	['e3863']
hominy feeds	['e3864']
agar food products	['e3868']
layer cakes	['e3870']
cranberry juice cocktails	['e3874']
cranberry apple drinks	['e3875']
farfels	['e3877']
apricot pastes	['e3878']
apricot kernels	['e3879']
fruit fillings	['e3880']
oregano leafs	['e3888']
marjoram leafs	['e3889']
sage leafs	['e3890']
thyme leafs	['e3892']
alfalfa meals	['e3893']
alfalfa flours	['e3894']
cottonseed flours	['e3898']
cottonseed oils	['e3903']
citrus vinegars	['e3907']
sugar beet pulps	['e3908']
grapefruit juice concentrates	['e3909']
wheat germs	['e3913']
coffee extenders	['e3914']
cottage cheeses	['e3917']
konjacu tubers	['e3918']
konjacu flours	['e3919']
konjacu powders	['e3920']
barley malt beer beverages	['e3926']
fish meals	['e3927']
guarana seed pastes	['e3930']
lemonades	['e3933']
mescals	['e3935']
rice kernel food products	['e3937']
pulse beans	['e3938']
nonfat dry milks	['e3946']
puddings	['e3949']
cocoa press cakes	['e3950']
orange-flavored drinks	['e3953']
cranberry juices	['e3954']
poil de carotte cheeses	['e3963']
lingot cheeses	['e3964']
washed curd cheeses	['e3986']
granular cheeses	['e3987']
samsoe cheeses	['e3988']
cook cheeses	['e3989']
sap sago cheeses	['e3990']
asiago cheeses	['e3991']
gammelost cheeses	['e3992']
hard cheeses	['e3993']
semisoft part skim cheeses	['e3994']
pasteurized process cheeses	['e3995']
cold-pack cheeses	['e3996']
wild rice food products	['e4001']
pralines	['e4003']
tomato juice made from concentrates	['e4004']
cottonseeds	['e4006']
cottonseed meals	['e4007']
apple butters	['e4010']
candied citrons	['e4016']
half and halves	['e4018']
light whipping creams	['e4019']
medium creams	['e4020']
eggnogs	['e4022']
fruit jellies	['e4025']
citrus marmalades	['e4027']
chocolate milks	['e4029']
malted cow milks	['e4030']
olive oils	['e4036']
potato chips	['e4041']
curry powders	['e4048']
garlic powders	['e4049']
onion powders	['e4050']
sorghum syrups	['e4051']
turnip greens bunches	['e4052']
cream cheeses	['e4066']
gingerbreads	['e4071']
aloe juices	['e4072']
apple juice drinks	['e4075']
poppyseeds	['e4078']
doughnuts	['e4082']
cereal grains	['e4083']
castor bean oils	['e4086']
apple pomaces	['e4089']
marzipan candies	['e4091']
cavendish banana pulps	['e4098']
barley malt flours	['e4099']
barley misos	['e4102']
brown rice misos	['e4103']
animal-derived foods	['e4105']
frankfurters	['e4108']
chicken cracklings	['e4109']
cheese spreads	['e4111']
candied citrus peels	['e4112']
beet powders	['e4114']
harvard beets	['e4116']
chili powders	['e4117']
beet juices	['e4119']
sugar beet fibers	['e4120']
blackberry jellies	['e4127']
blackberry preserves	['e4128']
lards	['e4131']
lima beans	['e4132']
baby lima beans	['e4138']
cranberry beans	['e4141']
fordhook lima beans	['e4143']
green kidney beans	['e4145']
beeswaxes	['e4146']
jojoba bean oils	['e4150']
beef extracts	['e4153']
beef fats	['e4154']
beef turnovers	['e4155']
beef casings	['e4156']
beef jerkies	['e4159']
cereal beverages	['e4160']
ales	['e4165']
apple sodas	['e4166']
blackberry pies	['e4172']
betel nut powders	['e4175']
soybean flours	['e4176']
bouillabaisses	['e4178']
imitation strawberry carbonated beverages	['e4180']
imitation cherry colas	['e4182']
imitation lemon juice bases	['e4183']
orange-flavored beverage syrups	['e4184']
carob powders	['e4185']
beef bone marrow extract for flavorings	['e4186']
grape jams	['e4187']
baluts	['e4192']
fruit juice drinks	['e4193']
bird seeds	['e4202']
apricot pulps	['e4204']
carrot juices	['e4207']
betel leafs	['e4211']
orangeades	['e4212']
imitation grape-flavored beverage bases	['e4214']
lime drink mixes	['e4215']
animal-derived flavors	['e4217']
tropical mix beverage bases	['e4218']
orange juice drinks	['e4220']
fruit punch-flavored beverage syrups	['e4222']
imitation flavored fountain syrup bases	['e4223']
lime sherbet bases	['e4224']
orange sherbet bases	['e4225']
grape drink beverage bases	['e4226']
beverage syrup concentrates	['e4227']
gatorade soft drinks	['e4228']
chocolate-flavored carbonated beverages	['e4230']
sheep intestine casings	['e4231']
fish paste made from salmon and other fishes	['e4234']
sardine fillets	['e4235']
anchovy in olive oils	['e4236']
honey buns	['e4237']
butter pecan rolls	['e4238']
cinnamon rolls	['e4239']
buttermilk doughnuts	['e4241']
honey and egg buns	['e4242']
cinnamon raisin buns	['e4245']
white wheat flours	['e4249']
whole wheat flours	['e4250']
potato crackers	['e4252']
potato flours	['e4254']
lime juice beverage bases	['e4255']
lemon beverages	['e4256']
citrus beverages	['e4257']
soybean beverages	['e4259']
kava beers	['e4263']
ginseng beverages	['e4267']
grape juice drinks	['e4269']
lemon butters	['e4271']
nut butters	['e4272']
nut spreads	['e4273']
fruit spreads	['e4274']
gluten flours	['e4278']
cheddar cheeses	['e4279']
rye flours	['e4281']
corn flours	['e4282']
plastic creams	['e4283']
peach butters	['e4285']
vegetable butters	['e4286']
butter oils	['e4287']
orange marmalades	['e4288']
sour creams	['e4289']
butter with garlics	['e4292']
butter-flavored cakes	['e4294']
buttermilk-flavored doughnuts	['e4298']
imitation peach butters	['e4304']
peach fruit spreads	['e4305']
kava beverages	['e4310']
ice cream bars	['e4315']
pimiento cheese spreads	['e4316']
soda crackers	['e4317']
caper in vinegars	['e4321']
canola oils	['e4322']
butter pecan coffee cakes	['e4323']
mushroom in buttered sauces	['e4325']
butter and orange conserves	['e4326']
banana cakes	['e4328']
vegetable shortenings	['e4329']
butter and sugar mixes	['e4334']
farinas	['e4335']
butter mix products	['e4336']
illipe butters	['e4347']
whole wheat crackers	['e4349']
sheanut oils	['e4350']
cooking oils	['e4351']
spice oils	['e4363']
spice extracts	['e4364']
triticale breads	['e4365']
vegetable oil or fat for animal feeds	['e4366']
lemon juice concentrates	['e4367']
chili seed oils	['e4369']
peanut hays	['e4376']
pork chitterling	['e4378']
soybean meals	['e4386']
soybean oils	['e4388']
ice milks	['e4390']
safflower oils	['e4391']
cranberry catsups	['e4392']
grated cheeses	['e4393']
chocolate-flavored skim milks	['e4395']
chocolate-flavored drinks	['e4396']
sweet milk cocoas	['e4398']
chocolate-flavored powders	['e4400']
diabetic chocolates	['e4401']
sauerkraut juices	['e4403']
puffed rice cereals	['e4404']
puffed wheat cereals	['e4405']
pecan cakes	['e4406']
sherbets	['e4409']
whiskey sour cakes	['e4410']
coffee royal cakes	['e4411']
daquiri cakes	['e4412']
butter cream pecan cakes	['e4414']
butter pecan cakes	['e4415']
eggnog pecan cakes	['e4416']
rye crackers	['e4417']
cod roes	['e4418']
cheddar cheese-flavored spreads	['e4422']
dietetic cakes	['e4424']
whipped creams	['e4425']
coffee cakes	['e4426']
corn flake	['e4430']
bran cereals	['e4432']
ricotta cheeses	['e4434']
runesten cheeses	['e4435']
skim milk cheeses	['e4436']
provolone cheeses	['e4437']
fish patties	['e4442']
fish chowders	['e4443']
cabbage juices	['e4447']
chili bean made from soy proteins	['e4448']
custards	['e4449']
rennet custards	['e4450']
maraschino cherry in sugar syrups	['e4453']
cherry in rum-flavored syrups	['e4454']
candied cherries	['e4457']
shrimp egg rolls	['e4460']
champagne biscuits	['e4462']
chestnut purees	['e4464']
edam cheeses	['e4466']
grated american cheese products	['e4472']
caerphilly cheeses	['e4474']
pecalloni cheeses	['e4475']
fish byproduct for animal feeds	['e4476']
cheese dips	['e4479']
cold-pack cheese spreads	['e4482']
cold-pack cheese foods	['e4483']
pasteurized process swiss cheeses	['e4484']
farmer cheeses	['e4485']
pasteurized process cheddar cheeses	['e4486']
camembert cheeses	['e4487']
gelatin from fishes	['e4489']
chicken sticks	['e4498']
chicken spreads	['e4499']
ham sticks	['e4500']
chicken loaf lunch meats	['e4507']
pasteurized process cheese spreads	['e4513']
alfalfa juices	['e4514']
cherry ciders	['e4515']
fruit ciders	['e4521']
citrus peels	['e4522']
citrus pulps	['e4523']
citrus fiber flours	['e4525']
coconut milks	['e4528']
coconut creams	['e4531']
cappuccinos	['e4535']
chipped beefs	['e4536']
coffee oils	['e4538']
imitation instant coffees	['e4541']
imitation coffee substitutes	['e4542']
walnut shells	['e4543']
turkish coffees	['e4546']
cherry glaces	['e4550']
eggnog mixes	['e4556']
fig bar cookies	['e4557']
pear preserf	['e4562']
blackberry juices	['e4564']
cornmeal mixes	['e4569']
corn cob flours	['e4573']
saltine crackers	['e4582']
ginger crackers	['e4583']
oat crackers	['e4584']
chocolate custards	['e4590']
custard pastry fillings	['e4591']
clam chowders	['e4593']
chow mein noodles	['e4594']
apricot chutneys	['e4598']
orange and lemon marmalades	['e4599']
egg rolls	['e4604']
cauliflower soup mixes	['e4605']
spice food products	['e4606']
cashew butters	['e4607']
fruit conserves	['e4612']
potato mixes	['e4613']
zante currants	['e4614']
currant food products	['e4615']
ice cream cones	['e4619']
codfish cakes	['e4630']
gorgonzola cheeses	['e4632']
longhorn cheddar cheeses	['e4634']
lactic cheeses	['e4635']
brie cheeses	['e4636']
liptauer cheeses	['e4638']
gouda cheeses	['e4640']
pasteurized process cheese foods	['e4643']
cheese fondues	['e4644']
dagano cheeses	['e4648']
cold-pack cheese food with pistachio nut	['e4652']
cheese spread with meat flavorings	['e4653']
tybo cheeses	['e4654']
esrom cheeses	['e4655']
havarti cheeses	['e4656']
cottage cheese with fruit addeds	['e4657']
cheese made from reconstituted milks	['e4658']
port salut cheeses	['e4659']
tilsiter cheeses	['e4660']
swiss cheese from switzerlands	['e4662']
fynbo cheeses	['e4663']
pasteurized process cheese food with fruit or vegetables	['e4664']
pasteurized process cheese spread with fruit or vegetables	['e4665']
anfrom cheeses	['e4669']
petite suisse cheeses	['e4670']
navy bean flours	['e4674']
citrus pulpwash solid	['e4676']
pyracantha berry jellies	['e4680']
lime juice cordials	['e4683']
orange squash beverages	['e4684']
lemon squash beverages	['e4685']
pasteurized process pimiento cheese spreads	['e4687']
manteca cheeses	['e4688']
trappist cheeses	['e4691']
mozzarella cheeses	['e4692']
dog biscuits	['e4696']
dark chocolates	['e4699']
chocolate cream pie mixes	['e4700']
bitter chocolates	['e4704']
vegetable juice cocktails	['e4708']
fruit juice cocktails	['e4709']
prune juices	['e4710']
goat milk cheeses	['e4715']
brazilian cheeses	['e4717']
swiss cheeses	['e4718']
hollaender cheeses	['e4719']
spiced cheeses	['e4721']
limburger cheeses	['e4722']
gloucester cheeses	['e4723']
derby cheeses	['e4724']
leicester cheeses	['e4725']
lancashire cheeses	['e4726']
wensleydale cheeses	['e4727']
pasteurized process cheese spread flavored with grape pit	['e4729']
st. paulin cheeses	['e4731']
pasteurized process gruyere cheeses	['e4732']
cottage cheese with cream dressings	['e4734']
muenster cheeses	['e4735']
pasteurized process cheese spread with imitation meats	['e4736']
gruyere cheeses	['e4737']
milwaukee cheeses	['e4740']
spare cheeses	['e4741']
baker's cheeses	['e4742']
salame cheeses	['e4746']
pasteurized process colby cheeses	['e4747']
banana passionfruit pulps	['e4750']
banana passionfruit juices	['e4751']
acidified cow milk dairy products	['e4752']
raisin butters	['e4760']
anhydrous milk fats	['e4763']
cow butterfat food products	['e4765']
vegetable oil cooking spray in pressurized containers	['e4768']
gruenland cheeses	['e4771']
bel paese cheeses	['e4772']
colby cheeses	['e4773']
kuminost cheeses	['e4776']
leyden spiced cheeses	['e4778']
dietetic cheeses	['e4780']
bone meal wafers	['e4782']
stilton cheeses	['e4785']
cheese turnovers	['e4786']
jarlsburg cheeses	['e4787']
lorraine cheeses	['e4788']
caraway cheeses	['e4791']
soft drink concentrates	['e4795']
cultured dairy products	['e4804']
pineapple marmalades	['e4805']
strawberry marmalades	['e4806']
chinese mint oils	['e4809']
peppermints	['e4810']
spearmints	['e4811']
matzoths	['e4814']
shredded wheat breakfast cereals	['e4815']
papaya preserf	['e4818']
coconut preserves	['e4819']
pinto refried bean	['e4821']
tuna casseroles	['e4822']
french onion-flavored dips	['e4823']
garlic-flavored dips	['e4824']
blue cheese-flavored dips	['e4825']
truffle sauces	['e4826']
fruit sauces	['e4827']
white bread flours	['e4829']
cumberland rum butters	['e4831']
grouse in port wine jellies	['e4832']
doughnut mixes	['e4833']
cocoa-flavored powders	['e4834']
lobster soups	['e4836']
cream of tomato soups	['e4839']
minestrone soup with meats	['e4840']
chocolate chips	['e4842']
pineapple and orange juices	['e4844']
sourdough starters	['e4845']
sesame oils	['e4854']
sesame seed pastes	['e4855']
poultry shortenings	['e4857']
mocha mixes	['e4858']
griddle cakes	['e4859']
beef dripping	['e4860']
animal shortenings	['e4861']
onion stock cubes	['e4867']
mushroom stock cubes	['e4868']
minestrone soup with poultries	['e4870']
oyster soups	['e4872']
chicken egg drop soups	['e4874']
green turtle soups	['e4875']
cream of lobster soups	['e4876']
grape punches	['e4877']
banana flakes	['e4880']
infant cereal with fruits	['e4882']
halibut a la kings	['e4886']
halibut in cheese sauces	['e4887']
coconut haystacks candies	['e4888']
coconut peanut butter logs	['e4889']
ham soup stixes	['e4891']
split green pea soup with porks	['e4892']
scottish hare soups	['e4893']
scottish lobster soups	['e4894']
mushroom soup mixes	['e4896']
pea and ham soup mixes	['e4897']
lobster bisques	['e4898']
turtle soups	['e4899']
mussel soups	['e4900']
scampi soups	['e4901']
cream vichysoises	['e4902']
sparkling grape juices	['e4905']
seed sprouts	['e4912']
apple-flavored beverage syrups	['e4914']
apple beverage syrups	['e4916']
papaya-flavored beverage syrups	['e4917']
papaya beverage syrups	['e4918']
pineapple beverage syrups	['e4919']
orange beverage syrups	['e4920']
guava beverage syrups	['e4921']
peperoncino food products	['e4930']
mango nectars	['e4935']
milk solids from milk byproduct	['e4939']
sweetened condensed milks	['e4944']
malted milk shakes	['e4947']
condensed cow skim milks	['e4954']
chocolate creme puddings	['e4962']
vanilla creme puddings	['e4963']
soy malt high protein powders	['e4966']
black raspberry essences	['e4969']
durum flours	['e4977']
wheat feed flours	['e4981']
fish flours	['e4982']
platano flours	['e4985']
flour middling	['e4986']
granulated flours	['e4987']
pumpernickel flours	['e4988']
semisoft cheeses	['e4990']
sorghum flours	['e4991']
edible seed food products	['e4992']
lemon-flavored beverage syrups	['e4998']
mint-flavored beverage syrups	['e4999']
imitation orangeade beverage syrups	['e5002']
slippery elm cereals	['e5005']
special k cereals	['e5007']
chocolate malted milks	['e5009']
second clear	['e5012']
malted wheat flour mixes	['e5013']
chickpea flours	['e5014']
non-wheat grain flours	['e5016']
root beer beverage syrups	['e5020']
burgundy wines	['e5030']
rose hip in sugar syrups	['e5032']
imitation rose hip jellies	['e5034']
rose hip jellies	['e5036']
wheat brans	['e5046']
chocolate chip ice creams	['e5047']
fig juices	['e5054']
hen egg salads	['e5061']
mixed fruit spreads	['e5072']
tea plant twig	['e5081']
sauerkraut in wines	['e5088']
spiced pickles	['e5089']
goat's milk ice creams	['e5095']
tequilas	['e5099']
sour cream blue cheese dressings	['e5100']
coleslaws	['e5101']
malt sprouts	['e5105']
pickling spices	['e5111']
swiss and ham rolls	['e5113']
pasteurized process cheese food with hams	['e5114']
akee and saltfishes	['e5121']
beef ball in sauces	['e5122']
scrambled hen eggs	['e5131']
scrambled hen egg mixes	['e5136']
imitation eggnogs	['e5140']
pecan cluster candies	['e5141']
sea steak made from cod and haddocks	['e5146']
okra seed press cakes	['e5147']
pimiento cheese sandwich rolls	['e5148']
seaweed meals	['e5151']
seaweed byproducts	['e5152']
onion soups	['e5153']
blackberry beverage syrups	['e5154']
turkey egg food products	['e5159']
hen egg white food products	['e5160']
eggnog with alcohols	['e5163']
imitation jellies	['e5168']
citron melon jams	['e5169']
fruit jam and jelly mixes	['e5170']
peach jams	['e5171']
pineapple drinks	['e5178']
papaya syrup concentrates	['e5181']
tomato concentrates	['e5199']
tree tomato sauces	['e5200']
tomato pomaces	['e5201']
coconut milk drinks	['e5204']
peach kernel pastes	['e5207']
watermelon sherbets	['e5209']
tomato soups	['e5210']
tender mushroom soups	['e5211']
vegetable soups	['e5212']
cream of carrot soups	['e5213']
granadilla squash beverages	['e5214']
egg drop soups	['e5215']
chicken-flavored soups	['e5216']
beef-flavored noodle soups	['e5217']
chicken-flavored noodle soups	['e5218']
pea soups	['e5220']
potato soups	['e5221']
kangaroo tail soups	['e5224']
golden onion soups	['e5227']
minestrone soups	['e5228']
rock lobster soups	['e5231']
asparagus soups	['e5232']
imitation jelly sweetened with sorbitols	['e5238']
tempehs	['e5242']
meat byproduct for animal foods	['e5243']
tomato pulps	['e5244']
gluten soya breads	['e5247']
bonito fillet extracts	['e5251']
sweet potato flake	['e5254']
wheat germ oils	['e5257']
cow wheys	['e5261']
gelatos	['e5265']
chicken fats	['e5274']
forcemeats	['e5276']
raspberry beverage syrups	['e5277']
cream of asparagus soups	['e5281']
cream of mushroom soups	['e5282']
cream of potato soups	['e5283']
rice puddings	['e5284']
imitation maraschino cherries	['e5292']
fruit salads	['e5293']
lemonade drinks	['e5298']
maple danish pastries	['e5299']
skim milk drinks	['e5302']
breadnut tree seeds	['e5303']
lemon and lime drinks	['e5308']
ginseng extract with added ginseng roots	['e5316']
ginseng liquors	['e5317']
strawberry preserf	['e5321']
western omelet mixes	['e5323']
stone ground flours	['e5325']
venetian garlics	['e5326']
fudge powders	['e5327']
fruit mixes	['e5328']
cocoa-flavored products	['e5333']
fruit punches	['e5334']
pineapple jams	['e5340']
strawberry conserves	['e5341']
fish pates	['e5345']
full creams	['e5348']
cream crackers	['e5349']
vegetable oils	['e5350']
coffee creamers	['e5351']
cream dressings	['e5352']
soybean milks	['e5363']
miracle berry concentrates	['e5370']
fruit preserf	['e5373']
guava jellies	['e5374']
fruit melange in cognacs	['e5378']
fruit juice concentrates	['e5384']
beef bones	['e5389']
chicken croquettes	['e5390']
crab cakes	['e5395']
buckwheat food products	['e5396']
chocolate coatings	['e5397']
cracked wheat flours	['e5398']
devonshire creams	['e5409']
cream of fruit beverages	['e5410']
filled sour creams	['e5412']
lemon juices	['e5417']
lemon sherbets	['e5418']
grains of paradises	['e5426']
ice cream sandwiches	['e5438']
ice milk-filled cone with toppings	['e5439']
ice milk mixes	['e5445']
halibut puffs	['e5447']
shrimp puffs	['e5448']
chocolate cow milk food products	['e5449']
beef carcasses	['e5452']
cow carcasses	['e5452']
honey syrups	['e5458']
comb honeys	['e5461']
honey jellies	['e5462']
honey spreads	['e5463']
honey blend table syrups	['e5464']
honey with added butters	['e5465']
clover honeys	['e5466']
herb blend seasonings	['e5467']
herb mixtures	['e5468']
herb and honey concentrate for making teas	['e5470']
alfalfa seeds	['e5471']
grapefruit peels	['e5474']
guarana nectars	['e5476']
herbal beverages	['e5489']
almond pastes	['e5496']
dietetic ice creams	['e5498']
diabetic ice creams	['e5499']
candy crunch ice creams	['e5501']
herbal honeys	['e5502']
wild honeys	['e5505']
water extract of coconut meats	['e5506']
yellow cornmeals	['e5511']
ice milk bars	['e5514']
ice cream mixes	['e5521']
ice cream sundaes	['e5522']
ice cream novelties	['e5523']
apple pie fillings	['e5526']
seafood gumbos	['e5528']
chocolate crumbs	['e5532']
imitation bread crumbs	['e5533']
brewers rices	['e5535']
meat in red wines	['e5537']
spezzatino di vitellos	['e5538']
zuppa di pesces	['e5539']
aspic jelly powders	['e5540']
sardine and tomato spreads	['e5543']
hen egg and mushroom spreads	['e5544']
tomato juice concentrates	['e5548']
citrus juices	['e5550']
cranberry juice concentrates	['e5555']
cactus juices	['e5556']
tangerine juices	['e5558']
orange and tangerine juice blends	['e5559']
tomato juice cocktails	['e5560']
acerola juices	['e5561']
raspberry juices	['e5564']
orange spreads	['e5566']
wheat cereal with apples	['e5567']
green tomato juices	['e5569']
apple and grape juices	['e5570']
orange drink mixes	['e5576']
lemon purees	['e5577']
imitation rose petal jams	['e5578']
apricot jams	['e5579']
damson plum jams	['e5580']
peach conserves	['e5581']
mixed fruit jams	['e5582']
eggnog ice creams	['e5583']
cherries in vanilla ice creams	['e5584']
strawberries in vanilla ice creams	['e5585']
vanilla fudge ice creams	['e5586']
butter pecan ice creams	['e5587']
ice milk made from goat milks	['e5589']
cherry ice creams	['e5590']
ice cream cake rolls	['e5591']
vanilla ice creams	['e5593']
green bean pods	['e5595']
potato doughnuts	['e5596']
mincemeats	['e5597']
mince pies	['e5603']
carob and vanilla ice creams	['e5613']
chocolate ice creams	['e5614']
cocoa ice creams	['e5615']
chocolate and cocoa ice creams	['e5617']
strawberry ice creams	['e5619']
imitation black raspberry jams	['e5620']
imitation jams	['e5621']
imitation strawberry jams	['e5622']
raspberry jams	['e5623']
rosemary jellies	['e5624']
banana jams	['e5626']
tangerine jellies	['e5627']
calf's foot gelatins	['e5628']
bramble berry jellies	['e5629']
mint jellies	['e5630']
apricot and almond jams	['e5631']
lemon jellies	['e5632']
imitation orange jellies	['e5633']
chokecherry jellies	['e5635']
crabapple jellies	['e5636']
apple jellies	['e5637']
apple and honey jellies	['e5638']
apple jelly made with sugar and honeys	['e5639']
imitation raspberry jellies	['e5640']
fruit jelly made from hard ciders	['e5641']
boysenberry jellies	['e5642']
grape jellies	['e5644']
currant jellies	['e5645']
elderberry jellies	['e5646']
huckleberry jellies	['e5647']
hawthorne jellies	['e5648']
prickly pear jellies	['e5649']
imitation wild cherry jams	['e5652']
freezer jams	['e5656']
fruit pit kernels	['e5663']
yongona drinks	['e5664']
kelp pickles	['e5666']
lingonberry sauces	['e5671']
acidophilus cow milks	['e5672']
vegetable beef soups	['e5673']
orange nectars	['e5682']
orange juice blends	['e5691']
barley malts	['e5700']
ice cream biscuits	['e5702']
copras	['e5704']
spices	['e5705']
red currant juices	['e5708']
lemon and marjoram jellies	['e5713']
ham salads	['e5718']
chicken salads	['e5719']
cola fountain syrups	['e5720']
lingonberry jams	['e5725']
lingonberry preserf	['e5726']
cranberry preserf	['e5727']
lingonberry syrups	['e5730']
lingonberry concentrates	['e5732']
fish oils	['e5735']
lasagna noodles	['e5736']
lingonberry juices	['e5740']
cloudberry preserves	['e5742']
green pea soup with porks	['e5743']
cheddar-flavored cheeses	['e5744']
shisos	['e5746']
lemon peels	['e5747']
lemon- and lime-flavored juice drinks	['e5748']
black currant juices	['e5749']
cherry and apple juice drinks	['e5755']
rose grape juices	['e5757']
lime juices	['e5758']
grape juice cocktails	['e5759']
garlic juices	['e5761']
apple and carrot juices	['e5763']
apple and cherry juices	['e5767']
grapefruit juices	['e5770']
elderberry juices	['e5771']
cranberry juice drinks	['e5775']
rice brans	['e5776']
root beer beverage bases	['e5780']
gluten noodles	['e5781']
safflower oil margarines	['e5782']
maraschino-flavored pineapple piece	['e5788']
maple-flavored cereals	['e5794']
soybean powders	['e5796']
oat flake	['e5798']
macaroni flours	['e5800']
macaroon pastes	['e5801']
yellow corn flours	['e5803']
wheat and corn macaroni or noodle products	['e5804']
spinach noodles	['e5805']
cow bloods	['e5806']
asparagus pulps	['e5809']
bavarian mousses	['e5812']
fish sausages	['e5816']
meat byproducts	['e5817']
pastum	['e5821']
pecan rolls	['e5825']
mustard powders	['e5826']
mustard brans	['e5827']
grape nectars	['e5828']
fruit nectars	['e5829']
wheat cereal with tomatoes	['e5833']
ginger marmalades	['e5835']
imitation orange marmalades	['e5836']
bitter orange marmalades	['e5837']
sweet orange marmalades	['e5838']
marmalades	['e5839']
red currant marmalades	['e5840']
red currant preserves	['e5841']
jelly marmalades	['e5842']
imitation cherry-flavored orange marmalades	['e5844']
apple jams	['e5845']
ginger and lemon marmalades	['e5846']
orange, lemon and grapefruit marmalades	['e5847']
lime preserf	['e5848']
lime marmalades	['e5849']
orange marmalade with cointreau liqueurs	['e5851']
lemon marmalades	['e5852']
apricot preserf	['e5853']
apricot marmalades	['e5854']
grapefruit marmalades	['e5855']
imitation marmalades	['e5856']
imitation lemon marmalades	['e5857']
orange jelly marmalades	['e5860']
cannelloni roll with meat in sauces	['e5867']
flaxseed meals	['e5868']
imitation strawberry preserf	['e5869']
fruit ades	['e5870']
meat in wine sauces	['e5872']
steak and kidney puddings	['e5874']
steak and kidney pie fillings	['e5875']
mold-ripened cheeses	['e5877']
deer meat with wine sauces	['e5895']
buffalo roast in gravies	['e5897']
deer meat jerkies	['e5901']
buffalo jerkies	['e5902']
mushroom in butters	['e5908']
bolognas	['e5910']
poultry sausages	['e5911']
pine nut kernels	['e5916']
chinese wet noodles	['e5921']
apricot tartlets	['e5930']
wiesbadner tartlets	['e5931']
ginger nectars	['e5934']
raspberry nectars	['e5935']
black currant nectars	['e5936']
salad oils	['e5940']
cocktail onions	['e5941']
chocolate drinks	['e5943']
cocoa-flavored cow milks	['e5944']
dairy topping in pressurized containers	['e5949']
barley sprouts	['e5950']
cereal flours	['e5952']
naranjilla and pineapple juice concentrates	['e5958']
naranjilla beverage bases	['e5959']
golden fruit juice drinks	['e5960']
naranjilla juices	['e5961']
naranjilla juice drinks	['e5962']
grape and apple juice drinks	['e5965']
danish rolls	['e5966']
dumplings	['e5968']
dumpling soups	['e5969']
honey crunch doughnuts	['e5972']
chocolate doughnuts	['e5973']
imitation olive oils	['e5977']
sherbet on wooden sticks	['e5981']
pea vine silages	['e5982']
blueberry pie fillings	['e5990']
peach pie fillings	['e5991']
lemon pies	['e5992']
fruit solid	['e5997']
pea flours	['e6000']
bombay duck wafers	['e6006']
pineapple pie fillings	['e6007']
coffee cake mixes	['e6008']
pineapple toppings	['e6009']
butterscotch creme puddings	['e6011']
chocolate fillings	['e6012']
dill pickles	['e6030']
peach pies	['e6032']
chocolate cream pies	['e6033']
fruit pie fillings	['e6036']
coconut cream pies	['e6038']
cheese pies	['e6040']
pineapple pies	['e6041']
orange marmalade-flavored pie fillings	['e6042']
cream pie made with synthetic topping or fillings	['e6043']
cream-filled pastries	['e6044']
cream pies	['e6046']
cherry pie mixes	['e6048']
pecan pies	['e6049']
pineapple pulps	['e6050']
burma beans	['e6056']
chickpeas	['e6066']
ham fats	['e6074']
ham broths	['e6075']
chicken dumplings	['e6078']
papaya nectars	['e6087']
papaya concentrates	['e6090']
papaya pulp and juices	['e6091']
papaya drink bases	['e6093']
peanut butter with coconuts	['e6105']
peanut butter with bonemeals	['e6106']
peanut butter with yeasts	['e6107']
peanut butter with rose hip	['e6108']
peanut butter with wheat germ oils	['e6109']
peanut butters	['e6110']
potato peelings	['e6111']
peanut butter with smoky crisp	['e6112']
peanut butter with imitation bacons	['e6113']
peanut butter with jellies	['e6116']
cake doughnuts	['e6124']
preserved plums	['e6126']
pimiento cheeses	['e6145']
bread and butter pickles	['e6150']
sweet pickles	['e6152']
cherry dill pickles	['e6153']
pickled fruit in oils	['e6154']
noodles	['e6155']
chicken shrimp soup with noodle	['e6156']
shrimp noodles	['e6158']
barley egg noodles	['e6159']
butter and egg noodles	['e6160']
ramen noodles	['e6162']
japanese noodles	['e6163']
imitation raspberry preserves	['e6172']
cherry preserf	['e6175']
apricot spreads	['e6176']
pineapple spreads	['e6177']
goose liver pastes	['e6178']
cavendish banana purees	['e6179']
brandied peaches	['e6187']
passion fruit pulps	['e6194']
pois	['e6195']
limeades	['e6220']
bottling syrups	['e6228']
almond preserf	['e6233']
diabetic preserf	['e6235']
strawberry spread with cognacs	['e6236']
raspberry spread with cognacs	['e6237']
orange spread with whiskeys	['e6238']
cherry spread with cherry liquers	['e6239']
grape preserf	['e6240']
prune pastry fillings	['e6243']
vanilla pudding mixes	['e6245']
chocolate pudding mixes	['e6247']
rum puddings	['e6248']
bavarian puddings	['e6249']
rolled oat	['e6252']
wheat crackers	['e6253']
cherry spreads	['e6254']
grape spreads	['e6255']
wild strawberry preserves	['e6258']
tonic water fountain syrups	['e6267']
tarragon in vinegars	['e6274']
yellow rice mixes	['e6281']
mixed fruit preserf	['e6293']
peach preserves	['e6294']
mangosteen preserf	['e6297']
fruit conserve with liqueurs	['e6298']
cranberry sauce made with whole cranberry	['e6299']
quiches	['e6304']
flans	['e6305']
cheese quiches	['e6306']
mushroom quiches	['e6307']
honey and maple syrups	['e6308']
honey and apple cider vinegar mixtures	['e6310']
aloe honeys	['e6311']
raisin jams	['e6313']
raisin filling for pastries	['e6314']
pineapple and apricot jams	['e6315']
tonic mixer beverage bases	['e6318']
scuppernong grape juices	['e6319']
protein doughnuts	['e6320']
turkey croquettes	['e6321']
spanish vetches	['e6325']
mango melon preserves	['e6327']
vichyssoises	['e6328']
watermelon juice cocktails	['e6329']
bourbon cherry jellies	['e6331']
imitation cherry jelly with bourbon whiskeys	['e6332']
walnut juices	['e6333']
belgian waffles	['e6336']
chocolates	['e6337']
vanilla sugars	['e6341']
pasteurized process cheese spread with chive and spices	['e6342']
cold-pack blue cheeses	['e6343']
feta cheeses	['e6345']
fruit in alcohols	['e6347']
fortified wines	['e6349']
ginger wines	['e6350']
wine biscuits	['e6351']
meads	['e6352']
cherry wines	['e6353']
palm wines	['e6354']
crab and lobster pastes	['e6361']
mango shakes	['e6368']
mango dairy drinks	['e6369']
blueberry conserves	['e6370']
watermelon jellies	['e6372']
watermelon preserves	['e6373']
watermelon juices	['e6375']
banana cream pies	['e6377']
herring tidbit in port wine sauces	['e6380']
herring tidbit in sherry sauces	['e6381']
grape vinegars	['e6382']
grape wine vinegars	['e6384']
herring fillet in tomato sauces	['e6385']
whey butters	['e6386']
oyster cocktails	['e6390']
oyster liquors	['e6397']
wheat fibers	['e6404']
sardine in oils	['e6406']
fruit pies	['e6409']
chocolate-flavored milk extenders	['e6410']
strawberry yogurts	['e6411']
yogurt with fruits	['e6413']
frozen yogurts	['e6415']
frozen yogurt mixes	['e6416']
whole wheat food products	['e6418']
tomato juice drinks	['e6427']
kelp relishes	['e6429']
toaster pastries	['e6433']
whole milk curds	['e6436']
milkshakes	['e6437']
evaporated skim milks	['e6440']
sarideles	['e6446']
grape beverage syrups	['e6447']
imitation grenadine beverage syrups	['e6448']
strawberry-flavored beverage syrups	['e6449']
boysenberry beverage syrups	['e6450']
asadero cheeses	['e6452']
white rice flours	['e6458']
potato starches	['e6459']
grape sugars	['e6461']
glutinous rice food products	['e6462']
chicken pies	['e6464']
turkey pies	['e6465']
chicken tamales	['e6466']
teething pretzels	['e6467']
banana chips	['e6468']
pomegranate-flavored beverage syrups	['e6469']
apple preserves	['e6470']
codfish and chip	['e6472']
longan drinks	['e6484']
strawberry pies	['e6485']
tortillas	['e6486']
turkey roasts	['e6487']
pea soup mixes	['e6489']
potato soup mixes	['e6490']
blueberry beverage syrups	['e6499']
black currant syrups	['e6501']
potato syrups	['e6502']
barley syrups	['e6503']
dairy topping, whippeds	['e6506']
tamale wrappers	['e6507']
pimiento cheese and pickle sandwich spreads	['e6509']
pimiento cheese with olife	['e6510']
chicken and turkey salads	['e6511']
anchovy fillet in oils	['e6513']
imitation cheese-flavored cracker sandwiches	['e6514']
cold-pack cheese food with wines	['e6533']
cocklebur tea leafe	['e6543']
tea leafs	['e6546']
sunflower seed flours	['e6549']
melon seeds	['e6551']
cider vinegars	['e6560']
distilled cider vinegars	['e6561']
cider vinegar and distilled cider vinegar mixtures	['e6562']
apple wine vinegars	['e6563']
tortilla flours	['e6571']
clam juices	['e6574']
clam broths	['e6575']
grouper fillet with shrimp and crab meats	['e6586']
anchovy in brines	['e6595']
shark flakes	['e6611']
fish for seafood salads	['e6631']
fish skins	['e6632']
clam bouillons	['e6637']
fish spreads	['e6646']
sardine in mustard sauces	['e6681']
oyster croquettes	['e6706']
chiquita crabmeats	['e6761']
salmon patties	['e6796']
salmon croquettes	['e6797']
norwegian sardine in oils	['e6811']
fish for seafood cocktail dips	['e6835']
langostino cream soups	['e6847']
kippers	['e6849']
fish cocktail spreads	['e6851']
shrimp bouillons	['e6853']
fish bouillon with fish ball	['e6854']
eel in savoury jellies	['e6861']
cockle in brines	['e6862']
mussel in brines	['e6863']
langostino bisques	['e6871']
lobster bisque with langostinos	['e6872']
rock lobster bisques	['e6873']
langostino soups	['e6874']
lobsterette soups	['e6876']
anchovy-flavored black olive spreads	['e6910']
truffles	['e6917']
imitation wild cherry beverage syrups	['e6922']
imitation strawberry beverage syrups	['e6923']
reindeer sausages	['e6931']
shrimp cocktails	['e6962']
shrimp frankfurters	['e6965']
shrimp meals	['e6967']
shrimp flours	['e6968']
japanese snow crab meats	['e6970']
arctic crabmeats	['e6971']
japanese crabmeats	['e6972']
crab spreads	['e6982']
crab pastes	['e6983']
crab fingers	['e6985']
fish flake	['e6989']
pollock and deep sea crab blends	['e7013']
shrimp creole with buttered rices	['e7031']
oyster stews	['e7036']
shrimp and fish frankfurters	['e7041']
fish puddings	['e7044']
snail shells	['e7053']
tuna loafs	['e7067']
okra shrimp gumbo mixes	['e7108']
seafood gumbo mixes	['e7109']
shrimp logs	['e7112']
schillerlockens	['e7158']
herring in wine sauces	['e7174']
herring in wine sauce concentrates	['e7175']
herring tidbit in wine sauces	['e7176']
swedish herring in wine sauces	['e7177']
kippered salmons	['e7183']
scotch kipper fillets	['e7188']
tuna frankfurters	['e7229']
tuna pate in sherry wines	['e7232']
fish stick in armoricaine sauces	['e7242']
catfish sticks	['e7249']
cod fillet in dill butter sauces	['e7250']
fish and chip	['e7251']
kippered herring fillets	['e7278']
holland herrings	['e7280']
salmon herrings	['e7288']
herring tidbit in matjes sauces	['e7338']
milker herrings	['e7344']
tapenade provencales	['e7365']
rouille marseillaises	['e7366']
sturgeon with tomatoes	['e7367']
cod liver in natural oils	['e7368']
triticale pancakes	['e7421']
cheese fillings	['e7425']
fat substitute made from egg white and/or milk proteins	['e7426']
poultry carcasses	['e7435']
bulk grains	['e7438']
frosted mini-wheat cereals	['e7441']
rice krispies cereals	['e7442']
white grape juices	['e7443']
white kidney beans	['e7446']
korean red ginseng drinks	['e7447']
codfish loafs	['e7462']
ravioli doughs	['e7465']
meat in tomato sauces	['e7467']
onion soup mixes	['e7468']
chicken-flavored vegetable noodle soups	['e7469']
lentil soups	['e7472']
wild duck consommé with sherry wines	['e7473']
meat trimmings	['e7480']
meat and bone scraps	['e7481']
grouse in wine sauces	['e7482']
water buffalo jerkies	['e7486']
squash pies	['e7488']
cherry nectars	['e7492']
port nectars	['e7493']
candied cherry on a wires	['e7495']
fountain syrups	['e7504']
raspberry spreads	['e7506']
apple pastries	['e7507']
herring fillet in lemon-flavored sauces	['e7514']
club crackers	['e7515']
cow buttermilk flakes	['e7521']
goat and cow milks	['e7525']
neufchatal cheeses	['e7533']
french vanilla ice creams	['e7535']
vinegar blends	['e7538']
smoked meats	['e7539']
cheese for manufacturing uses	['e7542']
teething biscuits	['e7545']
apple apricot spreads	['e7548']
apple-strawberry spreads	['e7549']
orange yogurts	['e7550']
prune whip yogurts	['e7551']
broccoli au gratins	['e7552']
imitation smoked salmon made from pollocks	['e7578']
salmon spreads	['e7582']
finnan haddies	['e7589']
barley flours	['e7590']
haddock croquettes	['e7591']
tofu food products	['e7596']
oyster stew bases	['e7601']
tuna in sauces	['e7605']
wheat powders	['e7611']
gingelly oils	['e7618']
potato meals	['e7619']
palm juices	['e7627']
moth beans	['e7629']
seafood sushis	['e7633']
puffer roe pickled in rice brans	['e7635']
wine cooler popsicles	['e7636']
wheat breakfast cereals	['e7640']
brewers maizes	['e7641']
coconut custards	['e7643']
mustard oil press cakes	['e7645']
ducklings	['e7646']
sweet potato chips	['e7647']
hyacinth beans	['e7648']
loquat food products	['e7653']
pinto beans	['e7654']
pink grapefruit juices	['e7656']
sunflower meals	['e7658']
white cornmeals	['e7659']
white corn grit	['e7663']
red kidney beans	['e7666']
malt roots	['e7667']
cowpea for animal feeds	['e7673']
shrimp pastes	['e7681']
khoas	['e7682']
teleme cheeses	['e7685']
chocolate-covered peanuts	['e7686']
sorghum malts	['e7687']
morocco beans	['e7698']
china beans	['e7699']
coconut oil press cakes	['e7700']
tea buns	['e7701']
peanut oils	['e7704']
bajra millet meals	['e7707']
peanut shells	['e7708']
peanut fodders	['e7709']
rice powders	['e7710']
soya press cakes	['e7711']
kidney bean cakes	['e7712']
oat straws	['e7713']
palm kernel oil press cakes	['e7716']
celery flake	['e7717']
adzuki bean flours	['e7718']
kidney bean flours	['e7719']
grain mashes	['e7721']
yam flours	['e7730']
duckling mashes	['e7731']
copra meals	['e7733']
country hams	['e7738']
polkudus	['e7739']
black gram beans	['e7741']
mustard spices	['e7742']
parsley flakes	['e7743']
hard red spring kernels	['e7744']
scotch beans	['e7747']
linseed press cakes	['e7748']
veal stews	['e7752']
jams	['e7754']
filbert meals	['e7756']
sorghum kernels	['e7757']
buckwheat noodles	['e7758']
buckwheat flours	['e7759']
rice cakes	['e7760']
rice beans	['e7761']
food made from cottonseeds	['e7763']
peanut feeds	['e7765']
soybean pastes	['e7766']
fermented bean products	['e7769']
romadur cheeses	['e7770']
fundu nuts	['e7774']
soybean-kojis	['e7775']
tapioca chips	['e7776']
squash curries	['e7779']
beef curries	['e7781']
fish curries	['e7782']
plaa tuus	['e7783']
doliches beans	['e7784']
lupine seed meals	['e7785']
rapeseed meals	['e7787']
coconut oils	['e7788']
coconut meals	['e7789']
potato crisps	['e7791']
great northern beans	['e7793']
pink beans	['e7794']
peppercorns	['e7797']
cassia spices	['e7798']
squid raws	['e7799']
quiche lorraines	['e7803']
quiche with imitation bacon bit	['e7804']
koshous	['e7806']
licorice roots	['e7807']
green garlic powders	['e7812']
ryegrasses	['e7816']
linseed seeds	['e7817']
sesame meals	['e7823']
cassava flours	['e7825']
mountain ash berries	['e7828']
millet flours	['e7829']
chianti wines	['e7832']
timothy fodder silages	['e7838']
meadow fescue fodder silages	['e7839']
red clover and timothy fodder silages	['e7840']
goat cheese sauces	['e7850']
cream of broccoli soups	['e7852']
cream of cauliflower soups	['e7853']
ghees	['e7856']
spinach powders	['e7857']
sardine frozens	['e7861']
black ligurian olives	['e7871']
wheatgrass juices	['e7873']
pesto sauces	['e7874']
hominies	['e7880']
taco shells	['e7881']
palm oils	['e7885']
jojoba meals	['e7886']
sassafras oils	['e7888']
cornmeals	['e7897']
cotton-bracts	['e7898']
red wines	['e7900']
white wines	['e7901']
jowars	['e7902']
kefirs	['e7903']
ogis	['e7904']
queso blancos	['e7905']
peanut candies	['e7907']
brick cheeses	['e7908']
winged beans	['e7910']
cleome viscosa oils	['e7911']
castor beans	['e7912']
sesame seeds	['e7913']
oat cremes	['e7914']
alfalfa tablets	['e7917']
ginseng tea capsules	['e7918']
bakers yeasts	['e7923']
cassava meals	['e7926']
balsam apple leaf food products	['e7927']
peanut wheys	['e7928']
piri piris	['e7930']
mafurra press cakes	['e7931']
pine nut puddings	['e7932']
butters	['e7933']
cheese curds	['e7934']
italian cheeses	['e7935']
sunflower seed oils	['e7938']
barley meals	['e7939']
wheat meals	['e7940']
wheat offal meals	['e7941']
alfalfa meal for animal feeds	['e7942']
wheat chaff meals	['e7943']
wheat germ meals	['e7944']
corianders	['e7945']
rice meals	['e7946']
sugees	['e7947']
sartapia beans	['e7949']
guar meals	['e7950']
sesame oil press cakes	['e7951']
silk worm pupae for animal feeds	['e7952']
grain germs	['e7953']
dairy concentrates	['e7954']
olive oil press cakes	['e7955']
olive meals	['e7956']
blueberry preserves	['e7958']
cheshire cheeses	['e7959']
fontina cheeses	['e7960']
papains	['e7965']
asparagus bean pods	['e7966']
plantain chips	['e7968']
blackberry preserve sweetened with fruit juices	['e7969']
black cherry yogurts	['e7970']
sweet chocolates	['e7973']
hemp oils	['e7979']
marijuana seeds	['e7980']
fruit juice artificially sweeteneds	['e7986']
fruit for fruit salads	['e7987']
rapeseed oils	['e7988']
minitrout raws	['e7989']
palm kernel oils	['e7990']
tea bags	['e7991']
tuna pot pies	['e7997']
guacamoles	['e8001']
cream of celery soups	['e8008']
sardo cheeses	['e8010']
tea made from instant mixes	['e8014']
chicken frankfurters	['e8016']
beef frankfurters	['e8017']
pork sloppy joe mixes	['e8019']
chicken rolls	['e8021']
potato hash browns	['e8033']
rice cereals	['e8035']
lupine bean in brines	['e8037']
beef pot pies	['e8041']
beef sloppy joe fillings	['e8047']
sage rubbeds	['e8049']
lentils	['e8055']
legumes	['e8057']
fruit purees	['e8058']
fruit pastes	['e8059']
canola and olive oil blends	['e8061']
peach juices	['e8065']
custard-type product sweetened with aspartame frozen lights	['e8068']
nut meats	['e8069']
fruit drinks	['e8071']
luncheon meats	['e8072']
tapioca flours	['e8076']
guava nectars	['e8077']
gaspergou raws	['e8080']
cheese softs	['e8087']
apple and grape drinks	['e8089']
animal fat food products	['e8094']
mussel pastes	['e8097']
blackberry wines	['e8100']
plum wines	['e8101']
pomegranate wines	['e8102']
raspberry wines	['e8103']
rosé wines	['e8104']
bilberry juices	['e8109']
lake michigan chub raws	['e8115']
rhine wines	['e8116']
fruit punch homemade prepared with fruits	['e8125']
cow whole milk 3.5% fats	['e8127']
fermented vegetable food products	['e8130']
heavy creams	['e8136']
pudding mixes	['e8137']
clam sauces	['e8140']
sour half and half dressings	['e8150']
chicken bones	['e8152']
sorghum beers	['e8157']
yellow vetchling silages	['e8158']
white corn flours	['e8159']
pork liver sausages	['e8162']
sorghum cereals	['e8165']
manchego cheeses	['e8166']
peanut pastes	['e8169']
rapeseed oil press cakes	['e8170']
finettes cheeses	['e8173']
almond butters	['e8177']
bavarian creams	['e8178']
tunsoy raws	['e8180']
apple compotes	['e8183']
apricot infant foods	['e8185']
brown durra sorghum kernels	['e8186']
provola cheeses	['e8189']
montasio cheeses	['e8200']
black peppercorns	['e8201']
danbo cheeses	['e8207']
turkey frankfurters	['e8208']
taleggio cheeses	['e8209']
zucchini squashes	['e8213']
carrot junior foods	['e8214']
chicken vegetable soups	['e8216']
vichyssoise canneds	['e8218']
pineapple danish pastries	['e8227']
sheep milk cheeses	['e8229']
turkey hams	['e8232']
sturgeon raws	['e8233']
lake michigan chub grounds	['e8243']
walnut meats	['e8244']
shad raws	['e8247']
pepperonis	['e8248']
beef infant foods	['e8251']
codfish cookeds	['e8262']
cheese fats	['e8266']
peppermint leafs	['e8281']
monterey jack cheese made from raw milks	['e8285']
red winter wheat kernels	['e8288']
breakfast cereals	['e8289']
poultry infant foods	['e8291']
infant formula milk-based ready-to-feeds	['e8301']
infant formula casein-baseds	['e8302']
infant formula whey-baseds	['e8303']
grain products	['e8304']
chocolate syrup canneds	['e8307']
hijikis	['e8309']
konnyaku-kos	['e8311']
skipjack tuna packed in waters	['e8312']
skipjack tuna packed in oils	['e8313']
pacific mackerel canneds	['e8317']
processed cheese slouse	['e8322']
chablis wines	['e8323']
spinach whole leaf in brines	['e8337']
mushroom whole in brines	['e8338']
bone meal used in animal feeds	['e8346']
ice cream mix raws	['e8349']
carp smokeds	['e8350']
clove grounds	['e8353']
sashimi prepared from sea basses	['e8358']
cream puffs	['e8359']
scallop made from surimis	['e8360']
corn puffs	['e8361']
custard pies	['e8363']
herring creameds	['e8364']
wild cherry juice concentrates	['e8375']
fish stick breaded raw frozens	['e8378']
roasted almond oils	['e8380']
pecan meals	['e8389']
fish stick made from cod coated raws	['e8390']
tuna packed in brines	['e8399']
sauerkraut brines	['e8408']
sablefish smokeds	['e8413']
grape drinks	['e8416']
beaujolais wines	['e8417']
red bean pastes	['e8428']
alimentary pastes	['e8429']
soft red winter wheat kernels	['e8431']
neufchatel cheese spreads	['e8432']
sablefish smoked using hot-smoking nitrate-treateds	['e8443']
sablefish smoked using hot-smoking nitrite-treateds	['e8444']
sablefish smoked using hot-smoking nitrite- and nitrate-treateds	['e8445']
shad smoked using hot-smoking nitrate-treateds	['e8447']
shad smoked using hot-smoking nitrite-treateds	['e8448']
roast beef au ju	['e8449']
cacao nibs	['e8455']
rockfish raws	['e8461']
orange juice concentrates	['e8464']
pole bean pods	['e8473']
black currant juice concentrateds	['e8474']
citrus fruit nectars	['e8475']
buffalo burgers	['e8479']
garlic in oil mixtures	['e8481']
raspberry preserves	['e8483']
beef with gravies	['e8486']
yogurt drinks	['e8487']
chocolate vanilla and strawberry ice creams	['e8491']
herring salteds	['e8494']
codfish frozens	['e8495']
sweet sakes	['e8497']
english walnut meats	['e8500']
potato patties	['e8503']
milo maize oils	['e8506']
hard red winter wheat kernels	['e8509']
strawberry spread low-sugars	['e8515']
almond oils	['e8516']
avocado oils	['e8517']
peach kernel oils	['e8519']
wheat bran breakfast cereals	['e8520']
red wheat kernels	['e8521']
cottonseed linter	['e8522']
spice oleoresin	['e8523']
cake frozen aspartame sweeteneds	['e8524']
soybean brans	['e8529']
soybean grit	['e8531']
wheat-based infant cereal iron-fortifieds	['e8537']
lemon pie fillings	['e8539']
tomato aspics	['e8541']
brown rice creams	['e8543']
barley plus grain mixtures	['e8544']
wheat-based breakfast cereal ready-to-eats	['e8546']
fruit packed in extra heavy syrups	['e8551']
soybean and cheese whey powders	['e8552']
beef flavors	['e8555']
piece of pork kidneys	['e8556']
pork trimmings	['e8557']
beef trims	['e8558']
cake flours	['e8560']
bologna genoas	['e8572']
rapeseed protein isolates	['e8584']
porridges	['e8585']
trout bakeds	['e8586']
kamus	['e8588']
beijus	['e8589']
bean soups	['e8593']
beaufort cheeses	['e8595']
rye brans	['e8596']
herbal teas	['e8599']
bonito drieds	['e8605']
salmon oils	['e8610']
matsutake mushrooms	['e8611']
plum juices	['e8612']
whiting cookeds	['e8616']
imitation grape jellies	['e8622']
grape jelly low-sugars	['e8623']
grape spread low-sugars	['e8624']
baking mixes	['e8627']
cake yellows	['e8628']
apple peels	['e8632']
fish broths	['e8633']
hot chocolate beverages	['e8634']
white wheat flour doughs	['e8638']
kojis	['e8639']
aonoris	['e8644']
mortadellas	['e8649']
chili-garlic in oils	['e8652']
shallots chopped in oils	['e8653']
garlic in waters	['e8655']
fish stick food products	['e8662']
corn bran cereals	['e8663']
garlic in oils	['e8664']
garlic in butters	['e8665']
garlic in margarines	['e8666']
comfrey roots	['e8669']
swine carcasses	['e8670']
corn meal products	['e8671']
milkfish in oil canneds	['e8672']
seafood chowders	['e8673']
oat bran oils	['e8674']
ricotone cheeses	['e8675']
impastata cheeses	['e8676']
rainbow trout bakeds	['e8681']
rainbow trout smokeds	['e8682']
hazelnut chocolate spreads	['e8692']
strawberry sherbets	['e8693']
roasted chicory beverages	['e8694']
foie gra	['e8697']
codfish cake canneds	['e8699']
sausage crumbles with pepperoni flavoring frozens	['e8716']
sausage crumbles with salami flavoring frozens	['e8717']
meat pepperoni-flavored sausages	['e8718']
pepperoni spice mixes	['e8719']
white rice food products	['e8721']
sole ground raws	['e8726']
buttermilk ranch salad dressings	['e8738']
tripe lambs	['e8742']
fruit pot pies	['e8744']
tater tots	['e8745']
domiati cheeses	['e8748']
peanut sauces	['e8750']
cumin food products	['e8751']
cheesecake batters	['e8752']
kombucha teas	['e8753']
rice with husks	['e8754']
compressed yeast food products	['e8758']
apricot juices	['e8760']
turnover not further specifieds	['e8763']
cow curd food products	['e8764']
wheat cereals	['e8766']
potato skins	['e8767']
bread products	['e8769']
peanut milks	['e8776']
salamis	['e8784']
pimento ribbons	['e8789']
yogurt derived products	['e8795']
cheese asiago freshes	['e8797']
cheese asiago media	['e8798']
caciocavallo siciliano cheeses	['e8800']
tea food products	['e8805']
frozen dairy dessert mixes	['e8809']
cocoa creams	['e8810']
lemons	['e8812']
oranges	['e8813']
beverage cocoas	['e8815']
hen egg tubes	['e8817']
beverage fermented malts	['e8818']
spice extraction in soluble carriers	['e8821']
gefilte fish ball in packing media	['e8826']
gefilte fish patty in packing media	['e8827']
fish protein isolates	['e8831']
mammalian milk products	['e8834']
tripe food products	['e8835']
pancake mixes	['e8839']
herbs and seasoning	['e8841']
poultry meat products	['e8843']
whole wheat kernels	['e8845']
oat kernels	['e8846']
cheese spread pasteurizeds	['e8847']
cheese spread with fruits vegetables or meats pasteurizeds	['e8848']
pasteurized process cheese spread with fruits vegetables or meat	['e8849']
pudding-filled pies	['e8851']
cod liver oil emulsions	['e8860']
pancakes	['e8863']
waffles	['e8864']
jam and jelly, commercial, nonstandardizeds	['e8867']
pastries	['e8868']
tanmoojis	['e8871']
beverage vegetables	['e8872']
ginseng products	['e8873']
muks	['e8874']
jeotgals	['e8875']
fish paste products	['e8877']
kim chees	['e8878']
cocoa food products	['e8879']
konyaks	['e8892']
bakkojis	['e8893']
kyungyooks	['e8895']
seongge-jeots	['e8897']
twoenjangs	['e8899']
choonjangs	['e8900']
adzuki beans	['e8901']
bean pastes	['e8902']
squid smokeds	['e8904']
mandoo skins	['e8905']
yookpos	['e8906']
skim milk powder mixture used to prepare liquid foods	['e8910']
flour products	['e8915']
blancmange powders	['e8919']
dairy ice mixes	['e8920']
dairy based desserts	['e8921']
vegetable yogurts	['e8923']
nut yogurts	['e8924']
meat extracts	['e8938']
vegetable extracts	['e8939']
yeast extracts	['e8940']
dripping from foods	['e8941']
chili pastes	['e8943']
noris	['e8951']
kinakos	['e8952']
wakames	['e8953']
konnyakus	['e8959']
whale meat bacons	['e8964']
miso pickles	['e8965']
fish pastes	['e8966']
koji pickles	['e8967']
cuttlefish smokeds	['e8968']
shiu my pastry cases	['e8969']
spring roll pastry cases	['e8970']
flour paste for confectionery	['e8971']
tsukudanis	['e8972']
soy sauce pickles	['e8976']
vinegar pickles	['e8978']
peaches	['e8979']
ikuras	['e8980']
tarakos	['e8981']
sujikos	['e8982']
cavendish banana fleshes	['e8983']
gruel or porridge for infants and young child	['e8984']
cereal flakes for infants or young child	['e8985']
whey food products	['e8991']
animal fat or oils	['e8993']
oil grills	['e8995']
meat minceds	['e8996']
groats prepared from cereal	['e9004']
confectionery flours	['e9007']
cereal flake	['e9008']
breakfast product made from cereal	['e9009']
alimentary paste products	['e9010']
marzipans	['e9012']
hen egg omelette mixes	['e9013']
tongue food products	['e9016']
lumpfish roes	['e9017']
fruit cocktails	['e9021']
cherry cocktails	['e9022']
cottage cheese type spreads	['e9026']
herring spiced sugars	['e9028']
berry products	['e9031']
fruit food products	['e9032']
figure-of-eights	['e9034']
porters	['e9035']
cream cheese spreads	['e9044']
processed cheese with added ingredient	['e9046']
cheese food processeds	['e9047']
processed cow cheese with added ingredient	['e9048']
processed cheese spread with added ingredient	['e9050']
cold-pack cheese with added ingredient	['e9051']
cold-pack cheese food with added ingredient	['e9052']
head cheeses	['e9059']
fruit jelly with pectins	['e9060']
meatloafs	['e9062']
fig marmalade with pectins	['e9066']
fruit jam with pectins	['e9067']
pineapple marmalade with pectins	['e9068']
lobster pastes	['e9069']
cream cheese with added ingredient	['e9072']
oil soluble annattos	['e9073']
distiller's mashes	['e9075']
brewers mashes	['e9079']
peanut spreads	['e9083']
citrus fruit marmalade with pectins	['e9084']
vegetable protein, hydrolyzeds	['e9088']
citrus oils	['e9091']
hen egg yolk food products	['e9110']
fig marmalades	['e9111']
corn for degerminations	['e9123']
fish proteins	['e9126']
vegetable stocks	['e9131']
fruit peel food products	['e9132']
bacon sides	['e9135']
cheese varietal semi-hards	['e9138']
celery peppers	['e9144']
piece of poultry meats	['e9148']
oil toppings	['e9149']
asparagus packed in glass containers or fully lined can	['e9151']
meat sausages	['e9156']
pineapple juice blended with other fruit juice	['e9157']
vegetable drinks	['e9158']
vegetable drink bases	['e9159']
vegetable drink mixes	['e9160']
cereal based food gluten frees	['e9162']
pates	['e9163']
meat pie food products	['e9164']
preserves of red fruit	['e9165']
fruit in vinegar brine or oils	['e9166']
crustacean pastes	['e9167']
edible collagen casings	['e9168']
milk-based preparation (desserts and similar products) energy reduceds	['e9172']
milk-derivative-based preparation (desserts and similar products) energy reduceds	['e9173']
cereal-based dessert energy reduceds	['e9174']
beer with a minimum acidity of 30 mill.-equivalents expressed as naohs	['e9177']
brown beer oud bruin types	['e9178']
jelly energy-reduceds	['e9181']
sweet-sour fruit preserf	['e9184']
sweet-sour fish preserf	['e9185']
fish marinades	['e9187']
mollusc marinades	['e9189']
fruit concentrate liquids	['e9191']
fish roe products	['e9196']
unripened cheeses	['e9198']
snack cereal baseds	['e9199']
poultry fats	['e9201']
sheep fats	['e9202']
beverage vegetable baseds	['e9204']
cereal based food containing fats	['e9205']
chicken eggs	['e9207']
hen eggs	['e9207']
jam extras	['e9208']
tea extracts	['e9209']
tea infusions	['e9210']
chorizos	['e9211']
sobrasadas	['e9212']
pastirmas	['e9213']
vegetable proteins	['e9214']
herbal infusions	['e9215']
malt dairy based drinks	['e9216']
beverage flavored fruit juice based nonalcoholics	['e9219']
jams, jellies, and marmalades, product similar tos	['e9225']
cherry in syrups	['e9226']
cocktail cherries	['e9227']
cereal and potato-based snack foods	['e9228']
pudding tapiocas	['e9229']
semihard cheeses	['e9230']
longaniza frescas	['e9234']
butilarra frescas	['e9235']
horseradish pulps	['e9247']
onion pulps	['e9248']
garlic pulps	['e9249']
shallot pulps	['e9250']
onions in vinegars	['e9251']
jellying fruit extracts	['e9254']
fruit juice-based concentrate with not less than 2.5% barleys	['e9256']
concentrate based on comminuted fruits	['e9257']
cereal containing fats	['e9265']
vegetable protein product	['e9266']
cavendish bananas	['e9269']
cream desserts	['e9270']
fish salads	['e9273']
anchovies	['e9277']
horseradishes	['e9279']
coalfish products	['e9282']
gelatin-based capsules	['e9283']
cherry preserved in airtight container	['e9286']
jam substitutes	['e9289']
herring product salteds	['e9293']
coalfish product in oils	['e9295']
meat salads	['e9299']
fruit for further processing in the confectionery and beverages industry	['e9300']
onions	['e9305']
paprika purees	['e9306']
kumquat drieds	['e9317']
ginger in syrups	['e9326']
barley groat	['e9338']
citrus juice concentrates for further commercial processings	['e9340']
cod drieds	['e9342']
nutmeg seeds	['e9344']
wheat milling products	['e9347']
pudding powder substitutes	['e9348']
onion granule	['e9350']
garlic granule	['e9351']
food based on cereal	['e9354']
red beet powders	['e9357']
fruit powders	['e9358']
fruit marinades	['e9362']
mushroom produce in sour pickles	['e9363']
jelly powders	['e9366']
hen egg white hydrolysates	['e9367']
cocoa pulps	['e9370']
shortbread cake smalls	['e9371']
sour cream for butter makings	['e9372']
baking fats	['e9373']
fruit half food products	['e9374']
fruit pulp semi-finisheds	['e9375']
fruit puree semi-finisheds	['e9376']
fruit produces	['e9377']
kva	['e9379']
brewing malts	['e9380']
tomato conserves	['e9384']
poppy-seed cakes	['e9392']
gherkin pickles	['e9393']
fruit produce in sour pickles	['e9394']
sorrel concentrates	['e9398']
beverage syrup cola types	['e9399']
milk puddings	['e9404']
meat-vegetable conserves	['e9406']
rennet liquids	['e9411']
dessert soft cheeses	['e9412']
confectionery pastries	['e9413']
marmalade sweet	['e9417']
fruit puree for further processings	['e9418']
beef hams	['e9423']
beef bacons	['e9426']
flour dough mouldings	['e9437']
processed cheese preparations	['e9441']
mixtures of refined olive oil and refined olive oil residues	['e9458']
vegetable fat food products	['e9461']
cocoa-sugar mixture dries	['e9464']
cocoa nibs	['e9465']
cocoa dusts	['e9466']
cocoa masses	['e9467']
cheese leidses	['e9468']
cheese freises	['e9469']
cheese svecium	['e9470']
cheese butterkases	['e9471']
cheese coulommier	['e9472']
cheese herrgardsosts	['e9473']
cheese hushallsosts	['e9474']
cheese norvegium	['e9475']
cheese maribos	['e9476']
cheese amsterdams	['e9477']
blue-veined cow milk cheeses	['e9484']
cheese harzers	['e9485']
cheese danablus	['e9486']
gudbrandsdalsost cheeses	['e9507']
fish of the gadidae family dried salteds	['e9508']
bonito packed in water canneds	['e9509']
vanilla powders	['e9510']
vanilla bean extracts	['e9512']
milk chocolate and vegetable oil coatings	['e9513']
chocolate and vegetable fat coating sweets	['e9514']
cocoa and vegetable fat coating sweets	['e9515']
buttermilk chocolates	['e9518']
orange juice with preservatives	['e9530']
whole durum flours	['e9549']
brick cheese for manufacturings	['e9552']
cheese colby low sodia	['e9556']
cheese nuworlds	['e9563']
pasteurized blended cheese with fruits vegetables or meat	['e9564']
pasteurized process cheese with fruits vegetables or meat	['e9565']
pasteurized process pimento cheeses	['e9566']
pasteurized process cheese food with fruits vgetables or meat	['e9567']
pasteurized neufchatel cheese spread with other food	['e9568']
cheese skim milk for manufacturings	['e9569']
egg cheeses	['e9574']
whole meat products	['e9576']
marmalade fruits	['e9586']
coconut food products	['e9592']
waffle doughs	['e9593']
horseradish root food products	['e9594']
cereal-based products	['e9595']
blood sausages	['e9600']
sausage stuffed with pearl barleys	['e9601']
cheese granular curds	['e9609']
cheese blended pasteurizeds	['e9611']
whey cheeses	['e9612']
egg noodle products	['e9613']
vegetable egg noodle products	['e9614']
chub cured smokeds	['e9623']
sprat pickleds	['e9629']
sea urchin products	['e9631']
octopus food products	['e9632']
flour paste for breads	['e9634']
black pepper powders	['e9635']
powdered milk with flavorings	['e9639']
sweet creams	['e9644']
blancmanges	['e9645']
dessert made from curd cheeses	['e9646']
blancmange concentrates	['e9647']
stockfishes	['e9655']
milk-derivative-based preparations (desserts and similar products) with no added sugars	['e9656']
cereal based-desserts with no added sugars	['e9658']
root vegetable products	['e9673']
potato products	['e9674']
meringue toppings	['e9694']
citrus nectars	['e9702']
citrus fruit syrups	['e9703']
oat musts	['e9705']
green peas	['e9715']
mammalian milk for infants	['e9716']
dairy food for infants	['e9717']
grain-based foods	['e9718']
lumpfish roe semi-preserveds	['e9724']
cod roe fully preserveds	['e9726']
caviar semi-preserveds	['e9727']
orange juice for manufacturings	['e9733']
yellow corn grit	['e9734']
beetroots	['e9754']
sturgeon roe semi-preserveds	['e9755']
baltic herring filet fully preserveds	['e9757']
genoa salamis	['e9762']
cheesefurters	['e9763']
garlic bolognas	['e9764']
knockwursts	['e9765']
sausage brown and serves	['e9769']
meatballs	['e9775']
breakfast sausages	['e9778']
hog sausages	['e9779']
italian sausages	['e9780']
braunschweigers	['e9782']
bockwursts	['e9783']
meat-based soups	['e9784']
pig carcasses	['e9798']
pork carcasses	['e9798']
ground beef patties	['e9803']
poultry-based soups	['e9805']
poultry spreads	['e9811']
lemon oils	['e9823']
beef with barbecue sauces	['e9824']
pork with barbecue sauces	['e9825']
whole muscle meat cuts	['e9826']
corn germs	['e9831']
corn malts	['e9832']
corn kernels	['e9833']
citrus wines	['e9834']
black grape wines	['e9835']
still wines	['e9836']
gnocchis	['e9859']
cream de pruneauxes	['e9860']
chicory extracts	['e9863']
barley malt products	['e9864']
fruit porridges	['e9867']
vegetable protein drinks	['e9869']
instant powder for fruit based drinks	['e9875']
instant tea powders	['e9876']
clotted creams	['e9877']
olives	['e9888']
citrus peel glaces	['e9903']
fruit jelly made with sulfite fruits	['e9905']
beer with a second fermentation in casks	['e9907']
cidre bouches	['e9916']
liqueur wines	['e9917']
saucisses de strasbourgs	['e9924']
sage derby cheeses	['e9925']
fruit juice for confectioneries	['e9936']
fruit paste for confectioneries	['e9937']
butterbur stems	['e9938']
sausage meats	['e9948']
fish balls	['e9949']
mammalian lactobacillus milk drinks	['e9950']
hen egg jams	['e9953']
chocolate concentrate drinks	['e9956']
coffee mixtures	['e9959']
fish crackers	['e9960']
diphos sanguins	['e9961']
obsolete: yellowfin tunas	['e9962']
palinurid spiny lobsters	['e9963']
water snails	['e9964']
broiler chickens	['e9965']
mussels	['e9966']
oysters	['e9967']
onion plants	['e9968']
clams	['e9969']
truffle fungis	['e9970']
land snails	['e9971']
chickens	['e9972']
scallion plants	['e9973']
brown trouts	['e9974']
jamaican tangelos	['e9975']
obsolete: albacores	['e9976']
shallot plants	['e9977']
golden chanterelles	['e9978']
rock cornish game hens	['e9979']
oyster mushroom genu	['e9980']
shiitake mushrooms	['e9981']
straw mushrooms	['e9982']
abalone mushrooms	['e9983']
roaster chickens	['e9984']
capons	['e9985']
stag chickens	['e9986']
chicken hens	['e9987']
roosters	['e9988']
alaska pollocks	['e9989']
obsolete: dolphinfishes	['e9990']
new zealand commercial scallops	['e9991']
new zealand rock oysters	['e9992']
chilean abalones	['e9993']
new zealand green mussels	['e9994']
black morels	['e9995']
inky cap mushrooms	['e9996']
field mushrooms	['e9997']
early morels	['e9998']
morel mushrooms	['e9999']
porcini mushrooms	['e10000']
blusher mushrooms	['e10001']
milk mushrooms	['e10002']
fenugreek milkcaps	['e10003']
magic mushrooms	['e10004']
snails	['e10005']
white lepiotum	['e10006']
langostino colorados	['e10007']
langostino amarillos	['e10008']
slippery jack mushrooms	['e10009']
new zealand wedge clams	['e10010']
obsolete: african mudfishes	['e10011']
american razor clams	['e10012']
japanese scallops	['e10013']
cipollini plants	['e10014']
reishi mushrooms	['e10015']
japanese hard clams	['e10016']
quahogs	['e10017']
enoki mushrooms	['e10018']
blewit mushrooms	['e10019']
wood blewits	['e10020']
hen clams	['e10021']
pipi clams	['e10022']
toheroa wedge clams	['e10023']
obsolete: common whitefishes	['e10024']
new zealand dredge oysters	['e10025']
honey mushrooms	['e10026']
red boletu	['e10027']
rough stemmed boletu	['e10028']
saffron milkcaps	['e10029']
obsolete: barramundis	['e10030']
japanese flat oysters	['e10031']
razor shell clams	['e10032']
venus clam families	['e10033']
gum arabics	['e10035']
guar gums	['e10036']
bolete mushrooms	['e10037']
new zealand langostinos	['e10038']
frilled venu	['e10039']
california venu	['e10040']
new zealand cockles	['e10041']
chilean blue mussels	['e10042']
korean mussels	['e10043']
australian mussels	['e10044']
river plata mussels	['e10045']
green mussels	['e10046']
kerguelen mussels	['e10047']
turkish snails	['e10048']
chilean flat oysters	['e10049']
denticulate rock oysters	['e10050']
kumamoto oysters	['e10051']
sweet onion plants	['e10052']
maitake mushrooms	['e10053']
king oyster mushrooms	['e10054']
brown beech mushrooms	['e10055']
red onion plants	['e10056']
white truffles	['e10057']
black truffles	['e10058']
chinese truffles	['e10059']
summer truffles	['e10060']
pearl oyster mushrooms	['e10061']
razor shell families	['e10063']
mactra surf shell families	['e10064']
great scallops	['e10065']
australian scallops	['e10066']
south atlantic scallops	['e10067']
magellan mussels	['e10068']
date shells	['e10069']
horse mussels	['e10070']
snow fungu	['e10071']
south polar fungu	['e10072']
white oyster mushrooms	['e10073']
nameko mushrooms	['e10074']
spring mushrooms	['e10075']
shimeji mushrooms	['e10076']
collared stinkhorns	['e10078']
rooting shanks	['e10079']
green oysters	['e10080']
shaggy inc caps	['e10081']
coral tooth mushrooms	['e10082']
yellow brain fungu	['e10083']
cauliflower fungu	['e10084']
elm oysters	['e10085']
tiger saw-gills	['e10086']
st. george's mushrooms	['e10087']
gypsy mushrooms	['e10088']
southern queen scallops	['e10089']
yellow onion plants	['e10090']
silverskin onion plants	['e10091']
giant snails	['e10092']
white beech mushrooms	['e10093']
hon-shimejis	['e10094']
horse mushrooms	['e10095']
forest lambs	['e10096']
caesar's mushrooms	['e10097']
pine boletes	['e10098']
summer boletes	['e10099']
pale chanterelles	['e10100']
horn of plenties	['e10101']
yellow foots	['e10102']
trumpet chanterelles	['e10103']
bearded tooth mushrooms	['e10104']
wood hedgehogs	['e10105']
terracotta hedgehogs	['e10106']
parasol mushrooms	['e10107']
common morels	['e10108']
golden oyster mushrooms	['e10109']
pink oyster mushrooms	['e10110']
peruvian calico scallops	['e10111']
goolwa donaxes	['e10112']
mud mussels	['e10113']
shipworms	['e10114']
river mussels	['e10115']
cassidulas	['e10116']
telescope snails	['e10117']
mud whelks	['e10119']
mud oysters	['e10120']
pearly freshwater mussels	['e10121']
flood plain mussels	['e10122']
angas' mussels	['e10123']
salt marsh snails	['e10124']
horn snails	['e10125']
giant mangrove whelks	['e10126']
belitong snails	['e10127']
striate mud creepers	['e10128']
helicidaes	['e10129']
scotch bonnets	['e10130']
oblique onion plants	['e10131']
french grey shallot plants	['e10132']
persian shallot plants	['e10133']
germinated or sprouted seeds	['e10134']
mammalian milk or milk components	['e10135']
mammalian milk cream or cream components	['e10136']
mammalian milk wheys	['e10140']
mammalian milk curds	['e10141']
germ oils	['e10142']
peel oils	['e10143']
seed oils	['e10144']
plant seed or nut food products	['e10145']
chocolate or cocoas	['e10146']
vegetable fat or oils	['e10147']
dried or candied fruits	['e10148']
mammalian milk proteins	['e10149']
wheat malts	['e10150']
rye malts	['e10151']
guarana seeds	['e10152']
poultry wings	['e10153']
poultry breasts	['e10154']
poultry legs	['e10155']
poultry thighs	['e10156']
poultry necks	['e10157']
poultry foots	['e10158']
calabrese salamis	['e10159']
chicken kievs	['e10160']
cobblers	['e10161']
crumbles	['e10162']
khmeli sunelis	['e10163']
kulfis	['e10164']
microgreen food products	['e10165']
microgreen leafs	['e10167']
microgreen stems	['e10168']
microgreen bunches	['e10169']
minas cheeses	['e10170']
kheers	['e10171']
paneers	['e10173']
ras malais	['e10174']
rice putos	['e10176']
sopressata salamis	['e10177']
sambars	['e10178']
sashimis	['e10179']
sheer khurmas	['e10180']
split chickpeas	['e10181']
tuna sakus	['e10182']
mochis	['e10183']
egg salads	['e10184']
dhana jirus	['e10185']
gram flours	['e10186']
za'atars	['e10188']
aequipecten operculari	['e10189']
pinctada margaritiferas	['e10190']
mercenaria campechiensi	['e10191']
mercenaria campechienses	['e10191']
ensis ensi	['e10192']
ensis enses	['e10192']
ruditapes philippinarums	['e10193']
allium chinenses	['e10194']
stramonita haemastomas	['e10195']
panopea abruptum	['e10196']
cantareus apertu	['e10197']
palinurus elepha	['e10198']
palinurus delagoaes	['e10199']
palinurus gilchristis	['e10200']
ensis siliquas	['e10201']
solen marginatu	['e10202']
chlamys islandicas	['e10203']
allium cepa var. aggregata	['e10204']
mytilus galloprovinciali	['e10205']
crassostrea giga	['e10206']
patinopecten caurinu	['e10207']
argopecten irradian	['e10208']
palinurus mauritanicu	['e10209']
megapitaria maculatum	['e10210']
allium fistulosums	['e10211']
saccostrea cucullatum	['e10212']
palinurus charlestonis	['e10213']
ostrea eduli	['e10214']
crassostrea rhizophoraes	['e10215']
chionista fluctifragas	['e10216']
modiolus modiolu	['e10217']
saxidomus giganteas	['e10218']
chionoecetes opilios	['e10219']
pleoticus muelleris	['e10220']
corbicula flumineas	['e10221']
leukoma stamineas	['e10222']
allium cepas	['e10223']
allium canadenses	['e10224']
mimachlamys varium	['e10225']
crassostrea angulatum	['e10227']
ensis directu	['e10228']
arctica islandicas	['e10229']
ostrea luridas	['e10230']
cornu aspersums	['e10231']
helix pomatium	['e10232']
mytilus californianu	['e10233']
mytilus eduli	['e10234']
mytilus trossulu	['e10235']
crassostrea virginicas	['e10236']
placopecten magellanicu	['e10237']
pecten maximu	['e10238']
spisula solidissimas	['e10239']
macrocallista nimbosas	['e10240']
mercenaria mercenarium	['e10241']
mya arenarium	['e10242']
argopecten gibbuses	['e10243']
perna pernas	['e10244']
milks	['e10245']
honeys	['e10246']
nut or seed addeds	['e10145']
chocolate or cocoa addeds	['e10146']
vegetable fat or oil addeds	['e10147']
dried or candied fruit addeds	['e10148']
milk protein addeds	['e10149']
wheat malt addeds	['e10150']
rye malt addeds	['e10151']
queen scallops	['e10189']
blacklip pearl oysters	['e10190']
southern quahogs	['e10191']
pod razors	['e10192']
japanese littleneck clams	['e10193']
chinese onion plants	['e10194']
rock shell snails	['e10195']
pacific geoducks	['e10196']
green garden snails	['e10197']
common spiny lobsters	['e10198']
natal spiny lobsters	['e10199']
gilchrist spiny lobsters	['e10200']
sword razors	['e10201']
margin jackknives	['e10202']
iceland scallops	['e10203']
mediterranean mussels	['e10205']
pacific giant oysters	['e10206']
weathervane scallops	['e10207']
bay scallops	['e10208']
pink spiny lobsters	['e10209']
calico clams	['e10210']
welsh onion plants	['e10211']
sydney cupped oysters	['e10212']
cape verde spiny lobsters	['e10213']
european oysters	['e10214']
mangrove cupped oysters	['e10215']
smooth venu	['e10216']
northern horse mussels	['e10217']
butter clams	['e10218']
snow crabs	['e10219']
argentine red shrimps	['e10220']
asian clams	['e10221']
pacific littleneck clams	['e10222']
canadian onion plants	['e10224']
variegated scallops	['e10225']
hardshell clams	['e10226']
portuguese oysters	['e10227']
atlantic jackknives	['e10228']
ocean quahogs	['e10229']
olympia flat oysters	['e10230']
garden snails	['e10231']
escargots	['e10232']
california mussels	['e10233']
blue mussels	['e10234']
northern blue mussels	['e10235']
eastern oysters	['e10236']
sea scallops	['e10237']
great atlantic scallops	['e10238']
atlantic surfclams	['e10239']
sunray venu	['e10240']
northern quahogs	['e10241']
softshell clams	['e10242']
atlantic calico scallops	['e10243']
south american rock mussels	['e10244']
gehakts	['e3']
ground meats	['e3']
fine	['e4']
hotdogs	['e13']
yoghourts	['e18']
yoghurts	['e18']
yougerts	['e18']
bresse blues	['e26']
emmental cheeses	['e36']
emmentaler cheeses	['e36']
harzerkaeses	['e37']
porks	['e41']
ice-creams	['e48']
flax oils	['e83']
flax seed oils	['e83']
linseed oils	['e83']
fermented apples	['e92']
coffee and coffee product	['e131']
maize food products	['e134']
tubers	['e138']
pome	['e148']
common oat food products	['e174']
dried fava beans	['e182']
garbanzo bean food products	['e183']
cocoa and cocoa product	['e195']
herb or spices	['e217']
dairy products	['e231']
milk products	['e231']
ciders	['e248']
sweet custards	['e251']
beef minces	['e252']
ground beefs	['e252']
hamburger meats	['e252']
minced beefs	['e252']
cantaloups	['e257']
alfalfa nuts	['e297']
cardamons	['e369']
cardamums	['e369']
cereal products	['e387']
clofe	['e411']
dills	['e460']
dry corn food products	['e484']
common pea vegetable food products	['e486']
garden pea vegetable food products	['e486']
linseed food products	['e491']
gingers	['e510']
red peppers	['e548']
hǎidàis	['e569']
haidais	['e569']
kombus	['e569']
lettuces	['e578']
lupins	['e589']
maces	['e591']
marjorams	['e598']
miracle fruit food products	['e608']
mollusk food products	['e610']
sages	['e744']
soy products	['e777']
thymes	['e806']
vanillas	['e819']
aduki bean pastes	['e848']
red mung bean pastes	['e848']
white bean pastes	['e849']
camembert-blue cheeses	['e861']
canestratos	['e862']
roqueforts	['e864']
crescenza cheeses	['e865']
japanese mustard green	['e866']
kyonas	['e866']
qian jing shui cais	['e866']
spider mustards	['e866']
jujubes	['e910']
hams	['e924']
deboned cooked chickens	['e934']
queso cinchos	['e942']
wantans	['e952']
wuntuns	['e952']
hibiscus teas	['e959']
grauburgunders	['e973']
pinot grigios	['e973']
blauburgunders	['e974']
pinot neros	['e974']
rulandské modrés	['e974']
spätburgunders	['e974']
blanc fumes	['e979']
fume blancs	['e979']
muskat-silvaners	['e979']
sauvignon jaunes	['e979']
sémillon wines	['e980']
frizzantes	['e982']
spumantes	['e982']
tranquillos	['e982']
frappato neros	['e986']
frappato nero di vittorium	['e986']
frappatus	['e986']
frappatu di vittorium	['e986']
nerellos	['e986']
nerello di catanium	['e986']
zante wines	['e992']
clarets	['e993']
jamaica peppers	['e997']
jamaica pimentos	['e997']
myrtle peppers	['e997']
pimentum	['e997']
pimentos	['e997']
chelas	['e1006']
pincers	['e1006']
boston beans	['e1012']
haricots	['e1012']
pea beans	['e1012']
pearl haricot beans	['e1012']
white pea beans	['e1012']
langoustes	['e1013']
langusta	['e1013']
rock lobsters	['e1013']
lactuca sativa l. var. longifolium	['e1014']
cos lettuces	['e1014']
romaines	['e1014']
turkey pectoral muscles	['e1016']
salad onions	['e1020']
chicken pectoral muscles	['e1027']
boves	['e1029']
cow lungs	['e1029']
parus	['e1029']
savoury biscuits	['e1030']
water biscuits	['e1030']
ground turkeys	['e1031']
minced turkeys	['e1031']
polish sausages	['e1034']
thai chilis	['e1040']
bird eye chilis	['e1040']
bird's chilis	['e1040']
harina de carnes	['e1041']
softshell crabs	['e1044']
guajillo chilis	['e1045']
guajillo peppers	['e1045']
roman beans	['e1047']
gadhra beans	['e1047']
romano beans	['e1047']
rosecoco beans	['e1047']
saluggia beans	['e1047']
dried beans	['e1049']
arhars	['e1055']
toor dals	['e1055']
turs	['e1055']
तूरs	['e1055']
तूर दालs	['e1055']
haricot beans	['e1056']
ground-beans	['e1068']
hog-peanuts	['e1068']
edamame shelleds	['e1076']
tericopelo beans	['e1078']
goose eggs	['e1092']
turkey eggs	['e1093']
snow peas	['e1095']
turkeys	['e1096']
extra virgin olive oils	['e1099']
枝豆s	['e1100']
fava bean pods	['e1102']
1% milks	['e1105']
sheep lungs	['e1113']
neck of lambs	['e1118']
plant ashes	['e1120']
bartlett pears	['e1122']
williams bon chrétien pears	['e1122']
quicos	['e1123']
toasted corns	['e1123']
hopi teas	['e1128']
navajo teas	['e1128']
navajo tea greenthreads	['e1128']
greenthread teas	['e1128']
fiji apples	['e1129']
majhool dates	['e1132']
medjoul dates	['e1132']
nattos	['e1134']
納豆s	['e1134']
ohelo berries	['e1136']
bijis	['e1137']
dòufuzhās	['e1137']
dòuzhās	['e1137']
kongbijis	['e1137']
soy pulps	['e1137']
tofu dreg	['e1137']
餃子s	['e1138']
dried sōman	['e1140']
soman	['e1140']
somyeons	['e1140']
sùmiàns	['e1140']
素面s	['e1140']
素麵s	['e1140']
素麺s	['e1140']
pudding rices	['e1141']
short-grain rices	['e1141']
short rib	['e1142']
stinkhead	['e1143']
camellia oleifera seed oils	['e1144']
camellia oils	['e1144']
camellia seed oils	['e1144']
teaseed oils	['e1144']
blue crab meats	['e1145']
black beans	['e1147']
meringues	['e1149']
king crab meats	['e1151']
capelin roes	['e1152']
roasted black grams	['e1155']
roasted chickpeas	['e1155']
bengal cardamoms	['e1160']
indian cardamoms	['e1160']
nepal cardamoms	['e1160']
big cardamons	['e1160']
brown cardamoms	['e1160']
greater cardamoms	['e1160']
hill cardamoms	['e1160']
winged cardamoms	['e1160']
heirloom tomatoes	['e1161']
heritage tomatoes	['e1161']
hengus	['e1167']
hings	['e1167']
inguvas	['e1167']
jowani badians	['e1167']
kayams	['e1167']
tings	['e1167']
graviolas	['e1168']
guanábanas	['e1168']
guyabanos	['e1168']
kimchees	['e1171']
german turnips	['e1173']
kohlrabis	['e1173']
prime rib roasts	['e1175']
standing rib roasts	['e1175']
bushmeats	['e1176']
wildmeats	['e1176']
lemon grass leafs	['e1177']
west indian lemongrass leafs	['e1177']
bastard saffrons	['e1180']
kasubas	['e1180']
kasubhas	['e1180']
ribeyzas	['e1181']
rostov rybezs	['e1181']
rybetzs	['e1181']
gnetum africanum leafs	['e1182']
afang leafs	['e1182']
african jointfir leafs	['e1182']
eru leafs	['e1182']
fumbua leafs	['e1182']
okok leafs	['e1182']
ukazi leafs	['e1182']
wild spinach leafs	['e1182']
gnetum africanum tubers	['e1183']
afang tubers	['e1183']
african jointfir tubers	['e1183']
eru tubers	['e1183']
okazi root tubers	['e1183']
ukazi tubers	['e1183']
minneiskas	['e1184']
sweetangos	['e1184']
butternut squashes	['e1186']
fish cutlets	['e1188']
tuna cutlets	['e1189']
broccosprouts	['e1190']
anchos	['e1193']
chile anchos	['e1193']
poblanos	['e1193']
poblano powders	['e1194']
hawaii nuts	['e1196']
queensland nuts	['e1196']
bauples	['e1196']
bauple nuts	['e1196']
boomberas	['e1196']
bush nuts	['e1196']
gyndls	['e1196']
jindillis	['e1196']
macadamium	['e1196']
maroochi nuts	['e1196']
gherkins	['e1197']
pickles	['e1197']
pacific serviceberries	['e1198']
alder-leaf shadbush berries	['e1198']
chuckley pear berries	['e1198']
dwarf shadbush berries	['e1198']
pigeon berries	['e1198']
western juneberries	['e1198']
western serviceberries	['e1198']
redcurrants	['e1199']
yellow wax beans	['e1201']
yellow bell peppers	['e1202']
yellow peppers	['e1202']
golden zucchinis	['e1204']
yellow zucchinis	['e1204']
orange bell peppers	['e1205']
orange peppers	['e1205']
ciblemes	['e1206']
scallopinis	['e1206']
sunburst squashes	['e1206']
white squashes	['e1206']
yellow squashes	['e1206']
caraways	['e1211']
cumins	['e1213']
ripe olives	['e1214']
druplet berries	['e1215']
pomellos	['e1216']
pommelos	['e1216']
pumellos	['e1216']
pumelos	['e1216']
pummelos	['e1216']
shaddocks	['e1216']
cow steaks	['e1218']
savoy cabbages	['e1220']
burdocks	['e1223']
greater burdocks	['e1223']
tarragons	['e1224']
mugworts	['e1225']
mugwort bud	['e1225']
mugwort leafe	['e1225']
saffrons	['e1229']
basils	['e1230']
soft-necked garlics	['e1231']
hard-necked garlics	['e1232']
potato puffs	['e1233']
ḥummuṣ bi-ṭaḥinis	['e1234']
corn grit	['e1237']
piki breads	['e1238']
robusta coffees	['e1239']
arabica coffees	['e1240']
chinese pears	['e1245']
japanese pears	['e1245']
nashis	['e1245']
nashi pears	['e1245']
sand pears	['e1245']
abiyuches	['e1246']
garlic pears	['e1246']
sacred barmas	['e1246']
sacred garlic pears	['e1246']
templeplants	['e1246']
rowanberries	['e1249']
black spanish radishes	['e1250']
nopal pads	['e1253']
chinese potatoes	['e1254']
cinnamon-vines	['e1254']
nagaimos	['e1254']
山药s	['e1254']
east asian mountain yams	['e1255']
japanese mountain yams	['e1255']
yamaimos	['e1255']
jacks	['e1259']
jack fruits	['e1259']
jakfruits	['e1259']
langkas	['e1259']
crowberries	['e1260']
roselles	['e1263']
chinese star anises	['e1265']
badianes	['e1265']
staranises	['e1265']
lovages	['e1266']
lichees	['e1270']
lichis	['e1270']
litchees	['e1270']
litchis	['e1270']
litchi nuts	['e1270']
carambolas	['e1272']
sallowthorns	['e1278']
sandthorns	['e1278']
sea buckthornberries	['e1278']
sea-buckthornberries	['e1278']
seaberries	['e1278']
barleys	['e1279']
hyssops	['e1280']
purple mangosteens	['e1281']
abricotier d’afriques	['e1282']
african apples	['e1282']
african apricots	['e1282']
african mammee apples	['e1282']
mammeas	['e1282']
mammee apples	['e1282']
santo domingo apricots	['e1283']
south american apricots	['e1283']
mameys	['e1283']
mammees	['e1283']
tropical apricots	['e1283']
yellow mameys	['e1283']
egyptian beans	['e1284']
indian lotu	['e1284']
bean of indium	['e1284']
lotu	['e1284']
sacred lotu	['e1284']
cerisier carrés	['e1287']
brazil cherries	['e1287']
cayenne cherries	['e1287']
pitangas	['e1287']
oregon yampahs	['e1291']
highbush cranberries	['e1292']
lowbush cranberries	['e1292']
mooseberries	['e1292']
moosomins	['e1292']
pembinas	['e1292']
pimbinas	['e1292']
viburnum edules	['e1292']
crab apples	['e1293']
crabapples	['e1293']
vigna unguiculata subsp. cylindricas	['e1294']
catjangs	['e1294']
chinese broccolis	['e1295']
chinese kales	['e1295']
jie lans	['e1295']
kai-lans	['e1295']
bread wheats	['e1296']
bread wheat kernels	['e1296']
medlars	['e1297']
chinese bayberries	['e1300']
chinese strawberries	['e1300']
japanese bayberries	['e1300']
red bayberries	['e1300']
waxberries	['e1300']
yamamomos	['e1300']
yangmeis	['e1300']
yumberries	['e1300']
yángméis	['e1300']
ヤマモモs	['e1300']
杨梅s	['e1300']
palm hearts	['e1301']
palmettos	['e1301']
palmitos	['e1301']
curds and wheys	['e1302']
junkets	['e1302']
bulgur wheats	['e1303']
coffee mochas	['e1304']
mocaccinos	['e1304']
mochaccinos	['e1304']
mochachinos	['e1304']
canadian-style bacons	['e1305']
dinkel wheats	['e1309']
hulled wheats	['e1309']
butter beans	['e1314']
multiflora beans	['e1314']
runner beans	['e1314']
scarlet beans	['e1314']
scarlet runner beans	['e1314']
vaccinium stamineums	['e1316']
buckberries	['e1316']
highbush huckleberries	['e1316']
southern gooseberries	['e1316']
squaw huckleberries	['e1316']
tall deerberries	['e1316']
dragon eye	['e1317']
lungans	['e1317']
hairy lychees	['e1318']
rhambustans	['e1318']
portuguese kales	['e1320']
couve tronchudas	['e1320']
sea kales	['e1320']
japanese bunching onions	['e1321']
bunching onions	['e1321']
long green onions	['e1321']
spanish onions	['e1321']
african horned cucumbers	['e1330']
african horned melons	['e1330']
cucumis metuliferu	['e1330']
hedged gourds	['e1330']
jelly melons	['e1330']
kiwanos	['e1330']
kiwano plants	['e1330']
melanos	['e1330']
spiked melons	['e1330']
soya yogurts	['e1331']
soygurts	['e1331']
yofus	['e1331']
vegetarian foods	['e1332']
cupu assus	['e1333']
cupuaçus	['e1333']
irish oatmeals	['e1343']
coarse oatmeals	['e1343']
pinhead oat	['e1343']
bakery filling fats	['e1348']
poppy oils	['e1349']
poppy seed oils	['e1349']
apricot oils	['e1352']
cupu assu oils	['e1355']
paste tomatoes	['e1361']
processing tomatoes	['e1361']
roma tomatoes	['e1361']
müslis	['e1362']
müeslis	['e1362']
la tarte de saint-tropezs	['e1363']
tropeziennes	['e1363']
beef burgundies	['e1364']
bœuf bourguignons	['e1364']
bœuf à la bourguignonnes	['e1364']
souffles	['e1366']
parmesans	['e1368']
omelets	['e1370']
mille-feuilles	['e1371']
millefeuilles	['e1371']
ipas	['e1374']
sack yoghurts	['e1375']
yogurt cheeses	['e1375']
savoyard fondues	['e1376']
fondue bourguignonnes	['e1377']
common figs	['e1378']
chnöpflis	['e1380']
csipetkes	['e1380']
galuskas	['e1380']
haluškies	['e1380']
knöpfles	['e1380']
nokedlis	['e1380']
spätzlis	['e1380']
bush teas	['e1382']
red teas	['e1382']
redbush teas	['e1382']
zests	['e1384']
manzanilla de sevillas	['e1390']
manzanillo olives	['e1390']
spanish olives	['e1390']
eye fillets	['e1396']
filet de bœufs	['e1396']
new york strips	['e1397']
strip steaks	['e1397']
top loin steaks	['e1397']
beef loin porterhouse steak bone ins	['e1399']
yujas	['e1409']
west indian lemon grass stalks	['e1417']
cymbopogon citratus stalks	['e1417']
lemon grass stalks	['e1417']
gingko nuts	['e1436']
arabica beans	['e1437']
broccolis	['e1442']
cabbages	['e1443']
maniocs	['e1446']
tapiocas	['e1446']
yucas	['e1446']
yucca roots	['e1446']
cauliflowers	['e1447']
durum wheats	['e1453']
durum wheat seeds	['e1453']
de-stemmed grapes	['e1454']
corn cobs	['e1463']
perl millets	['e1465']
rhubart stalks	['e1467']
purple rices	['e1471']
jacktrees	['e1482']
asaparagu	['e1483']
button mushrooms	['e1485']
champignon mushrooms	['e1485']
common mushrooms	['e1485']
table mushrooms	['e1485']
white button mushrooms	['e1485']
italian browns	['e1486']
italian mushrooms	['e1486']
roman brown mushrooms	['e1486']
swiss brown mushrooms	['e1486']
brown cap mushrooms	['e1486']
chestnut mushrooms	['e1486']
creminis	['e1486']
criminis	['e1486']
crimini mushrooms	['e1486']
portabellas	['e1487']
portabella mushrooms	['e1487']
portobella mushrooms	['e1487']
portobellos	['e1487']
drumsticks	['e1492']
chinese prickly ashes	['e1493']
mala peppers	['e1493']
rattan peppers	['e1493']
szechuan peppers	['e1493']
szechwan peppers	['e1493']
honghuajiaos	['e1494']
红花椒s	['e1494']
qinghuajiaos	['e1495']
青花椒s	['e1495']
aqpiks	['e1501']
averins	['e1501']
bakeapples	['e1501']
evrons	['e1501']
knotberries	['e1501']
knoutberries	['e1501']
low-bush salmonberries	['e1501']
nordic berries	['e1501']
cherry peppers	['e1505']
capsicums	['e1506']
sweet peppers	['e1506']
achees	['e1510']
ackees	['e1510']
ackee apples	['e1510']
ankyes	['e1510']
ayees	['e1510']
bear's eye blackberries	['e1511']
black cap raspberries	['e1511']
black cap	['e1511']
wild black raspberries	['e1511']
black-eyed beans	['e1512']
black-eyed peas	['e1512']
crowder peas	['e1512']
southern peas	['e1512']
flinders roses	['e1513']
caper bushes	['e1513']
spinaches	['e1516']
spinach bundles	['e1517']
collard green	['e1522']
collard greens bundles	['e1522']
collards	['e1523']
mustard greens bundles	['e1524']
kale green	['e1525']
kale greens bundles	['e1525']
iceberg lettuces	['e1527']
common berries	['e1538']
italian oyster mushrooms	['e1539']
phoenix mushrooms	['e1539']
usuhiratakes	['e1539']
american cresses	['e1541']
barbarea vernas	['e1541']
belle isle cresses	['e1541']
bermuda cresses	['e1541']
and upland cresses	['e1541']
bank cresses	['e1541']
black wood cresses	['e1541']
creasy green	['e1541']
creasy leafs	['e1541']
early wintercresses	['e1541']
early yellowrockets	['e1541']
land cresses	['e1541']
scurvy cresses	['e1541']
creasy greens bunches	['e1543']
land cress bundles	['e1543']
mushrooms	['e1544']
toadstools	['e1544']
chard bundles	['e1547']
siberian kale bundles	['e1548']
sour cherry, sour red cherries	['e1550']
papaws	['e1556']
cowberries	['e1558']
mountain cranberries	['e1558']
partridgeberries	['e1558']
european gooseberries	['e1559']
sweet green peppers	['e1563']
sweet yellow peppers	['e1564']
sweet orange peppers	['e1565']
garden asparagu	['e1566']
edible ivories	['e1567']
royal vegetables	['e1567']
white asparagu	['e1567']
white gold asparagu	['e1567']
purple asparagu	['e1568']
mandarins	['e1570']
mandarines	['e1570']
yukon potatoes	['e1573']
austrian winter peas	['e1575']
dun (grey-brown) peas	['e1575']
kapucijner peas	['e1575']
field corns	['e1577']
abiaba, pomme de laits	['e1582']
aguays	['e1582']
caimitos	['e1582']
cainitos	['e1582']
estrellas	['e1582']
golden leaf trees	['e1582']
milk fruits	['e1582']
purple star apples	['e1582']
tar apples	['e1582']
teardrop tomatoes	['e1583']
chinese water chestnuts	['e1584']
french artichokes	['e1586']
globe artichokes	['e1586']
green artichokes	['e1586']
williams' bon chrétien pears	['e1588']
european pears	['e1589']
chinese gooseberries	['e1591']
plum grape tomatoes	['e1593']
sunflower seeds	['e1594']
garlics	['e1595']
garlic spears	['e1597']
garlic stems	['e1597']
garlic tops	['e1597']
ornamental gourds	['e1610']
pepper squashes	['e1610']
summer crookneck squashes	['e1610']
coleworts	['e1615']
rocket leafs	['e1615']
rocket salads	['e1615']
roquettes	['e1615']
rucolas	['e1615']
rucolis	['e1615']
rugulas	['e1615']
european black currants	['e1617']
korean pears	['e1618']
pyrus pyrifolium	['e1618']
taiwan pears	['e1618']
eastern black walnuts	['e1622']
erfurter radishes	['e1623']
cacao beans	['e1624']
betel nuts	['e1625']
cherimoyas	['e1627']
chirimoyas	['e1627']
chirimuyas	['e1627']
aubergines	['e1629']
brinjals	['e1629']
egg plants	['e1629']
mehtis	['e1631']
methi leafs	['e1631']
fenugreek bunches	['e1632']
radicchios	['e1635']
succories	['e1635']
witloofs	['e1635']
chicory bundles	['e1636']
semarang rose-apples	['e1637']
wax apples	['e1637']
wax jambus	['e1637']
beech nuts	['e1638']
beetroot leafs	['e1644']
bunch of grape	['e1649']
cluster of grape	['e1649']
clustered grapes	['e1649']
grape bunches	['e1649']
grapes on the vines	['e1649']
loose leaf lettuces	['e1651']
arugula green bundles	['e1654']
arugula green	['e1654']
sorrel bundles	['e1659']
chinese dates	['e1662']
red dates	['e1662']
christophines	['e1663']
mirliton squashes	['e1663']
pipinelas	['e1663']
buddha's hands	['e1668']
atum	['e1669']
custard-apples	['e1669']
seet sops	['e1669']
sugar apples	['e1669']
sugar-apples	['e1669']
sweetsops	['e1669']
chinese cabbages	['e1671']
chinese radishes	['e1675']
japanese radishes	['e1675']
kaiware daikons	['e1675']
colanuts	['e1676']
kolanuts	['e1676']
kola fruits	['e1677']
kola fruit follicles	['e1677']
filberts	['e1678']
miracle fruits	['e1680']
sweet berries	['e1680']
tamarinds	['e1682']
granados	['e1687']
grenadiers	['e1687']
shi lius	['e1687']
zakuros	['e1687']
gumbos	['e1689']
kacang bendis	['e1689']
lady's fingers	['e1689']
lady's-finger	['e1689']
okras	['e1689']
okra vegetables	['e1689']
quiabos	['e1689']
linseeds	['e1691']
scouve tronchudas	['e1693']
tronchuda cabbage plants	['e1693']
abiyuch trees	['e1695']
barnas	['e1695']
bidasis	['e1695']
garlic pear trees	['e1695']
sacred barma trees	['e1695']
sacred garlic pear trees	['e1695']
sacred garlic-pears	['e1695']
spider trees	['e1695']
temple plants	['e1695']
lulos	['e1696']
pistachios	['e1699']
finger millets	['e1703']
ragis	['e1703']
siby	['e1704']
blackbeans	['e1712']
moreton bay chestnuts	['e1712']
moreton bay chestnut  blackbeans	['e1712']
button squashes	['e1714']
custard squashes	['e1714']
scallop squashes	['e1714']
scallopini squashes	['e1714']
paw paws	['e1717']
paw-paws	['e1717']
russet potatoes	['e1722']
elephant gingers	['e1724']
elephant ginger roots	['e1724']
groselleros	['e1728']
jumbilins	['e1728']
sour gooseberries	['e1728']
balms	['e1733']
balm mints	['e1733']
common balms	['e1733']
honduran sarsaparillas	['e1734']
jamaican sarsaparillas	['e1734']
sarsaparillas	['e1734']
european red raspberries	['e1735']
tree-tomatoes	['e1736']
kuzus	['e1738']
xiang chengs	['e1738']
sumac fruits	['e1739']
ryes	['e1740']
rye seeds	['e1740']
sheanuts	['e1742']
mexican turnips	['e1745']
mexican yam beans	['e1745']
jicamas	['e1745']
yam beans	['e1745']
wrinkled sweet peas	['e1746']
intoxicating peppers	['e1747']
kavas	['e1747']
kava kavas	['e1747']
kave roots	['e1747']
chiles	['e1750']
chile peppers	['e1750']
chilis	['e1750']
chili pods	['e1750']
chillis	['e1750']
chilli peppers	['e1750']
chīllis	['e1750']
green chilis	['e1750']
green chilli peppers	['e1750']
red chili peppers	['e1750']
jamberries	['e1751']
mexican groundcherries	['e1751']
mexican husk tomatoes	['e1751']
bitter oranges	['e1753']
sour oranges	['e1753']
olallaberries	['e1755']
olalliberries	['e1755']
ollalaberries	['e1755']
ollaliberries	['e1755']
ollalieberries	['e1755']
elephant apples	['e1756']
feronia limonium	['e1756']
indian wood apples	['e1756']
limonia acidissimas	['e1756']
cocoyams	['e1757']
dasheens	['e1757']
eddos	['e1757']
elephant's ears	['e1757']
kalos	['e1757']
malangas	['e1757']
taros	['e1757']
indian saffrons	['e1758']
turmerics	['e1758']
yellow gingers	['e1758']
august plums	['e1759']
goose plums	['e1759']
wild plums	['e1759']
field lupines	['e1762']
white lupins	['e1762']
white lupines	['e1762']
yellow sweet potatoes	['e1764']
red sweet potatoes	['e1765']
white peppers	['e1767']
choufa plants	['e1768']
chufa plants	['e1768']
earth almond plants	['e1768']
nutgrass plants	['e1768']
purple nutsedge plants	['e1768']
rush nut plants	['e1768']
tiger nut plants	['e1768']
tigernut plants	['e1768']
yellow nutsedge plants	['e1768']
zulu nut plants	['e1768']
sayer dates	['e1769']
sayir dates	['e1769']
northern red currants	['e1771']
bastard cresses	['e1773']
field peppergrasses	['e1773']
field pepperweeds	['e1773']
pepperworts	['e1773']
abyssinian bananas	['e1776']
ensetes	['e1776']
false bananas	['e1776']
red-skinned bananas	['e1776']
cherry tomatoes	['e1778']
guinea beans	['e1785']
italian edible gourds	['e1785']
new guinea beans	['e1785']
tasmania beans	['e1785']
bottle gourds	['e1785']
calabashes	['e1785']
giant gourds	['e1785']
suzza melons	['e1785']
white flowered gourds	['e1785']
yellow dent corns	['e1786']
yellow corns	['e1787']
white corns	['e1788']
cooking bananas	['e1789']
pole corns	['e1790']
sugar corns	['e1790']
sweetcorns	['e1790']
long grain rices	['e1791']
milled white rices	['e1792']
cardamoms	['e1797']
coffeeberries	['e1800']
deer nuts	['e1800']
goat nuts	['e1800']
goatnuts	['e1800']
pignuts	['e1800']
quinine nuts	['e1800']
wild hazels	['e1800']
padmas	['e1801']
cayenne pepper pods	['e1803']
konbu leafs	['e1805']
indian-lilac leafs	['e1821']
margosa leafs	['e1821']
mimba leafs	['e1821']
creosote bushes	['e1823']
greasewood leafs	['e1823']
candyleafs	['e1824']
sugarleafs	['e1824']
sweet leafs	['e1824']
sweetleafs	['e1824']
arnica montana leafs	['e1825']
mountain tobacco leafs	['e1825']
manzanilia leafs	['e1828']
balsam-pear leafs	['e1829']
bitter melon leafs	['e1829']
bitter squash leafs	['e1829']
cerasee leafs	['e1829']
gray sagewort leafs	['e1834']
louisiana wormwood leafs	['e1834']
silver wormwood leafs	['e1834']
western mugwort leafs	['e1834']
white sagebrush leafs	['e1834']
chironji seeds	['e1836']
ipil-ipils	['e1837']
jumbays	['e1837']
river tamarinds	['e1837']
white leadtrees	['e1837']
white popinacs	['e1837']
cha-om leafs	['e1839']
soy sprouts	['e1841']
soyabean sprouts	['e1841']
mitragyna javanica leafs	['e1842']
romaine hearts	['e1844']
pig ears	['e1846']
pig's ears	['e1846']
porcine pig ears	['e1846']
dried pig ears	['e1847']
dried pork ears	['e1847']
soya bean butters	['e1848']
soybean butters	['e1848']
soynut butters	['e1848']
frozen coconut meats	['e1850']
jong goudas	['e1851']
graskass goudas	['e1852']
farmhouse style cheeses	['e1853']
farmhouse-style cheeses	['e1853']
boerenkass goudas	['e1854']
flaked coconuts	['e1857']
coconut cheese alternatives	['e1858']
coconut cheese analogues	['e1858']
cashew mylks	['e1859']
cashew cheese alternatives	['e1860']
cashew cheese analogues	['e1860']
almond cheese alternatives	['e1861']
almond cheese analogues	['e1861']
ají amarillo sauces	['e1863']
bavarian loafs	['e1864']
fleischkases	['e1864']
fleischkäses	['e1864']
leberka	['e1864']
leberkä	['e1864']
leberkäses	['e1864']
minced sirloin meats	['e1865']
choco balls	['e1867']
kaftum	['e1869']
pak chois	['e1873']
pok chois	['e1873']
agushis	['e1877']
agushi seeds	['e1877']
agusis	['e1877']
agusi seeds	['e1877']
egwusis	['e1877']
ohues	['e1877']
european red raspberry leafs	['e1878']
garden raspberry leafs	['e1878']
formula-fed veals	['e1883']
milk fed veals	['e1883']
milk-fed veals	['e1883']
special fed veals	['e1883']
special-fed veals	['e1883']
white veals	['e1883']
de árbol powders	['e1884']
red arbol powders	['e1884']
neem powders	['e1887']
lemon grass powders	['e1888']
corndogs	['e1892']
grape solid	['e1904']
marcs	['e1904']
pork franks	['e1915']
pig hearts	['e1928']
pig's hearts	['e1928']
porcine hearts	['e1928']
chinese celery stalks	['e1931']
blood clam food products	['e1934']
harbin pears	['e1951']
ussurian pears	['e1951']
chinese gingers	['e1953']
chinese key	['e1953']
fingerroots	['e1953']
kapi kachu powders	['e1956']
saku blocks	['e1966']
five-spice powders	['e1969']
raspberry oranges	['e1990']
chinese guavas	['e2016']
cattley guavas	['e2016']
purple guavas	['e2016']
beurré d' anjous	['e2022']
d'anjou pears	['e2022']
red anjous	['e2023']
green anjous	['e2024']
chistoras	['e2057']
greenhouse tomatoes	['e2058']
labeo rohita eggs	['e2059']
fish rohu eggs	['e2059']
roho labeo eggs	['e2059']
rui eggs	['e2059']
hilsa eggs	['e2060']
hilsa herring eggs	['e2060']
hilsa shad eggs	['e2060']
ilisha eggs	['e2060']
chopped meats	['e2061']
komatsunas	['e2089']
japanese mustard spinaches	['e2089']
kabunas	['e2089']
spinach mustards	['e2089']
tendergreens	['e2089']
gojis	['e2093']
wolfberries	['e2093']
raw hemp hearts	['e2132']
cow hearts	['e2141']
raw beef hearts	['e2142']
shellbark hickories	['e2176']
sweet pignut hickories	['e2177']
cow roasts	['e2187']
pig roasts	['e2189']
pig primal cuts	['e2191']
pig sub-primal cuts	['e2193']
consumer cut of porks	['e2194']
pig retail cuts	['e2194']
lamb meat chops	['e2195']
pig chops	['e2196']
pork meat chops	['e2196']
pig muscle tissue cuts	['e2197']
00 flours	['e2210']
lepista personatum	['e2229']
pitaya rojas	['e2271']
red-fleshed pitayas	['e2271']
european blueberries	['e2301']
flowering kale leafs	['e2303']
tulsi leafs	['e2322']
raw tulsi leafs	['e2323']
dried tulsi leafs	['e2324']
raw german chamomile leafs	['e2327']
dried german chamomile leafs	['e2328']
raw purple rices	['e2337']
bean curds	['e2357']
cooked purple rices	['e2378']
inside round steaks	['e2388']
inside round roasts	['e2395']
round tip roasts	['e2399']
mock tender steaks	['e2415']
beef medallion pot roasts	['e2417']
beef mock tender roasts	['e2417']
chuck center roasts	['e2419']
delmonico steaks	['e2421']
boneless chuck roasts	['e2423']
boneless country style ribs	['e2423']
sierra cuts	['e2425']
chuck under blade center steaks	['e2427']
chuck under blade steaks	['e2427']
beef arm chuck steaks	['e2431']
beef arm steaks	['e2431']
shoulder clod roasts	['e2433']
beef shoulder top blade steaks	['e2437']
7-bone steaks	['e2441']
blade steaks	['e2445']
boneless blade steak 1st cuts	['e2445']
chuck blade pot roasts	['e2447']
chuck roast 1st cuts	['e2447']
chuck roast blade cuts	['e2447']
beef center cut chuck roasts	['e2449']
beef chuck center roasts	['e2449']
beef chuck pot roasts	['e2449']
beef pot roasts	['e2449']
chuck center steaks	['e2451']
chuck arm pot roasts	['e2457']
beef filet mignon roasts	['e2475']
boneless beef tenderloin roasts	['e2475']
chateaubriand tenderloin roasts	['e2475']
filet mignon steaks	['e2477']
boneless top sirloin steaks	['e2479']
top sirloin butt steak, bonelesses	['e2479']
top sirloin center-cut steaks	['e2479']
top sirloin steak boneless cap offs	['e2479']
top sirloin steak cap offs	['e2479']
top sirloin petite roast, bonelesses	['e2483']
boneless top sirloin cap steaks	['e2485']
coulottes	['e2487']
sirloin caps	['e2487']
top sirloin caps	['e2487']
top sirloin cap roasts	['e2487']
bottom sirloin roasts	['e2489']
newport roasts	['e2489']
triangle roasts	['e2489']
newport steaks	['e2491']
triangle steaks	['e2491']
ball tip steaks	['e2493']
sirloin steaks	['e2493']
ball tip roasts	['e2495']
sirloin roasts	['e2495']
bottom sirloin bavette steaks	['e2497']
bottom sirloin butt, flap steaks	['e2497']
bottom sirloin flap steaks	['e2497']
hanging tenderloins	['e2505']
ribeye petite steaks	['e2513']
first cut rib roasts	['e2521']
second cut rib roasts	['e2523']
lamb blade roasts	['e2533']
lamb blade chops	['e2535']
lamb arm roasts	['e2539']
lamb arm chops	['e2541']
drop loins	['e2567']
pork fresh sides	['e2571']
pork leg rump halves	['e2575']
pork loin rib chops	['e2586']
pork loin sirloin chop bonelesses	['e2592']
boneless new york chop	['e2597']
pork top loin chop bonelesses	['e2597']
boneless new york roasts	['e2599']
pork top loin roast bonelesses	['e2599']
pork picnic arm roasts	['e2616']
pork blade steaks	['e2620']
pork leg top cap steak bonelesses	['e2626']
pork shoulder petite tenders	['e2628']
pork shoulder tenders	['e2628']
pork shoulder breast bonelesses	['e2630']
pork leaf fats	['e2632']
raw capon carcasses	['e2673']
dead emus	['e2680']
duck albuman	['e2699']
raw chicken carcasses	['e2710']
boneless chicken meats	['e2736']
raw poultry carcasses	['e2874']
boneless poultry meats	['e2876']
raw mussel carcasses	['e2901']
raw scallop carcasses	['e2904']
raw beef carcasses	['e2909']
cow external fats	['e2910']
cow seam fats	['e2911']
dead lambs	['e2929']
raw lamb hearts	['e2959']
boneless lamb meats	['e2990']
consumer cut of lambs	['e3041']
raw veal carcasses	['e3056']
raw wild boar carcasses	['e3082']
raw pork carcasses	['e3094']
dead porks	['e3095']
pig processed carcasses	['e3095']
pig organs	['e3101']
pig brains	['e3102']
pig kidneys	['e3103']
pig livers	['e3104']
pig spleens	['e3105']
pig lungs	['e3106']
pig tongues	['e3107']
pig thymu	['e3108']
pig pancrea	['e3109']
pig stomaches	['e3110']
pig small intestines	['e3111']
raw pork hearts	['e3113']
piece of pig organs	['e3124']
piece of pig hearts	['e3125']
piece of pig brains	['e3126']
piece of pig livers	['e3127']
piece of pig spleens	['e3128']
piece of pig lungs	['e3129']
piece of pig tongues	['e3130']
piece of pig thymu	['e3131']
piece of pig pancrea	['e3132']
piece of pig stomaches	['e3133']
piece of pig ears	['e3134']
piece of pig meats	['e3146']
pig tails	['e3148']
piece(s) of pig meats	['e3150']
piece(s) of pig organs	['e3165']
piece(s) of pig hearts	['e3166']
piece(s) of pig brains	['e3167']
piece(s) of pig kidneys	['e3168']
piece(s) of pig livers	['e3169']
piece(s) of pig spleens	['e3170']
piece(s) of pig lungs	['e3171']
piece(s) of pig tongues	['e3172']
piece(s) of pig thymu	['e3173']
piece(s) of pig pancrea	['e3174']
piece(s) of pig stomaches	['e3175']
piece(s) of pig ears	['e3176']
butchery cut of pigs	['e3189']
boston butt steaks	['e3194']
pig steaks	['e3194']
pork cutlets	['e3194']
boneless pork meats	['e3211']
fillet of atlantic cods	['e3222']
fillet of catfishes	['e3232']
fillet of nile tilapium	['e3242']
fillet of sockeye salmons	['e3252']
fillet of atlantic salmons	['e3265']
beet green	['e3274']
bobbejaanghaaps	['e3278']
ghaaps	['e3278']
asian chive	['e3281']
chinese chive bundles	['e3281']
chinese leeks	['e3281']
oriental garlics	['e3281']
lollo rossas	['e3284']
dried oregano leafs	['e3292']
cresses	['e3294']
garden cresses	['e3294']
garden pepper cresses	['e3294']
mustard and cresses	['e3294']
pepper grasses	['e3294']
poor man's peppers	['e3294']
artichoke thistles	['e3307']
broccoli rabe, field mustards	['e3311']
broccoli rabes	['e3313']
clump foot cabbages	['e3317']
eastern skunk cabbages	['e3317']
meadow cabbages	['e3317']
skunk cabbages	['e3317']
swamp cabbages	['e3317']
borages	['e3319']
starflowers	['e3319']
chinese lettuces	['e3323']
asparagus lettuces	['e3323']
celery lettuces	['e3323']
stem lettuces	['e3323']
common dandelions	['e3328']
dandelions	['e3328']
bombweeds	['e3331']
great willowherbs	['e3331']
rosebay willowherbs	['e3331']
vegetable spaghettis	['e3335']
yellow crooknecks	['e3339']
balsam pear pods	['e3359']
bitter melon pods	['e3359']
bitter squash pods	['e3359']
jew's mallow leafs	['e3360']
jute mallow leafs	['e3360']
masoor daals	['e3364']
orange lentils	['e3364']
black caraway seeds	['e3368']
black cumins	['e3368']
kalonji seeds	['e3368']
nigella seeds	['e3368']
banana chilis	['e3373']
yellow wax peppers	['e3373']
tahitian spinach leafs	['e3389']
ceylon spinach leafs	['e3394']
vine spinach leafs	['e3394']
fiddlehead green	['e3401']
ostrich ferns	['e3401']
shuttlecock ferns	['e3401']
coriander bundles	['e3406']
mint bundles	['e3407']
corinaders	['e3448']
coriander leafs	['e3449']
coriander seeds	['e3450']
oreganos	['e3452']
parsleys	['e3455']
kales	['e3460']
mint leafs	['e3463']
black peppers	['e3467']
rockmelons	['e3468']
spanspeks	['e3468']
sweet melons	['e3468']
fennels	['e3469']
black caraways	['e3471']
oriental wheat kernels	['e3481']
carrageen mosses	['e3497']
green lavers	['e3498']
egg noodles	['e3554']
coffees	['e3573']
cocoa liquors	['e3585']
cocoa powders	['e3587']
wood ears	['e3590']
crab meats	['e3593']
apple ciders	['e3621']
acorns	['e3631']
artichoke bottoms	['e3658']
star anise seeds	['e3675']
windsor beans	['e3684']
broadbeans	['e3684']
faba beans	['e3684']
fava beans	['e3684']
dates	['e3695']
date palms	['e3695']
tonka beans	['e3743']
tonkin beans	['e3743']
tonquin beans	['e3743']
cashews	['e3765']
dried peas	['e3777']
fresh beans	['e3799']
soy beans	['e3806']
soya beans	['e3806']
red yams	['e3824']
nonfat milks	['e3841']
skim milks	['e3841']
skimmed milks	['e3841']
gateau bases	['e3870']
nutmegs	['e3871']
sinnamons	['e3887']
sweet marjorams	['e3889']
common sages	['e3890']
garden sages	['e3890']
alphalfa seeds	['e3912']
devil's-tongues	['e3918']
elephant-yams	['e3918']
konjakus	['e3918']
mo-yus	['e3918']
agave worms	['e3936']
brazilnuts	['e3940']
brussel sprouts	['e3976']
dried plum	['e3981']
celeries	['e3985']
cottonseed feeds	['e4006']
loxes	['e4024']
brazil nuts	['e4033']
turnip green	['e4052']
turnip greens bundles	['e4052']
raw beef hamburgers	['e4065']
cod livers	['e4077']
frankfurter würstels	['e4108']
german wieners	['e4108']
saitenwursts	['e4108']
vienna sausages	['e4108']
wieners	['e4108']
wiener würstchens	['e4108']
wienerles	['e4108']
wienerlis	['e4108']
würstls	['e4108']
franks	['e4108']
frankfurter wurstls	['e4108']
madagascar beans	['e4132']
butterbeans	['e4132']
double beans	['e4132']
sieva beans	['e4132']
baby limas	['e4138']
borlotti beans	['e4141']
lupin beans	['e4149']
lupines	['e4149']
cow fats	['e4154']
cooked beef patties	['e4157']
soy flours	['e4176']
baked potatoes	['e4198']
cola nuts	['e4203']
sheep casings	['e4231']
mashed potatoes	['e4248']
soy beverages	['e4259']
butternuts	['e4341']
chicories	['e4370']
soya bean meals	['e4386']
quick oat	['e4423']
provolones	['e4437']
jack cheeses	['e4439']
monterey jacks	['e4439']
monterey jack cheeses	['e4439']
raw chicken hearts	['e4502']
kapchunkas	['e4511']
tangarines	['e4527']
coffee substitutes	['e4542']
imitation coffees	['e4542']
currants	['e4615']
kiwis	['e4616']
semolinas	['e4617']
butterfats	['e4765']
milkfats	['e4765']
california dips	['e4823']
onion dips	['e4823']
spice blends	['e4909']
spice mixes	['e4909']
pepperoncinos	['e4930']
granular flours	['e4987']
instant flours	['e4987']
sauce flours	['e4987']
garbanzo bean flours	['e5014']
ahuautles	['e5058']
raw beef patties	['e5076']
red cabbages	['e5090']
egg albumen food products	['e5160']
muscadine grapes	['e5172']
senna teas	['e5189']
tree tomatoes	['e5198']
tamarillo sauces	['e5200']
tempes	['e5242']
témpés	['e5242']
glacé fruits	['e5253']
soy milks	['e5363']
miracle fruit concentrates	['e5370']
guinea grain	['e5426']
alligator peppers	['e5426']
fom wisas	['e5426']
guinea peppers	['e5426']
melegueta peppers	['e5426']
ossames	['e5426']
roes	['e5485']
french beans	['e5595']
green beans	['e5595']
haricot verts	['e5595']
snap beans	['e5595']
snap	['e5595']
string beans	['e5595']
stringless beans	['e5595']
kunnu ayas	['e5717']
lasagne noodles	['e5736']
perilla frutescens var. crispas	['e5746']
シソs	['e5746']
linseed meals	['e5868']
pine nuts	['e5916']
ceps	['e5927']
penny buns	['e5927']
porcinis	['e5927']
porcinos	['e5927']
wild mushrooms	['e5929']
virgin olive oils	['e5975']
ground chili peppers	['e5993']
beets	['e6001']
chards	['e6003']
swiss chards	['e6003']
green bell peppers	['e6016']
green peppers	['e6016']
chick peas	['e6066']
garbanzos	['e6066']
garbanzo beans	['e6066']
common field peas	['e6070']
potato peels	['e6111']
amathungulus	['e6125']
large num-nums	['e6125']
noem-noems	['e6125']
umthungulu obomvus	['e6125']
roasted peanuts	['e6131']
cornish game hens	['e6226']
cornish hens	['e6226']
poussins	['e6226']
rock cornishes	['e6226']
rock cornish hens	['e6226']
old fashioned oat	['e6252']
whole oat	['e6252']
canned olife	['e6278']
mead wines	['e6352']
milk shakes	['e6437']
bamboo shoots	['e6559']
raw fish cutlets	['e6857']
raw fish steaks	['e6857']
atlantic pollocks	['e7352']
baby carrots	['e7436']
cannellinis	['e7446']
safaid lobium	['e7446']
meat scraps	['e7480']
meat trims	['e7480']
bushberries	['e7490']
rutabaga turnips	['e7537']
swedes	['e7537']
swedish turnips	['e7537']
millets	['e7616']
millet seeds	['e7616']
gingellies	['e7618']
til oils	['e7618']
turkish grams	['e7629']
dew beans	['e7629']
mat beans	['e7629']
matkis	['e7629']
moth-beans	['e7629']
mothbeans	['e7629']
antaques	['e7648']
banner beans	['e7648']
carmelitum	['e7648']
frijol caballeros	['e7648']
natobas	['e7648']
jicama roots	['e7651']
livers	['e7662']
common kidney beans	['e7666']
shrimp sauces	['e7681']
findis	['e7683']
fundis	['e7683']
hungry rices	['e7683']
sweet oranges	['e7688']
arachis oils	['e7704']
groundnut oils	['e7704']
rhubarbs	['e7705']
groundnut shells	['e7708']
valencia oranges	['e7735']
garden tomatoes	['e7736']
black grams	['e7741']
black matpe beans	['e7741']
matpe beans	['e7741']
minapa pappus	['e7741']
mungo beans	['e7741']
urads	['e7741']
urad beans	['e7741']
urad dal black lentils	['e7741']
urds	['e7741']
urd-beans	['e7741']
urdbeans	['e7741']
urid beans	['e7741']
sorghums	['e7757']
sorghum seeds	['e7757']
ricebeans	['e7761']
large white beans	['e7793']
santa maria pinquitos	['e7794']
habichuelas rosada	['e7794']
dried mushrooms	['e7802']
dill weeds	['e7805']
licorices	['e7807']
rapes	['e7815']
purslanes	['e7821']
sorrels	['e7822']
quinoas	['e7860']
green cabbages	['e7882']
white cabbages	['e7882']
corn meals	['e7897']
maize meals	['e7897']
goa beans	['e7910']
goa bean four-angled bean plants	['e7910']
manila beans	['e7910']
asparagus peas	['e7910']
asparagus pea plants	['e7910']
dragon beans	['e7910']
dragon bean plants	['e7910']
four-angled beans	['e7910']
four-cornered beans	['e7910']
four-cornered bean plants	['e7910']
goa bean plants	['e7910']
manila bean plants	['e7910']
sesames	['e7913']
sunflower oils	['e7938']
lucerne meals	['e7942']
chinese long beans	['e7966']
bodis	['e7966']
boras	['e7966']
long beans	['e7966']
long-podded cowpeas	['e7966']
snake beans	['e7966']
yardlong beans	['e7966']
ground gingers	['e7992']
sheep livers	['e8011']
chicken franks	['e8016']
onion flakes	['e8028']
hash browns	['e8033']
cold cuts	['e8072']
deli meats	['e8072']
lunch meats	['e8072']
rosés	['e8104']
ground caraways	['e8113']
ground caraway seeds	['e8113']
leaf vegetable	['e8121']
leafy green	['e8121']
vegetable green	['e8121']
cow whole milks	['e8127']
matries	['e8158']
earth almonds	['e8174']
tiger nuts	['e8174']
brown egyptian corns	['e8186']
guinea corns	['e8186']
red guinea corns	['e8186']
kidneys	['e8190']
turkey franks	['e8208']
green zucchinis	['e8213']
brown onions	['e8422']
field cresses	['e8467']
field pepperworts	['e8467']
asparagu	['e8468']
climbing beans	['e8473']
pole beans	['e8473']
red wheats	['e8521']
soy brans	['e8529']
soy grit	['e8531']
seedless raisins	['e8547']
piece of pig kidneys	['e8556']
beef trimming	['e8558']
armillaria ponderosas	['e8611']
tricholoma matsutakes	['e8611']
matsu-takes	['e8611']
matsutakes	['e8611']
pine mushrooms	['e8611']
tricholoma nauseosums	['e8611']
松茸s	['e8611']
송이s	['e8611']
blackcurrants	['e8613']
baked turkey breasts	['e8636']
beefsteaks	['e8642']
oat oils	['e8674']
persimons	['e8708']
snap peas	['e8712']
sugar peas	['e8712']
sugar snap peas	['e8712']
ballpark peanuts	['e8733']
canned fava beans	['e8739']
kombuchas	['e8753']
paddy rices	['e8754']
cake yeasts	['e8758']
yeast cakes	['e8758']
teas	['e8805']
caryopsis fruits	['e8845']
pea pods	['e8853']
peas in pods	['e8853']
pecan nuts	['e8855']
mooks	['e8874']
jeots	['e8875']
johts	['e8875']
joht sungges	['e8897']
salted sea urchins	['e8897']
aduki beans	['e8901']
azuki beans	['e8901']
pahts	['e8901']
red beans	['e8901']
red mung beans	['e8901']
tallows	['e8992']
brawns	['e9059']
boston butts	['e9121']
red bell peppers	['e9143']
sausages	['e9156']
pasturma	['e9213']
bulb onions	['e9305']
common onions	['e9305']
grape oils	['e9459']
grapeseed oils	['e9459']
babassu oils	['e9460']
natural vanillas	['e9512']
dashi konbus	['e9633']
garden peas	['e9715']
beef hamburger patties	['e9803']
beef patties	['e9803']
beefburgers	['e9803']
hamburgers	['e9803']
deboned canned poultries	['e9819']
fuki stems	['e9938']
broilers	['e9965']
fryer chickens	['e9965']
mytilidaes	['e9966']
ostreidaes	['e9967']
green shallots	['e9973']
long onions	['e9973']
onion sticks	['e9973']
ugli fruits	['e9975']
autumn chanterelles	['e9978']
chanterelle jaunes	['e9978']
craterellus lutescen	['e9978']
girolles	['e9978']
rock cornish fowls	['e9979']
rock cornish chickens	['e9979']
black forest mushrooms	['e9981']
black mushrooms	['e9981']
forest mushrooms	['e9981']
japanese mushrooms	['e9981']
lentinus edode	['e9981']
shii-takes	['e9981']
shiitakes	['e9981']
paddy straw mushrooms	['e9982']
volvaria volvaceas	['e9982']
white elves	['e9983']
roasting chickens	['e9984']
stewing chickens	['e9987']
cocks	['e9988']
cockerels	['e9988']
inky caps	['e9996']
common inkcaps	['e9996']
coprinus atramentariu	['e9996']
meadow mushrooms	['e9997']
morels	['e9999']
king boletu	['e10000']
steinpilzs	['e10000']
yellow boletu	['e10000']
lactarius aquifluu	['e10003']
liberty caps	['e10004']
lepiota naucinas	['e10006']
leucoagaricus naucinu	['e10006']
smooth lepiotum	['e10006']
white agaricus mushrooms	['e10006']
white dapperlings	['e10006']
chilean baby crawfishes	['e10008']
deep sea crays	['e10008']
sea crays	['e10008']
south pacific shellfishes	['e10008']
ringed boletu	['e10009']
sticky bun mushrooms	['e10009']
ganoderma lucidums	['e10015']
lacquered brackets	['e10015']
lingzhi mushrooms	['e10015']
enokis	['e10018']
enoki-takes	['e10018']
enokitakes	['e10018']
futus	['e10018']
futu mushrooms	['e10018']
golden needle mushrooms	['e10018']
lily mushrooms	['e10018']
velvet foots	['e10018']
velvet shanks	['e10018']
velvet stems	['e10018']
winter mushrooms	['e10018']
clitocybe nudas	['e10020']
lepista nudas	['e10020']
tricholoma nudums	['e10020']
blue stalk mushrooms	['e10020']
boletus rufu	['e10027']
red-capped scaber stalks	['e10027']
birch boletu	['e10028']
scaber stalks	['e10028']
orange agarics	['e10029']
red pine mushrooms	['e10029']
indian gums	['e10035']
senegal gums	['e10035']
acacium	['e10035']
acacia gums	['e10035']
arabic gums	['e10035']
gum acacium	['e10035']
hen-of-the-wood	['e10053']
maitakes	['e10053']
ram's heads	['e10053']
sheep's heads	['e10053']
french horn mushrooms	['e10054']
boletus of the steppe	['e10054']
king brown mushrooms	['e10054']
king trumpet mushrooms	['e10054']
trumpet royales	['e10054']
beech mushrooms	['e10055']
brown beeches	['e10055']
brown clamshell mushroom	['e10055']
brown shimejis	['e10055']
buna-shimejis	['e10055']
bunashimejis	['e10055']
pleurotus ostreatu	['e10061']
grey oyster mushrooms	['e10061']
oyster fungu	['e10061']
oyster mushrooms	['e10061']
silver ears	['e10071']
silver ear fungu	['e10071']
snow ears	['e10071']
white jellies	['e10071']
white jelly mushrooms	['e10071']
agrocybe aegeritum	['e10072']
agrocybe cylindraceas	['e10072']
cyclocybe aegeritum	['e10072']
pholiota aegeritum	['e10072']
poplar mushrooms	['e10072']
namekos	['e10074']
pholiota namekos	['e10074']
agaricus rodmanis	['e10075']
banded agarics	['e10075']
pavement mushrooms	['e10075']
spring agarics	['e10075']
torqs	['e10075']
bunapi-shimejis	['e10076']
daikokushimejis	['e10076']
honshimejis	['e10076']
hypsizygus marmoreu	['e10076']
hypsizygus tesselatu	['e10076']
lyophyllaceaes	['e10076']
lyophyllus shimejis	['e10076']
senbonshimejis	['e10076']
pleurotus sajor-cajus	['e10077']
netted stinkhorns	['e10078']
wood witches	['e10078']
hymenopellis radicatum	['e10079']
oudemansiella radicatum	['e10079']
deep root mushrooms	['e10079']
tsuetakes	['e10079']
xerula radicatum	['e10079']
late fall oysters	['e10080']
mukitakes	['e10080']
panellus serotinu	['e10080']
lawyer's wigs	['e10081']
sasakurehitoyotakes	['e10081']
shaggy ink caps	['e10081']
shaggy manes	['e10081']
coral hydnums	['e10082']
coral tooth fungu	['e10082']
coralloide	['e10082']
hericia	['e10082']
golden jelly fungu	['e10083']
koganenikawatakes	['e10083']
witches' butters	['e10083']
yellow brains	['e10083']
yellow tremblers	['e10083']
hanabiratakes	['e10084']
wood cauliflower fungu	['e10084']
elm leeches	['e10085']
shirotamogidakes	['e10085']
kegawatakes	['e10086']
kishimejizokus	['e10087']
marzolinos	['e10087']
gem scallops	['e10089']
gem shellfishes	['e10089']
southern fan scallops	['e10089']
hypsizygus tessulatu	['e10093']
bunapishimejis	['e10093']
white beeches	['e10093']
white clamshell mushrooms	['e10093']
white shimejis	['e10093']
sheep polypores	['e10096']
caesar's amanitum	['e10097']
pine ceps	['e10098']
pinewood king boletes	['e10098']
boletus aestivali	['e10099']
summer ceps	['e10099']
black chanterelles	['e10101']
black trumpets	['e10101']
cantharellus cornucopioide	['e10101']
trombetta dei mortis	['e10101']
trompette de la morts	['e10101']
trumpet of the deads	['e10101']
cantharellus auroras	['e10102']
cantharellus lutescen	['e10102']
craterellus tubaeformi	['e10103']
funnel chanterelles	['e10103']
yellowfoots	['e10103']
yellowfoot chanterelles	['e10103']
bearded hedgehog mushrooms	['e10104']
lion's manes	['e10104']
monkey head mushrooms	['e10104']
pom-poms	['e10104']
satyr's beards	['e10104']
hedgehogs	['e10105']
hedgehog mushrooms	['e10105']
pied de moutons	['e10105']
sweet tooths	['e10105']
sponge morels	['e10108']
true morels	['e10108']
yellow morels	['e10108']
tamogitakes	['e10109']
polymesodas	['e10113']
unionidaes	['e10115']
telescopia	['e10117']
hyriidaes	['e10121']
telescopium telescopia	['e10125']
terebralia palustri	['e10126']
terebralia semistriatum	['e10128']
typical snails	['e10129']
fairy ring champignons	['e10130']
allium obliquums	['e10131']
lop-sided onions	['e10131']
twisted-leaf onions	['e10131']
allium stipitata	['e10133']
wheys	['e10140']
curds	['e10141']
milk proteins	['e10149']
poultry pectoral muscles	['e10154']
chicken kyivs	['e10160']
qulfis	['e10164']
queijo mina	['e10170']
ponirs	['e10173']
rosh malais	['e10174']
rossomalais	['e10174']
sheer khormas	['e10180']
chana dals	['e10181']
split bengal grams	['e10181']
dhana jeeras	['e10185']
dhanjirus	['e10185']
besans	['e10186']
zaatars	['e10188']
japanese littlenecks	['e10193']
manila clams	['e10193']
florida rocksnails	['e10195']
oyster drills	['e10195']
grooved razors	['e10202']
pacific oysters	['e10206']
japanese bunching onion plants	['e10211']
bunching onion plants	['e10211']
long green onion plants	['e10211']
spanish onion plants	['e10211']
spring onion plants	['e10211']
small rock oysters	['e10212']
sydney rock oysters	['e10212']
colchester native oysters	['e10214']
european flat oysters	['e10214']
edible oysters	['e10214']
northern horsemussels	['e10217']
alaska snow crabs	['e10219']
argentine red shrims	['e10220']
atlantic scallops	['e10225']
crassostrea angulates	['e10227']
portugese oysters	['e10227']
olympia oysters	['e10230']
brown garden snails	['e10231']
burgundy snails	['e10232']
roman snails	['e10232']
edible snails	['e10232']
edible mussels	['e10234']
bay mussels	['e10235']
common blue mussels	['e10235']
st james shells	['e10238']
escallops	['e10238']
giant scallops	['e10238']
king scallops	['e10238']
atlantic surf clams	['e10239']
atlantic surf-clams	['e10239']
sun-ray clams	['e10240']
sunray clams	['e10240']
softshells	['e10242']
mammal milks	['e10245']
porcine meats	['e126']
mahi mahis	['e467']
dublin bay prawns	['e621']
scampis	['e621']
galloanseraes	['e912']
smetana creams	['e927']
beurré boscs	['e928']
kaisers	['e928']
gravad laxes	['e933']
gravad lak	['e933']
gravlak	['e933']
kebabs	['e936']
shashliks	['e936']
şiş kebaps	['e936']
شیش کبابs	['e936']
masa de maízs	['e937']
masecas	['e937']
queso añejos	['e940']
chihuahua cheeses	['e941']
queso menonitum	['e941']
quesillos	['e943']
queso oaxacas	['e943']
jamón serranos	['e944']
jamón ibéricos	['e945']
presunto ibéricos	['e945']
shelled beans	['e946']
shellie beans	['e946']
shelly	['e946']
shelly beans	['e946']
blins	['e954']
blinchikis	['e954']
blintze	['e954']
blinies	['e954']
mlynchikis	['e954']
блинчикиs	['e954']
блиныs	['e954']
млинціs	['e954']
млинчикиs	['e954']
chilpotles	['e955']
grapeseeds	['e958']
squash blossoms	['e961']
courgette flowers	['e961']
pumpkin blossoms	['e961']
pumpkin flowers	['e961']
green chily	['e1750']
tomato tinneds	['e3826']
cooked bean curds	['e4046']
white flours	['e4249']
chitlin	['e4378']
chittlins	['e4378']
giant river prawns	['e6845']
pestos	['e7874']
paatsamis	['e7880']
pifs	['e8006']
cooked dried bean curds	['e8542']
long eggs	['e8817']
bastermas	['e9213']
bastirmas	['e9213']
basturmas	['e9213']
pastourmas	['e9213']
hiatula dipho	['e9961']
purple clams	['e9961']
soletellina dipho	['e9961']
marine crayfishes	['e9963']
freshwater snail	['e9964']
marine snail	['e9964']
cebollas	['e9968']
garden onions	['e9968']
snail, lands	['e9971']
salmo truttum	['e9974']
salmo trutta truttum	['e9974']
sea trouts	['e9974']
trutta marinas	['e9974']
citrus reticulata × citrus paradisis	['e9975']
volvariella volvaceas	['e9982']
stewing hens	['e9987']
theragra chalcogrammas	['e9989']
walleye pollocks	['e9989']
pecten novaezelandiaes	['e9991']
auckland oysters	['e9992']
crassostrea glomeratum	['e9992']
saccostrea glomeratum	['e9992']
concholepas concholepa	['e9993']
false abalones	['e9993']
loco	['e9993']
green-lipped mussels	['e9994']
perna canaliculu	['e9994']
morchella angusticep	['e9995']
morchella conicas	['e9995']
pointed morels	['e9995']
ribbed morels	['e9995']
common inccaps	['e9996']
agaricus campestri	['e9997']
verpa bohemicas	['e9998']
early false morels	['e9998']
amigasatakes	['e9999']
morchellaceaes	['e9999']
russulaceaes	['e10002']
carrot squat lobsters	['e10007']
galathea monodons	['e10007']
pleuroncodes monodons	['e10007']
red crabs	['e10007']
squat lobsters	['e10007']
blue squat lobsters	['e10008']
cervinumida johnis	['e10008']
paphies ventricosas	['e10010']
tuatuas	['e10010']
ensis americanu	['e10012']
siligna patulas	['e10012']
amusium japanics	['e10013']
patinopecten yessoensi	['e10013']
patinopecten yessoenses	['e10013']
cipollini onions	['e10014']
meretrix lusorium	['e10016']
clam, hens	['e10021']
mactra sachalinensi	['e10021']
mactra sachalinenses	['e10021']
paphies australi	['e10022']
amphidesma ventricosums	['e10023']
new zealand surf clams	['e10023']
ostrea lutarium	['e10025']
tiostrea lutarium	['e10025']
armillaria melleas	['e10026']
honey fungu	['e10026']
naratakes	['e10026']
ostrea denselamellosas	['e10031']
ostrea laperouseis	['e10031']
ensis machas	['e10032']
giant jackknives	['e10032']
veneridaes	['e10033']
champignons	['e10034']
lobster krills	['e10038']
munida gregarium	['e10038']
red whalefeeds	['e10038']
swarming squat lobsters	['e10038']
chione undatellas	['e10039']
chione californiensi	['e10040']
chione californienses	['e10040']
austrovenus stutchburyis	['e10041']
mytilus chilensi	['e10042']
mytilus chilenses	['e10042']
mytilus crassitestum	['e10043']
mytilus planulatu	['e10044']
mytilus platensi	['e10045']
mytilus platenses	['e10045']
mytilus smaragdinu	['e10046']
mytilus desolationi	['e10047']
helix lucorums	['e10048']
ostrea chilensi	['e10049']
ostrea chilenses	['e10049']
ostrea denticulatum	['e10050']
alba truffles	['e10057']
italian white truffles	['e10057']
tuber magnata	['e10057']
black périgord truffles	['e10058']
french black truffles	['e10058']
périgord truffles	['e10058']
tuber melanosporums	['e10058']
tuber indicums	['e10059']
tuber sinenses	['e10059']
burgundy truffles	['e10060']
tuber aestivums	['e10060']
tuber uncinata	['e10060']
salmo trutta lacustri	['e10062']
pharidaes	['e10063']
mactridaes	['e10064']
great mediterranean scallops	['e10065']
pecten jacobaeu	['e10065']
pecten meridionali	['e10066']
groovesided scallops	['e10067']
pacten culcicostatuses	['e10067']
aulacomya aters	['e10068']
ribbed mussels	['e10068']
date mussels	['e10069']
european date mussels	['e10069']
lithophaga lithophagas	['e10069']
phoenix-tail mushrooms	['e10077']
hypsizygus ulmariu	['e10085']
cortinarius caperatu	['e10088']
chlamys delicatulas	['e10089']
tipas	['e10089']
zygochlamys delicatulas	['e10089']
achatinas	['e10092']
lyophyllum shimejis	['e10094']
albatrellus ovinu	['e10096']
argopecten purpuratu	['e10111']
peruvian scallops	['e10111']
donax deltoide	['e10112']
plebidonax deltoide	['e10112']
marshclams	['e10113']
teredos	['e10114']
unionid	['e10115']
ellobiidaes	['e10116']
marine gastropods	['e10118']
sea slugs	['e10118']
mud creepers	['e10119']
polymesoda coaxan	['e10120']
cassidula anguliferas	['e10124']
twistedleaf garlics	['e10131']
allium oschaniniis	['e10132']
french shallots	['e10132']
allium hirtifolia	['e10133']
whipping creams	['e10137']
coffee creams	['e10138']
cream, lights	['e10138']
table creams	['e10138']
cream for whippings	['e10139']
heavy whipping creams	['e10139']
candied fruit addeds	['e10148']
chlamys operculari	['e10189']
black-lip oysters	['e10190']
gulf quahogs	['e10191']
hard clams	['e10191']
asaris	['e10193']
tapes japonicas	['e10193']
tapes philippinarums	['e10193']
venerupis philippinarums	['e10193']
allium bakeris	['e10194']
chinese scallions	['e10194']
rakkyos	['e10194']
thaididaes	['e10195']
clam, pacific geoducks	['e10196']
helix apertum	['e10197']
palinurus vulgari	['e10198']
southern spiny lobsters	['e10200']
european razor clams	['e10202']
razor clams	['e10202']
solen vaginas	['e10202']
magallana giga	['e10206']
pacific cupped oysters	['e10206']
portuguese cupped oysters	['e10206']
macrocallista maculatum	['e10210']
crassostrea commerciali	['e10212']
saccostrea cuccullatum	['e10212']
saxidomus giganteu	['e10218']
queen crabs	['e10219']
native littlenecks	['e10222']
protothaca stamineas	['e10222']
steamers	['e10222']
canada onions	['e10224']
wild garlics	['e10224']
wild onions	['e10224']
chlamys varium	['e10225']
hardshells	['e10226']
protothaca thacas	['e10226']
atlantic jackknife clams	['e10228']
western oysters	['e10230']
yaquina oysters	['e10230']
helix aspersas	['e10231']
common mussels	['e10234']
foolish mussels	['e10235']
american cupped oysters	['e10236']
american oysters	['e10236']
blue point oysters	['e10236']
american sea scallops	['e10237']
coquille saint-jacque	['e10238']
bar clams	['e10239']
sea clams	['e10239']
surf clams	['e10239']
cherrystone clams	['e10241']
clam, cherrystones	['e10241']
littlenecks	['e10241']
venus mercenarium	['e10241']
maninose clams	['e10242']
aequipecten gibbuses	['e10243']
calico scallops	['e10243']
pecten gibbuses	['e10243']
bambara nuts	['e181']
bambara-beans	['e181']
congo goobers	['e181']
earth peas	['e181']
bengal grams	['e183']
egyptian peas	['e183']
grams	['e183']
dry corns	['e484']
united states southern varieties: big red ripper, zipper, rucker, stick up, old timer, turkey craw, whippoorwill, purple hull, pinkeye, crowder, wash day, rattlesnake, iron clay, bird, cow, colossus, hercules, mississippi silver, shanty, polecats	['e486']
satsumas	['e594']
pimiento peppers	['e677']
northern red snappers	['e727']
southern red snappers	['e727']
curcumas	['e814']
maguro nakaochis	['e851']
nakaochi scrapes	['e851']
anseriforme	['e912']
galliforme	['e912']
gamefowls	['e912']
landfowls	['e912']
waterfowls	['e912']
cheerio	['e935']
masa de harinas	['e937']
masa harinas	['e937']
el queso cotija de montañas	['e942']
tajo cheeses	['e942']
propadu	['e1006']
lamb neck chops	['e1118']
navajo juniper ashes	['e1121']
tepas	['e1143']
tipnuks	['e1143']
cobnuts	['e1165']
coccinia grandi	['e1195']
kowai fruits	['e1195']
scarlet gourds	['e1195']
tindoras	['e1195']
angelicas	['e1219']
black mulberries	['e1299']
nutellas	['e1329']
filet mignons	['e1398']
bok choy vegetable food products	['e1418']
bomdong vegetable food products	['e1418']
broccolini vegetable food products	['e1418']
choy sum vegetable food products	['e1418']
collard greens vegetable food products	['e1418']
gai lan vegetable food products	['e1418']
komatsuna vegetable food products	['e1418']
mizuna vegetable food products	['e1418']
rutabaga vegetable food products	['e1418']
savoy cabbage vegetable food products	['e1418']
tatsoi vegetable food products	['e1418']
hooikaa	['e1852']
meikaa	['e1852']
party wings	['e1964']
indo kratom powders	['e1968']
pecten laquaetu	['e2902']
pecten aequiscleatu	['e2902']
horse beans	['e3684']
field beans	['e3684']
tic beans	['e3684']
tick beans	['e3684']
condensed milks	['e3855']
philadelphia cream cheeses	['e4066']
cheddar-jacks	['e4439']
colby-jacks	['e4439']
pepper jacks	['e4439']
tempeh gembuses	['e5242']
tempeh kedeles	['e5242']
red velvets	['e6264']
exact string matches	['e6599']
bagoong alamangs	['e7681']
bagoong aramangs	['e7681']
belacans	['e7681']
belachans	['e7681']
blachangs	['e7681']
hae kos	['e7681']
hom has	['e7681']
kapis	['e7681']
mắm ruốcs	['e7681']
mắm téps	['e7681']
mắm tôms	['e7681']
ngapis	['e7681']
sidols	['e7681']
terasis	['e7681']
bottom rounds	['e8023']
eye of rounds	['e8023']
top rounds	['e8023']
whole milks	['e8127']
double porters	['e9035']
extra porters	['e9035']
stout porters	['e9035']
souses	['e9059']
pteriidaes	['e9967']
allia	['e9968']
snail, gardens	['e9971']
baby onions	['e9973']
gibbons	['e9973']
precious onion	['e9973']
syboes	['e9973']
yard onions	['e9973']
allium cepa l. var. aggregatum g. dons	['e9977']
allium cepa l. var. aggregatum g.dons	['e9977']
amanita rubescen	['e10001']
cervimunida johnis	['e10008']
agaricus bisporus (lange) imbaches	['e10034']
agaricus bisporus (lange) imbach forma albidus (lange) singers	['e10034']
hypsizygus tessulatus (bull.) singers	['e10055']
tricholoma gambosums	['e10087']
lyophyllum shimeji (kawam.) hongos	['e10094']
allium stipitatum regels	['e10133']
allium chinense g. dons	['e10194']
crassostrea rhizophorae guildings	['e10215']
pickling onions	['e10223']
crassostrea angulata lamarcks	['e10227']
ostrea lurida carpenters	['e10230']
citru	['e142']
nakaochis	['e851']
mizunas	['e866']
milleds	['e994']
egg liquids	['e1043']
poached eggs	['e1090']
neck chops	['e1118']
elettaria cardamomums	['e1159']
chium	['e1179']
steaks	['e1218']
nopals	['e1253']
lemon grasses	['e1417']
lemongrasses	['e1417']
zanthoxylum bungeanums	['e1494']
non-dairy cheeses	['e1856']
plant-based cheeses	['e1856']
vegan cheeses	['e1856']
american ginsengs	['e1868']
korean ginsengs	['e1871']
japanese ginsengs	['e1872']
red leafs	['e1878']
guajes	['e1879']
swine franks	['e1915']
swine frankfurters	['e1915']
raw bison meats	['e2144']
raw goat meats	['e2151']
raw wild boar meats	['e2153']
emu meats	['e2185']
raw pigeon meats	['e2677']
raw emu meats	['e2687']
chicken meats	['e2730']
raw chicken meats	['e2731']
raw pheasant meats	['e2866']
raw poultry meats	['e2875']
lamb meats	['e2989']
seal meats	['e3073']
wild boar meats	['e3087']
pork meats	['e3146']
raw pork meats	['e3147']
atlantic cod meats	['e3220']
catfish meats	['e3230']
nile tilapia meats	['e3240']
sockeye salmon meats	['e3250']
raw catfish meats	['e3258']
raw nile tilapia meats	['e3259']
raw sockeye salmon meats	['e3260']
atlantic salmon meats	['e3263']
raw atlantic cod meats	['e3271']
green algaes	['e3275']
satavars	['e3277']
shatamulls	['e3277']
shatawaris	['e3277']
hoodium	['e3278']
brocoflowers	['e3315']
yard-long beans	['e3352']
baby zucchini squashes	['e3353']
kelps	['e3495']
raw water buffalo meats	['e3749']
raw turtle meats	['e3931']
anises	['e4047']
blackberry jams	['e4128']
chitterling	['e4378']
fish burgers	['e4442']
green teas	['e5067']
black teas	['e5068']
egg whites	['e5160']
raw kangaroo meats	['e5480']
raw horse meats	['e5709']
raw nutria meats	['e5881']
caribou meats	['e5883']
reindeer meats	['e5883']
raw seal meats	['e5884']
raw elk meats	['e5886']
raw reindeer meats	['e5887']
raw buffalo meats	['e5889']
raw deer meats	['e5890']
raw elephant meats	['e5898']
raw hippopotamus meats	['e5899']
raw rabbit meats	['e5904']
raw milks	['e6423']
raw atlantic salmon meats	['e6599']
raw quail meats	['e6930']
raw ostrich meats	['e7477']
raw zebra meats	['e7478']
raw lamb meats	['e7494']
zucchinis	['e8213']
pot pies	['e8744']
pods	['e8853']
yolks	['e9110']
poultry meats	['e9148']
milk-based drinks	['e9169']
eggs	['e9207']
fukis	['e9938']
palaeoheterodontum	['e9966']
pteriomorphium	['e9966']
hens	['e9987']
fairy ring mushrooms	['e10130']
pulse flours	['e10186']
littleneck clams	['e10193']
geoduck clams	['e10196']
weathervanes	['e10207']
venus clams	['e10216']
snow  crabs	['e10219']
shrimps	['e10220']
surfclams	['e10239']
invertebrate animals	['e165']
ricefield rats	['e7522']
wagyu cattles	['e950']
red delicious apple trees	['e953']
chardonnay grape plants	['e967']
chenin blanc grape plants	['e969']
malbec grape plants	['e970']
merlot grape plants	['e971']
pinot blanc grape plants	['e972']
pinot gris grape plants	['e973']
pinot noir grape plants	['e974']
pinotage grape plants	['e975']
riesling grape plants	['e977']
sangiovese grape plants	['e978']
sauvignon blanc grape plants	['e979']
semillon grape plants	['e980']
syrah grape plants	['e983']
tempranillo grape plants	['e984']
zinfandel grape plants	['e985']
frappato grape plants	['e986']
gamay grape plants	['e987']
gewürztraminer grape plants	['e988']
carignane grape plants	['e989']
grenache grape plants	['e990']
barbera grape plants	['e991']
cabernet sauvignon grape plants	['e968']
alpacas	['e1021']
granny smith apple trees	['e1125']
fuji apple trees	['e1129']
blaufränkisch grape plants	['e1130']
mourvèdre grape plants	['e1133']
yellow bean plants	['e3349']
black cardamom plants	['e1160']
tango apple trees	['e1184']
golden zucchini plants	['e1204']
myrica rubra trees	['e1300']
robusta coffee plants	['e1239']
salvia elegans plants	['e1248']
colorado pinyon trees	['e1286']
durian trees	['e1674']
oregon yampa plants	['e1291']
catjang plants	['e1784']
deerberry plants	['e1316']
lacinato kales	['e2332']
red leaf lettuce plants	['e3284']
orange bell pepper plants	['e1565']
amarelle cherry plants	['e2005']
poultries	['e7435']
cosmic crisp apple trees	['e2277']
sugarbee apple trees	['e2279']
scarlet spur apple trees	['e2281']
envy apple trees	['e2283']
aztec fuji apple trees	['e2285']
royal royce strawberry plants	['e2286']
valiant strawberry plants	['e2288']
marionberry plants	['e2290']
emus	['e2679']
emu carcasses	['e2680']
donkeys	['e882']
atlantic cods	['e3218']
catfishes	['e3228']
nile tilapium	['e3238']
sockeye salmons	['e3248']
atlantic salmons	['e3261']
fruit plant used as vegetables	['e685']
pectin-producing plants	['e669']
oil-producing plants	['e683']
vegetable-producing plant, root, tuber or bulbs	['e8669']
lingonberry plants	['e582']
great northern bean plants	['e529']
agar plants	['e3868']
chinese or celery cabbage plants	['e1671']
california valencia orange plants	['e1630']
huckleberry plants	['e549']
lime (citrus) plants	['e1670']
sultana grape plants	['e5602']
sweet cherry plants	['e8528']
cauliflower plants	['e381']
red raspberry plants	['e6292']
blackeyed pea plants	['e345']
casaba melon plants	['e2002']
pear tomato plants	['e7540']
kidney bean plants	['e567']
winter savory plants	['e3674']
bramble berry plants	['e1217']
herring families	['e544']
pacific whitings	['e7347']
angel shark genu	['e7336']
white pepper plants	['e1767']
horseradish plants	['e546']
pod or seed vegetable plants	['e691']
atlantic horse mackerels	['e6676']
edible seed producing plants	['e4992']
chard plants	['e6003']
baby lima bean plants	['e4138']
cranberry bean plants	['e1066']
winter squash plants	['e1899']
thyme plants	['e3892']
cowpea plants	['e441']
freshwater drum genu	['e7043']
nut producing plants	['e161']
insects	['e166']
sesame plants	['e755']
zia mays plants	['e134']
turnip plants	['e815']
thread herrings	['e7340']
gooses	['e255']
clover plants	['e5466']
clove plants	['e411']
conches	['e6684']
fungu	['e135']
mint plants	['e868']
lentil plants	['e577']
tunas	['e811']
bamboo plants	['e324']
melon plants	['e602']
chive plants	['e401']
snakes	['e767']
vertebrate animals	['e87']
algaes	['e170']
arabica coffee plants	['e1240']
cherry plants	['e3691']
beet plants	['e333']
radish plants	['e717']
cockles	['e412']
cacao plants	['e195']
alaska pea plants	['e1795']
acacia (genus) plants	['e1838']
orange plants	['e4326']
skates	['e6955']
yeasts	['e136']
wax bean plants	['e825']
triticale plants	['e947']
rhubarb plants	['e7705']
carob bean plants	['e854']
broad bean plants	['e355']
pinto bean plants	['e681']
kohlrabi plants	['e1174']
green bean plants	['e530']
crustaceans	['e447']
angelica plants	['e303']
sweet corn plants	['e1790']
partridges	['e7479']
collard plants	['e420']
wintergreen plants	['e6881']
youngberry plants	['e1579']
lettuce plants	['e578']
menhadens	['e6649']
lima bean plants	['e579']
abalones	['e292']
rutabaga plants	['e1472']
cods	['e415']
mackerel families	['e7998']
dandelion plants	['e871']
mandarin orange trees	['e594']
argentines	['e7392']
shellfishes	['e260']
nectarine trees	['e3609']
broccoli plants	['e356']
chervil plants	['e3680']
persimmon plants	['e920']
zucchini plants	['e8213']
star anise plants	['e1265']
cinnamon plants	['e405']
tangelo plants	['e5450']
parsnip plants	['e646']
watercress plants	['e1241']
sassafras plants	['e916']
mulberry plants	['e1298']
lobsters	['e585']
snappers	['e768']
chinese radish plants	['e8645']
poppy plants	['e1288']
edible currant plants	['e4615']
european filbert plants	['e478']
agave plants	['e863']
barracudas	['e6755']
beech trees	['e1638']
caraway plants	['e8113']
navy bean plants	['e619']
fordhook lima bean plants	['e4143']
pacific herrings	['e6664']
honeydew melon plants	['e1609']
white asparagus plants	['e835']
brussels sprout plants	['e359']
amphibians	['e2063']
reptiles	['e2064']
armadillos	['e5906']
taro plants	['e804']
purslane plants	['e7821']
hot pepper plants	['e548']
cuttlefishes	['e452']
lappa plants	['e7883']
green kidney bean plants	['e4145']
red kidney bean plants	['e7666']
damson plum plants	['e5580']
green cardamom plants	['e1159']
ginseng plants	['e514']
greengage plum plants	['e7489']
castor bean plants	['e856']
gourd plants	['e521']
asparagus bean plants	['e7966']
hyacinth bean plants	['e192']
blue-green algaes	['e3808']
wakame kelps	['e8953']
clementine plants	['e4526']
carangidae families	['e559']
croakers	['e6726']
grunts	['e3997']
cusk-eel families	['e7152']
ocean pouts	['e7311']
anchovy families	['e302']
european dover soles	['e7372']
silverside families	['e7334']
needlefish families	['e881']
dogfish shark families	['e466']
mackerel shark families	['e6601']
carp or minnow families	['e371']
redbelly daces	['e8045']
hawkfish families	['e7332']
pomfret families	['e698']
spiny cockles	['e7403']
trumpeter families	['e6621']
slipper lobster families	['e3640']
common bean plants	['e422']
century plants	['e3669']
bullhead catfishes	['e7510']
tree tomato plants	['e5198']
corinth grape plants	['e4614']
spirulinas	['e8275']
mango melon plants	['e6327']
licorice plants	['e7807']
nevada jointfir plants	['e620']
devil's claw plants	['e5021']
linden plants	['e5091']
coca plants	['e6529']
feverfew plants	['e5065']
cocklebur plants	['e6543']
senna plants	['e5189']
mexican tea plants	['e6550']
kava plants	['e966']
acorn squash plants	['e8854']
mustard plants	['e617']
vetch plants	['e1079']
white cabbage plants	['e1157']
bosc pear plants	['e1601']
anjou pear plants	['e2021']
hibiscus plants	['e959']
mules	['e5880']
camels	['e8782']
molluscs	['e610']
echinoderms	['e1405']
cephalopods	['e385']
barnacles	['e7328']
triggerfishes	['e7866']
filefish families	['e7639']
moreton bay chestnut plants	['e611']
spanish thyme plants	['e4910']
beefsteak plants	['e5746']
leatherjacket genu	['e7638']
golden snappers	['e7259']
south american catfishes	['e7331']
groundsel plants	['e7831']
balsam apple plants	['e7927']
porcupinefishes	['e7015']
creek chubs	['e6738']
deep sea lobsters	['e456']
searobin families	['e6622']
wasabi plants	['e5442']
cactus plants	['e855']
threadfin families	['e6907']
wild caia plants	['e7911']
spotted stargazers	['e7457']
wrasse families	['e7006']
limpets	['e880']
lizards	['e7800']
california pilchards	['e6816']
surgeonfish families	['e7631']
betel plants	['e4211']
betel nut palm plants	['e337']
summer orange plants	['e5995']
top shells	['e7079']
blue marlins	['e7049']
timothy plants	['e7838']
reed fescue plants	['e7839']
devils tongue plants	['e459']
lichens	['e7106']
giant keyhole limpets	['e7092']
wheatgrass plants	['e7873']
chinese chive plants	['e1940']
alligators	['e998']
snow pea plants	['e1095']
sugar snap pea plants	['e8712']
yellow vetchling plants	['e8158']
millet plants	['e64']
morello cherry plants	['e2004']
guajillo pepper plants	['e1045']
cherry pepper plants	['e8002']
plaices	['e8391']
broccoflower plants	['e8685']
olallieberry plants	['e1755']
yellow bell pepper plants	['e1564']
konbus	['e569']
hijiki kelps	['e8309']
amberjacks	['e8273']
crawfish or crayfishes	['e445']
shortnose ciscos	['e8549']
iguanas	['e8554']
pitaya plants	['e2114']
krills	['e570']
hyssop plants	['e1280']
plant used as fodders	['e3734']
velvet bean plants	['e1078']
west indian gherkin plants	['e9393']
banana pepper plants	['e3373']
plum tomato plants	['e1761']
yam bean plants	['e188']
crowberry plants	['e1260']
purple crowberry plants	['e1275']
red crowberry plants	['e1274']
bovines	['e127']
blue corn plants	['e1400']
myricas	['e1620']
hericium coralloide	['e10082']
digitaria exili	['e178']
castanea crenatum	['e1664']
malus sieversiis	['e1977']
opuntium	['e1253']
genypterus chilensi	['e7323']
genypterus chilenses	['e7323']
pachyrhizus erosu	['e1745']
brassica oleracea var. gongylode	['e1458']
moolgarda engelis	['e7559']
hordeum vulgare subsp. vulgares	['e1434']
selenicereus costaricensi	['e2271']
selenicereus costaricenses	['e2271']
pangium edules	['e2036']
prunus cocomilium	['e1817']
selenicereus megalanthu	['e2115']
archosargus probatocephalu	['e7155']
eugenia unifloras	['e1287']
psidia	['e1633']
leccinum aurantiacums	['e10027']
leccinum scabrums	['e10028']
brassica oleracea var. sabaudas	['e1692']
ganoderma lingzhis	['e10015']
lepista saevas	['e2229']
illicium verums	['e1521']
azadirachta indicas	['e1821']
physalis peruvianas	['e2242']
corylus maximas	['e1678']
dimocarpus longans	['e1685']
gymnachirus mela	['e6787']
mitragyna parvifolium	['e1843']
cololabis sairas	['e7385']
strongylura exili	['e7450']
piper methysticums	['e1747']
chamaenerion angustifolia	['e3331']
hypophthalmichthys molitrixes	['e7371']
juniperu	['e1802']
piper betles	['e4211']
prunus virginianas	['e2013']
acanthocybium solandris	['e7411']
annona muricatum	['e1168']
auxis thazards	['e497']
xiphopenaeus kroyeris	['e7384']
caryas	['e1261']
carya glabras	['e2175']
coffea arabicas	['e1437']
corylus avellanas	['e1455']
diospyro	['e1730']
citrus juno	['e1738']
buchanania lanzans	['e1836']
lepidocybium flavobrunneums	['e6754']
curcuma longas	['e1758']
scomber scombru	['e6767']
scomberomorus cavallas	['e7621']
carya laciniosas	['e2176']
carya texanas	['e2180']
vaccinia	['e1666']
vaccinium macrocarpons	['e443']
brassica napus var. napu	['e1444']
vigna unguiculata subsp. sesquipedali	['e3352']
hydnum rufescen	['e10106']
sparassis crispas	['e10084']
prunus cerasu	['e1550']
attalea speciosas	['e9460']
malva sylvestri	['e2320']
bambusoideaes	['e6559']
panulirus homaru	['e6721']
panulirus versicolors	['e6719']
nephelium lappaceums	['e1727']
malpighia emarginatum	['e1604']
lactarius helvu	['e10003']
thelesperma megapotamicums	['e1128']
epinephelus morios	['e7102']
pholiota microsporas	['e10074']
genypterus blacode	['e7329']
aspalathus lineari	['e6495']
mucuna prurien	['e1078']
murraya koenigiis	['e3369']
epinephelus areolatu	['e7161']
molva molvas	['e7018']
arripis georgianu	['e6758']
juglan	['e3771']
dioscorea pentaphyllas	['e3392']
schinus terebinthifolium	['e6024']
phractolaemus ansorgiis	['e7726']
anacardium occidentales	['e1626']
parophrys vetulu	['e7373']
caranx caballu	['e7179']
carangoides rubers	['e7632']
lithodes aequispinu	['e7136']
paralithodes brevipe	['e6730']
cynoscion regali	['e6600']
lactuca sativa var. longifolium	['e1014']
selenicereus undatu	['e2117']
brassica oleracea var. gemmiferas	['e8759']
alectis ciliari	['e6890']
vaccinium reticulata	['e1136']
vaccinium vitis-idaeas	['e1558']
marasmius oreade	['e10130']
psilocybe semilanceatum	['e10004']
boletus reticulatu	['e10099']
peprilus triacanthu	['e7459']
urophycis chusses	['e7346']
urophycis tenui	['e7341']
sicyos eduli	['e1663']
centropristis striatum	['e7162']
paralabrax callaensi	['e7579']
paralabrax callaenses	['e7579']
esox nigers	['e6394']
areca catechus	['e1625']
petasites japonicu	['e9938']
rubus flagellari	['e301']
vaccinium deliciosums	['e2261']
vaccinium membranaceums	['e2264']
vaccinium ovalifolia	['e2000']
empetrum nigrums	['e1271']
aronium	['e2251']
hippophae rhamnoide	['e1277']
brassica juncea subsp. integrifolium	['e1457']
brosimum alicastrums	['e5303']
eopsetta jordanis	['e7377']
glyptocephalus zachiru	['e7379']
hippoglossus stenolepi	['e7266']
isopsetta isolepi	['e7099']
lepidopsetta bilineatum	['e7378']
lyopsetta exili	['e7382']
platichthys stellatu	['e7580']
psettichthys melanostictu	['e7380']
psettodes erumeis	['e7166']
trinectes maculatu	['e6786']
chaceon quinqueden	['e7132']
mammea americanas	['e1283']
leucoagaricus leucothite	['e10006']
tautoga oniti	['e7363']
crateva religiosas	['e1695']
ocimum tenuiflorums	['e2322']
coleus amboinicu	['e1815']
carya palmeris	['e2179']
brassica napus var. pabularium	['e1475']
pisum sativum var. arvenses	['e1575']
menthas	['e3462']
syzygium aromaticums	['e1798']
diplectrum formosums	['e7316']
alosa aestivali	['e6741']
brevoortia tyrannu	['e6880']
opisthonema oglinums	['e6882']
lottia giganteas	['e7091']
ophiodon elongatu	['e7319']
berberi	['e1833']
citrus x tangelos	['e1737']
pyrus communi	['e1589']
lutjanus sebaes	['e7202']
chionoecetes bairdis	['e6975']
citrus tangerinas	['e1509']
engraulis mordaxes	['e6808']
raphanus sativus var. sativu	['e1623']
bagre marinu	['e7577']
macruronus novaezelandiaes	['e7343']
castanospermum australes	['e1712']
clidoderma asperrimums	['e7458']
phallus duplicatu	['e10078']
opisthonema libertates	['e7342']
pimenta racemosas	['e1811']
syzygium samarangenses	['e1637']
pandanus amaryllifoliu	['e1822']
lutjanus sanguineu	['e7974']
brassica oleracea var. sabellicas	['e2303']
origanum majoranas	['e3889']
erilepis zonifers	['e7456']
arripis truttum	['e6779']
citrus x limons	['e8812']
citrus sinensi	['e8813']
citrus sinenses	['e8813']
pimpinella anisums	['e1796']
asparagus racemosu	['e3277']
saccharomyces pastorianu	['e8003']
lutjanus johniis	['e7220']
paralithodes platypu	['e6978']
chondrus crispu	['e2351']
micropterus salmoide	['e8701']
carya ovali	['e2177']
symplocarpus foetidu	['e3317']
centropomus undecimali	['e7399']
pleurotus cystidiosu	['e9983']
lutjanus perus	['e7222']
lates niloticu	['e7348']
micropogonias undulatu	['e7321']
mentha spicatum	['e4811']
vitis viniferas	['e9459']
mangifera indicas	['e1554']
auricularia auricula-judaes	['e3442']
erimacrus isenbeckiis	['e565']
metacarcinus magisters	['e6981']
cucurbita pepo var. oviferas	['e1610']
annona squamosas	['e1669']
annona reticulatum	['e1221']
passiflora edulis f. eduli	['e2274']
parachanna obscuras	['e7728']
vigna cylindricas	['e1784']
pyrus ussuriensi	['e1951']
pyrus ussurienses	['e1951']
mallotus villosu	['e6740']
oncorhynchus clarkiis	['e8687']
ulva proliferas	['e8644']
seriolella bramas	['e7415']
paralichthys californicu	['e7097']
genyonemus lineatu	['e7189']
menticirrhus undulatu	['e7042']
amelanchier alnifolium	['e1198']
eriobotrya japonicas	['e7653']
prunus persica var. nucipersicas	['e1598']
ziziphus jujubas	['e1662']
matteuccia struthiopteri	['e3401']
cyclopsetta chittendenis	['e7173']
ginkgo bilobas	['e1436']
lepidium sativums	['e3294']
brassica rapa subsp. nipposinicas	['e1652']
pinu	['e5916']
pinus pineas	['e786']
polyprion oxygeneio	['e6608']
chelidonichthys kumus	['e6620']
laminariaceaes	['e1805']
persea americanas	['e1611']
umbellularia californicas	['e1807']
agaricus arvensi	['e10095']
agaricus arvenses	['e10095']
brassica rapa var. perviridi	['e2089']
pleurotus djamors	['e10110']
coryphaena hippuru	['e467']
glyptocephalus cynoglossu	['e7098']
artocarpus heterophyllu	['e1482']
pseudocaranx dentexes	['e7305']
beta vulgaris subsp. vulgari	['e1449']
chenopodium albums	['e7820']
basella albas	['e3394']
lablab purpureu	['e7648']
boletus eduli	['e10000']
cantharellu	['e1545']
cantharellus cibariu	['e9978']
coregonus albulas	['e8550']
rheum rhabarbarums	['e1467']
actinidia chinensi	['e1938']
actinidia chinenses	['e1938']
actinidia deliciosas	['e1591']
theobroma cacaos	['e1624']
citrullus lanatu	['e1681']
cucumis melos	['e1607']
cucumis melo var. cantalupos	['e1590']
cucumis sativu	['e1452']
prunus armeniacas	['e1497']
sorbus aucuparium	['e1249']
cucurbitum	['e1555']
cucurbita maximas	['e3333']
cydonia oblongas	['e1731']
cucurbita moschatum	['e1186']
cucurbita pepo subsp. pepos	['e3335']
lagenaria sicerarium	['e1785']
luffas	['e1720']
micromesistius australi	['e7416']
armoracia rusticanas	['e1705']
brassicas	['e1418']
brassica junceas	['e1518']
brassica napus subsp. rapiferas	['e1473']
citrus maximas	['e1216']
manilkara zapotum	['e2040']
synsepalum dulcificums	['e1680']
fragaria x ananassas	['e1476']
malus domesticas	['e897']
psidium cattleyanums	['e2015']
prunu	['e1499']
prunus dulci	['e1540']
prunus domesticas	['e1948']
triticum turgidum subsp. turanicums	['e3481']
citrus x paradisis	['e1569']
pyru	['e1227']
fabaceaes	['e8057']
canavalia ensiformi	['e1070']
cicer arietinums	['e6066']
cyamopsis tetragonolobas	['e2076']
abramis bramas	['e7258']
lathyru	['e1741']
lens culinari	['e8055']
lupinus albuses	['e1762']
phaseolus lunatu	['e4132']
phaseolus coccineu	['e1314']
salvia officinali	['e3890']
flammulina velutipe	['e10018']
vicium	['e1083']
vicia fabas	['e3684']
vigna mungos	['e7741']
vigna radiata var. radiatum	['e3720']
vigna unguiculata subsp. unguiculatum	['e1512']
agastache foeniculums	['e2309']
paullinia cupanas	['e1323']
origanum vulgares	['e3888']
salvia rosmarinu	['e1813']
morchella esculentum	['e10108']
sebastes fasciatu	['e7224']
lutjanus gibbuses	['e7196']
brachyplatystoma vaillantiis	['e7326']
cinnamomum tamalas	['e1809']
rhu	['e1739']
daucus carotum	['e1445']
pastinaca sativas	['e1701']
apium graveolen	['e383']
coriandrum sativums	['e3448']
sarcomyxa serotinas	['e10080']
lutjanus anali	['e7148']
lutjanus vivanu	['e7205']
lutjanus griseu	['e7146']
lutjanus buccanellas	['e7198']
etelis oculatu	['e7147']
panaxes	['e1725']
panax ginsengs	['e1871']
solanum lycopersicums	['e3827']
anethum graveolen	['e1799']
solanum melongenas	['e1629']
solanum tuberosums	['e8894']
rumex acetosas	['e1658']
seriola dumerilis	['e7993']
olea europaeas	['e9888']
raphanus sativus var. nigers	['e1675']
sambucu	['e1686']
sambucus nigras	['e873']
arctium lappas	['e1223']
artemisia vulgari	['e1225']
prunus avia	['e1450']
phoenix dactyliferas	['e3695']
arnicas	['e1826']
mugil lizas	['e7560']
atheresthes stomia	['e7381']
cornu	['e2330']
citrus x aurantia	['e1753']
arnica montanas	['e1825']
schinus molles	['e1814']
trichilia emeticas	['e2077']
parapercis colia	['e7254']
lotella rhacinas	['e7195']
percophis brasiliensi	['e7333']
percophis brasilienses	['e7333']
pseudophycis bachu	['e7255']
camellia sinensi	['e130']
camellia sinenses	['e130']
panax quinquefoliu	['e1868']
panax japonicu	['e1872']
coix lacryma-jobis	['e7588']
eleusine coracanas	['e1703']
oryza sativas	['e1469']
tetragonia tetragonoide	['e3342']
panicum miliaceums	['e423']
pampus cinereu	['e6606']
lutjanus purpureu	['e7197']
secale cereales	['e1740']
lutjanus guttatu	['e7204']
triticums	['e8845']
triticum aestivums	['e1296']
solanum betaceums	['e1736']
acanthistius brasilianu	['e7171']
callicarpa acuminatum	['e2126']
portulaca oleraceas	['e1718']
morone chrysop	['e7325']
ensete ventricosums	['e1776']
allium ampeloprasums	['e1679']
allium tuberosums	['e1940']
asparagus officinali	['e1483']
fungis	['e1544']
aluterus monocero	['e7637']
coregonus pidschians	['e7397']
levisticum officinales	['e1266']
thunnus atlanticu	['e7235']
thunnus tonggols	['e587']
mugil cephalu	['e6879']
mugil curemas	['e7354']
sphoeroides maculatu	['e7295']
rubus x loganobaccu	['e1500']
zoarces viviparu	['e6596']
crangon crangons	['e9868']
rhododendron tomentosums	['e2319']
annona cherimolas	['e1627']
thyrsites atuns	['e6781']
saturejas	['e1830']
satureja hortensi	['e1831']
satureja hortenses	['e1831']
satureja montanas	['e1832']
lentinus sajor-cajus	['e10077']
taraxacum officinales	['e3328']
myristica fragran	['e9344']
xanthosoma brasilienses	['e3389']
seriphus politu	['e7165']
morchellas	['e9999']
tremella mesentericas	['e10083']
scorpaenichthys marmoratu	['e7253']
cuminum cyminums	['e1435']
ferula assa-foetidas	['e1167']
musa balbisianas	['e1973']
pleurotu	['e9980']
pleurotus eryngiis	['e10054']
agaricus bisporu	['e1488']
agaricus bitorqui	['e10075']
lentinula edode	['e9981']
lentinus tigrinu	['e10086']
boletu	['e3515']
suillus luteu	['e10009']
chamaerops humili	['e1301']
lactarius deliciosu	['e10029']
stevia rebaudianas	['e1824']
chaceon granulatu	['e7141']
macrolepiota proceras	['e10107']
coprinus comatu	['e10081']
grifola frondosas	['e10053']
scolopax minors	['e5983']
calocybe gambosas	['e10087']
sambucus nigra subsp. caeruleas	['e2269']
boletus pinophilu	['e10098']
hedysarum alpinums	['e1131']
trifolium pratenses	['e7714']
rubus chamaemoru	['e1501']
juniperus communi	['e5784']
garcinia mangostanas	['e1581']
triticum speltum	['e1309']
rubus spectabili	['e1697']
panulirus longipe	['e6717']
carya ovatum	['e2178']
castanea mollissimas	['e2050']
macadamia integrifolium	['e1196']
aframomum meleguetum	['e5426']
zeus fabers	['e7370']
myzopsetta proboscideas	['e7167']
channa striatum	['e7976']
tremella fuciformi	['e10071']
lepidium campestres	['e1773']
capparis spinosas	['e1513']
pectinidaes	['e2902']
cymbopogon citratu	['e1177']
morchella tomentosas	['e2367']
aronia melanocarpas	['e2254']
paratrachichthys traillis	['e7291']
larrea tridentatum	['e1823']
paralichthys dentatu	['e6902']
ictalurus furcatu	['e6597']
homarus gammaru	['e3639']
procambarus clarkiis	['e6840']
panulirus japonicu	['e6718']
paralithodes camtschaticu	['e6977']
cancer irroratu	['e6976']
amanita caesareas	['e10097']
menippe mercenarium	['e493']
zanthoxylum armata	['e1495']
nephrops norvegicu	['e621']
hydnum repandums	['e10105']
adansonium	['e2249']
lutjanus colorados	['e7225']
schilbe mystu	['e7725']
lota lotum	['e7318']
mugil trichodons	['e7355']
malpighia glabras	['e580']
coprinopsis atramentarium	['e9996']
sebastes diploproas	['e8484']
sebastes entomela	['e7207']
sebastes flavidu	['e7208']
sebastes goodeis	['e7209']
sebastes levi	['e7210']
sebastes melanop	['e7211']
sebastes miniatu	['e7212']
sebastes mystinu	['e8415']
sebastes ovali	['e7213']
sebastes paucispini	['e7214']
sebastes pinnigers	['e7215']
sebastes ruberrimu	['e7216']
sebastes rufu	['e7217']
sebastes serranoide	['e7218']
trinectes inscriptu	['e6784']
artemisia dracunculu	['e1816']
mobula hypostomas	['e7390']
zeus capensi	['e7292']
zeus capenses	['e7292']
cilus gilbertis	['e7401']
apis melliferas	['e10246']
rubus ursinu	['e2258']
cantharellus pallen	['e10100']
senecio vulgari	['e1650']
hypsophrys nematopu	['e914']
citrus japonicas	['e1694']
cetraria islandicas	['e7150']
mustelus cani	['e7335']
amorphophallus konjacs	['e3918']
lamna nasu	['e6602']
callorhinchus miliis	['e7975']
macrobrachium rosenbergiis	['e6845']
ictalurus punctatu	['e389']
salmonidaes	['e1496']
oncorhynchus gorbuschas	['e6958']
salmo salars	['e6599']
capsicum chinenses	['e2183']
salvelinus fontinali	['e7569']
salvelinus namaycushes	['e7568']
gadus morhuas	['e6616']
gadus macrocephalu	['e6615']
portunus pelagicu	['e7134']
micromesistius poutassous	['e7417']
perca fluviatili	['e7571']
pagrus pagru	['e7320']
pomoxis nigromaculatu	['e7322']
anarhichas lupu	['e7408']
katsuwonus pelami	['e763']
euthynnus affini	['e6897']
euthynnus alletteratu	['e6896']
sarda sardas	['e6605']
thunnus thynnu	['e349']
thunnus maccoyiis	['e6892']
thunnus obesu	['e6894']
myzopsetta ferrugineas	['e6745']
pseudopleuronectes americanu	['e7375']
conger congers	['e7003']
gymnanthemum amygdalinums	['e1827']
laurus nobili	['e1808']
citrus reticulatum	['e1570']
citrus x clementinas	['e1665']
galeorhinus galeu	['e6612']
artemisia ludovicianas	['e1834']
harengula thrissinas	['e6884']
afe	['e99']
struthio camelu	['e7477']
peprilus parus	['e6778']
syzygium polyanthums	['e1810']
litsea glaucescen	['e1812']
microstomus pacificu	['e6757']
musa x paradisiacas	['e1789']
merluccius capensi	['e366']
merluccius capenses	['e366']
merluccius hubbsis	['e7273']
juglans cinereas	['e4341']
hericium erinaceu	['e10104']
arachis hypogaea var. vulgari	['e1707']
corchorus olitoriu	['e3360']
apium graveolens secalinum groups	['e1931']
craterellus cornucopioide	['e10101']
etrumeus micropu	['e6667']
hoplostethus atlanticu	['e7290']
sardinella longicep	['e6821']
equus zebras	['e885']
hippopotamus amphibiu	['e5899']
pleurotus citrinopileatu	['e10109']
pleurotus floridanu	['e10073']
matricaria chamomillas	['e2326']
scomberomorus maculatu	['e7289']
nematalosa vlaminghis	['e6771']
mammea africanas	['e1282']
organisms	['e845']
whole plants	['e19']
fonio plants	['e178']
japanese chestnut trees	['e1664']
red kingklips	['e7323']
jicama plants	['e1745']
kandas	['e7559']
sheepsheads	['e7155']
surinam cherry plants	['e1287']
neem plants	['e1821']
cape gooseberry plants	['e2242']
longan trees	['e1685']
naked soles	['e6787']
pacific sauries	['e7385']
california needlefishes	['e7450']
silver carps	['e7371']
wahoos	['e7411']
soursop plants	['e1168']
frigate tunas	['e497']
atlantic seabobs	['e7384']
common hazel plants	['e1455']
yuzu trees	['e1738']
escolars	['e6754']
atlantic mackerels	['e6767']
king mackerels	['e7621']
american cranberry plants	['e443']
babassu palm plants	['e9460']
common mallow plants	['e2320']
scalloped spiny lobsters	['e6721']
painted spiny lobsters	['e6719']
rambutan trees	['e1727']
greenthread plants	['e1128']
red groupers	['e7102']
golden kingklips	['e7329']
rooibos plants	['e6495']
wood apple plants	['e1756']
persian groupers	['e7161']
lings	['e7018']
australian ruffs	['e6758']
brazilian pepper trees	['e6024']
african mudfishes	['e7726']
cashew plants	['e1626']
english soles	['e7373']
green jacks	['e7179']
bar jacks	['e7632']
golden king crabs	['e7136']
hanasaki crabs	['e6730']
weakfishes	['e6600']
african pompanos	['e6890']
oheloberry plants	['e1136']
american butterfishes	['e7459']
red hakes	['e7346']
white hakes	['e7341']
chayote plants	['e1663']
black sea basses	['e7162']
peruvian sea basses	['e7579']
chain pickerels	['e6394']
american dewberry plants	['e301']
alaska blueberry plants	['e2000']
black crowberry plants	['e1271']
sea buckthorn plants	['e1277']
indian mustard plants	['e1457']
breadnut plants	['e5303']
petrale soles	['e7377']
rex soles	['e7379']
pacific halibuts	['e7266']
butter soles	['e7099']
rock soles	['e7378']
slender soles	['e7382']
starry flounders	['e7580']
sand soles	['e7380']
indian ocean flounders	['e7166']
hogchokers	['e6786']
red deepsea crabs	['e7132']
mammea americana trees	['e1283']
tautogs	['e7363']
crateva religiosa trees	['e1695']
holy basil plants	['e2322']
sand perches	['e7316']
blueback herrings	['e6741']
atlantic menhadens	['e6880']
atlantic thread herrings	['e6882']
owl limpets	['e7091']
lingcods	['e7319']
emperor snappers	['e7202']
southern tanner crabs	['e6975']
squashberry plants	['e1726']
northern anchovies	['e6808']
gafftopsail catfishes	['e7577']
hokis	['e7343']
roughscale flounders	['e7458']
deepbody thread herrings	['e7342']
java apple plants	['e1637']
blood snappers	['e7974']
sweet marjoram plants	['e3889']
skilfishes	['e7456']
kahawais	['e6779']
brewers yeasts	['e8003']
john's snappers	['e7220']
blue king crabs	['e6978']
irish mosses	['e2351']
largemouth basses	['e8701']
common snooks	['e7399']
pacific snappers	['e7222']
nile perches	['e7348']
atlantic croakers	['e7321']
spearmint plants	['e4811']
common grape plants	['e9459']
mango plants	['e1554']
kegani crabs	['e565']
dungeness crabs	['e6981']
sweetsop plants	['e1669']
custard apple trees	['e1221']
snakeheads	['e7728']
chinese pear plants	['e1951']
capelins	['e6740']
cutthroat trouts	['e8687']
dark green noris	['e8644']
blue warehous	['e7415']
california halibuts	['e7097']
white croakers	['e7189']
california corbinas	['e7042']
saskatoon plants	['e1198']
loquat plants	['e7653']
ostrich fern plants	['e3401']
mexican flounders	['e7173']
ginkgo trees	['e1436']
garden cress plants	['e3294']
stone pine trees	['e786']
gropers	['e6608']
bluefin searobins	['e6620']
dolphinfishes	['e467']
gray soles	['e7098']
jackfruit trees	['e1482']
white trevallies	['e7305']
lamb's quarter plants	['e7820']
malabar nightshade plants	['e3394']
vendaces	['e8550']
garden rhubarb plants	['e1467']
watermelon plants	['e1681']
european rowan plants	['e1249']
common quince plants	['e1731']
butternut squash plants	['e1186']
southern blue whitings	['e7416']
sapodilla plants	['e2040']
garden strawberry plants	['e1476']
strawberry guava plants	['e2015']
jack-bean plants	['e1070']
garbanzo bean plants	['e6066']
guar plants	['e2076']
breams	['e7258']
ivy gourd plants	['e1195']
scarlet runner bean plants	['e1314']
kitchen sage plants	['e3890']
black gram bean plants	['e7741']
guarana plants	['e1323']
oregano plants	['e3888']
labrador redfishes	['e7224']
humpback snappers	['e7196']
brazilian catfishes	['e7326']
celery plants	['e383']
mutton snappers	['e7148']
silk snappers	['e7205']
gray snappers	['e7146']
blackfin snappers	['e7198']
queen snappers	['e7147']
chinese ginseng plants	['e1871']
dill plants	['e1799']
garden sorrel plants	['e1658']
greater amberjacks	['e7993']
european elder plants	['e873']
greater burdock plants	['e1223']
mugwort plants	['e1225']
date plants	['e3695']
lizas	['e7560']
arrowtooth flounders	['e7381']
peruvian peppertrees	['e1814']
blue cods	['e7254']
rock cods	['e7195']
brazilian duckbills	['e7333']
red cods	['e7255']
tea plants	['e130']
american ginseng plants	['e1868']
japanese ginseng plants	['e1872']
job's tears plants	['e7588']
new zealand spinach plants	['e3342']
common millet plants	['e423']
white pomfrets	['e6606']
caribbean red snappers	['e7197']
common rye plants	['e1740']
spotted rose snappers	['e7204']
argentine sea basses	['e7171']
white basses	['e7325']
unicorn filefishes	['e7637']
humpback whitefishes	['e7397']
lovage plants	['e1266']
blackfin tunas	['e7235']
longtail tunas	['e587']
flathead grey mullets	['e6879']
white mullets	['e7354']
northern puffers	['e7295']
eelpouts	['e6596']
common shrimps	['e9868']
cherimoya trees	['e1627']
snake mackerels	['e6781']
nutmeg plants	['e9344']
tahitian spinach plants	['e3389']
queenfishes	['e7165']
cabezons	['e7253']
asafoetida plants	['e1167']
stevia plants	['e1824']
pacific deep sea crabs	['e7141']
woodcocks	['e5983']
alpine sweetvetch plants	['e1131']
red clover plants	['e7714']
cloudberry plants	['e1501']
juniper plants	['e5784']
mangosteen trees	['e1581']
spelt plants	['e1309']
salmonberry plants	['e1697']
longlegged spiny lobsters	['e6717']
chinese chestnut trees	['e2050']
horned melon plants	['e1667']
grains-of-paradise plants	['e5426']
european john dories	['e7370']
longhead dabs	['e7167']
striped snakeheads	['e7976']
field cress plants	['e1773']
roughies	['e7291']
summer flounders	['e6902']
blue catfishes	['e6597']
european lobsters	['e3639']
red swamp crayfishes	['e6840']
japanese spiny lobsters	['e6718']
red king crabs	['e6977']
atlantic rock crabs	['e6976']
black stone crabs	['e493']
florida stone crabs	['e493']
norway lobsters	['e621']
colorado snappers	['e7225']
silver catfishes	['e7725']
burbots	['e7318']
fantail mullets	['e7355']
acerola plants	['e580']
splitnose rockfishes	['e8484']
widow rockfishes	['e7207']
yellowtail rockfishes	['e7208']
cowcods	['e7210']
black rockfishes	['e7211']
vermilion rockfishes	['e7212']
blue rockfishes	['e8415']
speckled rockfishes	['e7213']
bocaccios	['e7214']
canary rockfishes	['e7215']
yelloweye rockfishes	['e7216']
bank rockfishes	['e7217']
olive rockfishes	['e7218']
scrawled soles	['e6784']
devil rays	['e7390']
cape dories	['e7292']
chilean croakers	['e7401']
california blackberry plants	['e2258']
round kumquat plants	['e1694']
iceland mosses	['e7150']
dusky smooth-hounds	['e7335']
elephant fishes	['e7975']
giant freshwater prawns	['e6845']
channel catfishes	['e389']
pink salmons	['e6958']
habanero pepper plants	['e2183']
brook trouts	['e7569']
lake trouts	['e7568']
pacific cods	['e6615']
blue swimming crabs	['e7134']
blue whitings	['e7417']
eurasian perches	['e7571']
red porgies	['e7320']
black crappies	['e7322']
atlantic wolffishes	['e7408']
skipjack tunas	['e763']
kawakawas	['e6897']
spotted tunnies	['e6896']
atlantic bonitos	['e6605']
bluefin tunas	['e349']
southern bluefin tunas	['e6892']
bigeye tunas	['e6894']
yellowtail flounders	['e6745']
blackback flounders	['e7375']
conger eels	['e7003']
tope sharks	['e6612']
flatiron herrings	['e6884']
ostriches	['e7477']
harvestfishes	['e6778']
dover soles	['e6757']
cape hakes	['e366']
argentine hakes	['e7273']
butternut trees	['e4341']
nalta jute plants	['e3360']
leaf celery plants	['e1931']
pacific round herrings	['e6667']
orange roughies	['e7290']
oil sardines	['e6821']
zebras	['e885']
hippopotamu	['e5899']
atlantic spanish mackerels	['e7289']
western australian gizzard shads	['e6771']
mammea africana trees	['e1282']
rice-field rats	['e7522']
pineau de la loires	['e969']
pinot grigio grapes	['e973']
sémillon grapes	['e980']
shirazs	['e983']
aragonezs	['e984']
cencibels	['e984']
tinta rorizs	['e984']
tinta del pai	['e984']
ull de llebres	['e984']
primitivos	['e985']
frappato di vittorium	['e986']
gamay noir à jus blancs	['e987']
gewurztraminers	['e988']
gewürzs	['e988']
bovale grandes	['e989']
carignanos	['e989']
carinyenas	['e989']
cariñenas	['e989']
mazuelos	['e989']
samsós	['e989']
garnachas	['e990']
blauer limbergers	['e1130']
blaufränkisch grapes	['e1130']
blue limbergers	['e1130']
lembergers	['e1130']
matarós	['e1133']
monastrells	['e1133']
mourvèdre grapes	['e1133']
sinaloa azufrad, sulphur, mayocoba, and peruanos	['e3349']
canary bean plants	['e3349']
amomum subulata	['e1160']
minneiska apple trees	['e1184']
gold gush zucchinis	['e1204']
golden delight zucchinis	['e1204']
goldfinger zucchinis	['e1204']
robusta plants	['e1239']
pineapple sages	['e1248']
tangerine sages	['e1248']
colorado pinyons	['e1286']
pinus eduli	['e1286']
pinyon pines	['e1286']
two-needle piñons	['e1286']
eppaws	['e1291']
buckberry plants	['e1316']
highbush huckleberry plants	['e1316']
southern gooseberry plants	['e1316']
squaw huckleberry plants	['e1316']
tall deerberry plants	['e1316']
cavolo neros	['e2332']
lacinatos	['e2332']
tuscan kales	['e2332']
black tuscan palms	['e2332']
black cabbages	['e2332']
dinosaur kales	['e2332']
flat back cabbages	['e2332']
palm tree kales	['e2332']
winter savories	['e3674']
shellouts	['e1066']
curcurbitum	['e1899']
simsims	['e755']
thunninis	['e811']
true tunas	['e811']
allium schoenoprasums	['e401']
wild chive	['e401']
mountain coffees	['e1240']
common beets	['e333']
batavian orange trees	['e4326']
mozambique orange trees	['e4326']
sweet orange trees	['e4326']
tight-skinned orange trees	['e4326']
west african sweet oranges	['e4326']
faba bean plants	['e355']
fava bean plants	['e355']
horse bean plants	['e355']
horsebean plants	['e355']
snap bean plants	['e530']
string bean plants	['e530']
stringless bean plants	['e530']
butter bean plants	['e579']
madagascar bean plants	['e579']
brassica napus l.  emend. metzg var. napobrassicas	['e1472']
brassica napobrassica var. solidfloras	['e1472']
brassica napus var. napobrassicas	['e1472']
neeps	['e1472']
snaggers	['e1472']
fuzzless peaches	['e3609']
shaved peaches	['e3609']
cucurbita pepo var. melopepo cv. zucchinis	['e8213']
corylu	['e478']
tau koks	['e7966']
vigna unguiculata var. sesquipedali	['e7966']
blue-green bacterium	['e3808']
cyanophycotum	['e3808']
cyanophytum	['e3808']
lindens	['e5091']
camelids	['e8782']
molluscas	['e610']
mollusks	['e610']
threadfines	['e6907']
pisum sativum var. macrocarpons	['e8712']
snap pea plants	['e8712']
grape tomato plants	['e1761']
roma tomato plants	['e1761']
hopi maizes	['e1400']
kuris	['e1664']
barbary figs	['e1253']
chollas	['e1253']
cholla cactu	['e1253']
nopal plants	['e1253']
prickly-pear	['e1253']
red cusk-eels	['e7323']
potato-beans	['e1745']
yam-beans	['e1745']
domesticated barleys	['e1434']
hordeum distichums	['e1434']
hordeum vulgare l. convar. distichons	['e1434']
two-rowed barleys	['e1434']
sheepshead seabreams	['e7155']
brazil-cherries	['e1287']
surinam-cherries	['e1287']
brazil cherry plants	['e1287']
cayenne cherry plants	['e1287']
eugenia micheliis	['e1287']
nagapiries	['e1287']
pitanga plants	['e1287']
ñangapirís	['e1287']
chinese star-anises	['e1521']
indian-lilacs	['e1821']
margosas	['e1821']
neems	['e1821']
neem trees	['e1821']
cape-gooseberries	['e2242']
gooseberry-tomatoes	['e2242']
euphorbia longans	['e1685']
nephelium longanums	['e1685']
north american naked soles	['e6787']
zebra soles	['e6787']
californian needlefishes	['e7450']
fireweeds	['e3331']
juniper	['e1802']
guanabanas	['e1168']
prickly custard apples	['e1168']
sea bob shrimps	['e7384']
pignut hickories	['e2175']
sweet pignuts	['e2175']
european hazelnuts	['e1455']
black hickories	['e2180']
american cranberries	['e443']
large cranberries	['e443']
oxycoccus macrocarpo	['e443']
annual rapes	['e1444']
canolas	['e1444']
yard-long-beans	['e3352']
pie cherries	['e1550']
sour cherry plants	['e1550']
motacus	['e9460']
motacuchis	['e9460']
indian spiny lobsters	['e6721']
south china sea lobsters	['e6719']
painted rock lobsters	['e6719']
spiny blue lobsters	['e6719']
alectryon subcinereu	['e1727']
euphorbia nephelia	['e1727']
hairy lychee trees	['e1727']
rhambustan trees	['e1727']
rayless greenthreads	['e1128']
pink cusk-eels	['e7329']
rooibo	['e6495']
indian wood-apples	['e1756']
elephant-apples	['e1756']
areolate groupers	['e7161']
common lings	['e7018']
australian herrings	['e6758']
bull herrings	['e6758']
ruffs	['e6758']
sea herrings	['e6758']
tommy roughs	['e6758']
tommy ruffs	['e6758']
western herrings	['e6758']
wu ye shu yus	['e3392']
brazilian peppertrees	['e6024']
hingemouths	['e7726']
maranons	['e1626']
gray seatrouts	['e6600']
gray weakfishes	['e6600']
romaine lettuces	['e1014']
ʻōhelo ʻais	['e1136']
lingenberries	['e1558']
fairy-ring mushrooms	['e10130']
atlantic butterfishes	['e7459']
butterfishes	['e7459']
dollar fishes	['e7459']
pumpkin scads	['e7459']
sheepheads	['e7459']
black seabasses	['e7162']
southern rock basses	['e7579']
areca-nuts	['e1625']
betel palms	['e1625']
catechus	['e1625']
pinangs	['e1625']
petasites japonicas	['e9938']
butterbur plants	['e9938']
fuki plants	['e9938']
american dewberries	['e301']
northern dewberries	['e301']
oval-leaf bilberries	['e2000']
oval-leaf blueberries	['e2000']
oval-leaf huckleberries	['e2000']
vaccinium alaskaenses	['e2000']
crakeberries	['e1271']
curlew-berries	['e1271']
sea buckthorns	['e1277']
sea-buckthorns	['e1277']
southern rock soles	['e7378']
pacific sand soles	['e7380']
indian spiny turbots	['e7166']
indian ocean spiny halibuts	['e7166']
mamey amarillos	['e1283']
mammee-apples	['e1283']
mammy apple trees	['e1283']
holy basils	['e2322']
hanover salads	['e1475']
siberian kales	['e1475']
callicarpas	['e2125']
blueback shads	['e6741']
mossbunkers	['e6880']
barberry	['e1833']
emperor red snappers	['e7202']
dancy tangerines	['e1509']
gafftopsail sea catfishes	['e7577']
blue grenadiers	['e7343']
australian chestnuts	['e1712']
roughscale soles	['e7458']
pacific thread herrings	['e7342']
west indian bays	['e1811']
bay rum trees	['e1811']
java-apples	['e1637']
makopas	['e1637']
pandan rampehs	['e1822']
pandan wangis	['e1822']
bloodred snappers	['e7974']
humphead snappers	['e7974']
flowering kales	['e2303']
australian salmons	['e6779']
citrus limons	['e8812']
apfelsines	['e8813']
naranjas	['e8813']
lager yeasts	['e8003']
carageens	['e2351']
carrageens	['e2351']
carragheens	['e2351']
florida basses	['e8701']
florida largemouths	['e8701']
green trouts	['e8701']
oswego basses	['e8701']
potter's fishes	['e8701']
bigmouth basses	['e8701']
black basses	['e8701']
bucketmouths	['e8701']
gilsdorf basses	['e8701']
green basses	['e8701']
large mouth basses	['e8701']
largemouth blackbasses	['e8701']
largy	['e8701']
northern largemouths	['e8701']
southern largemouths	['e8701']
widemouth basses	['e8701']
pacific red snappers	['e7222']
common grapes	['e9459']
common grape vines	['e9459']
european grapes	['e9459']
wine grapes	['e9459']
ear fungu	['e3442']
jelly ears	['e3442']
jew ears	['e3442']
judas' ear fungu	['e3442']
anona corazons	['e1221']
bullock's-hearts	['e1221']
mamen	['e1221']
catjang cowpeas	['e1784']
sow-peas	['e1784']
qiu zi lis	['e1951']
common warehous	['e7415']
california flounders	['e7097']
california kingcroakers	['e7042']
loquats	['e7653']
chinese jujubes	['e1662']
zizyphus jujubas	['e1662']
chinese red dates	['e1662']
common jujubes	['e1662']
zaos	['e1662']
sichuan-peppers	['e1494']
hua jiaos	['e1494']
ginkgos	['e1436']
maidenhair trees	['e1436']
wang sheng cais	['e1652']
italian stone pines	['e786']
parasol pines	['e786']
pignolia-nut pines	['e786']
stone pines	['e786']
hapukas	['e6608']
sea basses	['e6608']
bluefin gurnards	['e6620']
red gurnards	['e6620']
california bays	['e1807']
california bay trees	['e1807']
lactariu	['e10002']
common dolphinfishes	['e467']
dolphin fishes	['e467']
dorados	['e467']
mahis	['e467']
mahi mahi fishes	['e467']
greysoles	['e7098']
witches	['e7098']
witch flounders	['e7098']
artocarpus heterophyllas	['e1482']
jack trees	['e1482']
hard-tail jacks	['e7305']
moru	['e1684']
mulberry tree	['e1684']
field beets	['e1449']
garden beets	['e1449']
spinach chards	['e1449']
table beets	['e1449']
lamb's quarters	['e7820']
lamb's-quarter	['e7820']
lambsquarter	['e7820']
pigweeds	['e7820']
white goosefoots	['e7820']
ceylon spinaches	['e3394']
ceylon-spinaches	['e3394']
buffalo spinaches	['e3394']
climbing spinaches	['e3394']
creeping spinaches	['e3394']
indian spinaches	['e3394']
malabar spinaches	['e3394']
red vine spinaches	['e3394']
vine spinaches	['e3394']
rheum x rhabarbarums	['e1467']
garden rhubarbs	['e1467']
zhong hua mi hou taos	['e1938']
cacaos	['e1624']
wild melons	['e1681']
oriental melons	['e1607']
cucumis melo l. ssp. melo cantaloupe groups	['e1590']
persian melos	['e1590']
netted muskmelons	['e1590']
nutmeg melons	['e1590']
apricot trees	['e1497']
european mountain ashes	['e1249']
european mountain-ashes	['e1249']
quickbeams	['e1249']
rowans	['e1249']
marrow	['e1555']
boston marrows	['e3333']
great pumpkins	['e3333']
wen pos	['e1731']
canada pumpkins	['e1186']
ayotes	['e1186']
butternut pumpkins	['e1186']
crookneck pumpkins	['e1186']
crookneck winter squashes	['e1186']
cucurbita moschata var. butternuts	['e1186']
cushaw squashes	['e1186']
grammas	['e1186']
lacayotes	['e1186']
field pumpkins	['e3335']
vegetable marrows	['e3335']
white-flowered gourds	['e1785']
indian mustards	['e1518']
brown mustards	['e1518']
citrus grandi	['e1216']
buntans	['e1216']
citrus decumanas	['e1216']
pomelos	['e1216']
yus	['e1216']
achras sapotum	['e2040']
chicles	['e2040']
chicle trees	['e2040']
chicozapotes	['e2040']
chikoos	['e2040']
naseberries	['e2040']
nisperos	['e2040']
nispero trees	['e2040']
sapodillas	['e2040']
sapotum	['e2040']
sapotes	['e2040']
apple trees	['e897']
cultivated apples	['e897']
psidium cattleianums	['e2015']
cherry guavas	['e2015']
sweet almonds	['e1540']
asian pear trees	['e1618']
chinese pear trees	['e1618']
japanese pear trees	['e1618']
nashi pear trees	['e1618']
nashi trees	['e1618']
oriental pear trees	['e1618']
sand pear trees	['e1618']
sha lis	['e1618']
pea families	['e8057']
cluster beans	['e2076']
guars	['e2076']
common breams	['e7258']
multiflora bean plants	['e1314']
phaseolus multiflori	['e1314']
runner bean plants	['e1314']
scarlet bean plants	['e1314']
black lentils	['e7741']
urad dals	['e7741']
golden grams	['e3720']
green grams	['e3720']
anise hyssops	['e2309']
anise-mints	['e2309']
blue giant hyssops	['e2309']
brazilian cocoas	['e1323']
guaranas	['e1323']
uabanos	['e1323']
common oreganos	['e3888']
rosemaries	['e1813']
acadian redfishes	['e7224']
humpback red snappers	['e7196']
laulao catfishes	['e7326']
piramutabas	['e7326']
queen anne's laces	['e1445']
cilantros	['e3448']
grey snappers	['e7146']
asiatic ginsengs	['e1871']
chinese ginsengs	['e1871']
hong shens	['e1871']
insams	['e1871']
jinsos	['e1871']
ninjins	['e1871']
ren sengs	['e1871']
sansams	['e1871']
garden sorrels	['e1658']
sour docks	['e1658']
common olives	['e9888']
european elders	['e873']
beggar's button	['e1223']
edible burdocks	['e1223']
gobo burdocks	['e1223']
great burdocks	['e1223']
happy majors	['e1223']
lappas	['e1223']
thorny burrs	['e1223']
common wormwoods	['e1225']
geans	['e1450']
mazzards	['e1450']
liza mullets	['e7560']
cape mahoganies	['e2077']
mafura trees	['e2077']
new zealand blue cods	['e7254']
beardies	['e7195']
pacific rockfishes	['e7195']
physiculus barbatu	['e7195']
red codlings	['e7255']
chikusetu-ninjins	['e1872']
satsuma-ninjins	['e1872']
tochiba-ninjins	['e1872']
job's tear	['e7588']
asian cultivated rices	['e1469']
asian rices	['e1469']
red rices	['e1469']
broom millets	['e423']
common millets	['e423']
proso millets	['e423']
carribean red snappers	['e7197']
rose snappers	['e7204']
canadian hard winter wheats	['e1296']
common wheats	['e1296']
wheats	['e1296']
argentine seabasses	['e7171']
levant garlics	['e1679']
unicorn leatherjackets	['e7637']
northern bluefin tunas	['e587']
formosan gray mullets	['e6879']
formosan grey mullets	['e6879']
flathead mullets	['e6879']
striped mullets	['e6879']
redeye mullets	['e7354']
silver mullets	['e7354']
rubus idaeus x rubus ursinu	['e1500']
rubus loganobaccu	['e1500']
viviparous blennies	['e6596']
crystal-teas	['e2319']
marsh-teas	['e2319']
wild rosemaries	['e2319']
barracoutum	['e6781']
snoeks	['e6781']
summer savories	['e1831']
balbis bananas	['e1973']
starchy bananas	['e1973']
shimejis	['e10061']
european fan palms	['e1301']
american woodcocks	['e5983']
alpine sweetvetches	['e1131']
peavine clovers	['e7714']
purple clovers	['e7714']
red clovers	['e7714']
rotklees	['e7714']
common junipers	['e5784']
purple mangosteen trees	['e1581']
spelts	['e1309']
shagbark hickories	['e2178']
african horned cucumber plants	['e1667']
african horned melon plants	['e1667']
english tomato plants	['e1667']
cherie plants	['e1667']
hedged gourd plants	['e1667']
jelly melon plants	['e1667']
melano plants	['e1667']
atlantic john dories	['e7370']
john dories	['e7370']
doorkeeper's fishes	['e7370']
banded snakeheads	['e7976']
chevron snakeheads	['e7976']
snakehead murrels	['e7976']
caperbushes	['e1513']
pinkfinned roughies	['e7291']
sandpaper fishes	['e7291']
kamchatka crabs	['e6977']
winged prickly-ashes	['e1495']
pargo colorados	['e7225']
pargo rojos	['e7225']
african butter catfishes	['e7725']
butter catfishes	['e7725']
barbados cherries	['e580']
huesitos	['e580']
blushers	['e10001']
yellowtain rockfishes	['e7208']
chilipeppers	['e7209']
chilipepper fishes	['e7209']
vermillion rockfishes	['e7212']
french tarragons	['e1816']
atlantic devil rays	['e7390']
lesser devil rays	['e7390']
small devilfishes	['e7390']
corvinas	['e7401']
corvina drums	['e7401']
european honey bees	['e10246']
western honey bees	['e10246']
bees	['e10246']
honey bees	['e10246']
honeybees	['e10246']
old-man-in-the-springs	['e1650']
poor man's tropheu	['e914']
marumi kumquats	['e1694']
meiwa kumquats	['e1694']
smooth dogfishes	['e7335']
australian ghost sharks	['e7975']
elephant sharks	['e7975']
ghost sharks	['e7975']
makorepes	['e7975']
plownose chimaeras	['e7975']
reperepes	['e7975']
salmonid	['e1496']
humpback salmons	['e6958']
river trouts	['e9974']
bonnet peppers	['e2183']
rocotillos	['e2183']
cod fishes	['e6615']
blue swimmer crabs	['e7134']
sand crabs	['e7134']
couch's whitings	['e7417']
poutassous	['e7417']
european perches	['e7571']
perches	['e7571']
redfins	['e7571']
common sea breams	['e7320']
common seabreams	['e7320']
wolf-fishes	['e7408']
bonitos	['e763']
eastern little tunas	['e6897']
island bonitos	['e6897']
island skipjacks	['e6897']
little tunnies	['e6896']
atlantic bluefin tunas	['e349']
blackbacks	['e7375']
winter flounders	['e7375']
european congers	['e7003']
sea eels	['e7003']
school sharks	['e6612']
silver wormwoods	['e1834']
pacific flatiron herrings	['e6884']
bird	['e99']
african ostriches	['e7477']
american harvestfishes	['e6778']
indonesian bayleafs	['e1810']
salams	['e1810']
shallow-water cape hakes	['e366']
south african hakes	['e366']
stock fishes	['e366']
southwest atlantic hakes	['e7273']
hericium erinaceums	['e10104']
bearded tooths	['e10104']
nalta jutes	['e3360']
jutes	['e3360']
chinese celeries	['e1931']
leaf celeries	['e1931']
indian oil sardines	['e6821']
mountain zebras	['e885']
spanish mackerels	['e7289']
seers	['e7289']
african mammee-apple trees	['e1282']
african mammyapple trees	['e1282']
asses	['e882']
burros	['e882']
equus asinu	['e882']
alpine cranberries	['e582']
agar-agars	['e3868']
brassica pekinensi	['e1671']
brassica pekinenses	['e1671']
brassica rapa var. pekinensi	['e1671']
brassica rapa var. pekinenses	['e1671']
celery cabbages	['e1671']
heading chinese cabbages	['e1671']
napas	['e1671']
napa cabbages	['e1671']
pe-tsai cabbages	['e1671']
shantung cabbages	['e1671']
citrus aurantiifolium	['e1670']
citrus medica var. acidas	['e1670']
indian limes	['e1670']
key limes	['e1670']
sour limes	['e1670']
sultanas	['e5602']
brassica oleracea var. botryti	['e381']
american red raspberries	['e6292']
rubus idaeu	['e6292']
western red raspberries	['e6292']
blackeyed beans	['e345']
goat peas	['e345']
vigna unguiculata unguiculatum	['e345']
italian tomatoes	['e7540']
lycopersicon lycopersicum var. pyriformes	['e7540']
clupeidaes	['e544']
merluccius productu	['e7347']
pacific hakes	['e7347']
armoracia lapathifolium	['e546']
scads	['e6676']
trachurus trachuru	['e6676']
beta vulgaris var. ciclas	['e6003']
leaf beets	['e6003']
mangolds	['e6003']
silver beets	['e6003']
spinach beets	['e6003']
phaseolus vulgari	['e1066']
spurdogs	['e7464']
thyme, commons	['e3892']
thyme, whites	['e3892']
thymus spps	['e3892']
thymus vulgari	['e3892']
vigna sinensi	['e441']
vigna sinenses	['e441']
vigna unguiculatum	['e441']
river drums	['e7043']
thunderpumpers	['e7043']
insectum	['e166']
sesamum indicums	['e755']
sesamum orientales	['e755']
maizes	['e134']
zea may	['e134']
carideas	['e761']
crangonidaes	['e761']
palaemondidaes	['e761']
penaeidaes	['e761']
prawns	['e761']
brassica rapa var. rapiferas	['e815']
caryophyllu	['e411']
eugenia aromaticas	['e411']
busycons	['e6684']
cobras	['e767']
ophidium	['e767']
serpente	['e767']
serpent	['e767']
beta vulgari	['e333']
raphanus sativu	['e717']
cardiidaes	['e412']
early june peas	['e1795']
pea, smooth skin cultivar	['e1795']
wattles	['e1838']
rays	['e6955']
rye-wheat hybrids	['e947']
x triticosecales	['e947']
ceratonia siliquas	['e854']
locust beans	['e854']
crustaceas	['e447']
angelica archangelicas	['e303']
angelica spps	['e303']
golden corns	['e1790']
sweet corns	['e1790']
zea mays var. rugosas	['e1790']
odontophorinaes	['e7479']
perdicinaes	['e7479']
perdrixes	['e7479']
borekales	['e420']
brassica oleracea var. viridi	['e420']
cow cabbages	['e420']
fodder kales	['e420']
gaultheria procumben	['e6881']
wintergreen spices	['e6881']
rubus ursinus cv. youngs	['e1579']
lactuca sativas	['e578']
phaseolus limensi	['e579']
phaseolus limenses	['e579']
abalones neis	['e292']
scombridaes	['e7998']
taraxacums	['e871']
citrus deliciosas	['e594']
citrus nobilu	['e594']
citrus unshium	['e594']
fremonts	['e594']
loose-skinned oranges	['e594']
tangerine trees	['e594']
silver smelt	['e7392']
brassica oleracea l. convar. botrytis var. italicas	['e356']
brassica oleracea var. italicas	['e356']
anthriscus cerefolia	['e3680']
cassium	['e405']
cinnamomums	['e405']
cinnamomum verums	['e405']
cinnamomum zeylanicums	['e405']
citrus tangelos	['e5450']
nasturtium officinales	['e1241']
rorippa nasturtium-aquaticums	['e1241']
sassafras albidums	['e916']
common snappers	['e768']
daikon plants	['e8645']
raphanus sativus longipinnatu	['e8645']
papavers	['e1288']
hazels	['e478']
beech nut trees	['e1638']
carum carvis	['e8113']
cumin des pre	['e8113']
kummels	['e8113']
pea bean plants	['e619']
large lima beans	['e4143']
lima bean, larges	['e4143']
clupea harengus pallasis	['e6664']
clupea pallasis	['e6664']
clupea pallasiis	['e6664']
amphibium	['e2063']
reptilium	['e2064']
dasypodidaes	['e5906']
colocasia esculentum	['e804']
old cocoyams	['e804']
capsicum annuum, longum groups	['e548']
capsicum chile peppers	['e548']
long peppers	['e548']
sepiidaes	['e452']
burdock roots	['e7883']
bullaces	['e5580']
prunus domestica insititium	['e5580']
prunus insititium	['e5580']
prunus insititia var. italicas	['e7489']
ricinus communi	['e856']
cucurbitaceaes	['e521']
dolichos sesquipedali	['e7966']
vigna sesquipedali	['e7966']
dolichos lablabs	['e192']
lablabs	['e192']
lubia beans	['e192']
japanese kelps	['e8953']
sea mustards	['e8953']
undaria pinnatifidas	['e8953']
citrus clementinas	['e4526']
citrus reticulata cv. clementines	['e4526']
carangidaes	['e559']
tomtates	['e3997']
ophidiidaes	['e7152']
macrozoarces americanu	['e7311']
engraulidaes	['e302']
sole, europeans	['e7372']
solea vulgari	['e7372']
atherinidaes	['e7334']
belonidaes	['e881']
squalidaes	['e466']
lamnidaes	['e6601']
barb	['e371']
cyprinidaes	['e371']
minnow families	['e371']
minnows	['e8045']
cirrhitidaes	['e7332']
bramidaes	['e698']
castagnoles	['e698']
acanthocardia aculeatum	['e7403']
cardium aculeatum	['e7403']
cardium echinata	['e7403']
latridaes	['e6621']
latrididaes	['e6621']
scyllaridaes	['e3640']
slipper lobster	['e3640']
small white beans	['e422']
agave americanas	['e3669']
agave atroviren	['e3669']
american aloes	['e3669']
magueys	['e3669']
cyphomandra betaceas	['e5198']
black corinth grapes	['e4614']
garden lemons	['e6327']
melon apples	['e6327']
orange melons	['e6327']
vegetable oranges	['e6327']
vine peaches	['e6327']
glycyrrhiza glabras	['e7807']
ephedra nevadensi	['e620']
ephedra nevadenses	['e620']
gray ephedras	['e620']
mormon teas	['e620']
nevada ephedras	['e620']
grapple plants	['e5021']
harpagophytum procumben	['e5021']
european mistletoes	['e5813']
viscum albums	['e5813']
erythroxylum cocas	['e6529']
altamisas	['e5065']
chrysanthemum parthenia	['e5065']
agrimonia eupatorium	['e6543']
agrimonies	['e6543']
chenopodium ambrosioide	['e6550']
dysphania ambrosoide	['e6550']
epazotes	['e6550']
wormseeds	['e6550']
cucurbita pepo var. pepos	['e8854']
tares	['e1079']
brassica oleracea convar. capitata var. capitatum	['e1157']
brassica oleracea var. capitatum	['e1157']
equus asinus x equus caballu	['e5880']
echinodermatum	['e1405']
cephalopodas	['e385']
goose barnacle	['e7328']
lepadidaes	['e7328']
monacanthidaes	['e7639']
lippia micromeras	['e4910']
thyme, spanishes	['e4910']
perilla frutescens crispas	['e5746']
lutjanus inermi	['e7259']
amazon catfishes	['e7331']
brachyplatystoma flavican	['e7331']
momordica balsaminas	['e7927']
fugus	['e7015']
metanephrops neis	['e456']
triglidaes	['e6622']
eutrema wasabis	['e5442']
japanese horseradishes	['e5442']
wasabia japonicas	['e5442']
cactaceaes	['e855']
polynemidaes	['e6907']
astroscopus guttatu	['e7457']
labridaes	['e7006']
cellana denticulatum	['e880']
fissurellidaes	['e880']
lapas	['e880']
patella caeruleas	['e880']
patella vulgatum	['e880']
true limpet	['e880']
lacertilium	['e7800']
squamatum	['e7800']
californian sardines	['e6816']
sardinops caeruleu	['e6816']
acanthuridaes	['e7631']
betle peppers	['e4211']
citrus aurantium subsp. nastridaidais	['e5995']
citrus natsudaidais	['e5995']
golden oriental grapefruits	['e5995']
summer oranges	['e5995']
summer tangerines	['e5995']
nonodonta turbinatum	['e7079']
turban snails	['e7079']
turbinidaes	['e7079']
turbos	['e7079']
turbo cornutu	['e7079']
makaira nigrican	['e7049']
pacific blue marlins	['e7049']
phleum pratenses	['e7838']
alta fescues	['e7839']
festuca arundinaceas	['e7839']
festuca elatiors	['e7839']
meadow fescues	['e7839']
tall fescues	['e7839']
amorphophallus rivieris	['e459']
hydrosme rivieris	['e459']
leopard palms	['e459']
fissurella maximas	['e7092']
agropyron spicata	['e7873']
bluebunch wheatgrasses	['e7873']
alligatoridaes	['e998']
cayman	['e998']
lathyrus aphacas	['e8158']
poaceaes	['e64']
pepper, guajillos	['e1045']
bird cherry peppers	['e8002']
capsicum annuum, cerasiforme groups	['e8002']
creole cherry peppers	['e8002']
hot cherry peppers	['e8002']
hungarian cherry peppers	['e8002']
pepper, hot cherries	['e8002']
northern flounders	['e8391']
green cauliflowers	['e8685']
laminaria japonicas	['e569']
laminaria longissimas	['e569']
naga-kombus	['e569']
hijikia fusiformi	['e8309']
sargassum fusiformes	['e8309']
coregonus reighardis	['e8549']
hylocereus triangulari	['e2114']
hylocereus undatu	['e2114']
pitahayas	['e2114']
red pitayas	['e2114']
euphausiidaes	['e570']
feed plants	['e3734']
fodders	['e3734']
fodder plants	['e3734']
forages	['e3734']
bur cucumbers	['e9393']
bur gherkins	['e9393']
cucumis angurium	['e9393']
capsicum annuum var. annuums	['e3373']
eames' purple crowberries	['e1275']
empetrum eamesiis	['e1275']
rockberries	['e1275']
empetrum rubrums	['e1274']
bovinaes	['e127']
rio grande blues	['e1400']
tarahumara maiz azuls	['e1400']
yoeme blues	['e1400']
zea mays ssp. may	['e1400']
morellas	['e1620']
white fonios	['e178']
kingklip, reds	['e7323']
mugil kandavensi	['e7559']
mugil kandavenses	['e7559']
valamugil engelis	['e7559']
rowals	['e2036']
hylocereus megalanthu	['e2115']
groundcherry, peruvians	['e2242']
pohas	['e2242']
mackerel pikes	['e7385']
saury, pacifics	['e7385']
needlefish, californium	['e7450']
amur carps	['e7371']
carp, silvers	['e7371']
bitter-berries	['e2013']
virginia bird cherries	['e2013']
virginia chokeberries	['e2013']
annonas	['e1168']
tuna, frigates	['e497']
seabobs	['e7384']
curcuma domesticas	['e1758']
mackerel, atlantics	['e6767']
acid cherries	['e1550']
tart cherries	['e1550']
babacus	['e9460']
orbignya barbosianas	['e9460']
orbignya speciosas	['e9460']
panulirus burgeris	['e6721']
trasnkei spiny lobsters	['e6721']
painted crayfishes	['e6719']
kingklip, goldens	['e7329']
christmas berry trees	['e6024']
schinus terebinthifoliu	['e6024']
cashew apples	['e1626']
sole, englishes	['e7373']
jack, greens	['e7179']
jurel bonitos	['e7179']
caranx rubers	['e7632']
carrangs	['e7632']
lithodes aequispinas	['e7136']
brown king crabs	['e6730']
acaupas	['e6600']
cynoscion  regali	['e6600']
cynoscion acoupas	['e6600']
threadfishes	['e6890']
hake, whites	['e7341']
chokos	['e1663']
mirliton squash plants	['e1663']
sechium edules	['e1663']
blackfishes	['e7162']
sea bass, blacks	['e7162']
sea bass, peruvians	['e7579']
eastern pickerels	['e6394']
esox reticulatu	['e6394']
maya nuts	['e5303']
sole, petrales	['e7377']
halibut, pacifics	['e7266']
pleuronectes isolepi	['e7099']
sole, butters	['e7099']
sole, rocks	['e7378']
sole, slenders	['e7382']
flounder, starries	['e7580']
fringe soles	['e7380']
sole, sands	['e7380']
flounder, indian oceans	['e7166']
indian halibuts	['e7166']
geryon quinqueden	['e7132']
brush-leaf-teas	['e2322']
ocimum sancta	['e2322']
herring, bluebacks	['e6741']
pomolobus aestivali	['e6741']
menhaden, atlantics	['e6880']
thread herring, atlantics	['e6882']
giant owl limpets	['e7091']
limpet, giant owls	['e7091']
tanner crabs	['e6975']
anchovy, northerns	['e6808']
californian anchovetum	['e6808']
north pacific anchovies	['e6808']
opisthonema oblieris	['e7342']
eugenia javanicas	['e1637']
scarlet snappers	['e7974']
marjoram, sweets	['e3889']
brewer's yeasts	['e8003']
saccharomyces carlsbergensi	['e8003']
saccharomyces carlsbergenses	['e8003']
blackspot snappers	['e7220']
plainscaled snappers	['e7220']
thailand snappers	['e7220']
lake victoria perches	['e7348']
croaker, atlantics	['e7321']
mentha viridi	['e4811']
indian mangos	['e1554']
hair crabs	['e565']
cancer magisters	['e6981']
bullock's hearts	['e1221']
corazons	['e1221']
jamaica apples	['e1221']
ophicephalus obscuru	['e7728']
snake-heads	['e7728']
oncorhynchus clarkis	['e8687']
salmo clarkis	['e8687']
enteromorpha proliferas	['e8644']
travelles	['e7415']
halibut, californium	['e7097']
croaker, whites	['e7189']
japanese medlars	['e7653']
jujube nuts	['e1662']
rhamnus ziziphu	['e1662']
ziziphus lotu	['e1662']
ziziphus vulgari	['e1662']
ziziphus ziziphu	['e1662']
zizyphus sativas	['e1662']
peppergrasses	['e3294']
pignolium	['e786']
pino nuts	['e786']
pinons	['e786']
pinon nuts	['e786']
umbrella pines	['e786']
sole, grays	['e7098']
artocarpus integrifoliu	['e1482']
fat-hens	['e7820']
goosefoot, whites	['e7820']
meldes	['e7820']
actinidia sinensi	['e1938']
actinidia sinenses	['e1938']
strawberry peaches	['e1938']
citrullus vulgari	['e1681']
colocynthis citrullu	['e1681']
cucurbita citrullu	['e1681']
datiros	['e1681']
edible seed melons	['e1681']
equisis	['e1681']
kaffir melons	['e1681']
momordica lanatum	['e1681']
whiting, southern blues	['e7416']
cultivated strawberries	['e1476']
giant stock-beans	['e1070']
gotani beans	['e1070']
seaside-beans	['e1070']
sword beans	['e1070']
wonder beans	['e1070']
bengal gram beans	['e6066']
chick beans	['e6066']
indian gram beans	['e6066']
cyamposis psoralioide	['e2076']
phaseolus mungos	['e7741']
european oreganos	['e3888']
marjoram, wilds	['e3888']
oregano, commons	['e3888']
oregano, europeans	['e3888']
origanums	['e3888']
wild marjorams	['e3888']
redfish, labradors	['e7224']
snapper, humpbacks	['e7196']
brachyplatystoma vaillantis	['e7326']
snapper, muttons	['e7148']
snapper, silks	['e7205']
snapper, blackfins	['e7198']
bleareyed snappers	['e7147']
cachuchos	['e7147']
night snappers	['e7147']
asian ginsengs	['e1871']
manchurian ginsengs	['e1871']
oriental ginsengs	['e1871']
lycopersicon esculenta	['e3827']
common sorrels	['e1658']
spinach docks	['e1658']
amberjack, greaters	['e7993']
lebranche mullets	['e7560']
mugil brasiliensi	['e7560']
mugil brasilienses	['e7560']
australian cods	['e7254']
new zealand cods	['e7254']
physiculus bachu	['e7255']
camellia theas	['e130']
thea sinensi	['e130']
thea sinenses	['e130']
new zealand spinaches	['e3342']
tetragonia expansas	['e3342']
stromateus cinereu	['e6606']
rye, commons	['e1740']
snapper, spotted roses	['e7204']
sea bass, argentines	['e7171']
bass, whites	['e7325']
andoras	['e7637']
arctic whitefishes	['e7397']
garden lovages	['e1266']
neothunnus raru	['e587']
blueback mullets	['e7354']
mullet, whites	['e7354']
sea squabs	['e7295']
brown shrimps	['e9868']
crangon vulgari	['e9868']
tahitian taros	['e3389']
corvineta reinas	['e7165']
devil's dungs	['e1167']
ferula foetidas	['e1167']
geryon granulatu	['e7141']
japanese deep sea crabs	['e7141']
philohela minors	['e5983']
baked apple berries	['e1501']
malkas	['e1501']
yellowberries	['e1501']
german wheats	['e1309']
triticum aestivum subsp. speltum	['e1309']
triticum aestivum, spelta groups	['e1309']
chinese hairy chestnuts	['e2050']
amomum granum-paradisiis	['e5426']
amomum meleguetum	['e5426']
galilee fishes	['e7370']
st. peter's fishes	['e7370']
zeus japonicu	['e7370']
dab, longheads	['e7167']
limanda proboscideas	['e7167']
channas	['e7976']
ophicephalus striatu	['e7976']
cream-anther field pepperworts	['e1773']
field peppergrass plants	['e1773']
field pepperweed plants	['e1773']
field pepperwort plants	['e1773']
hoplostethu	['e7291']
paratrachichthy	['e7291']
flounder, summers	['e6902']
catfish, blues	['e6597']
astacus europaeu	['e3639']
astacus marinu	['e3639']
cancer gammaru	['e3639']
homarus marinu	['e3639']
homarus vulgari	['e3639']
crawfish, red swamps	['e6840']
louisiana crawfishes	['e6840']
louisiana crayfishes	['e6840']
alaska deepsea crabs	['e6977']
japanese crabs	['e6977']
king crabs	['e6977']
menippes	['e493']
stone crabs	['e493']
langoustines	['e621']
snapper, colorados	['e7225']
lota maculosas	['e7318']
mullet, fantails	['e7355']
malpighia marginatum	['e580']
west indian cherries	['e580']
rockfish, widows	['e7207']
rockfish, yellowtails	['e7208']
rockfish, blacks	['e7211']
rockfish, vermilions	['e7212']
rockfish, speckleds	['e7213']
rockfish, canaries	['e7215']
rockfish, yelloweyes	['e7216']
rockfish, banks	['e7217']
rockfish, olives	['e7218']
chilean grunts	['e7401']
pacific blackberries	['e2258']
pacific dewberries	['e2258']
neetroplus nematopu	['e914']
fortunella japonicas	['e1694']
iceland lichens	['e7150']
gummy sharks	['e7335']
smooth hounds	['e7335']
lamna cornubicas	['e6602']
callorhynchus milliis	['e7975']
silver trumpeters	['e7975']
giant freshwater shrimps	['e6845']
catfish, channels	['e389']
salmon, pinks	['e6958']
pepper, habaneros	['e2183']
speckled trouts	['e7569']
cristivomer namaycushes	['e7568']
cod, atlantics	['e6616']
cod, pacifics	['e6615']
blueys	['e7134']
river perches	['e7571']
pagrus sedicems	['e7320']
crappie, blacks	['e7322']
wolffish, atlantics	['e7408']
euthynnus pelami	['e763']
thynnus pelami	['e763']
euthynnus yaitos	['e6897']
bonito, atlantics	['e6605']
pelamys sardi	['e6605']
scomber mediterraneu	['e6605']
scomber palamitu	['e6605']
ahis	['e6894']
parathunnus mebachis	['e6894']
flounder, yellowtails	['e6745']
limanda ferrugineas	['e6745']
pleuronectes americanu	['e7375']
grey sharks	['e6612']
greyboys	['e6612']
avians	['e99']
common ostriches	['e7477']
northern harvestfishes	['e6778']
peprilus alepidotu	['e6778']
sole, dovers	['e6757']
musa paradisiacas	['e1789']
shallow-water hakes	['e366']
noix juglans cinereas	['e4341']
jew's mallows	['e3360']
jute mallows	['e3360']
jute, naltum	['e3360']
molokhium	['e3360']
tossa jutes	['e3360']
apium graveolens var. secalinums	['e1931']
herring, rounds	['e6667']
deep sea perches	['e7290']
tambans	['e6821']
common hippopotamu	['e5899']
bony breams	['e6771']
fluvialosa vlaminghis	['e6771']
perth herrings	['e6771']
western australia river gizzard shads	['e6771']
akage washus	['e950']
akaushis	['e950']
japanese blacks	['e950']
japanese browns	['e950']
japanese polleds	['e950']
japanese shorthorns	['e950']
kuroge washus	['e950']
mukaku washus	['e950']
nihon tankaku washus	['e950']
日本短角和種s	['e950']
無角和種s	['e950']
赤毛和種s	['e950']
黒毛和種s	['e950']
brassica rapa l. subsp. pekinensis (lour.) hanelts	['e1671']
brassica rapa subsp. pekinensis (lour.) hanelts	['e1671']
citrus sinensis (l.) osbecks	['e1630']
phaseolus vulgaris var. vulgari	['e8473']
bush bean plants	['e8473']
pole bean plants	['e8473']
citrus aurantiifolia (christm. & panz.) swingles	['e1670']
citrus aurantiifolia (christm.) swingles	['e1670']
rubus idaeus l. ssp. idaeu	['e6292']
rubus idaeus l. ssp. strigosus (michx.) fockes	['e6292']
rubus idaeus ssp. strigosus (michx.) fockes	['e6292']
vigna unguiculata (l.) walp. subsp. unguiculatum	['e345']
beta vulgaris l. ssp. cicla (l.) w.d.j. koches	['e6003']
beta vulgaris l. subsp. vulgari	['e6003']
beta vulgaris ssp. cicla (l.) koches	['e6003']
cucurbita pepos	['e1899']
thymu	['e3892']
vigna unguiculata (l.) walp. ssp. unguiculatum	['e441']
brassica rapa l. ssp. rapas	['e815']
syzygium aromaticum (l.) merr. & l.m. perries	['e411']
raphanus sativus l. var. acanthiformis makinos	['e717']
phaseolus lunatus l. var. lunatu	['e579']
taraxacum officinale f.h. wigg. ssp. officinales	['e871']
taraxacum officinale g.h. weber ex wigger	['e871']
taraxacum officinale aggregates	['e871']
taraxacum officinale ssp. officinale g.h. weber ex wigger	['e871']
taraxacum officinale ssp. vulgare (lam.) schinz & r. kellers	['e871']
citrus reticulata blancos	['e594']
persica vulgaris var. nectarina (aiton) holubs	['e3609']
brassica oleracea l. var. italica plencks	['e356']
illicium verum j.d. hooks	['e1265']
cinnamomum verum j. presls	['e405']
cinnamomum verum j.presls	['e405']
citrus x tangelo j. ingram & h. moores	['e5450']
citrus x tangelo j. w. ingram & h. e. moores	['e5450']
citrus x tangelo j.w.ingram & h.e.moores	['e5450']
citrus ×tangelo j.w. ingram & h.e. moores	['e5450']
nasturtium officinale w. t. aitons	['e1241']
nasturtium officinale w.t. aitons	['e1241']
rorippa nasturtium-aquaticum (l.) hayeks	['e1241']
brassica oleracea l. var. gemmifera zenkers	['e359']
brassica oleracea var. gemmifera (dc.) zenkers	['e359']
elettaria cardamomum (l.) matons	['e1159']
prunus domestica l. subsp. italica (borkh.) gam	['e7489']
prunus domestica subsp. italica (borkh.) gams ex hegis	['e7489']
lablab purpureus (l.) sweets	['e192']
citrus clementina hort. ex tanakas	['e4526']
jack families	['e559']
scad families	['e559']
cyphomandra betacea (cav.) sendtners	['e5198']
cucumis melo var. chito (c. morren) naudins	['e6327']
tilium	['e5091']
sennas	['e5189']
dysphania ambrosioides (l.) mosyakin & clemant	['e6550']
citrus natsudaidai hayatum	['e5995']
yellow pea plants	['e8158']
astacidaes	['e445']
astacoideas	['e445']
cambaridaas	['e445']
crawfishes	['e445']
crayfishes	['e445']
parastacidaes	['e445']
hylocereus undatus (haw.) britt. & roses	['e2114']
hylocereus undatus (haw.) britton & roses	['e2114']
cucumis sativus l.; pickling cucumber cultivar	['e9393']
capsicum annuum l. var. annuums	['e3373']
empetrum eamesii fernald & wiegands	['e1275']
empetrum eamesii fernald & wiegand ssp. atropurpureum (fernald & wiegand) d. löves	['e1275']
empetrum eamesii fernald & wiegand ssp. eamesiis	['e1275']
empetrum eamesii ssp. atropurpureum (fern. & wieg.) d. löves	['e1275']
zea mays subsp. may	['e1400']
digitaria exilis (kippist) stapfs	['e178']
opuntia vulgari	['e1253']
pachyrhizus erosus (l.) urbans	['e1745']
pangium edule reinw. ex blumes	['e2036']
hylocereus megalanthus (k. schum. ex vaupel) ralf bauers	['e2115']
vaccinium macrocarpon aitons	['e443']
cerasus vulgaris austera groups	['e1550']
orbignya barbosiana burrets	['e9460']
aspalathus linearis (burm. f.) r. dahlgrens	['e6495']
aspalathus linearis (burman f.) r. dahlgrens	['e6495']
schinus terebinthifolia raddis	['e6024']
schinus terebinthifolius raddis	['e6024']
vaccinium alaskaense howells	['e2000']
vaccinium alaskaense t.j. howells	['e2000']
empetrum nigrum l. ssp. hermaphroditum (lange ex hagerup) böchers	['e1271']
empetrum nigrum l. ssp. nigrums	['e1271']
eugenia javanica lam; syn: syzigium samarangense (bl.) merr. & perries	['e1637']
syzygium samarangense (blume) merr. & l. m. perries	['e1637']
syzygium samarangense (blume) merr. & l.m. perries	['e1637']
syzygium samarangense (blume) merr. & l.m.perries	['e1637']
syzygium samarangense (blume) merr. & perries	['e1637']
chondrus crispus (linnaeus) j. stackhouses	['e2351']
enteromorpha prolifera (o. f. mueller) j. agardhs	['e8644']
actinidia chinensis planchons	['e1938']
actinidia chinensis var. chinensi	['e1938']
actinidia chinensis var. chinenses	['e1938']
actinidia deliciosa (a. chev.) c. f. liang & a. r. fergusons	['e1591']
citrullus lanatus (thunb.) matsum. & nakais	['e1681']
citrullus lanatus (thunb.) matsumura & nakais	['e1681']
cucumis melo l. subsp. melo var. cantalupensis naudins	['e1607']
cucumis melo l. var. cantalupensis naudins	['e1607']
cucurbita moschata duchesnes	['e1186']
manilkara zapota (l.) p. royens	['e2040']
manilkara zapota (l.) p.royens	['e2040']
manilkara zapota (l.) van royens	['e2040']
synsepalum dulcificum (schumach. & thonn.) daniells	['e1680']
synsepalum dulcificum (schumach.) daniells	['e1680']
synsepalum dulcificum (schumacher & thonn.) daniells	['e1680']
fragaria x ananassa duchesnes	['e1476']
fragaria x ananassa duchesne ex roziers	['e1476']
psidium cattleianum sabines	['e2015']
psidium cattleianum sabine var. littorale (raddi) fosbergs	['e2015']
psidium cattleianum var. cattleianums	['e2015']
psidium cattleianum var. cattleianum sabines	['e2015']
psidium cattleianum var. littorale (raddi) fosbergs	['e2015']
prunus dulcis (mill.) d. a. webbs	['e1540']
prunus dulcis (mill.) d.a.webb var. amara (dc.) buchheims	['e1540']
prunus dulcis (mill.) d.a.webb var. dulci	['e1540']
prunus dulcis (p. mill.) d.a. webbers	['e1540']
pyrus pyrifolia  (burm. f.) nakais	['e1618']
pyrus pyrifolia (burm. fil.) nakais	['e1618']
pyrus pyrifolia (burm.) nakais	['e1618']
pyrus pyrifolia var. culta (makino) nakais	['e1618']
coccinea cordifolium	['e1195']
coccinea grandi	['e1195']
coccinea indicas	['e1195']
vigna mungo (l.) heppers	['e7741']
paullinia cupana kunths	['e1323']
black elderberries	['e873']
reinhardtius stomia	['e7381']
camellia sinensis (l.) kuntzes	['e130']
camellia sinensis (l.) o. kuntzes	['e130']
panax japonicus c.a.meys	['e1872']
tetragonia tetragonioides (pall.) kuntzes	['e3342']
tetragonia tetragonioides (pallas) kuntzes	['e3342']
tetragonia tetragonoides (pall.) kuntzes	['e3342']
secale cereale subsp. cereales	['e1740']
ensete ventricosum (welw.) cheesemen	['e1776']
ensete ventricosum (welw.) cheesmen	['e1776']
allium ampeloprasum l. var. ampeloprasums	['e1679']
allium ampeloprasum l., var. kurrat schweinf. ex krauses	['e1679']
allium ampeloprasum var. ampeloprasums	['e1679']
wild leeks	['e1679']
levisticum officinale w. d. j. koches	['e1266']
levisticum officinale w. koches	['e1266']
levisticum officinale w.d.j. koches	['e1266']
annona cherimola millers	['e1627']
ferula foetida (bunge) regels	['e1167']
stevia rebaudiana (bertoni) bertonis	['e1824']
rubus spectabilis purshes	['e1697']
castanea mollissima blumes	['e2050']
cucumis metuliferus e.mey. ex naudins	['e1667']
aframomum melegueta schumanns	['e5426']
lepidium campestre (l.) w. t. aitons	['e1773']
lepidium campestre (l.) w.t. aitons	['e1773']
rubus ursinus cham. & schltdl. ssp. macropetalus (douglas ex hook.) roy l. taylor & macbrydes	['e2258']
rubus ursinus cham. & schltdl. ssp. ursinu	['e2258']
rubus ursinus cham. & schltdl. ssp. ursinus var. sirbenus (l.h. bailey) j.t. howells	['e2258']
rubus ursinus cham. & schltdl. ssp. ursinus var. ursinu	['e2258']
rubus ursinus ssp. macropetalus (dougl. ex hook.) taylor & macbrydes	['e2258']
rubus ursinus subsp. macropetalus (douglas ex hook.) roy l. taylor & macbrydes	['e2258']
rubus ursinus subsp. ursinu	['e2258']
rubus ursinus var. sirbenus (bailey) j.t. howells	['e2258']
fortunella japonica (thunb.) swingles	['e1694']
mammea africana sabines	['e1282']
savories	['e3674']
animals	['e87']
kingklips	['e7323']
soles	['e6787']
sauries	['e7385']
needlefishes	['e7450']
carps	['e7371']
oilfishes	['e6754']
mackerels	['e6767']
spanishes	['e7621']
groupers	['e7102']
golden king  crabs	['e7136']
hanasakis	['e6730']
pompanos	['e6890']
hakes	['e7346']
pickerels	['e6394']
flounders	['e7377']
halibuts	['e7266']
herrings	['e6741']
river herrings	['e6741']
gafftopsail fishes	['e7577']
gafftopsail whiskered fishes	['e7577']
blue hakes	['e7343']
new zealand whitings	['e7343']
king  crabs	['e6978']
basses	['e8701']
snooks	['e7399']
kegani crabmeats	['e565']
korean variety crabmeats	['e565']
trouts	['e8687']
warehous	['e7415']
corbinas	['e7042']
kingfishes	['e7042']
searobins	['e6620']
mahi-mahis	['e467']
trevallies	['e7305']
ocean perches	['e7224']
mullets	['e7560']
sandperches	['e7254']
morid cods	['e7195']
duckbills	['e7333']
filefishes	['e7637']
whitefishes	['e7397']
puffers	['e7295']
gemfishes	['e6781']
drums	['e7165']
sculpins	['e7253']
dories	['e7370']
dabs	['e7167']
flukes	['e6902']
rock crabs	['e6976']
rockfishes	['e8484']
mantum	['e7390']
cape sharks	['e7335']
sharks	['e6602']
freshwater shrimps	['e6845']
humpbacks	['e6958']
alaska cods	['e6615']
swimming crabs	['e7134']
porgies	['e7320']
sea breams	['e7320']
crappies	['e7322']
wolffishes	['e7408']
cape capensi	['e366']
cape capenses	['e366']
whitings	['e366']
sardines	['e6821']
gizzard shads	['e6771']
bread, white, commercially prepared	['e10247']
mustard, prepared, yellow	['e10248']
chicken, broiler or fryers, breast, skinless, boneless, meat only, cooked, braised	['e10249']
sauce, pasta, spaghetti/marinara, ready-to-serve	['e10250']
cookies, oatmeal, soft, with raisins	['e10251']
restaurant, chinese, fried rice, without meat	['e10252']
restaurant, latino, tamale, pork	['e10253']
restaurant, latino, pupusas con frijoles (pupusas, bean)	['e10254']
bread, whole-wheat, commercially prepared	['e10255']
oranges, raw, navels	['e10256']
restaurant, chinese, sweet and sour pork	['e10257']
salt, table, iodized	['e10258']
sauce, salsa, ready-to-serve	['e10259']
sugars, granulated	['e10260']
ketchup, restaurant	['e10261']
oil, corn	['e10262']
flour, spelt, whole grain	['e10263']
potatoes, red, without skin, raw	['e10264']
turkey, ground, 93% lean/ 7% fat, raw	['e10265']
chicken, breast, boneless, skinless, raw	['e10266']
crustaceans, shrimp, farm raised, raw	['e10267']
fish, cod, atlantic, wild caught, raw	['e10268']
crustaceans, crab, blue swimming, lump, pasteurized, refrigerated	['e10269']
tomato, sauce, canned, with salt added	['e10270']
