file_path,line_number,matched_term,line_classification,raw_line_excerpt
"app/result/[barcode].refactored.tsx",42,"TruScore","review_default","import { TruScoreCard } from '../../src/features/product/cards/TruScoreCard';"
"app/result/[barcode].refactored.tsx",62,"TruScore","review_default","import TruScoreInfoModal from '../../src/components/TrustScoreInfoModal';"
"app/result/[barcode].refactored.tsx",107,"TruScore","review_default","const [truScoreModalVisible, setTruScoreModalVisible] = useState(false);"
"app/result/[barcode].refactored.tsx",334,"TruScore","review_default","<TruScoreCard"
"app/result/[barcode].refactored.tsx",445,"TruScore","review_default","<TruScoreInfoModal"
"app/result/[barcode].refactored.tsx",447,"TruScore","review_default","onClose={() => setTruScoreModalVisible(false)}"
"app/result/[barcode].tsx",32,"TruScore","review_default","import TruScore from '../../src/components/TruScore';"
"app/result/[barcode].tsx",39,"TruScore","review_default","import { calculateTruScore, TruScoreResult } from '../../src/lib/truscoreEngine';"
"app/result/[barcode].tsx",45,"TruScore","review_default","import TruScoreInfoModal from '../../src/components/TrustScoreInfoModal';"
"app/result/[barcode].tsx",46,"TruScore","review_default","import TruScoreAnalysisModal from '../../src/components/TruScoreAnalysisModal';"
"app/result/[barcode].tsx",134,"TruScore","comment","// Helper function to get TruScore color"
"app/result/[barcode].tsx",135,"TruScore","review_default","const getTruScoreColor = (score: number | null) => {"
"app/result/[barcode].tsx",143,"TruScore","comment","// Helper function to get TruScore label"
"app/result/[barcode].tsx",144,"TruScore","review_default","const getTruScoreLabel = (score: number | null) => {"
"app/result/[barcode].tsx",153,"TruScore","review_default","const [truScore, setTruScore] = useState<TruScoreResult | null>(null);"
"app/result/[barcode].tsx",160,"TruScore","review_default","const [truScoreModalVisible, setTruScoreModalVisible] = useState(false);"
"app/result/[barcode].tsx",161,"TruScore","review_default","const [truScoreAnalysisModalVisible, setTruScoreAnalysisModalVisible] = useState(false);"
"app/result/[barcode].tsx",173,"TruScore","review_default","const [shareType, setShareType] = useState<'truScore' | 'recall' | 'countryOfManufacture' | 'negativeTruScore' | 'productInfo' | 'insights' | 'palmOil' | 'nutrition' | 'ingredients' | 'processing' | 'allergens' | 'ecoscore'>('truScore');"
"app/result/[barcode].tsx",332,"TruScore","comment","// Use TruScore from product object (already calculated in productService.ts using truscoreEngine.ts)"
"app/result/[barcode].tsx",339,"TruScore","review_default","let insights: TruScoreResult['insights'] = undefined;"
"app/result/[barcode].tsx",355,"TruScore","review_default","const score: TruScoreResult = {"
"app/result/[barcode].tsx",368,"TruScore","review_default","setTruScore(score);"
"app/result/[barcode].tsx",371,"TruScore","review_default","setTruScore(null);"
"app/result/[barcode].tsx",374,"TruScore","review_default","setTruScore(null);"
"app/result/[barcode].tsx",449,"TruScore","comment","// Product displays immediately (< 100ms) even before TruScore is calculated"
"app/result/[barcode].tsx",457,"TruScore","comment","// This enables instant display (< 100ms) instead of waiting for TruScore"
"app/result/[barcode].tsx",463,"TruScore","review_default","`TruScore: ${productWithScore.trust_score || 'calculating...'}`);"
"app/result/[barcode].tsx",468,"TruScore","review_default","console.log(`[ResultScreen] ✅ Product enhanced (merge complete): TruScore ${productWithScore.trust_score}, fetch trace: ${traceLen} source(s) – Score breakdown reflects all DBs used`);"
"app/result/[barcode].tsx",471,"TruScore","review_default","console.log(`[ResultScreen] ✅ Product complete with TruScore: ${productWithScore.trust_score}`);"
"app/result/[barcode].tsx",577,"TruScore","review_default","const handleShare = (cardType: 'truScore' | 'recall' | 'countryOfManufacture' | 'negativeTruScore' | 'productInfo' | 'insights' | 'palmOil' | 'nutrition' | 'ingredients' | 'processing' | 'allergens' | 'ecoscore') => {"
"app/result/[barcode].tsx",998,"TruScore","review_default","{/* Banner Alerts Card - Above TruScore */}"
"app/result/[barcode].tsx",1006,"TruScore","review_default","{/* TruScore Card - v1.4 */}"
"app/result/[barcode].tsx",1011,"TruScore","review_default","borderColor: getTruScoreColor(truScore.truscore),"
"app/result/[barcode].tsx",1014,"TruScore","review_default","onPress={() => setTruScoreModalVisible(true)}"
"app/result/[barcode].tsx",1024,"TruScore","review_default","setTruScoreModalVisible(true);"
"app/result/[barcode].tsx",1046,"TruScore","comment","// Determine share type for TruScore card"
"app/result/[barcode].tsx",1048,"TruScore","review_default","? 'negativeTruScore'"
"app/result/[barcode].tsx",1063,"TruScore","review_default","{/* TruScore Display - v1.4 */}"
"app/result/[barcode].tsx",1064,"TruScore","review_default","<TruScore truScore={truScore} size=""medium"" />"
"app/result/[barcode].tsx",1068,"TruScore","review_default","onPress={() => setTruScoreAnalysisModalVisible(true)}"
"app/result/[barcode].tsx",1110,"TruScore","review_default","? 'negativeTruScore'"
"app/result/[barcode].tsx",1721,"TruScore","review_default","{/* Palm oil: scored in Planet/TruScore and insights; product card hidden (PalmOilCard). */}"
"app/result/[barcode].tsx",2175,"TruScore","review_default","{/* TruScore Info Modal - Only show if we have data */}"
"app/result/[barcode].tsx",2177,"TruScore","review_default","<TruScoreInfoModal"
"app/result/[barcode].tsx",2179,"TruScore","review_default","onClose={() => setTruScoreModalVisible(false)}"
"app/result/[barcode].tsx",2184,"TruScore","review_default","{/* TruScore Analysis Modal - Pillar breakdown & data source trace */}"
"app/result/[barcode].tsx",2185,"TruScore","review_default","<TruScoreAnalysisModal"
"app/result/[barcode].tsx",2187,"TruScore","review_default","onClose={() => setTruScoreAnalysisModalVisible(false)}"
"src/components/AdvancedSearchFilters.tsx",101,"TruScore","review_default","{/* TruScore */}"
"src/components/NutritionTable.tsx",56,"TruScore","comment","/** UI second hook: same OFF-aligned merge as TruScore, so levels show even if upstream omitted them. */"
"src/components/ShareModal.tsx",30,"TruScore","review_default","import { TruScoreResult } from '../lib/truscoreEngine';"
"src/components/ShareModal.tsx",40,"TruScore","review_default","truScore?: TruScoreResult | null;"
"src/components/ShareModal.tsx",41,"TruScore","review_default","shareType?: 'truScore' | 'recall' | 'countryOfManufacture' | 'negativeTruScore' | 'productInfo' | 'insights' | 'palmOil' | 'nutrition' | 'ingredients' | 'processing' | 'allergens' | 'ecoscore';"
"src/components/TruScore.tsx",1,"TruScore","comment","// src/components/TruScore.tsx – Rveel Score v1.4 display component"
"src/components/TruScore.tsx",5,"TruScore","review_default","import { TruScoreResult } from '../lib/truscoreEngine';"
"src/components/TruScore.tsx",9,"TruScore","review_default","interface TruScoreProps {"
"src/components/TruScore.tsx",10,"TruScore","review_default","truScore: TruScoreResult;"
"src/components/TruScore.tsx",14,"TruScore","review_default","const TruScore = React.memo(function TruScore({ truScore, size = 'medium' }: TruScoreProps) {"
"src/components/TruScore.tsx",176,"TruScore","review_default","export default TruScore;"
"src/components/TruScoreAnalysisModal.tsx",12,"TruScore","review_default","import type { TruScoreAnalysis } from '../types/truscoreAnalysis';"
"src/components/TruScoreAnalysisModal.tsx",15,"TruScore","review_default","interface TruScoreAnalysisModalProps {"
"src/components/TruScoreAnalysisModal.tsx",18,"TruScore","review_default","analysis: TruScoreAnalysis | null | undefined;"
"src/components/TruScoreAnalysisModal.tsx",21,"TruScore","review_default","export default function TruScoreAnalysisModal({ visible, onClose, analysis }: TruScoreAnalysisModalProps) {"
"src/components/TrustScoreInfoModal.tsx",10,"TruScore","review_default","interface TruScoreInfoModalProps {"
"src/components/TrustScoreInfoModal.tsx",30,"TruScore","review_default","export default function TruScoreInfoModal({ visible, onClose, product }: TruScoreInfoModalProps) {"
"src/config/scoreHighlightDefinitions.ts",474,"TruScore","comment","// independent of whether a TruScore analysis object has been attached yet."
"src/config/scoreHighlightDefinitions.ts",501,"TruScore","comment","// independent of whether a TruScore analysis object has been attached yet."
"src/config/scoreHighlightDefinitions.ts",528,"TruScore","comment","// independent of whether a TruScore analysis object has been attached yet."
"src/config/scoreHighlightDefinitions.ts",547,"TruScore","comment","// independent of whether a TruScore analysis object has been attached yet."
"src/data/databases/truScoreOptimizedDatabase.ts",1,"TruScore","comment","// TruScore-Optimized Database Service"
"src/data/databases/truScoreOptimizedDatabase.ts",2,"TruScore","comment","// Ensures maximum data quality and completeness for TruScore calculation"
"src/data/databases/truScoreOptimizedDatabase.ts",33,"TruScore","comment","// FSANZ is queried by product name via queryFSANZByProductName() in queryByNameForTruScore()"
"src/data/databases/truScoreOptimizedDatabase.ts",88,"TruScore","review_default","export class TruScoreOptimizedDatabase {"
"src/data/databases/truScoreOptimizedDatabase.ts",90,"TruScore","comment","* Query ALL databases in parallel, optimized for TruScore"
"src/data/databases/truScoreOptimizedDatabase.ts",255,"TruScore","review_default","sourceWeights: this.getTruScoreSourceWeights(),"
"src/data/databases/truScoreOptimizedDatabase.ts",671,"TruScore","comment","// FSANZ is also queried later in queryByNameForTruScore() for additional coverage"
"src/data/databases/truScoreOptimizedDatabase.ts",962,"TruScore","comment","// (This will be used later in queryByNameForTruScore)"
"src/data/databases/truScoreOptimizedDatabase.ts",1066,"TruScore","review_default","async queryByNameForTruScore("
"src/data/databases/truScoreOptimizedDatabase.ts",1166,"TruScore","comment","* Get source weights optimized for TruScore"
"src/data/databases/truScoreOptimizedDatabase.ts",1168,"TruScore","review_default","getTruScoreSourceWeights(): Record<string, number> {"
"src/data/databases/__tests__/truScoreOptimizedDatabase.test.ts",1,"TruScore","test_or_spec","// Test suite for TruScoreOptimizedDatabase"
"src/data/databases/__tests__/truScoreOptimizedDatabase.test.ts",2,"TruScore","test_or_spec","// Verifies parallel querying, location-specific databases, and TruScore completeness"
"src/data/databases/__tests__/truScoreOptimizedDatabase.test.ts",4,"TruScore","test_or_spec","import { TruScoreOptimizedDatabase } from '../truScoreOptimizedDatabase';"
"src/data/databases/__tests__/truScoreOptimizedDatabase.test.ts",7,"TruScore","test_or_spec","describe('TruScoreOptimizedDatabase', () => {"
"src/data/databases/__tests__/truScoreOptimizedDatabase.test.ts",8,"TruScore","test_or_spec","let database: TruScoreOptimizedDatabase;"
"src/data/databases/__tests__/truScoreOptimizedDatabase.test.ts",11,"TruScore","test_or_spec","database = new TruScoreOptimizedDatabase();"
"src/data/databases/__tests__/truScoreOptimizedDatabase.test.ts",98,"TruScore","test_or_spec","const products = await database.queryByNameForTruScore(mockProduct, userCountry);"
"src/data/databases/__tests__/truScoreOptimizedDatabase.test.ts",107,"TruScore","test_or_spec","describe('TruScore Completeness', () => {"
"src/data/databases/__tests__/truScoreOptimizedDatabase.test.ts",117,"TruScore","test_or_spec","// Check for key TruScore fields"
"src/data/databases/__tests__/truScoreOptimizedDatabase.test.ts",137,"TruScore","test_or_spec","const weights = database.getTruScoreSourceWeights();"
"src/features/alerts/AlertsHome.tsx",221,"TruScore","review_default","Preference-based insights only; they do not change TruScore (banner alerts follow separate rules)"
"src/features/product/cards/PalmOilCard/PalmOilCard.tsx",2,"TruScore","comment","// Hidden on product page: palm oil still drives Planet/TruScore, user alert insights, and sharing payloads."
"src/features/product/cards/ProductCards.tsx",6,"TruScore","review_default","import { TruScoreResult } from '../../../lib/truscoreEngine';"
"src/features/product/cards/ProductCards.tsx",9,"TruScore","review_default","import { TruScoreCard } from './TruScoreCard';"
"src/features/product/cards/ProductCards.tsx",26,"TruScore","review_default","truScore?: TruScoreResult;"
"src/features/product/cards/ProductCards.tsx",47,"TruScore","review_default","{/* TruScore Card - Always show if product exists */}"
"src/features/product/cards/ProductCards.tsx",49,"TruScore","review_default","<TruScoreCard"
"src/features/product/cards/TruScoreCard/hooks/useTruScoreData.ts",1,"TruScore","comment","// Hook for TruScore card data"
"src/features/product/cards/TruScoreCard/hooks/useTruScoreData.ts",6,"TruScore","review_default","import { calculateTruScore, TruScoreResult } from '../../../../../lib/truscoreEngine';"
"src/features/product/cards/TruScoreCard/hooks/useTruScoreData.ts",13,"TruScore","review_default","interface UseTruScoreDataOptions {"
"src/features/product/cards/TruScoreCard/hooks/useTruScoreData.ts",19,"TruScore","review_default","export function useTruScoreData({ barcode, product, autoFetch = true }: UseTruScoreDataOptions) {"
"src/features/product/cards/TruScoreCard/hooks/useTruScoreData.ts",20,"TruScore","review_default","const [truScore, setTruScore] = useState<TruScoreResult | null>(null);"
"src/features/product/cards/TruScoreCard/hooks/useTruScoreData.ts",30,"TruScore","review_default","const calculated = calculateTruScore(product, alertsPreferences, getPlanetScoringContext());"
"src/features/product/cards/TruScoreCard/hooks/useTruScoreData.ts",31,"TruScore","review_default","setTruScore(calculated);"
"src/features/product/cards/TruScoreCard/hooks/useTruScoreData.ts",35,"TruScore","server_or_app_log","logger.error('Error calculating TruScore from product:', err);"
"src/features/product/cards/TruScoreCard/hooks/useTruScoreData.ts",48,"TruScore","review_default","const calculated = calculateTruScore(fetchedProduct, alertsPreferences, getPlanetScoringContext());"
"src/features/product/cards/TruScoreCard/hooks/useTruScoreData.ts",49,"TruScore","review_default","setTruScore(calculated);"
"src/features/product/cards/TruScoreCard/hooks/useTruScoreData.ts",56,"TruScore","server_or_app_log","logger.error('Error fetching product for TruScore:', err);"
"src/features/product/cards/TruScoreCard/index.ts",1,"TruScore","comment","// TruScore Card exports"
"src/features/product/cards/TruScoreCard/index.ts",2,"TruScore","review_default","export { default as TruScoreCard } from './TruScoreCard';"
"src/features/product/cards/TruScoreCard/index.ts",3,"TruScore","review_default","export { TruScoreCardSkeleton } from './TruScoreCardSkeleton';"
"src/features/product/cards/TruScoreCard/index.ts",4,"TruScore","review_default","export { TruScoreCardError } from './TruScoreCardError';"
"src/features/product/cards/TruScoreCard/index.ts",5,"TruScore","review_default","export { useTruScoreData } from './hooks/useTruScoreData';"
"src/features/product/cards/TruScoreCard/TruScoreCard.tsx",1,"TruScore","comment","// Modular TruScore Card Component"
"src/features/product/cards/TruScoreCard/TruScoreCard.tsx",10,"TruScore","review_default","import { useTruScoreData } from './hooks/useTruScoreData';"
"src/features/product/cards/TruScoreCard/TruScoreCard.tsx",11,"TruScore","review_default","import { TruScoreCardSkeleton } from './TruScoreCardSkeleton';"
"src/features/product/cards/TruScoreCard/TruScoreCard.tsx",12,"TruScore","review_default","import { TruScoreCardError } from './TruScoreCardError';"
"src/features/product/cards/TruScoreCard/TruScoreCard.tsx",13,"TruScore","review_default","import TruScore from '../../../../components/TruScore';"
"src/features/product/cards/TruScoreCard/TruScoreCard.tsx",15,"TruScore","review_default","import TruScoreInfoModal from '../../../../components/TrustScoreInfoModal';"
"src/features/product/cards/TruScoreCard/TruScoreCard.tsx",25,"TruScore","review_default","interface TruScoreCardProps {"
"src/features/product/cards/TruScoreCard/TruScoreCard.tsx",32,"TruScore","comment","// Helper function to get TruScore color"
"src/features/product/cards/TruScoreCard/TruScoreCard.tsx",33,"TruScore","review_default","const getTruScoreColor = (score: number | null) => {"
"src/features/product/cards/TruScoreCard/TruScoreCard.tsx",41,"TruScore","review_default","function TruScoreCardContent({ barcode, product, onShare, premiumFeatures }: TruScoreCardProps) {"
"src/features/product/cards/TruScoreCard/TruScoreCard.tsx",44,"TruScore","review_default","const { truScore, loading, error } = useTruScoreData({ barcode, product });"
"src/features/product/cards/TruScoreCard/TruScoreCard.tsx",59,"TruScore","review_default","return <TruScoreCardSkeleton />;"
"src/features/product/cards/TruScoreCard/TruScoreCard.tsx",64,"TruScore","review_default","<TruScoreCardError"
"src/features/product/cards/TruScoreCard/TruScoreCard.tsx",152,"TruScore","review_default","borderColor: getTruScoreColor(truScore.truscore),"
"src/features/product/cards/TruScoreCard/TruScoreCard.tsx",194,"TruScore","review_default","{/* TruScore Display */}"
"src/features/product/cards/TruScoreCard/TruScoreCard.tsx",195,"TruScore","review_default","<TruScore truScore={truScore} size=""medium"" />"
"src/features/product/cards/TruScoreCard/TruScoreCard.tsx",273,"TruScore","review_default","{/* TruScore Info Modal */}"
"src/features/product/cards/TruScoreCard/TruScoreCard.tsx",274,"TruScore","review_default","<TruScoreInfoModal"
"src/features/product/cards/TruScoreCard/TruScoreCard.tsx",295,"TruScore","review_default","export default function TruScoreCard(props: TruScoreCardProps) {"
"src/features/product/cards/TruScoreCard/TruScoreCard.tsx",298,"TruScore","review_default","feature=""TruScoreCard"""
"src/features/product/cards/TruScoreCard/TruScoreCard.tsx",303,"TruScore","review_default","<Suspense fallback={<TruScoreCardSkeleton />}>"
"src/features/product/cards/TruScoreCard/TruScoreCard.tsx",304,"TruScore","review_default","<TruScoreCardContent {...props} />"
"src/features/product/cards/TruScoreCard/TruScoreCardError.tsx",1,"TruScore","comment","// Error display for TruScore card"
"src/features/product/cards/TruScoreCard/TruScoreCardError.tsx",10,"TruScore","review_default","interface TruScoreCardErrorProps {"
"src/features/product/cards/TruScoreCard/TruScoreCardError.tsx",15,"TruScore","review_default","export function TruScoreCardError({ error, onRetry }: TruScoreCardErrorProps) {"
"src/features/product/cards/TruScoreCard/TruScoreCardError.tsx",24,"TruScore","review_default","{t('result.errorLoadingTruScore', 'Error loading Rveel Score')}"
"src/features/product/cards/TruScoreCard/TruScoreCardSkeleton.tsx",1,"TruScore","comment","// Skeleton loader for TruScore card"
"src/features/product/cards/TruScoreCard/TruScoreCardSkeleton.tsx",8,"TruScore","review_default","export function TruScoreCardSkeleton() {"
"src/features/product/components/TruScoreCard.tsx",2,"TruScore","comment","* TruScore Card Component"
"src/features/product/components/TruScoreCard.tsx",4,"TruScore","comment","* Displays TruScore with breakdown and info modal."
"src/features/product/components/TruScoreCard.tsx",7,"TruScore","comment","* @module TruScoreCard"
"src/features/product/components/TruScoreCard.tsx",14,"TruScore","review_default","import { TruScoreResult } from '../../../lib/truscoreEngine';"
"src/features/product/components/TruScoreCard.tsx",17,"TruScore","review_default","import TruScore from '../../../components/TruScore';"
"src/features/product/components/TruScoreCard.tsx",18,"TruScore","review_default","import TruScoreInfoModal from '../../../components/TrustScoreInfoModal';"
"src/features/product/components/TruScoreCard.tsx",20,"TruScore","review_default","interface TruScoreCardProps {"
"src/features/product/components/TruScoreCard.tsx",21,"TruScore","review_default","truScore: TruScoreResult | null;"
"src/features/product/components/TruScoreCard.tsx",26,"TruScore","review_default","const TruScoreCard = React.memo(function TruScoreCard({ truScore, product, onShare }: TruScoreCardProps) {"
"src/features/product/components/TruScoreCard.tsx",76,"TruScore","review_default","<TruScore truScore={truScore} size=""large"" />"
"src/features/product/components/TruScoreCard.tsx",79,"TruScore","review_default","<TruScoreInfoModal"
"src/features/product/components/TruScoreCard.tsx",128,"TruScore","review_default","export default TruScoreCard;"
"src/features/product/hooks/useProductData.ts",7,"TruScore","review_default","import { calculateTruScore, TruScoreResult } from '../../../lib/truscoreEngine';"
"src/features/product/hooks/useProductData.ts",28,"TruScore","review_default","const [truScore, setTruScore] = useState<TruScoreResult | null>(null);"
"src/features/product/hooks/useProductData.ts",42,"TruScore","review_default","const calculated = calculateTruScore(manualProduct, alertsPreferences, getPlanetScoringContext());"
"src/features/product/hooks/useProductData.ts",43,"TruScore","review_default","setTruScore(calculated);"
"src/features/product/hooks/useProductData.ts",52,"TruScore","review_default","const calculated = calculateTruScore(productData, alertsPreferences, getPlanetScoringContext());"
"src/features/product/hooks/useProductData.ts",53,"TruScore","review_default","setTruScore(calculated);"
"src/features/product/hooks/useProductData.ts",71,"TruScore","review_default","const calculated = calculateTruScore(productData, alertsPreferences, getPlanetScoringContext());"
"src/features/product/hooks/useProductData.ts",72,"TruScore","review_default","setTruScore(calculated);"
"src/features/product/hooks/useProductData.ts",86,"TruScore","comment","// Recalculate TruScore when user alert preferences change"
"src/features/product/hooks/useProductData.ts",89,"TruScore","review_default","const calculated = calculateTruScore(product, alertsPreferences, getPlanetScoringContext());"
"src/features/product/hooks/useProductData.ts",90,"TruScore","review_default","setTruScore(calculated);"
"src/features/sharing/services/ShareContentBuilder.ts",35,"TruScore","review_default","return this.buildTruScoreContent(product, truScore, universalLink, productName, platform);"
"src/features/sharing/services/ShareContentBuilder.ts",43,"TruScore","review_default","case 'negativeTruScore':"
"src/features/sharing/services/ShareContentBuilder.ts",44,"TruScore","review_default","return this.buildNegativeTruScoreContent(product, truScore, universalLink, productName, platform);"
"src/features/sharing/services/ShareContentBuilder.ts",73,"TruScore","review_default","private static buildTruScoreContent("
"src/features/sharing/services/ShareContentBuilder.ts",194,"TruScore","review_default","private static buildNegativeTruScoreContent("
"src/features/sharing/types.ts",4,"TruScore","review_default","import { TruScoreResult } from '../../lib/truscoreEngine';"
"src/features/sharing/types.ts",10,"TruScore","review_default","| 'negativeTruScore'"
"src/features/sharing/types.ts",41,"TruScore","review_default","truScore?: TruScoreResult | null;"
"src/lib/truscoreEngine/index.ts",2,"TruScore","comment","* TruScore Engine - Modular Pillar System"
"src/lib/truscoreEngine/index.ts",18,"TruScore","review_default","import type { TruScoreAnalysis, FetchTraceEntry, PillarAnalysis, PillarAdjustmentWithSource } from '../../types/truscoreAnalysis';"
"src/lib/truscoreEngine/index.ts",39,"TruScore","review_default","export type TruScoreScoringContext = {"
"src/lib/truscoreEngine/index.ts",44,"TruScore","review_default","export interface TruScoreResult {"
"src/lib/truscoreEngine/index.ts",64,"TruScore","review_default","analysis?: TruScoreAnalysis;"
"src/lib/truscoreEngine/index.ts",68,"TruScore","comment","* Calculate TruScore v1.4 - Full spec implementation using modular pillars"
"src/lib/truscoreEngine/index.ts",75,"TruScore","comment","* @returns TruScore result with total score, breakdown, and optional insights"
"src/lib/truscoreEngine/index.ts",77,"TruScore","review_default","export function calculateTruScore("
"src/lib/truscoreEngine/index.ts",80,"TruScore","review_default","scoringContext?: TruScoreScoringContext"
"src/lib/truscoreEngine/index.ts",81,"TruScore","review_default","): TruScoreResult {"
"src/lib/truscoreEngine/index.ts",177,"TruScore","review_default","const result: TruScoreResult = {"
"src/lib/truscoreEngine/index.ts",196,"TruScore","review_default","result.analysis = buildTruScoreAnalysis(scoringProduct, result) ?? undefined;"
"src/lib/truscoreEngine/index.ts",198,"TruScore","comment","// PowerShell logging for TruScore calculation details with timing"
"src/lib/truscoreEngine/index.ts",222,"TruScore","server_or_app_log","logger.error('[truscoreEngine] Error calculating TruScore:', {"
"src/lib/truscoreEngine/index.ts",313,"TruScore","comment","* Build full TruScore analysis from product (for fetch trace) and TruScore result (for pillar details)."
"src/lib/truscoreEngine/index.ts",316,"TruScore","review_default","export function buildTruScoreAnalysis("
"src/lib/truscoreEngine/index.ts",318,"TruScore","review_default","result: TruScoreResult"
"src/lib/truscoreEngine/index.ts",319,"TruScore","review_default","): TruScoreAnalysis | null {"
"src/lib/truscoreEngine/index.ts",358,"TruScore","review_default","const analysis: TruScoreAnalysis = {"
"src/lib/truscoreEngine/index.ts",376,"TruScore","review_default","export type { TruScoreAnalysis, FetchTraceEntry, PillarAnalysis, PillarAdjustmentWithSource } from '../../types/truscoreAnalysis';"
"src/lib/truscoreEngine.ts",2,"TruScore","comment","* TruScore Engine - Legacy Wrapper"
"src/lib/truscoreEngine.ts",10,"TruScore","comment","// Re-export from the new modular system (includes calculateTruScore)"
"src/services/bannerAlertsService.ts",12,"TruScore","comment","* Note: Banner text explains scoring sources; TruScore is still computed in the TruScore engine."
"src/services/bannerAlertsService.ts",104,"TruScore","comment","// 1.1a Ethics pillar mirrors — BBFAW & KTC only (same `calculateEthicsPillar` as TruScore Ethics)"
"src/services/countrySpecificRegulations.ts",3,"TruScore","comment","// Used to adjust TruScore Body pillar based on local regulations"
"src/services/ethicsCertificationsService.ts",444,"TruScore","comment","* OFF label tags the Ethics / TruScore certification element recognizes (manual product picker)."
"src/services/ethicsPillarBannerAlerts.ts",4,"TruScore","comment","* TruScore Ethics (v37 spec) is computed in `calculateEthicsPillar`. Banners for animal welfare"
"src/services/fsanzQueryService.ts",9,"TruScore","comment","* 4. App merges FSANZ data into product for TruScore"
"src/services/fsanzQueryService.ts",273,"TruScore","comment","// ===== VERIFICATION: Log TruScore-critical fields ====="
"src/services/fsanzQueryService.ts",274,"TruScore","server_or_app_log","logger.info(`   🔍 [VERIFICATION] TruScore Field Status After FSANZ Enhancement:`);"
"src/services/manualProductService.ts",8,"TruScore","review_default","import { calculateTruScore } from '../lib/truscoreEngine';"
"src/services/manualProductService.ts",104,"Trust Score","comment","// Calculate Trust Score if we have enough data"
"src/services/manualProductService.ts",107,"TruScore","review_default","const trustScoreResult = calculateTruScore(product, undefined, getPlanetScoringContext());"
"src/services/manualProductService.ts",108,"TruScore","comment","// Map TruScoreResult to TrustScoreBreakdown format"
"src/services/productCacheService.ts",22,"TruScore","review_default","import { removeCachedTruScore } from '../utils/truScoreCache';"
"src/services/productCacheService.ts",254,"TruScore","review_default","await removeCachedTruScore(barcode).catch(() => {});"
"src/services/productCacheService.ts",287,"TruScore","comment","* Process and score a product (apply confidence score and calculate TruScore)"
"src/services/productCacheService.ts",296,"TruScore","server_or_app_log","logger.error('Error calculating TruScore (non-critical):', error);"
"src/services/productCacheService.ts",513,"TruScore","comment","// Save final product with TruScore (non-blocking)"
"src/services/productCacheService.ts",561,"TruScore","comment","// Save final product with TruScore (non-blocking)"
"src/services/productDataMerger.ts",21,"TruScore","comment","* Default source weights (TruScore-optimized)"
"src/services/productDataMerger.ts",23,"TruScore","comment","* Updated to match TruScoreOptimizedDatabase weights for consistency"
"src/services/productDataMerger.ts",118,"TruScore","comment","* Calculate TruScore field completeness score (0-100)"
"src/services/productDataMerger.ts",119,"TruScore","comment","* Higher score = more TruScore-critical fields present"
"src/services/productDataMerger.ts",121,"TruScore","review_default","function calculateTruScoreCompleteness(product: Product): number {"
"src/services/productDataMerger.ts",149,"TruScore","comment","// OPTIMIZATION: Score each product by TruScore completeness using Map for faster lookups"
"src/services/productDataMerger.ts",152,"TruScore","review_default","truScoreCompleteness: calculateTruScoreCompleteness(p),"
"src/services/productDataMerger.ts",156,"TruScore","comment","// Sort by combined score: 60% TruScore completeness + 40% source weight"
"src/services/productDataMerger.ts",193,"TruScore","server_or_app_log","logger.info(`  TruScore Completeness: ${completeness}%`);"
"src/services/productDataMerger.ts",321,"TruScore","comment","// ===== CRITICAL: Merge TruScore-critical fields ====="
"src/services/productDataMerger.ts",322,"TruScore","comment","// These fields are essential for TruScore calculation and must be explicitly merged"
"src/services/productDataMerger.ts",570,"TruScore","server_or_app_log","logger.info(`Source ${index + 1}: ${p.source || 'unknown'} (Weight: ${(weight * 100).toFixed(1)}%, TruScore Completeness: ${truScoreCompleteness}%)`);"
"src/services/productDataMerger.ts",577,"TruScore","server_or_app_log","logger.info(`  Base Product: ${baseProduct.source} (highest combined score: TruScore completeness + source weight)`);"
"src/services/productNameDiscovery.ts",3,"TruScore","comment","// This is critical for maximizing query success rates and TruScore quality"
"src/services/productService.ts",60,"TruScore","review_default","import { TruScoreOptimizedDatabase } from '../data/databases/truScoreOptimizedDatabase';"
"src/services/productService.ts",107,"TruScore","comment","* 6. Data merging (TruScore-first strategy)"
"src/services/productService.ts",109,"TruScore","comment","* 8. TruScore calculation"
"src/services/productService.ts",128,"TruScore","comment","* @returns Product with TruScore, or null if offline without cache"
"src/services/productService.ts",134,"TruScore","comment","*   console.log(`TruScore: ${product.trust_score}/100`);"
"src/services/productService.ts",191,"TruScore","comment","* Calculates TruScore, enhances, and prepares product for UI"
"src/services/productService.ts",196,"TruScore","review_default","databaseService: TruScoreOptimizedDatabase"
"src/services/productService.ts",204,"TruScore","comment","// Calculate TruScore"
"src/services/productService.ts",208,"TruScore","server_or_app_log","logger.warn('Error calculating TruScore for progressive display (non-critical):', error);"
"src/services/productService.ts",209,"TruScore","comment","// Return product without TruScore if calculation fails"
"src/services/productService.ts",249,"TruScore","server_or_app_log","logger.info(`[SQLite Product Diagnostics] Product data before TruScore calculation:`, {"
"src/services/productService.ts",316,"TruScore","review_default","const databaseService = new TruScoreOptimizedDatabase();"
"src/services/productService.ts",333,"TruScore","comment","// Process first product for display (calculate TruScore, enhance, etc.)"
"src/services/productService.ts",356,"TruScore","review_default","sourceWeights: databaseService.getTruScoreSourceWeights(),"
"src/services/productService.ts",477,"TruScore","comment","// Merge all products found with TruScore-first strategy"
"src/services/productService.ts",486,"TruScore","server_or_app_log","logger.info(`🔄 Merging ${allProducts.length} products with TruScore-first strategy...`);"
"src/services/productService.ts",491,"TruScore","review_default","sourceWeights: databaseService.getTruScoreSourceWeights(),"
"src/services/productService.ts",502,"TruScore","review_default","powershellLogger.mergeDetailed(barcode, allProducts, product, 'TruScore-first', mergeTime);"
"src/services/productService.ts",511,"TruScore","comment","// Note: All database queries are now handled by TruScoreOptimizedDatabase above"
"src/services/productService.ts",609,"TruScore","comment","// This ensures maximum data completeness for TruScore calculation"
"src/services/productService.ts",618,"TruScore","comment","// Create a minimal product for queryByNameForTruScore if we don't have one yet"
"src/services/productService.ts",625,"TruScore","review_default","const nameProducts = await databaseService.queryByNameForTruScore(productForQuery, userCountry);"
"src/services/productService.ts",636,"TruScore","comment","// Merge with TruScore-first strategy"
"src/services/productService.ts",638,"TruScore","review_default","sourceWeights: databaseService.getTruScoreSourceWeights(),"
"src/services/productService.ts",657,"TruScore","review_default","sourceWeights: databaseService.getTruScoreSourceWeights(),"
"src/services/productService.ts",807,"TruScore","comment","// CRITICAL FIX: Fetch recalls BEFORE TruScore calculation"
"src/services/productService.ts",888,"TruScore","comment","// Attach recalls to product BEFORE TruScore calculation"
"src/services/productService.ts",912,"TruScore","comment","// CRITICAL FIX: Wrap in try-catch to ensure product is always returned even if TruScore calculation fails"
"src/services/productService.ts",920,"TruScore","comment","// If TruScore calculation fails, return product without TruScore rather than failing entirely"
"src/services/productService.ts",921,"TruScore","server_or_app_log","logger.error('Error calculating TruScore (non-critical, returning product without score):', error);"
"src/services/productService.ts",929,"TruScore","comment","// PowerShell logging for TruScore calculation"
"src/services/productService.ts",949,"TruScore","server_or_app_log","logger.info(`  TruScore: ${productWithTrustScore.trust_score || 'N/A'}/100`);"
"src/services/productService.ts",956,"TruScore","comment","// ===== VERIFICATION: Log FSANZ contribution to TruScore ====="
"src/services/productService.ts",989,"TruScore","server_or_app_log","logger.info(`     📊 Summary: FSANZ enhanced nutrition (Body pillar), but TruScore limited by missing ingredients/certifications`);"
"src/services/productService.ts",1079,"TruScore","comment","// Note: Recalls are now fetched BEFORE TruScore calculation (see above)"
"src/services/productService.ts",1137,"TruScore","comment","// If TruScore calculation fails, return product without TruScore"
"src/services/productService.ts",1138,"TruScore","server_or_app_log","logger.error('Error calculating TruScore for fallback product (non-critical):', error);"
"src/services/productService.ts",1155,"TruScore","comment","* @returns Fresh product data with TruScore, or null if not found"
"src/services/productServiceOptimized.ts",8,"TruScore","comment","* 4. Parallel TruScore Calculation - Calculate in parallel with data fetching"
"src/services/productServiceOptimized.ts",32,"TruScore","review_default","import { TruScoreOptimizedDatabase } from '../data/databases/truScoreOptimizedDatabase';"
"src/services/productServiceOptimized.ts",77,"TruScore","comment","/** Avoid duplicate Open Facts fetches in TruScoreOptimizedDatabase when Phase 1 already returned this product. */"
"src/services/productServiceOptimized.ts",216,"TruScore","review_default","const databaseService = new TruScoreOptimizedDatabase();"
"src/services/productServiceOptimized.ts",267,"TruScore","comment","// Calculate TruScore and update cache with fresh data (non-blocking)"
"src/services/productServiceOptimized.ts",557,"TruScore","comment","// Send to UI — product with TruScore (includes manual-products merge when backend responds in time)"
"src/services/productServiceOptimized.ts",604,"TruScore","comment","// Return product with TruScore - user sees it NOW!"
"src/services/productServiceOptimized.ts",626,"TruScore","comment","// FAST: If we have a product, process it quickly with TruScore and return"
"src/services/productServiceOptimized.ts",627,"TruScore","comment","// TruScore calculation is fast (200-500ms) and necessary for display"
"src/services/productServiceOptimized.ts",629,"TruScore","server_or_app_log","logger.info(`✅ Processing product quickly with TruScore`);"
"src/services/productServiceOptimized.ts",631,"TruScore","comment","// Process product with TruScore (fast - 200-500ms)"
"src/services/productServiceOptimized.ts",634,"TruScore","comment","// Send to UI - product with TruScore ready!"
"src/services/productServiceOptimized.ts",653,"TruScore","comment","// Return product with TruScore"
"src/services/productServiceOptimized.ts",668,"TruScore","review_default","sourceWeights: databaseService.getTruScoreSourceWeights(),"
"src/services/productServiceOptimized.ts",699,"TruScore","review_default","sourceWeights: databaseService.getTruScoreSourceWeights(),"
"src/services/productServiceOptimized.ts",745,"TruScore","comment","// FAST: Process product with TruScore and return"
"src/services/productServiceOptimized.ts",746,"TruScore","comment","// TruScore calculation is fast (200-500ms) and necessary for display"
"src/services/productServiceOptimized.ts",865,"TruScore","comment","* Process product with TruScore after user-contributed merge (long race for correctness)."
"src/services/productServiceOptimized.ts",901,"TruScore","comment","// Recalculate TruScore with enhanced data"
"src/services/productServiceOptimized.ts",920,"TruScore","review_default","databaseService: TruScoreOptimizedDatabase,"
"src/services/productServiceOptimized.ts",927,"TruScore","review_default","sourceWeights: databaseService.getTruScoreSourceWeights(),"
"src/services/shareCardGenerator.ts",10,"TruScore","review_default","import { TruScoreResult } from '../lib/truscoreEngine';"
"src/services/shareCardGenerator.ts",18,"TruScore","review_default","truScore?: TruScoreResult;"
"src/services/shareCardGenerator.ts",72,"TruScore","review_default","truScore?: TruScoreResult"
"src/services/shareCardGenerator.ts",114,"TruScore","review_default","truScore?: TruScoreResult"
"src/store/useAlertsStore.ts",2,"TruScore","comment","// These preferences drive optional scan insights (not TruScore, not spec-driven banner alerts)."
"src/theme/colors.ts",1,"TrueScan","comment","// Theme colors for TrueScan app"
"src/types/bannerAlerts.ts",4,"TruScore","comment","* Defines the structure for banner alerts that appear above the TruScore card."
"src/types/pricing.ts",1,"TrueScan","comment","// Pricing data types for TrueScan Food Scanner"
"src/types/product.ts",1,"TrueScan","comment","// Product data types for TrueScan"
"src/types/product.ts",300,"TruScore","comment","/** Full TruScore analysis (pillar breakdown + data source trace). Set when score is calculated. */"
"src/types/product.ts",301,"TruScore","review_default","_truscore_analysis?: import('./truscoreAnalysis').TruScoreAnalysis;"
"src/types/truscoreAnalysis.ts",2,"TruScore","comment","* TruScore Analysis Types"
"src/types/truscoreAnalysis.ts",43,"TruScore","comment","/** Full TruScore analysis: fetch trace + per-pillar breakdown */"
"src/types/truscoreAnalysis.ts",44,"TruScore","review_default","export interface TruScoreAnalysis {"
"src/utils/fuzzyMatching.ts",5,"TruScore","comment","* across all TruScore pillars. Implements multiple algorithms and hybrid scoring"
"src/utils/inputValidation.ts",141,"TrueScan","comment","// Check if it's a TrueScan deep link"
"src/utils/planetScoringContext.ts",1,"TruScore","review_default","import type { TruScoreScoringContext } from '../lib/truscoreEngine';"
"src/utils/planetScoringContext.ts",4,"TruScore","comment","/** User-persisted Planet packaging jurisdiction for TruScore (AU/NZ kerbside rules). */"
"src/utils/planetScoringContext.ts",5,"TruScore","review_default","export function getPlanetScoringContext(): TruScoreScoringContext | undefined {"
"src/utils/powershellLogger.ts",17,"TruScore","comment","/** Dedupe identical TruScore analysis logs fired in quick succession (progressive UI + merge). */"
"src/utils/powershellLogger.ts",18,"TruScore","review_default","private lastTruScoreAnalysisKey = '';"
"src/utils/powershellLogger.ts",19,"TruScore","review_default","private lastTruScoreAnalysisAt = 0;"
"src/utils/powershellLogger.ts",110,"TruScore","comment","* Single-line console + buffer (used for high-volume TruScore analysis to avoid triple console per field)."
"src/utils/powershellLogger.ts",155,"TruScore","comment","* Log TruScore calculation"
"src/utils/powershellLogger.ts",158,"TruScore","review_default","this.log('SUCCESS', 'TRUSCORE', `TruScore Calculated: ${result.truscore}/100`, {"
"src/utils/powershellLogger.ts",540,"TruScore","comment","* Log TruScore calculation with comprehensive breakdown"
"src/utils/powershellLogger.ts",567,"TruScore","review_default","this.log('SUCCESS', 'TRUSCORE_COMPLETE', `TruScore: ${totalScore}/100`, {"
"src/utils/powershellLogger.ts",625,"TruScore","comment","* Log full TruScore analysis (fetch trace + per-pillar breakdown) for app testing."
"src/utils/powershellLogger.ts",641,"TruScore","review_default","if (dedupeKey === this.lastTruScoreAnalysisKey && now - this.lastTruScoreAnalysisAt < 4500) {"
"src/utils/powershellLogger.ts",644,"TruScore","review_default","this.lastTruScoreAnalysisKey = dedupeKey;"
"src/utils/powershellLogger.ts",645,"TruScore","review_default","this.lastTruScoreAnalysisAt = now;"
"src/utils/powershellLogger.ts",654,"TruScore","review_default","this.logOneLine('INFO', 'TRUSCORE_ANALYSIS', `TruScore ${analysis.totalScore}/100 (${analysis.barcode})`, {"
"src/utils/powershellLogger.ts",730,"TruScore","review_default","finalTruScore?: number | null,"
"src/utils/powershellLogger.ts",751,"TruScore","review_default","finalTruScore: finalTruScore || null,"
"src/utils/productInfoCardVisibility.ts",10,"TruScore","review_default","import type { Insight, TruScoreResult } from '../lib/truscoreEngine';"
"src/utils/productInfoCardVisibility.ts",18,"TruScore","review_default","truScore: TruScoreResult | null | undefined"
"src/utils/productInfoCardVisibility.ts",31,"TruScore","comment","/** User has any alert category on and TruScore produced at least one insight. */"
"src/utils/productInfoCardVisibility.ts",34,"TruScore","review_default","truScore: TruScoreResult | null | undefined"
"src/utils/resolveNutrientLevels.ts",102,"TruScore","comment","* - **Second hook:** Call this when building or hydrating products that may **not** go through TruScore,"
"src/utils/shareAnalytics.ts",25,"TruScore","review_default","averageTruScore: number;"
"src/utils/shareAnalytics.ts",60,"TruScore","comment","// Update average TruScore"
"src/utils/shareAnalytics.ts",62,"TruScore","review_default","const scoresWithTruScore = analytics.recentShares.filter(e => e.truScore !== undefined);"
"src/utils/shareAnalytics.ts",63,"TruScore","review_default","const sum = scoresWithTruScore.reduce((acc, e) => acc + (e.truScore || 0), 0);"
"src/utils/shareAnalytics.ts",64,"TruScore","review_default","analytics.averageTruScore = sum / scoresWithTruScore.length;"
"src/utils/shareAnalytics.ts",97,"TruScore","review_default","averageTruScore: 0,"
"src/utils/truScoreCache.ts",1,"TruScore","comment","// TruScore caching utility"
"src/utils/truScoreCache.ts",2,"TruScore","comment","// Caches calculated TruScores to avoid recalculation"
"src/utils/truScoreCache.ts",6,"TruScore","review_default","import { TruScoreResult } from '../lib/truscoreEngine';"
"src/utils/truScoreCache.ts",9,"TruScore","review_default","const CACHE_VERSION = '1.4'; // Increment when TruScore algorithm changes"
"src/utils/truScoreCache.ts",12,"TruScore","review_default","interface CachedTruScore {"
"src/utils/truScoreCache.ts",13,"TruScore","review_default","result: TruScoreResult;"
"src/utils/truScoreCache.ts",20,"TruScore","comment","* Get cached TruScore for a barcode"
"src/utils/truScoreCache.ts",22,"TruScore","review_default","export async function getCachedTruScore(barcode: string): Promise<TruScoreResult | null> {"
"src/utils/truScoreCache.ts",31,"TruScore","review_default","const cached: CachedTruScore = JSON.parse(cachedData);"
"src/utils/truScoreCache.ts",35,"TruScore","server_or_app_log","logger.debug(`TruScore cache invalidated for ${barcode} (version mismatch: ${cached.version} vs ${CACHE_VERSION})`);"
"src/utils/truScoreCache.ts",36,"TruScore","review_default","await removeCachedTruScore(barcode);"
"src/utils/truScoreCache.ts",43,"TruScore","server_or_app_log","logger.debug(`TruScore cache expired for ${barcode} (${ageInDays.toFixed(1)} days old)`);"
"src/utils/truScoreCache.ts",44,"TruScore","review_default","await removeCachedTruScore(barcode);"
"src/utils/truScoreCache.ts",50,"TruScore","server_or_app_log","logger.error('Error getting cached TruScore', error);"
"src/utils/truScoreCache.ts",56,"TruScore","comment","* Cache TruScore result"
"src/utils/truScoreCache.ts",58,"TruScore","review_default","export async function cacheTruScore(barcode: string, result: TruScoreResult): Promise<void> {"
"src/utils/truScoreCache.ts",61,"TruScore","review_default","const cached: CachedTruScore = {"
"src/utils/truScoreCache.ts",70,"TruScore","server_or_app_log","logger.error('Error caching TruScore', error);"
"src/utils/truScoreCache.ts",76,"TruScore","comment","* Remove cached TruScore"
"src/utils/truScoreCache.ts",78,"TruScore","review_default","export async function removeCachedTruScore(barcode: string): Promise<void> {"
"src/utils/truScoreCache.ts",83,"TruScore","server_or_app_log","logger.error('Error removing cached TruScore', error);"
"src/utils/truScoreCache.ts",88,"TruScore","comment","* Clear all TruScore cache"
"src/utils/truScoreCache.ts",90,"TruScore","review_default","export async function clearTruScoreCache(): Promise<void> {"
"src/utils/truScoreCache.ts",95,"TruScore","server_or_app_log","logger.info(`Cleared ${cacheKeys.length} TruScore cache entries`);"
"src/utils/truScoreCache.ts",97,"TruScore","server_or_app_log","logger.error('Error clearing TruScore cache', error);"
"src/utils/truScoreCache.ts",104,"TruScore","review_default","export async function getTruScoreCacheStats(): Promise<{"
"src/utils/truScoreCache.ts",126,"TruScore","review_default","const cached: CachedTruScore = JSON.parse(value);"
"src/utils/truScoreCache.ts",140,"TruScore","server_or_app_log","logger.error('Error getting TruScore cache stats', error);"
"src/utils/trustScore.ts",1,"TruScore","comment","// TruScore calculation"
"src/utils/trustScore.ts",4,"TruScore","review_default","import { calculateTruScore, buildTruScoreAnalysis } from '../lib/truscoreEngine';"
"src/utils/trustScore.ts",8,"TruScore","review_default","import { getCachedTruScore, cacheTruScore } from './truScoreCache';"
"src/utils/trustScore.ts",14,"TruScore","comment","* Check if we have sufficient real data to calculate a meaningful TruScore"
"src/utils/trustScore.ts",49,"TruScore","comment","* Calculate overall TruScore (0-100) based on multiple factors"
"src/utils/trustScore.ts",52,"TruScore","comment","* Note: This is a wrapper function that calls calculateTruScore from truscoreEngine.ts"
"src/utils/trustScore.ts",62,"TruScore","comment","// Check if we have sufficient data for a meaningful TruScore"
"src/utils/trustScore.ts",66,"TruScore","comment","// Return product without TruScore (marked as insufficient data)"
"src/utils/trustScore.ts",75,"TruScore","review_default","const cachedTruScore = await getCachedTruScore(product.barcode);"
"src/utils/trustScore.ts",78,"TruScore","review_default","if (cachedTruScore) {"
"src/utils/trustScore.ts",79,"TruScore","review_default","truScoreResult = cachedTruScore;"
"src/utils/trustScore.ts",80,"TruScore","server_or_app_log","logger.debug('[TruScore] Cache hit (skipping full pillar logs)', {"
"src/utils/trustScore.ts",85,"TruScore","review_default","powershellLogger.log('INFO', 'TRUSCORE_CACHE', `TruScore from cache: ${truScoreResult.truscore}`, {"
"src/utils/trustScore.ts",91,"TruScore","comment","// TruScore v1.4: 4 equal pillars (25 points each = 100 total)"
"src/utils/trustScore.ts",94,"TruScore","server_or_app_log","logger.debug('[TruScore] Calculating fresh TruScore (not cached):', {"
"src/utils/trustScore.ts",101,"TruScore","review_default","truScoreResult = calculateTruScore(product, undefined, getPlanetScoringContext());"
"src/utils/trustScore.ts",104,"TruScore","review_default","await cacheTruScore(product.barcode, truScoreResult);"
"src/utils/trustScore.ts",134,"TruScore","comment","// TruScore: Sum of 4 equal pillars (0-100 total)"
"src/utils/trustScore.ts",154,"TruScore","review_default","? buildTruScoreAnalysis(product, truScoreResult)"
"src/utils/trustScore.ts",177,"TruScore","comment","* Note: This is separate from TruScore calculation (which uses truscoreEngine.ts)"
"src/utils/trustScore.ts",208,"TruScore","comment","* Generate human-readable reasons for TruScore"
"src/utils/trustScore.ts",209,"TruScore","comment","* Updated for TruScore v1.4 4-pillar system"
"src/__tests__/e2e/truscoreEndToEnd.test.ts",2,"TruScore","test_or_spec","* End-to-End TruScore Testing Suite"
"src/__tests__/e2e/truscoreEndToEnd.test.ts",3,"TruScore","test_or_spec","* Tests the complete 4-pillar TruScore calculation with various product scenarios"
"src/__tests__/e2e/truscoreEndToEnd.test.ts",12,"TruScore","test_or_spec","import { calculateTruScore, TruScoreResult } from '../../lib/truscoreEngine';"
"src/__tests__/e2e/truscoreEndToEnd.test.ts",15,"TruScore","test_or_spec","describe('TruScore End-to-End Tests', () => {"
"src/__tests__/e2e/truscoreEndToEnd.test.ts",38,"TruScore","test_or_spec","test('should calculate high TruScore across all pillars', () => {"
"src/__tests__/e2e/truscoreEndToEnd.test.ts",39,"TruScore","test_or_spec","const result = calculateTruScore(product);"
"src/__tests__/e2e/truscoreEndToEnd.test.ts",77,"TruScore","test_or_spec","const result = calculateTruScore(product);"
"src/__tests__/e2e/truscoreEndToEnd.test.ts",101,"TruScore","test_or_spec","const result = calculateTruScore(product);"
"src/__tests__/e2e/truscoreEndToEnd.test.ts",133,"TruScore","test_or_spec","const result = calculateTruScore(product);"
"src/__tests__/e2e/truscoreEndToEnd.test.ts",157,"TruScore","test_or_spec","const result = calculateTruScore(product);"
"src/__tests__/e2e/truscoreEndToEnd.test.ts",184,"TruScore","test_or_spec","const result = calculateTruScore(product);"
"src/__tests__/e2e/truscoreEndToEnd.test.ts",211,"TruScore","test_or_spec","const result = calculateTruScore(product);"
"src/__tests__/e2e/truscoreEndToEnd.test.ts",239,"TruScore","test_or_spec","const result = calculateTruScore(product);"
"src/__tests__/e2e/truscoreEndToEnd.test.ts",264,"TruScore","test_or_spec","const result = calculateTruScore(product);"
"src/__tests__/e2e/truscoreEndToEnd.test.ts",292,"TruScore","test_or_spec","const result = calculateTruScore(product);"
"src/__tests__/e2e/truscoreEndToEnd.test.ts",322,"TruScore","test_or_spec","const result = calculateTruScore(product);"
"src/__tests__/e2e/truscoreEndToEnd.test.ts",350,"TruScore","test_or_spec","const result = calculateTruScore(product);"
"src/__tests__/e2e/truscoreEndToEnd.test.ts",387,"TruScore","test_or_spec","const result = calculateTruScore(product);"
"src/__tests__/e2e/truscoreEndToEnd.test.ts",419,"TruScore","test_or_spec","const result = calculateTruScore(product);"
"src/__tests__/e2e/truscoreEndToEnd.test.ts",454,"TruScore","test_or_spec","const result = calculateTruScore(product);"
"src/__tests__/integration/userContributionE2E.test.ts",259,"TruScore","test_or_spec","// Allergens are submitted to OFF for TruScore; Vercel manual-products does not return them here."
"src/__tests__/unit/lib/truscoreEngine.test.ts",2,"TruScore","test_or_spec","* Unit tests for TruScore calculation engine"
"src/__tests__/unit/lib/truscoreEngine.test.ts",4,"TruScore","test_or_spec","* Tests the core TruScore calculation logic with various product scenarios."
"src/__tests__/unit/lib/truscoreEngine.test.ts",7,"TruScore","test_or_spec","import { calculateTruScore } from '../../../lib/truscoreEngine';"
"src/__tests__/unit/lib/truscoreEngine.test.ts",10,"TruScore","test_or_spec","describe('TruScore Engine', () => {"
"src/__tests__/unit/lib/truscoreEngine.test.ts",11,"TruScore","test_or_spec","describe('calculateTruScore', () => {"
"src/__tests__/unit/lib/truscoreEngine.test.ts",13,"TruScore","test_or_spec","const result = calculateTruScore(null);"
"src/__tests__/unit/lib/truscoreEngine.test.ts",29,"TruScore","test_or_spec","const result = calculateTruScore(product);"
"src/__tests__/unit/lib/truscoreEngine.test.ts",43,"TruScore","test_or_spec","const result = calculateTruScore(product);"
"src/__tests__/unit/lib/truscoreEngine.test.ts",62,"TruScore","test_or_spec","const result = calculateTruScore(product);"
"src/__tests__/unit/lib/truscoreEngine.test.ts",74,"TruScore","test_or_spec","const result = calculateTruScore(product);"
"src/__tests__/unit/lib/truscoreEngine.test.ts",85,"TruScore","test_or_spec","const result = calculateTruScore(product);"
"src/__tests__/unit/lib/truscoreEngine.test.ts",96,"TruScore","test_or_spec","const result = calculateTruScore(product);"
"src/__tests__/unit/lib/truscoreEngine.test.ts",107,"TruScore","test_or_spec","const result = calculateTruScore(product);"
"src/__tests__/unit/lib/truscoreEngine.test.ts",118,"TruScore","test_or_spec","const result = calculateTruScore(product);"
"src/__tests__/unit/lib/truscoreEngine.test.ts",134,"TruScore","test_or_spec","const result = calculateTruScore(product);"
"backend/vercel/api/product-preview.ts",1,"TruScore","comment","// Product preview API for redirect page — TruScore from shared pillar engine (same as app)."
"backend/vercel/lib/offToTruescanProduct.ts",2,"TrueScan","comment","* Map Open Food Facts API `product` object → TrueScan `Product` for shared pillar calculators."
"backend/vercel/lib/shareLandingMeta.ts",9,"TruScore","backend_vercel","'negativeTruScore',"
"backend/vercel/lib/shareLandingMeta.ts",160,"TruScore","backend_vercel","case 'negativeTruScore':"
"backend/vercel/truescan-src/components/AdvancedSearchFilters.tsx",101,"TruScore","backend_vercel","{/* TruScore */}"
"backend/vercel/truescan-src/components/AlertsDisclaimerModal.tsx",45,"TruScore","backend_vercel","and do not change your TruScore. Banner alerts from the app (e.g. recalls) follow separate spec rules."
"backend/vercel/truescan-src/components/AlertsDisclaimerModal.tsx",58,"TruScore","backend_vercel","• TruScore stays objective and is not driven by these alert preferences"
"backend/vercel/truescan-src/components/AlertsDisclaimerModal.tsx",67,"TruScore","backend_vercel","By continuing, you confirm you understand these alerts are optional extras, separate from the core TruScore"
"backend/vercel/truescan-src/components/BannerAlertsCard.tsx",4,"TruScore","comment","* Displays alerts above the TruScore card."
"backend/vercel/truescan-src/components/CertificationMultiPicker.tsx",154,"TruScore","backend_vercel","{t('manualProduct.certificationsPickerHint') || 'Tap rows to select or deselect. Same tags as TruScore ethics certifications.'}"
"backend/vercel/truescan-src/components/GoogleSearchPricingModal.tsx",3,"TruScore","comment","// Displays search results in WebView with ""Return to TruScore"" button"
"backend/vercel/truescan-src/components/GoogleSearchPricingModal.tsx",236,"TruScore","backend_vercel","<Text style={styles.returnButtonText}>Return to TruScore</Text>"
"backend/vercel/truescan-src/components/ManualProductEntryModal.tsx",86,"TruScore","comment","// Certifications: OFF tags aligned with TruScore ethics picker"
"backend/vercel/truescan-src/components/NutritionTable.tsx",56,"TruScore","comment","/** UI second hook: same OFF-aligned merge as TruScore, so levels show even if upstream omitted them. */"
"backend/vercel/truescan-src/components/ShareModal.tsx",30,"TruScore","backend_vercel","import { TruScoreResult } from '../lib/truscoreEngine';"
"backend/vercel/truescan-src/components/ShareModal.tsx",40,"TruScore","backend_vercel","truScore?: TruScoreResult | null;"
"backend/vercel/truescan-src/components/ShareModal.tsx",41,"TruScore","backend_vercel","shareType?: 'truScore' | 'recall' | 'countryOfManufacture' | 'negativeTruScore' | 'productInfo' | 'insights' | 'palmOil' | 'nutrition' | 'ingredients' | 'processing' | 'allergens' | 'ecoscore';"
"backend/vercel/truescan-src/components/ShareProductStoryCard.tsx",51,"TrueScan","backend_vercel","<Text style={styles.headerText}>TrueScan</Text>"
"backend/vercel/truescan-src/components/ShareProductStoryCard.tsx",64,"TruScore","backend_vercel","<Text style={[styles.scoreLabel, { color: textSecondary }]}>TruScore</Text>"
"backend/vercel/truescan-src/components/TruScore.tsx",1,"TruScore","comment","// src/components/TruScore.tsx – TruScore v1.4 Display Component"
"backend/vercel/truescan-src/components/TruScore.tsx",5,"TruScore","backend_vercel","import { TruScoreResult } from '../lib/truscoreEngine';"
"backend/vercel/truescan-src/components/TruScore.tsx",8,"TruScore","backend_vercel","interface TruScoreProps {"
"backend/vercel/truescan-src/components/TruScore.tsx",9,"TruScore","backend_vercel","truScore: TruScoreResult;"
"backend/vercel/truescan-src/components/TruScore.tsx",13,"TruScore","backend_vercel","const TruScore = React.memo(function TruScore({ truScore, size = 'medium' }: TruScoreProps) {"
"backend/vercel/truescan-src/components/TruScore.tsx",59,"TruScore","backend_vercel","<Text style={[styles.subLabel, { color: colors.textSecondary }]}>TruScore</Text>"
"backend/vercel/truescan-src/components/TruScore.tsx",175,"TruScore","backend_vercel","export default TruScore;"
"backend/vercel/truescan-src/components/TruScoreAnalysisModal.tsx",2,"TruScore","comment","* TruScore Analysis Modal"
"backend/vercel/truescan-src/components/TruScoreAnalysisModal.tsx",5,"TruScore","comment","* 100% matches the TruScore shown on the app."
"backend/vercel/truescan-src/components/TruScoreAnalysisModal.tsx",12,"TruScore","backend_vercel","import type { TruScoreAnalysis } from '../types/truscoreAnalysis';"
"backend/vercel/truescan-src/components/TruScoreAnalysisModal.tsx",15,"TruScore","backend_vercel","interface TruScoreAnalysisModalProps {"
"backend/vercel/truescan-src/components/TruScoreAnalysisModal.tsx",18,"TruScore","backend_vercel","analysis: TruScoreAnalysis | null | undefined;"
"backend/vercel/truescan-src/components/TruScoreAnalysisModal.tsx",21,"TruScore","backend_vercel","export default function TruScoreAnalysisModal({ visible, onClose, analysis }: TruScoreAnalysisModalProps) {"
"backend/vercel/truescan-src/components/TruScoreAnalysisModal.tsx",40,"TruScore","backend_vercel","title=""TruScore breakdown"""
"backend/vercel/truescan-src/components/TruScoreAnalysisModal.tsx",46,"TruScore","backend_vercel","<Text style={[styles.totalLabel, { color: colors.text }]}>Total TruScore</Text>"
"backend/vercel/truescan-src/components/TrustScoreInfoModal.tsx",10,"TruScore","backend_vercel","interface TruScoreInfoModalProps {"
"backend/vercel/truescan-src/components/TrustScoreInfoModal.tsx",30,"TruScore","backend_vercel","export default function TruScoreInfoModal({ visible, onClose, product }: TruScoreInfoModalProps) {"
"backend/vercel/truescan-src/components/TrustScoreInfoModal.tsx",48,"TruScore","backend_vercel","{t('infoModal.trustScore.description') || 'TruScore is a comprehensive rating (0-100) based entirely on recognized public systems. Four equal pillars (25 points each): Body, Planet, Ethics, and Open.'}"
"backend/vercel/truescan-src/components/TrustScoreInfoModal.tsx",69,"TruScore","backend_vercel","{t('infoModal.trustScore.formula') || 'TruScore = Body (25) + Planet (25) + Ethics (25) + Open (25) = 0-100'}"
"backend/vercel/truescan-src/components/TrustScoreInfoModal.tsx",115,"TruScore","backend_vercel","{/* Calculation Steps - TruScore Methodology */}"
"backend/vercel/truescan-src/components/TrustScoreInfoModal.tsx",118,"TruScore","backend_vercel","{t('infoModal.trustScore.calculationSteps') || 'How TruScore is Calculated'}"
"backend/vercel/truescan-src/components/TrustScoreInfoModal.tsx",157,"TruScore","backend_vercel","{t('infoModal.trustScore.step5') || 'Sum all four pillars: TruScore = Body + Planet + Ethics + Open (0-100 total)'}"
"backend/vercel/truescan-src/components/TrustScoreInfoModal.tsx",258,"TruScore","backend_vercel","{t('infoModal.trustScore.confidenceScoreNote') || 'You\'ll see the confidence score as a badge next to the TruScore on the product page. This helps you know how much you can trust the information shown. Higher confidence means the data is m"
"backend/vercel/truescan-src/components/TrustScoreInfoModal.tsx",269,"TruScore","backend_vercel","{/* Planet - TruScore Pillar #2 */}"
"backend/vercel/truescan-src/components/TrustScoreInfoModal.tsx",309,"TruScore","backend_vercel","{/* Ethics - TruScore Pillar #3 */}"
"backend/vercel/truescan-src/components/TrustScoreInfoModal.tsx",355,"TruScore","backend_vercel","{/* Body - TruScore Pillar #1 */}"
"backend/vercel/truescan-src/components/TrustScoreInfoModal.tsx",521,"TruScore","backend_vercel","{t('infoModal.trustScore.scoring') || 'TruScore Ranges'}"
"backend/vercel/truescan-src/components/TrustScoreInfoModal.tsx",524,"TruScore","backend_vercel","{t('infoModal.trustScore.scoringDescription') || 'TruScore ranges from 0-100, with each of the 4 pillars contributing 0-25 points. Higher scores indicate better overall product quality across all dimensions.'}"
"backend/vercel/truescan-src/components/TrustScoreInfoModal.tsx",832,"TruScore","backend_vercel","{t('infoModal.trustScore.note') || 'TruScore v1.4 is calculated based on available product data from Open Food Facts, Open Beauty Facts, and UPCitemdb. The score uses recognized public systems (Nutri-Score, Eco-Score, NOVA, OFF labels) comb"
"backend/vercel/truescan-src/config/scoreHighlightDefinitions.ts",474,"TruScore","comment","// independent of whether a TruScore analysis object has been attached yet."
"backend/vercel/truescan-src/config/scoreHighlightDefinitions.ts",501,"TruScore","comment","// independent of whether a TruScore analysis object has been attached yet."
"backend/vercel/truescan-src/config/scoreHighlightDefinitions.ts",528,"TruScore","comment","// independent of whether a TruScore analysis object has been attached yet."
"backend/vercel/truescan-src/config/scoreHighlightDefinitions.ts",547,"TruScore","comment","// independent of whether a TruScore analysis object has been attached yet."
"backend/vercel/truescan-src/data/databases/truScoreOptimizedDatabase.ts",1,"TruScore","comment","// TruScore-Optimized Database Service"
"backend/vercel/truescan-src/data/databases/truScoreOptimizedDatabase.ts",2,"TruScore","comment","// Ensures maximum data quality and completeness for TruScore calculation"
"backend/vercel/truescan-src/data/databases/truScoreOptimizedDatabase.ts",33,"TruScore","comment","// FSANZ is queried by product name via queryFSANZByProductName() in queryByNameForTruScore()"
"backend/vercel/truescan-src/data/databases/truScoreOptimizedDatabase.ts",88,"TruScore","backend_vercel","export class TruScoreOptimizedDatabase {"
"backend/vercel/truescan-src/data/databases/truScoreOptimizedDatabase.ts",90,"TruScore","comment","* Query ALL databases in parallel, optimized for TruScore"
"backend/vercel/truescan-src/data/databases/truScoreOptimizedDatabase.ts",255,"TruScore","backend_vercel","sourceWeights: this.getTruScoreSourceWeights(),"
"backend/vercel/truescan-src/data/databases/truScoreOptimizedDatabase.ts",671,"TruScore","comment","// FSANZ is also queried later in queryByNameForTruScore() for additional coverage"
"backend/vercel/truescan-src/data/databases/truScoreOptimizedDatabase.ts",962,"TruScore","comment","// (This will be used later in queryByNameForTruScore)"
"backend/vercel/truescan-src/data/databases/truScoreOptimizedDatabase.ts",1066,"TruScore","backend_vercel","async queryByNameForTruScore("
"backend/vercel/truescan-src/data/databases/truScoreOptimizedDatabase.ts",1166,"TruScore","comment","* Get source weights optimized for TruScore"
"backend/vercel/truescan-src/data/databases/truScoreOptimizedDatabase.ts",1168,"TruScore","backend_vercel","getTruScoreSourceWeights(): Record<string, number> {"
"backend/vercel/truescan-src/data/databases/__tests__/truScoreOptimizedDatabase.test.ts",1,"TruScore","test_or_spec","// Test suite for TruScoreOptimizedDatabase"
"backend/vercel/truescan-src/data/databases/__tests__/truScoreOptimizedDatabase.test.ts",2,"TruScore","test_or_spec","// Verifies parallel querying, location-specific databases, and TruScore completeness"
"backend/vercel/truescan-src/data/databases/__tests__/truScoreOptimizedDatabase.test.ts",4,"TruScore","test_or_spec","import { TruScoreOptimizedDatabase } from '../truScoreOptimizedDatabase';"
"backend/vercel/truescan-src/data/databases/__tests__/truScoreOptimizedDatabase.test.ts",7,"TruScore","test_or_spec","describe('TruScoreOptimizedDatabase', () => {"
"backend/vercel/truescan-src/data/databases/__tests__/truScoreOptimizedDatabase.test.ts",8,"TruScore","test_or_spec","let database: TruScoreOptimizedDatabase;"
"backend/vercel/truescan-src/data/databases/__tests__/truScoreOptimizedDatabase.test.ts",11,"TruScore","test_or_spec","database = new TruScoreOptimizedDatabase();"
"backend/vercel/truescan-src/data/databases/__tests__/truScoreOptimizedDatabase.test.ts",98,"TruScore","test_or_spec","const products = await database.queryByNameForTruScore(mockProduct, userCountry);"
"backend/vercel/truescan-src/data/databases/__tests__/truScoreOptimizedDatabase.test.ts",107,"TruScore","test_or_spec","describe('TruScore Completeness', () => {"
"backend/vercel/truescan-src/data/databases/__tests__/truScoreOptimizedDatabase.test.ts",117,"TruScore","test_or_spec","// Check for key TruScore fields"
"backend/vercel/truescan-src/data/databases/__tests__/truScoreOptimizedDatabase.test.ts",137,"TruScore","test_or_spec","const weights = database.getTruScoreSourceWeights();"
"backend/vercel/truescan-src/features/alerts/AlertsHome.tsx",221,"TruScore","backend_vercel","Preference-based insights only; they do not change TruScore (banner alerts follow separate rules)"
"backend/vercel/truescan-src/features/alerts/ShareAlertsCard.tsx",105,"TruScore","comment","// Build share message - v1.3 spec: objective ""TruScore 78 + insights"" format"
"backend/vercel/truescan-src/features/alerts/ShareAlertsCard.tsx",114,"TruScore","backend_vercel","message = `TruScore ${score} + insights flagged ${flags}\n\n`;"
"backend/vercel/truescan-src/features/alerts/ShareAlertsCard.tsx",116,"TruScore","backend_vercel","message = `TruScore ${score} – independent breakdown\n\n`;"
"backend/vercel/truescan-src/features/alerts/ShareAlertsCard.tsx",132,"TrueScan","backend_vercel","message += '\n#TruScore #EthicalShopping #TrueScanAlerts';"
"backend/vercel/truescan-src/features/alerts/ShareAlertsCard.tsx",132,"TruScore","backend_vercel","message += '\n#TruScore #EthicalShopping #TrueScanAlerts';"
"backend/vercel/truescan-src/features/alerts/ShareAlertsCard.tsx",136,"TruScore","backend_vercel","title: 'TruScore Choices',"
"backend/vercel/truescan-src/features/product/cards/PalmOilCard/PalmOilCard.tsx",2,"TruScore","comment","// Hidden on product page: palm oil still drives Planet/TruScore, user alert insights, and sharing payloads."
"backend/vercel/truescan-src/features/product/cards/ProductCards.tsx",6,"TruScore","backend_vercel","import { TruScoreResult } from '../../../lib/truscoreEngine';"
"backend/vercel/truescan-src/features/product/cards/ProductCards.tsx",9,"TruScore","backend_vercel","import { TruScoreCard } from './TruScoreCard';"
"backend/vercel/truescan-src/features/product/cards/ProductCards.tsx",26,"TruScore","backend_vercel","truScore?: TruScoreResult;"
"backend/vercel/truescan-src/features/product/cards/ProductCards.tsx",47,"TruScore","backend_vercel","{/* TruScore Card - Always show if product exists */}"
"backend/vercel/truescan-src/features/product/cards/ProductCards.tsx",49,"TruScore","backend_vercel","<TruScoreCard"
"backend/vercel/truescan-src/features/product/cards/TruScoreCard/hooks/useTruScoreData.ts",1,"TruScore","comment","// Hook for TruScore card data"
"backend/vercel/truescan-src/features/product/cards/TruScoreCard/hooks/useTruScoreData.ts",6,"TruScore","backend_vercel","import { calculateTruScore, TruScoreResult } from '../../../../../lib/truscoreEngine';"
"backend/vercel/truescan-src/features/product/cards/TruScoreCard/hooks/useTruScoreData.ts",13,"TruScore","backend_vercel","interface UseTruScoreDataOptions {"
"backend/vercel/truescan-src/features/product/cards/TruScoreCard/hooks/useTruScoreData.ts",19,"TruScore","backend_vercel","export function useTruScoreData({ barcode, product, autoFetch = true }: UseTruScoreDataOptions) {"
"backend/vercel/truescan-src/features/product/cards/TruScoreCard/hooks/useTruScoreData.ts",20,"TruScore","backend_vercel","const [truScore, setTruScore] = useState<TruScoreResult | null>(null);"
"backend/vercel/truescan-src/features/product/cards/TruScoreCard/hooks/useTruScoreData.ts",30,"TruScore","backend_vercel","const calculated = calculateTruScore(product, alertsPreferences, getPlanetScoringContext());"
"backend/vercel/truescan-src/features/product/cards/TruScoreCard/hooks/useTruScoreData.ts",31,"TruScore","backend_vercel","setTruScore(calculated);"
"backend/vercel/truescan-src/features/product/cards/TruScoreCard/hooks/useTruScoreData.ts",35,"TruScore","server_or_app_log","logger.error('Error calculating TruScore from product:', err);"
"backend/vercel/truescan-src/features/product/cards/TruScoreCard/hooks/useTruScoreData.ts",36,"TruScore","backend_vercel","setError(err instanceof Error ? err : new Error('Failed to calculate TruScore'));"
"backend/vercel/truescan-src/features/product/cards/TruScoreCard/hooks/useTruScoreData.ts",48,"TruScore","backend_vercel","const calculated = calculateTruScore(fetchedProduct, alertsPreferences, getPlanetScoringContext());"
"backend/vercel/truescan-src/features/product/cards/TruScoreCard/hooks/useTruScoreData.ts",49,"TruScore","backend_vercel","setTruScore(calculated);"
"backend/vercel/truescan-src/features/product/cards/TruScoreCard/hooks/useTruScoreData.ts",56,"TruScore","server_or_app_log","logger.error('Error fetching product for TruScore:', err);"
"backend/vercel/truescan-src/features/product/cards/TruScoreCard/index.ts",1,"TruScore","comment","// TruScore Card exports"
"backend/vercel/truescan-src/features/product/cards/TruScoreCard/index.ts",2,"TruScore","backend_vercel","export { default as TruScoreCard } from './TruScoreCard';"
"backend/vercel/truescan-src/features/product/cards/TruScoreCard/index.ts",3,"TruScore","backend_vercel","export { TruScoreCardSkeleton } from './TruScoreCardSkeleton';"
"backend/vercel/truescan-src/features/product/cards/TruScoreCard/index.ts",4,"TruScore","backend_vercel","export { TruScoreCardError } from './TruScoreCardError';"
"backend/vercel/truescan-src/features/product/cards/TruScoreCard/index.ts",5,"TruScore","backend_vercel","export { useTruScoreData } from './hooks/useTruScoreData';"
"backend/vercel/truescan-src/features/product/cards/TruScoreCard/TruScoreCard.tsx",1,"TruScore","comment","// Modular TruScore Card Component"
"backend/vercel/truescan-src/features/product/cards/TruScoreCard/TruScoreCard.tsx",10,"TruScore","backend_vercel","import { useTruScoreData } from './hooks/useTruScoreData';"
"backend/vercel/truescan-src/features/product/cards/TruScoreCard/TruScoreCard.tsx",11,"TruScore","backend_vercel","import { TruScoreCardSkeleton } from './TruScoreCardSkeleton';"
"backend/vercel/truescan-src/features/product/cards/TruScoreCard/TruScoreCard.tsx",12,"TruScore","backend_vercel","import { TruScoreCardError } from './TruScoreCardError';"
"backend/vercel/truescan-src/features/product/cards/TruScoreCard/TruScoreCard.tsx",13,"TruScore","backend_vercel","import TruScore from '../../../../components/TruScore';"
"backend/vercel/truescan-src/features/product/cards/TruScoreCard/TruScoreCard.tsx",15,"TruScore","backend_vercel","import TruScoreInfoModal from '../../../../components/TrustScoreInfoModal';"
"backend/vercel/truescan-src/features/product/cards/TruScoreCard/TruScoreCard.tsx",24,"TruScore","backend_vercel","interface TruScoreCardProps {"
"backend/vercel/truescan-src/features/product/cards/TruScoreCard/TruScoreCard.tsx",31,"TruScore","comment","// Helper function to get TruScore color"
"backend/vercel/truescan-src/features/product/cards/TruScoreCard/TruScoreCard.tsx",32,"TruScore","backend_vercel","const getTruScoreColor = (score: number | null) => {"
"backend/vercel/truescan-src/features/product/cards/TruScoreCard/TruScoreCard.tsx",40,"TruScore","backend_vercel","function TruScoreCardContent({ barcode, product, onShare, premiumFeatures }: TruScoreCardProps) {"
"backend/vercel/truescan-src/features/product/cards/TruScoreCard/TruScoreCard.tsx",43,"TruScore","backend_vercel","const { truScore, loading, error } = useTruScoreData({ barcode, product });"
"backend/vercel/truescan-src/features/product/cards/TruScoreCard/TruScoreCard.tsx",58,"TruScore","backend_vercel","return <TruScoreCardSkeleton />;"
"backend/vercel/truescan-src/features/product/cards/TruScoreCard/TruScoreCard.tsx",63,"TruScore","backend_vercel","<TruScoreCardError"
"backend/vercel/truescan-src/features/product/cards/TruScoreCard/TruScoreCard.tsx",151,"TruScore","backend_vercel","borderColor: getTruScoreColor(truScore.truscore),"
"backend/vercel/truescan-src/features/product/cards/TruScoreCard/TruScoreCard.tsx",160,"TruScore","backend_vercel","<Text style={[styles.cardTitle, { color: colors.text, marginLeft: 8 }]}>TruScore</Text>"
"backend/vercel/truescan-src/features/product/cards/TruScoreCard/TruScoreCard.tsx",193,"TruScore","backend_vercel","{/* TruScore Display */}"
"backend/vercel/truescan-src/features/product/cards/TruScoreCard/TruScoreCard.tsx",194,"TruScore","backend_vercel","<TruScore truScore={truScore} size=""medium"" />"
"backend/vercel/truescan-src/features/product/cards/TruScoreCard/TruScoreCard.tsx",272,"TruScore","backend_vercel","{/* TruScore Info Modal */}"
"backend/vercel/truescan-src/features/product/cards/TruScoreCard/TruScoreCard.tsx",273,"TruScore","backend_vercel","<TruScoreInfoModal"
"backend/vercel/truescan-src/features/product/cards/TruScoreCard/TruScoreCard.tsx",294,"TruScore","backend_vercel","export default function TruScoreCard(props: TruScoreCardProps) {"
"backend/vercel/truescan-src/features/product/cards/TruScoreCard/TruScoreCard.tsx",297,"TruScore","backend_vercel","feature=""TruScoreCard"""
"backend/vercel/truescan-src/features/product/cards/TruScoreCard/TruScoreCard.tsx",302,"TruScore","backend_vercel","<Suspense fallback={<TruScoreCardSkeleton />}>"
"backend/vercel/truescan-src/features/product/cards/TruScoreCard/TruScoreCard.tsx",303,"TruScore","backend_vercel","<TruScoreCardContent {...props} />"
"backend/vercel/truescan-src/features/product/cards/TruScoreCard/TruScoreCardError.tsx",1,"TruScore","comment","// Error display for TruScore card"
"backend/vercel/truescan-src/features/product/cards/TruScoreCard/TruScoreCardError.tsx",10,"TruScore","backend_vercel","interface TruScoreCardErrorProps {"
"backend/vercel/truescan-src/features/product/cards/TruScoreCard/TruScoreCardError.tsx",15,"TruScore","backend_vercel","export function TruScoreCardError({ error, onRetry }: TruScoreCardErrorProps) {"
"backend/vercel/truescan-src/features/product/cards/TruScoreCard/TruScoreCardError.tsx",24,"TruScore","backend_vercel","{t('result.errorLoadingTruScore', 'Error Loading TruScore')}"
"backend/vercel/truescan-src/features/product/cards/TruScoreCard/TruScoreCardSkeleton.tsx",1,"TruScore","comment","// Skeleton loader for TruScore card"
"backend/vercel/truescan-src/features/product/cards/TruScoreCard/TruScoreCardSkeleton.tsx",8,"TruScore","backend_vercel","export function TruScoreCardSkeleton() {"
"backend/vercel/truescan-src/features/product/components/TruScoreCard.tsx",2,"TruScore","comment","* TruScore Card Component"
"backend/vercel/truescan-src/features/product/components/TruScoreCard.tsx",4,"TruScore","comment","* Displays TruScore with breakdown and info modal."
"backend/vercel/truescan-src/features/product/components/TruScoreCard.tsx",7,"TruScore","comment","* @module TruScoreCard"
"backend/vercel/truescan-src/features/product/components/TruScoreCard.tsx",14,"TruScore","backend_vercel","import { TruScoreResult } from '../../../lib/truscoreEngine';"
"backend/vercel/truescan-src/features/product/components/TruScoreCard.tsx",17,"TruScore","backend_vercel","import TruScore from '../../../components/TruScore';"
"backend/vercel/truescan-src/features/product/components/TruScoreCard.tsx",18,"TruScore","backend_vercel","import TruScoreInfoModal from '../../../components/TrustScoreInfoModal';"
"backend/vercel/truescan-src/features/product/components/TruScoreCard.tsx",20,"TruScore","backend_vercel","interface TruScoreCardProps {"
"backend/vercel/truescan-src/features/product/components/TruScoreCard.tsx",21,"TruScore","backend_vercel","truScore: TruScoreResult | null;"
"backend/vercel/truescan-src/features/product/components/TruScoreCard.tsx",26,"TruScore","backend_vercel","const TruScoreCard = React.memo(function TruScoreCard({ truScore, product, onShare }: TruScoreCardProps) {"
"backend/vercel/truescan-src/features/product/components/TruScoreCard.tsx",76,"TruScore","backend_vercel","<TruScore truScore={truScore} size=""large"" />"
"backend/vercel/truescan-src/features/product/components/TruScoreCard.tsx",79,"TruScore","backend_vercel","<TruScoreInfoModal"
"backend/vercel/truescan-src/features/product/components/TruScoreCard.tsx",128,"TruScore","backend_vercel","export default TruScoreCard;"
"backend/vercel/truescan-src/features/product/hooks/useProductData.ts",7,"TruScore","backend_vercel","import { calculateTruScore, TruScoreResult } from '../../../lib/truscoreEngine';"
"backend/vercel/truescan-src/features/product/hooks/useProductData.ts",28,"TruScore","backend_vercel","const [truScore, setTruScore] = useState<TruScoreResult | null>(null);"
"backend/vercel/truescan-src/features/product/hooks/useProductData.ts",42,"TruScore","backend_vercel","const calculated = calculateTruScore(manualProduct, alertsPreferences, getPlanetScoringContext());"
"backend/vercel/truescan-src/features/product/hooks/useProductData.ts",43,"TruScore","backend_vercel","setTruScore(calculated);"
"backend/vercel/truescan-src/features/product/hooks/useProductData.ts",52,"TruScore","backend_vercel","const calculated = calculateTruScore(productData, alertsPreferences, getPlanetScoringContext());"
"backend/vercel/truescan-src/features/product/hooks/useProductData.ts",53,"TruScore","backend_vercel","setTruScore(calculated);"
"backend/vercel/truescan-src/features/product/hooks/useProductData.ts",71,"TruScore","backend_vercel","const calculated = calculateTruScore(productData, alertsPreferences, getPlanetScoringContext());"
"backend/vercel/truescan-src/features/product/hooks/useProductData.ts",72,"TruScore","backend_vercel","setTruScore(calculated);"
"backend/vercel/truescan-src/features/product/hooks/useProductData.ts",86,"TruScore","comment","// Recalculate TruScore when user alert preferences change"
"backend/vercel/truescan-src/features/product/hooks/useProductData.ts",89,"TruScore","backend_vercel","const calculated = calculateTruScore(product, alertsPreferences, getPlanetScoringContext());"
"backend/vercel/truescan-src/features/product/hooks/useProductData.ts",90,"TruScore","backend_vercel","setTruScore(calculated);"
"backend/vercel/truescan-src/features/sharing/platforms/sms.ts",23,"TruScore","backend_vercel","smsMessage += `\n\n📱 Open in TruScore:\n${content.url}`;"
"backend/vercel/truescan-src/features/sharing/services/ShareContentBuilder.ts",31,"TruScore","backend_vercel","return this.buildTruScoreContent(product, truScore, universalLink, productName, platform);"
"backend/vercel/truescan-src/features/sharing/services/ShareContentBuilder.ts",39,"TruScore","backend_vercel","case 'negativeTruScore':"
"backend/vercel/truescan-src/features/sharing/services/ShareContentBuilder.ts",40,"TruScore","backend_vercel","return this.buildNegativeTruScoreContent(product, truScore, universalLink, productName, platform);"
"backend/vercel/truescan-src/features/sharing/services/ShareContentBuilder.ts",69,"TruScore","backend_vercel","private static buildTruScoreContent("
"backend/vercel/truescan-src/features/sharing/services/ShareContentBuilder.ts",95,"TruScore","backend_vercel","curiosityGap = `Here's what TruScore revealed - you'll want to see this!`;"
"backend/vercel/truescan-src/features/sharing/services/ShareContentBuilder.ts",98,"TruScore","backend_vercel","curiosityGap = `The TruScore breakdown will surprise you...`;"
"backend/vercel/truescan-src/features/sharing/services/ShareContentBuilder.ts",104,"TruScore","backend_vercel","const title = `${emoji} ${productName} - TruScore ${score}/100`;"
"backend/vercel/truescan-src/features/sharing/services/ShareContentBuilder.ts",106,"TruScore","backend_vercel","`📊 TruScore: ${score}/100\n` +"
"backend/vercel/truescan-src/features/sharing/services/ShareContentBuilder.ts",113,"TruScore","backend_vercel","`#TruScore #ProductScan #FoodScanner #HealthyEating #EthicalShopping #KnowWhatYouBuy`;"
"backend/vercel/truescan-src/features/sharing/services/ShareContentBuilder.ts",120,"TruScore","backend_vercel","hashtags: ['TruScore', 'ProductScan', 'FoodScanner', 'HealthyEating', 'EthicalShopping', 'KnowWhatYouBuy'],"
"backend/vercel/truescan-src/features/sharing/services/ShareContentBuilder.ts",141,"TruScore","backend_vercel","`📱 Free TruScore app - scan any product for recalls\n\n` +"
"backend/vercel/truescan-src/features/sharing/services/ShareContentBuilder.ts",142,"TruScore","backend_vercel","`#FoodRecall #ProductSafety #TruScore #FoodSafetyAlert #RecallAlert`;"
"backend/vercel/truescan-src/features/sharing/services/ShareContentBuilder.ts",148,"TruScore","backend_vercel","hashtags: ['FoodRecall', 'ProductSafety', 'TruScore', 'FoodSafetyAlert', 'RecallAlert'],"
"backend/vercel/truescan-src/features/sharing/services/ShareContentBuilder.ts",180,"TruScore","backend_vercel","`🔍 Tap to view full details in TruScore`;"
"backend/vercel/truescan-src/features/sharing/services/ShareContentBuilder.ts",186,"TruScore","backend_vercel","hashtags: ['CountryOfOrigin', 'Manufacturing', 'TruScore'],"
"backend/vercel/truescan-src/features/sharing/services/ShareContentBuilder.ts",190,"TruScore","backend_vercel","private static buildNegativeTruScoreContent("
"backend/vercel/truescan-src/features/sharing/services/ShareContentBuilder.ts",199,"TruScore","backend_vercel","const title = `⚠️ Low TruScore Alert: ${productName}`;"
"backend/vercel/truescan-src/features/sharing/services/ShareContentBuilder.ts",201,"TruScore","backend_vercel","`TruScore: ${score}/100\n\n` +"
"backend/vercel/truescan-src/features/sharing/services/ShareContentBuilder.ts",203,"TruScore","backend_vercel","`🔍 Tap to view breakdown in TruScore`;"
"backend/vercel/truescan-src/features/sharing/services/ShareContentBuilder.ts",209,"TruScore","backend_vercel","hashtags: ['LowTruScore', 'ProductAlert', 'TruScore'],"
"backend/vercel/truescan-src/features/sharing/services/ShareContentBuilder.ts",224,"TruScore","backend_vercel","const title = `${emoji} Discovered ${productName} on TruScore`;"
"backend/vercel/truescan-src/features/sharing/services/ShareContentBuilder.ts",226,"TruScore","backend_vercel","`TruScore: ${score}/100\n\n` +"
"backend/vercel/truescan-src/features/sharing/services/ShareContentBuilder.ts",229,"TruScore","backend_vercel","`#TruScore #ProductScan #FoodScanner #KnowWhatYouBuy #ProductDiscovery`;"
"backend/vercel/truescan-src/features/sharing/services/ShareContentBuilder.ts",236,"TruScore","backend_vercel","hashtags: ['TruScore', 'ProductScan', 'FoodScanner', 'KnowWhatYouBuy', 'ProductDiscovery'],"
"backend/vercel/truescan-src/features/sharing/services/ShareContentBuilder.ts",252,"TruScore","backend_vercel",": 'Check out the insights in TruScore!\n\n') +"
"backend/vercel/truescan-src/features/sharing/services/ShareContentBuilder.ts",253,"TruScore","backend_vercel","`🔍 Tap to view insights in TruScore\n\n` +"
"backend/vercel/truescan-src/features/sharing/services/ShareContentBuilder.ts",254,"TruScore","backend_vercel","`#TruScore #FoodInsights #ProductScan`;"
"backend/vercel/truescan-src/features/sharing/services/ShareContentBuilder.ts",261,"TruScore","backend_vercel","hashtags: ['TruScore', 'FoodInsights', 'ProductScan'],"
"backend/vercel/truescan-src/features/sharing/services/ShareContentBuilder.ts",286,"TruScore","backend_vercel","`🔍 See full sustainability breakdown in TruScore\n` +"
"backend/vercel/truescan-src/features/sharing/services/ShareContentBuilder.ts",288,"TruScore","backend_vercel","`#TruScore #PalmOil #SustainableShopping #ProductScan #Deforestation #EthicalShopping`;"
"backend/vercel/truescan-src/features/sharing/services/ShareContentBuilder.ts",295,"TruScore","backend_vercel","hashtags: ['TruScore', 'PalmOil', 'SustainableShopping', 'ProductScan', 'Deforestation', 'EthicalShopping'],"
"backend/vercel/truescan-src/features/sharing/services/ShareContentBuilder.ts",319,"TruScore","backend_vercel","hashtags: ['TruScore', 'Nutrition', 'ProductScan'],"
"backend/vercel/truescan-src/features/sharing/services/ShareContentBuilder.ts",334,"TruScore","backend_vercel","`🔍 Tap to see full ingredients list in TruScore\n\n` +"
"backend/vercel/truescan-src/features/sharing/services/ShareContentBuilder.ts",335,"TruScore","backend_vercel","`#TruScore #Ingredients #ProductScan #FoodTransparency`;"
"backend/vercel/truescan-src/features/sharing/services/ShareContentBuilder.ts",342,"TruScore","backend_vercel","hashtags: ['TruScore', 'Ingredients', 'ProductScan', 'FoodTransparency'],"
"backend/vercel/truescan-src/features/sharing/services/ShareContentBuilder.ts",358,"TruScore","backend_vercel","`📊 Tap to learn about processing levels in TruScore\n\n` +"
"backend/vercel/truescan-src/features/sharing/services/ShareContentBuilder.ts",359,"TruScore","backend_vercel","`#TruScore #NOVA #FoodProcessing #ProductScan`;"
"backend/vercel/truescan-src/features/sharing/services/ShareContentBuilder.ts",366,"TruScore","backend_vercel","hashtags: ['TruScore', 'NOVA', 'FoodProcessing', 'ProductScan'],"
"backend/vercel/truescan-src/features/sharing/services/ShareContentBuilder.ts",392,"TruScore","backend_vercel","message += `🔍 Tap to view full details in TruScore\n\n` +"
"backend/vercel/truescan-src/features/sharing/services/ShareContentBuilder.ts",393,"TruScore","backend_vercel","`#TruScore #Allergens #Additives #ProductScan #FoodSafety`;"
"backend/vercel/truescan-src/features/sharing/services/ShareContentBuilder.ts",400,"TruScore","backend_vercel","hashtags: ['TruScore', 'Allergens', 'Additives', 'ProductScan', 'FoodSafety'],"
"backend/vercel/truescan-src/features/sharing/services/ShareContentBuilder.ts",423,"TruScore","backend_vercel","`\n🔍 Tap to check full Eco-Score details in TruScore\n\n` +"
"backend/vercel/truescan-src/features/sharing/services/ShareContentBuilder.ts",424,"TruScore","backend_vercel","`#TruScore #EcoScore #Sustainability #EnvironmentalImpact #ProductScan`;"
"backend/vercel/truescan-src/features/sharing/services/ShareContentBuilder.ts",431,"TruScore","backend_vercel","hashtags: ['TruScore', 'EcoScore', 'Sustainability', 'EnvironmentalImpact', 'ProductScan'],"
"backend/vercel/truescan-src/features/sharing/services/ShareService.ts",112,"TruScore","backend_vercel",": `\n\n📱 Get TruScore free - scan any product`;"
"backend/vercel/truescan-src/features/sharing/types.ts",4,"TruScore","backend_vercel","import { TruScoreResult } from '../../lib/truscoreEngine';"
"backend/vercel/truescan-src/features/sharing/types.ts",10,"TruScore","backend_vercel","| 'negativeTruScore'"
"backend/vercel/truescan-src/features/sharing/types.ts",41,"TruScore","backend_vercel","truScore?: TruScoreResult | null;"
"backend/vercel/truescan-src/i18n/locales/en.json",60,"TrueScan","backend_vercel","""tipsBody"": ""Lead with why it matters to you. Recalls and allergens help others stay safe. The link always opens the full product in TrueScan."","
"backend/vercel/truescan-src/i18n/locales/en.json",68,"TrueScan","backend_vercel","""title"": ""Welcome to TrueScan"","
"backend/vercel/truescan-src/i18n/locales/en.json",76,"Trust Score","backend_vercel","""title"": ""Trust Score"","
"backend/vercel/truescan-src/i18n/locales/en.json",120,"Trust Score","backend_vercel","""minTrustScore"": ""Minimum Trust Score"","
"backend/vercel/truescan-src/i18n/locales/en.json",121,"Trust Score","backend_vercel","""maxTrustScore"": ""Maximum Trust Score"","
"backend/vercel/truescan-src/i18n/locales/en.json",146,"TruScore","backend_vercel","""feature1"": ""TruScore and Nutri-Score / Eco-Score filters"","
"backend/vercel/truescan-src/i18n/locales/en.json",232,"TrueScan","backend_vercel","""adFreeDesc"": ""Enjoy TrueScan without advertisements"","
"backend/vercel/truescan-src/i18n/locales/en.json",239,"Trust Score","backend_vercel","""enhancedTrustScore"": ""Enhanced Trust Score"","
"backend/vercel/truescan-src/i18n/locales/en.json",267,"TrueScan","backend_vercel","""title"": ""TrueScan"","
"backend/vercel/truescan-src/i18n/locales/en.json",271,"TrueScan","backend_vercel","""permissionText"": ""TrueScan needs access to your camera to scan barcodes."","
"backend/vercel/truescan-src/i18n/locales/en.json",293,"TruScan","backend_vercel","""legalDisclaimerModalP1"": ""The TruScan app provides general information and educational content only. It does not provide medical advice, diagnosis, or treatment; does not constitute nutritional, dietary, or legal advice; and is not a subst"
"backend/vercel/truescan-src/i18n/locales/en.json",294,"TruScore","backend_vercel","""legalDisclaimerModalP2"": ""Scores and insights (including TruScore and other assessments) are automated interpretations based on publicly available or third-party data, algorithms, and optional user-selected alerts (separate from automatic "
"backend/vercel/truescan-src/i18n/locales/en.json",296,"TrueScan","backend_vercel","""legalDisclaimerModalP4"": ""TrueScan and its affiliates, licensors, developers, operators, and suppliers (collectively, \""TrueScan\"") make no warranty or representation, express or implied, as to the accuracy, completeness, reliability, time"
"backend/vercel/truescan-src/i18n/locales/en.json",297,"TrueScan","backend_vercel","""legalDisclaimerModalP5"": ""To the fullest extent permitted by applicable law, TrueScan disclaims all liability for any direct, indirect, incidental, special, consequential, or exemplary damages, or any loss of profits, data, goodwill, or ot"
"backend/vercel/truescan-src/i18n/locales/en.json",298,"TrueScan","backend_vercel","""legalDisclaimerModalP6"": ""You use TruScan voluntarily and at your own risk. Nothing in the app creates a duty of care or professional relationship between you and TrueScan."","
"backend/vercel/truescan-src/i18n/locales/en.json",298,"TruScan","backend_vercel","""legalDisclaimerModalP6"": ""You use TruScan voluntarily and at your own risk. Nothing in the app creates a duty of care or professional relationship between you and TrueScan."","
"backend/vercel/truescan-src/i18n/locales/en.json",307,"TruScan","backend_vercel","""legalDataLimitationsModalP2"": ""When information is missing or incomplete, TruScan may not display certain analyses, may reduce scores or adjust assessments, or may show cautionary messaging. These measures are informational only and do not"
"backend/vercel/truescan-src/i18n/locales/en.json",309,"TrueScan","backend_vercel","""legalDataLimitationsModalP4"": ""TrueScan does not warrant that any product listing is complete, correct, or up to date. You remain solely responsible for verifying all information against the physical product label and packaging."","
"backend/vercel/truescan-src/i18n/locales/en.json",310,"TrueScan","backend_vercel","""legalDataLimitationsModalP5"": ""To the fullest extent permitted by applicable law, TrueScan disclaims liability for any reliance on incomplete or missing data shown in the app."","
"backend/vercel/truescan-src/i18n/locales/en.json",316,"Trust Score","backend_vercel","""trustScore"": ""Trust Score"","
"backend/vercel/truescan-src/i18n/locales/en.json",410,"Trust Score","backend_vercel","""insufficientDataMessage"": ""We don't have enough verified data to calculate a Trust Score for this product. You can help by contributing to Open Food Facts."","
"backend/vercel/truescan-src/i18n/locales/en.json",577,"TrueScan","backend_vercel","""privacyNote"": ""TrueScan respects your privacy. Analytics help us improve the app but can be disabled at any time."","
"backend/vercel/truescan-src/i18n/locales/en.json",590,"TrueScan","backend_vercel","""openSourceMessage"": ""TrueScan uses data from multiple free and open databases including Open Food Facts, Open Beauty Facts, UPCitemdb, and FDA food recall data."","
"backend/vercel/truescan-src/i18n/locales/en.json",693,"Trust Score","backend_vercel","""title"": ""Understanding Trust Score"","
"backend/vercel/truescan-src/i18n/locales/en.json",694,"TruScore","backend_vercel","""description"": ""TruScore is a comprehensive rating (0-100) based entirely on recognized public systems. Four equal pillars (25 points each): Body, Planet, Ethics, and Open. 100% transparent methodology with no proprietary formulas."","
"backend/vercel/truescan-src/i18n/locales/en.json",696,"TruScore","backend_vercel","""howItWorksText"": ""TruScore evaluates products across four equal pillars, each contributing 25 points (0-25 each) to the total score (0-100). All scoring is based entirely on recognized public systems with direct conversions - no proprietar"
"backend/vercel/truescan-src/i18n/locales/en.json",698,"TruScore","backend_vercel","""formula"": ""TruScore = Body (2-25) + Planet (0-25) + Ethics (0-25) + Open (0-25) = 0-100. Body pillar has minimum floor of 2 for fairness."","
"backend/vercel/truescan-src/i18n/locales/en.json",704,"TruScore","backend_vercel","""step5"": ""Sum all four pillars: TruScore = Body + Planet + Ethics + Open (0-100 total)"","
"backend/vercel/truescan-src/i18n/locales/en.json",735,"TruScore","backend_vercel","""note"": ""TruScore v1.4 is calculated based on available product data from Open Food Facts, Open Beauty Facts, and UPCitemdb. The score is only displayed when sufficient verified data is available. 100% of scoring comes from recognized publi"
"backend/vercel/truescan-src/i18n/locales/en.json",738,"TruScore","backend_vercel","""scoringDescription"": ""TruScore ranges from 0-100, with each of the 4 pillars contributing 0-25 points. Higher scores indicate better overall product quality across all dimensions."","
"backend/vercel/truescan-src/i18n/locales/en.json",740,"TruScore","backend_vercel","""dataSourcesDescription"": ""TruScore is 100% based on recognized public systems. Below are the exact data sources and calculation methods for each pillar:"","
"backend/vercel/truescan-src/i18n/locales/en.json",745,"TruScore","backend_vercel","""transparencyNote"": ""100% of TruScore calculations are based on recognized public systems. No proprietary formulas are used. All conversions are direct and transparent (e.g., Nutri-Score A=25, B=20, C=15, D=10, E=5). This ensures maximum cr"
"backend/vercel/truescan-src/i18n/locales/en.json",753,"TruScore","backend_vercel","""step5"": ""Sum all four pillars: TruScore = Body + Planet + Ethics + Open (0-100 total)"","
"backend/vercel/truescan-src/i18n/locales/en.json",761,"TruScore","backend_vercel","""confidenceScoreNote"": ""You'll see the confidence score as a badge next to the TruScore on the product page. This helps you know how much you can trust the information shown. Higher confidence means the data is more reliable and complete."","
"backend/vercel/truescan-src/i18n/locales/en.json",763,"Trust Score","backend_vercel","""flagsDescription"": ""Understanding what factors negatively and positively impact a product's Trust Score:"","
"backend/vercel/truescan-src/i18n/locales/en.json",764,"Trust Score","backend_vercel","""flagsDescriptionForProduct"": ""Product-specific factors that affect this product's Trust Score:"","
"backend/vercel/truescan-src/i18n/locales/en.json",766,"Trust Score","backend_vercel","""redFlagsDesc"": ""These factors decrease a product's Trust Score and indicate potential concerns:"","
"backend/vercel/truescan-src/i18n/locales/en.json",768,"Trust Score","backend_vercel","""greenFlagsDesc"": ""These factors increase a product's Trust Score and indicate positive attributes:"","
"backend/vercel/truescan-src/i18n/locales/en.json",792,"Trust Score","backend_vercel","""flagCertificationsDesc"": ""Organic, Fair Trade, B-Corp, Rainforest Alliance, or other ethical/environmental certifications add positive points to the Trust Score."","
"backend/vercel/truescan-src/i18n/locales/en.json",934,"TruScore","backend_vercel","""certificationsPickerHint"": ""Tap rows to select or deselect. Options match TruScore ethics certification tags."","
"backend/vercel/truescan-src/i18n/locales/en.json",964,"TruScore","backend_vercel","""certificationsLabelsNote"": ""Choose labels recognized by TruScore (Open Food Facts style)."","
"backend/vercel/truescan-src/i18n/locales/es.json",59,"TrueScan","backend_vercel","""tipsBody"": ""Di por qué te importa. Retiradas y alérgenos ayudan a otros. El enlace abre el producto en TrueScan."","
"backend/vercel/truescan-src/i18n/locales/es.json",67,"TrueScan","backend_vercel","""title"": ""Bienvenido a TrueScan"","
"backend/vercel/truescan-src/i18n/locales/es.json",93,"TrueScan","backend_vercel","""title"": ""TrueScan"","
"backend/vercel/truescan-src/i18n/locales/es.json",97,"TrueScan","backend_vercel","""permissionText"": ""TrueScan necesita acceso a tu cámara para escanear códigos de barras."","
"backend/vercel/truescan-src/i18n/locales/es.json",116,"TruScan","backend_vercel","""legalDisclaimerModalP1"": ""La aplicación TruScan ofrece únicamente información general y educativa. No proporciona asesoramiento médico, diagnóstico ni tratamiento; no constituye asesoramiento nutricional, dietético ni legal; y no sustituye"
"backend/vercel/truescan-src/i18n/locales/es.json",117,"TruScore","backend_vercel","""legalDisclaimerModalP2"": ""Las puntuaciones e información (incluido TruScore y otras evaluaciones) son interpretaciones automatizadas basadas en datos públicos o de terceros, algoritmos y preferencias opcionales del usuario. Reflejan opinio"
"backend/vercel/truescan-src/i18n/locales/es.json",119,"TrueScan","backend_vercel","""legalDisclaimerModalP4"": ""TrueScan y sus afiliados, licenciantes, desarrolladores, operadores y proveedores (en conjunto, «TrueScan») no ofrecen garantía ni declaración alguna, expresa o implícita, sobre la exactitud, integridad, fiabilida"
"backend/vercel/truescan-src/i18n/locales/es.json",120,"TrueScan","backend_vercel","""legalDisclaimerModalP5"": ""En la medida máxima permitida por la ley aplicable, TrueScan rechaza toda responsabilidad por daños directos, indirectos, incidentales, especiales, consecuentes o ejemplares, o por pérdida de beneficios, datos, fo"
"backend/vercel/truescan-src/i18n/locales/es.json",121,"TrueScan","backend_vercel","""legalDisclaimerModalP6"": ""Usted utiliza TruScan de forma voluntaria y bajo su propio riesgo. Nada en la aplicación crea un deber de diligencia ni una relación profesional entre usted y TrueScan."","
"backend/vercel/truescan-src/i18n/locales/es.json",121,"TruScan","backend_vercel","""legalDisclaimerModalP6"": ""Usted utiliza TruScan de forma voluntaria y bajo su propio riesgo. Nada en la aplicación crea un deber de diligencia ni una relación profesional entre usted y TrueScan."","
"backend/vercel/truescan-src/i18n/locales/es.json",130,"TruScan","backend_vercel","""legalDataLimitationsModalP2"": ""Cuando la información falta o está incompleta, TruScan puede no mostrar ciertos análisis, reducir puntuaciones o ajustar evaluaciones, o mostrar advertencias. Estas medidas son solo informativas y no afirman "
"backend/vercel/truescan-src/i18n/locales/es.json",132,"TrueScan","backend_vercel","""legalDataLimitationsModalP4"": ""TrueScan no garantiza que ninguna ficha de producto esté completa, sea correcta o esté actualizada. Usted sigue siendo el único responsable de verificar toda la información con la etiqueta física y el envase."
"backend/vercel/truescan-src/i18n/locales/es.json",133,"TrueScan","backend_vercel","""legalDataLimitationsModalP5"": ""En la medida máxima permitida por la ley aplicable, TrueScan rechaza responsabilidad por cualquier confianza en datos incompletos o faltantes mostrados en la aplicación."","
"backend/vercel/truescan-src/i18n/locales/es.json",257,"TrueScan","backend_vercel","""privacyNote"": ""TrueScan respeta tu privacidad. El análisis nos ayuda a mejorar la aplicación pero puede desactivarse en cualquier momento."","
"backend/vercel/truescan-src/i18n/locales/es.json",269,"TrueScan","backend_vercel","""openSourceMessage"": ""TrueScan utiliza datos de Open Food Facts, una base de datos gratuita y abierta."","
"backend/vercel/truescan-src/i18n/locales/fr.json",59,"TrueScan","backend_vercel","""tipsBody"": ""Dites pourquoi c'est important. Rappels et allergènes aident les autres. Le lien ouvre le produit dans TrueScan."","
"backend/vercel/truescan-src/i18n/locales/fr.json",67,"TrueScan","backend_vercel","""title"": ""Bienvenue sur TrueScan"","
"backend/vercel/truescan-src/i18n/locales/fr.json",93,"TrueScan","backend_vercel","""title"": ""TrueScan"","
"backend/vercel/truescan-src/i18n/locales/fr.json",97,"TrueScan","backend_vercel","""permissionText"": ""TrueScan a besoin d'accéder à votre caméra pour scanner les codes-barres."","
"backend/vercel/truescan-src/i18n/locales/fr.json",116,"TruScan","backend_vercel","""legalDisclaimerModalP1"": ""L'application TruScan fournit uniquement des informations générales et éducatives. Elle ne constitue pas un avis médical, un diagnostic ou un traitement ; ne constitue pas un conseil nutritionnel, diététique ou ju"
"backend/vercel/truescan-src/i18n/locales/fr.json",117,"TruScore","backend_vercel","""legalDisclaimerModalP2"": ""Les scores et analyses (y compris TruScore et autres évaluations) sont des interprétations automatisées fondées sur des données publiques ou tierces, des algorithmes et des préférences utilisateur optionnelles. Il"
"backend/vercel/truescan-src/i18n/locales/fr.json",119,"TrueScan","backend_vercel","""legalDisclaimerModalP4"": ""TrueScan et ses sociétés affiliées, concédants, développeurs, opérateurs et fournisseurs (collectivement « TrueScan ») n'offrent aucune garantie ni déclaration, expresse ou implicite, quant à l'exactitude, l'exhau"
"backend/vercel/truescan-src/i18n/locales/fr.json",120,"TrueScan","backend_vercel","""legalDisclaimerModalP5"": ""Dans la mesure maximale permise par la loi applicable, TrueScan décline toute responsabilité pour tout dommage direct, indirect, accessoire, spécial, consécutif ou exemplaire, ou toute perte de profits, de données"
"backend/vercel/truescan-src/i18n/locales/fr.json",121,"TrueScan","backend_vercel","""legalDisclaimerModalP6"": ""Vous utilisez TruScan volontairement et à vos propres risques. Rien dans l'application ne crée un devoir de diligence ni une relation professionnelle entre vous et TrueScan."","
"backend/vercel/truescan-src/i18n/locales/fr.json",121,"TruScan","backend_vercel","""legalDisclaimerModalP6"": ""Vous utilisez TruScan volontairement et à vos propres risques. Rien dans l'application ne crée un devoir de diligence ni une relation professionnelle entre vous et TrueScan."","
"backend/vercel/truescan-src/i18n/locales/fr.json",130,"TruScan","backend_vercel","""legalDataLimitationsModalP2"": ""Lorsque l'information est manquante ou incomplète, TruScan peut ne pas afficher certaines analyses, réduire les scores ou ajuster les évaluations, ou afficher des messages de prudence. Ces mesures sont pureme"
"backend/vercel/truescan-src/i18n/locales/fr.json",132,"TrueScan","backend_vercel","""legalDataLimitationsModalP4"": ""TrueScan ne garantit pas qu'une fiche produit soit complète, exacte ou à jour. Vous restez seul responsable de vérifier toute information sur l'étiquette physique et l'emballage."","
"backend/vercel/truescan-src/i18n/locales/fr.json",133,"TrueScan","backend_vercel","""legalDataLimitationsModalP5"": ""Dans la mesure maximale permise par la loi applicable, TrueScan décline toute responsabilité pour toute confiance accordée à des données incomplètes ou manquantes affichées dans l'application."","
"backend/vercel/truescan-src/i18n/locales/fr.json",257,"TrueScan","backend_vercel","""privacyNote"": ""TrueScan respecte votre vie privée. Les analyses nous aident à améliorer l'application mais peuvent être désactivées à tout moment."","
"backend/vercel/truescan-src/i18n/locales/fr.json",269,"TrueScan","backend_vercel","""openSourceMessage"": ""TrueScan utilise les données d'Open Food Facts, une base de données gratuite et ouverte."","
"backend/vercel/truescan-src/lib/truscoreEngine/index.ts",2,"TruScore","comment","* TruScore Engine - Modular Pillar System"
"backend/vercel/truescan-src/lib/truscoreEngine/index.ts",18,"TruScore","backend_vercel","import type { TruScoreAnalysis, FetchTraceEntry, PillarAnalysis, PillarAdjustmentWithSource } from '../../types/truscoreAnalysis';"
"backend/vercel/truescan-src/lib/truscoreEngine/index.ts",39,"TruScore","backend_vercel","export type TruScoreScoringContext = {"
"backend/vercel/truescan-src/lib/truscoreEngine/index.ts",44,"TruScore","backend_vercel","export interface TruScoreResult {"
"backend/vercel/truescan-src/lib/truscoreEngine/index.ts",64,"TruScore","backend_vercel","analysis?: TruScoreAnalysis;"
"backend/vercel/truescan-src/lib/truscoreEngine/index.ts",68,"TruScore","comment","* Calculate TruScore v1.4 - Full spec implementation using modular pillars"
"backend/vercel/truescan-src/lib/truscoreEngine/index.ts",75,"TruScore","comment","* @returns TruScore result with total score, breakdown, and optional insights"
"backend/vercel/truescan-src/lib/truscoreEngine/index.ts",77,"TruScore","backend_vercel","export function calculateTruScore("
"backend/vercel/truescan-src/lib/truscoreEngine/index.ts",80,"TruScore","backend_vercel","scoringContext?: TruScoreScoringContext"
"backend/vercel/truescan-src/lib/truscoreEngine/index.ts",81,"TruScore","backend_vercel","): TruScoreResult {"
"backend/vercel/truescan-src/lib/truscoreEngine/index.ts",177,"TruScore","backend_vercel","const result: TruScoreResult = {"
"backend/vercel/truescan-src/lib/truscoreEngine/index.ts",196,"TruScore","backend_vercel","result.analysis = buildTruScoreAnalysis(scoringProduct, result) ?? undefined;"
"backend/vercel/truescan-src/lib/truscoreEngine/index.ts",198,"TruScore","comment","// PowerShell logging for TruScore calculation details with timing"
"backend/vercel/truescan-src/lib/truscoreEngine/index.ts",222,"TruScore","server_or_app_log","logger.error('[truscoreEngine] Error calculating TruScore:', {"
"backend/vercel/truescan-src/lib/truscoreEngine/index.ts",313,"TruScore","comment","* Build full TruScore analysis from product (for fetch trace) and TruScore result (for pillar details)."
"backend/vercel/truescan-src/lib/truscoreEngine/index.ts",316,"TruScore","backend_vercel","export function buildTruScoreAnalysis("
"backend/vercel/truescan-src/lib/truscoreEngine/index.ts",318,"TruScore","backend_vercel","result: TruScoreResult"
"backend/vercel/truescan-src/lib/truscoreEngine/index.ts",319,"TruScore","backend_vercel","): TruScoreAnalysis | null {"
"backend/vercel/truescan-src/lib/truscoreEngine/index.ts",358,"TruScore","backend_vercel","const analysis: TruScoreAnalysis = {"
"backend/vercel/truescan-src/lib/truscoreEngine/index.ts",376,"TruScore","backend_vercel","export type { TruScoreAnalysis, FetchTraceEntry, PillarAnalysis, PillarAdjustmentWithSource } from '../../types/truscoreAnalysis';"
"backend/vercel/truescan-src/lib/truscoreEngine.ts",2,"TruScore","comment","* TruScore Engine - Legacy Wrapper"
"backend/vercel/truescan-src/lib/truscoreEngine.ts",10,"TruScore","comment","// Re-export from the new modular system (includes calculateTruScore)"
"backend/vercel/truescan-src/services/auRetailerScraping.ts",24,"TrueScan","backend_vercel","'User-Agent': 'TrueScan-FoodScanner/1.0.0',"
"backend/vercel/truescan-src/services/auRetailerScraping.ts",24,"TrueScan-FoodScanner","backend_vercel","'User-Agent': 'TrueScan-FoodScanner/1.0.0',"
"backend/vercel/truescan-src/services/auRetailerScraping.ts",112,"TrueScan","backend_vercel","'User-Agent': 'TrueScan-FoodScanner/1.0.0',"
"backend/vercel/truescan-src/services/auRetailerScraping.ts",112,"TrueScan-FoodScanner","backend_vercel","'User-Agent': 'TrueScan-FoodScanner/1.0.0',"
"backend/vercel/truescan-src/services/auRetailerScraping.ts",203,"TrueScan","backend_vercel","'User-Agent': 'TrueScan-FoodScanner/1.0.0',"
"backend/vercel/truescan-src/services/auRetailerScraping.ts",203,"TrueScan-FoodScanner","backend_vercel","'User-Agent': 'TrueScan-FoodScanner/1.0.0',"
"backend/vercel/truescan-src/services/bannerAlertsService.ts",12,"TruScore","comment","* Note: Banner text explains scoring sources; TruScore is still computed in the TruScore engine."
"backend/vercel/truescan-src/services/bannerAlertsService.ts",104,"TruScore","comment","// 1.1a Ethics pillar mirrors — BBFAW & KTC only (same `calculateEthicsPillar` as TruScore Ethics)"
"backend/vercel/truescan-src/services/bannerAlertsService.ts",137,"TruScore","backend_vercel","message: `Our brand database flags ${brandWithRecallHistory} with a history of product recalls (transparency only; not part of the TruScore Ethics pillar BBFAW/KTC calculation). Tap for FDA recalls reference.`,"
"backend/vercel/truescan-src/services/barcodeLookupApi.ts",122,"TrueScan","backend_vercel","'User-Agent': 'TrueScan-FoodScanner/1.0',"
"backend/vercel/truescan-src/services/barcodeLookupApi.ts",122,"TrueScan-FoodScanner","backend_vercel","'User-Agent': 'TrueScan-FoodScanner/1.0',"
"backend/vercel/truescan-src/services/barcodeLookupComApi.ts",79,"TrueScan","backend_vercel","'User-Agent': 'TrueScan-FoodScanner/1.0',"
"backend/vercel/truescan-src/services/barcodeLookupComApi.ts",79,"TrueScan-FoodScanner","backend_vercel","'User-Agent': 'TrueScan-FoodScanner/1.0',"
"backend/vercel/truescan-src/services/barcodeMonsterApi.ts",38,"TrueScan","backend_vercel","'User-Agent': 'TrueScan-FoodScanner/1.0.0',"
"backend/vercel/truescan-src/services/barcodeMonsterApi.ts",38,"TrueScan-FoodScanner","backend_vercel","'User-Agent': 'TrueScan-FoodScanner/1.0.0',"
"backend/vercel/truescan-src/services/bestBuyApi.ts",78,"TrueScan","backend_vercel","'User-Agent': 'TrueScan-FoodScanner/1.0',"
"backend/vercel/truescan-src/services/bestBuyApi.ts",78,"TrueScan-FoodScanner","backend_vercel","'User-Agent': 'TrueScan-FoodScanner/1.0',"
"backend/vercel/truescan-src/services/buycottApi.ts",35,"TrueScan","backend_vercel","'User-Agent': 'TrueScan-FoodScanner/1.0.0',"
"backend/vercel/truescan-src/services/buycottApi.ts",35,"TrueScan-FoodScanner","backend_vercel","'User-Agent': 'TrueScan-FoodScanner/1.0.0',"
"backend/vercel/truescan-src/services/countrySpecificRegulations.ts",3,"TruScore","comment","// Used to adjust TruScore Body pillar based on local regulations"
"backend/vercel/truescan-src/services/cpscRecallService.ts",57,"TrueScan","backend_vercel","'User-Agent': 'TrueScan-FoodScanner/1.0.0',"
"backend/vercel/truescan-src/services/cpscRecallService.ts",57,"TrueScan-FoodScanner","backend_vercel","'User-Agent': 'TrueScan-FoodScanner/1.0.0',"
"backend/vercel/truescan-src/services/datakickApi.ts",12,"TrueScan","backend_vercel","const USER_AGENT = 'TrueScan-FoodScanner/1.0.0';"
"backend/vercel/truescan-src/services/datakickApi.ts",12,"TrueScan-FoodScanner","backend_vercel","const USER_AGENT = 'TrueScan-FoodScanner/1.0.0';"
"backend/vercel/truescan-src/services/dolEnforcementService.ts",59,"TrueScan","backend_vercel","'User-Agent': 'TrueScan-FoodScanner/1.0.0',"
"backend/vercel/truescan-src/services/dolEnforcementService.ts",59,"TrueScan-FoodScanner","backend_vercel","'User-Agent': 'TrueScan-FoodScanner/1.0.0',"
"backend/vercel/truescan-src/services/eanDataApi.ts",56,"TrueScan","backend_vercel","'User-Agent': 'TrueScan-FoodScanner/1.0',"
"backend/vercel/truescan-src/services/eanDataApi.ts",56,"TrueScan-FoodScanner","backend_vercel","'User-Agent': 'TrueScan-FoodScanner/1.0',"
"backend/vercel/truescan-src/services/eanSearchApi.ts",60,"TrueScan","backend_vercel","'User-Agent': 'TrueScan-FoodScanner/1.0',"
"backend/vercel/truescan-src/services/eanSearchApi.ts",60,"TrueScan-FoodScanner","backend_vercel","'User-Agent': 'TrueScan-FoodScanner/1.0',"
"backend/vercel/truescan-src/services/eanSearchBrandApi.ts",10,"TrueScan","backend_vercel","const USER_AGENT = 'TrueScan-FoodScanner/1.0.0';"
"backend/vercel/truescan-src/services/eanSearchBrandApi.ts",10,"TrueScan-FoodScanner","backend_vercel","const USER_AGENT = 'TrueScan-FoodScanner/1.0.0';"
"backend/vercel/truescan-src/services/edamamApi.ts",84,"TrueScan","backend_vercel","'User-Agent': 'TrueScan-FoodScanner/1.0',"
"backend/vercel/truescan-src/services/edamamApi.ts",84,"TrueScan-FoodScanner","backend_vercel","'User-Agent': 'TrueScan-FoodScanner/1.0',"
"backend/vercel/truescan-src/services/efsaDatabase.ts",11,"TrueScan","backend_vercel","const USER_AGENT = 'TrueScan-FoodScanner/1.0.0';"
"backend/vercel/truescan-src/services/efsaDatabase.ts",11,"TrueScan-FoodScanner","backend_vercel","const USER_AGENT = 'TrueScan-FoodScanner/1.0.0';"
"backend/vercel/truescan-src/services/ethicsCertificationsService.ts",444,"TruScore","comment","* OFF label tags the Ethics / TruScore certification element recognizes (manual product picker)."
"backend/vercel/truescan-src/services/ethicsPillarBannerAlerts.ts",4,"TruScore","comment","* TruScore Ethics (v37 spec) is computed in `calculateEthicsPillar`. Banners for animal welfare"
"backend/vercel/truescan-src/services/ethicsPillarBannerAlerts.ts",56,"TruScore","backend_vercel","message: `This matches your TruScore Ethics pillar (same BBFAW tier/impact as the spec sheet): ${detail}. Tap for official BBFAW reference.`,"
"backend/vercel/truescan-src/services/ethicsPillarBannerAlerts.ts",69,"TruScore","backend_vercel","let message = `This matches your TruScore Ethics pillar (KnowTheChain 2026 benchmark used in scoring): ${detail}. Tap for reference.`;"
"backend/vercel/truescan-src/services/fdaRecallService.ts",347,"TrueScan","backend_vercel","'User-Agent': 'TrueScan-FoodScanner/1.0.0',"
"backend/vercel/truescan-src/services/fdaRecallService.ts",347,"TrueScan-FoodScanner","backend_vercel","'User-Agent': 'TrueScan-FoodScanner/1.0.0',"
"backend/vercel/truescan-src/services/foodbApi.ts",12,"TrueScan","backend_vercel","const USER_AGENT = 'TrueScan-FoodScanner/1.0.0';"
"backend/vercel/truescan-src/services/foodbApi.ts",12,"TrueScan-FoodScanner","backend_vercel","const USER_AGENT = 'TrueScan-FoodScanner/1.0.0';"
"backend/vercel/truescan-src/services/foodRepoApi.ts",10,"TrueScan","backend_vercel","const USER_AGENT = 'TrueScan-FoodScanner/1.0.0';"
"backend/vercel/truescan-src/services/foodRepoApi.ts",10,"TrueScan-FoodScanner","backend_vercel","const USER_AGENT = 'TrueScan-FoodScanner/1.0.0';"
"backend/vercel/truescan-src/services/fsanDatabaseAutoDownload.ts",87,"TrueScan","backend_vercel","'User-Agent': 'TrueScan-Mobile/1.0.0',"
"backend/vercel/truescan-src/services/fsanDatabaseAutoDownload.ts",87,"TrueScan-Mobile","backend_vercel","'User-Agent': 'TrueScan-Mobile/1.0.0',"
"backend/vercel/truescan-src/services/fsanzQueryService.ts",9,"TruScore","comment","* 4. App merges FSANZ data into product for TruScore"
"backend/vercel/truescan-src/services/fsanzQueryService.ts",92,"TrueScan","backend_vercel","'User-Agent': 'TrueScan-Mobile/1.0.0',"
"backend/vercel/truescan-src/services/fsanzQueryService.ts",92,"TrueScan-Mobile","backend_vercel","'User-Agent': 'TrueScan-Mobile/1.0.0',"
"backend/vercel/truescan-src/services/fsanzQueryService.ts",273,"TruScore","comment","// ===== VERIFICATION: Log TruScore-critical fields ====="
"backend/vercel/truescan-src/services/fsanzQueryService.ts",274,"TruScore","server_or_app_log","logger.info(`   🔍 [VERIFICATION] TruScore Field Status After FSANZ Enhancement:`);"
"backend/vercel/truescan-src/services/goUpcApi.ts",41,"TrueScan","backend_vercel","'User-Agent': 'TrueScan-FoodScanner/1.0.0',"
"backend/vercel/truescan-src/services/goUpcApi.ts",41,"TrueScan-FoodScanner","backend_vercel","'User-Agent': 'TrueScan-FoodScanner/1.0.0',"
"backend/vercel/truescan-src/services/gs1DataSource.ts",8,"TrueScan","backend_vercel","const USER_AGENT = 'TrueScan-FoodScanner/1.0.0';"
"backend/vercel/truescan-src/services/gs1DataSource.ts",8,"TrueScan-FoodScanner","backend_vercel","const USER_AGENT = 'TrueScan-FoodScanner/1.0.0';"
"backend/vercel/truescan-src/services/iloStatisticsService.ts",76,"TrueScan","backend_vercel","'User-Agent': 'TrueScan-FoodScanner/1.0.0',"
"backend/vercel/truescan-src/services/iloStatisticsService.ts",76,"TrueScan-FoodScanner","backend_vercel","'User-Agent': 'TrueScan-FoodScanner/1.0.0',"
"backend/vercel/truescan-src/services/manualProductService.ts",8,"TruScore","backend_vercel","import { calculateTruScore } from '../lib/truscoreEngine';"
"backend/vercel/truescan-src/services/manualProductService.ts",104,"Trust Score","comment","// Calculate Trust Score if we have enough data"
"backend/vercel/truescan-src/services/manualProductService.ts",107,"TruScore","backend_vercel","const trustScoreResult = calculateTruScore(product, undefined, getPlanetScoringContext());"
"backend/vercel/truescan-src/services/manualProductService.ts",108,"TruScore","comment","// Map TruScoreResult to TrustScoreBreakdown format"
"backend/vercel/truescan-src/services/manufacturingCountryService.ts",707,"TrueScan","backend_vercel","message: 'Manufacturing country is stored on TrueScan only.',"
"backend/vercel/truescan-src/services/nutritionixApi.ts",74,"TrueScan","backend_vercel","'User-Agent': 'TrueScan-FoodScanner/1.0',"
"backend/vercel/truescan-src/services/nutritionixApi.ts",74,"TrueScan-FoodScanner","backend_vercel","'User-Agent': 'TrueScan-FoodScanner/1.0',"
"backend/vercel/truescan-src/services/nzStoreApi.ts",20,"TrueScan","backend_vercel","'User-Agent': 'TrueScan-FoodScanner/1.0.0',"
"backend/vercel/truescan-src/services/nzStoreApi.ts",20,"TrueScan-FoodScanner","backend_vercel","'User-Agent': 'TrueScan-FoodScanner/1.0.0',"
"backend/vercel/truescan-src/services/nzStoreApi.ts",76,"TrueScan","backend_vercel","'User-Agent': 'TrueScan-FoodScanner/1.0.0',"
"backend/vercel/truescan-src/services/nzStoreApi.ts",76,"TrueScan-FoodScanner","backend_vercel","'User-Agent': 'TrueScan-FoodScanner/1.0.0',"
"backend/vercel/truescan-src/services/nzStoreApi.ts",124,"TrueScan","backend_vercel","'User-Agent': 'TrueScan-FoodScanner/1.0.0',"
"backend/vercel/truescan-src/services/nzStoreApi.ts",124,"TrueScan-FoodScanner","backend_vercel","'User-Agent': 'TrueScan-FoodScanner/1.0.0',"
"backend/vercel/truescan-src/services/openBeautyFacts.ts",8,"TrueScan","backend_vercel","const USER_AGENT = 'TrueScan-FoodScanner/1.0.0';"
"backend/vercel/truescan-src/services/openBeautyFacts.ts",8,"TrueScan-FoodScanner","backend_vercel","const USER_AGENT = 'TrueScan-FoodScanner/1.0.0';"
"backend/vercel/truescan-src/services/openCorporatesApi.ts",10,"TrueScan","backend_vercel","const USER_AGENT = 'TrueScan-FoodScanner/1.0.0';"
"backend/vercel/truescan-src/services/openCorporatesApi.ts",10,"TrueScan-FoodScanner","backend_vercel","const USER_AGENT = 'TrueScan-FoodScanner/1.0.0';"
"backend/vercel/truescan-src/services/openEanApi.ts",42,"TrueScan","backend_vercel","'User-Agent': 'TrueScan-FoodScanner/1.0',"
"backend/vercel/truescan-src/services/openEanApi.ts",42,"TrueScan-FoodScanner","backend_vercel","'User-Agent': 'TrueScan-FoodScanner/1.0',"
"backend/vercel/truescan-src/services/openFoodFacts.ts",18,"TrueScan","backend_vercel","const USER_AGENT = 'TrueScan-FoodScanner/1.0.0';"
"backend/vercel/truescan-src/services/openFoodFacts.ts",18,"TrueScan-FoodScanner","backend_vercel","const USER_AGENT = 'TrueScan-FoodScanner/1.0.0';"
"backend/vercel/truescan-src/services/openFoodFactsSubmission.ts",12,"TrueScan","backend_vercel","const USER_AGENT = 'TrueScan-FoodScanner/1.0.0 (truescan@example.com)'; // TODO: Update with actual contact email"
"backend/vercel/truescan-src/services/openFoodFactsSubmission.ts",12,"TrueScan-FoodScanner","backend_vercel","const USER_AGENT = 'TrueScan-FoodScanner/1.0.0 (truescan@example.com)'; // TODO: Update with actual contact email"
"backend/vercel/truescan-src/services/openGtindbApi.ts",32,"TrueScan","backend_vercel","'User-Agent': 'TrueScan-FoodScanner/1.0.0',"
"backend/vercel/truescan-src/services/openGtindbApi.ts",32,"TrueScan-FoodScanner","backend_vercel","'User-Agent': 'TrueScan-FoodScanner/1.0.0',"
"backend/vercel/truescan-src/services/openNutritionApi.ts",9,"TrueScan","backend_vercel","const USER_AGENT = 'TrueScan-FoodScanner/1.0.0';"
"backend/vercel/truescan-src/services/openNutritionApi.ts",9,"TrueScan-FoodScanner","backend_vercel","const USER_AGENT = 'TrueScan-FoodScanner/1.0.0';"
"backend/vercel/truescan-src/services/openPetFoodFacts.ts",6,"TrueScan","backend_vercel","const USER_AGENT = 'TrueScan-FoodScanner/1.0.0';"
"backend/vercel/truescan-src/services/openPetFoodFacts.ts",6,"TrueScan-FoodScanner","backend_vercel","const USER_AGENT = 'TrueScan-FoodScanner/1.0.0';"
"backend/vercel/truescan-src/services/openProductsFacts.ts",6,"TrueScan","backend_vercel","const USER_AGENT = 'TrueScan-FoodScanner/1.0.0';"
"backend/vercel/truescan-src/services/openProductsFacts.ts",6,"TrueScan-FoodScanner","backend_vercel","const USER_AGENT = 'TrueScan-FoodScanner/1.0.0';"
"backend/vercel/truescan-src/services/photoUploadService.ts",201,"TrueScan","backend_vercel","results.message = 'Photo uploaded to Open Food Facts and TrueScan storage!';"
"backend/vercel/truescan-src/services/photoUploadService.ts",206,"TrueScan","backend_vercel","? 'Photo saved (TrueScan storage).'"
"backend/vercel/truescan-src/services/photoUploadService.ts",207,"TrueScan","backend_vercel",": 'Photo uploaded to TrueScan storage!';"
"backend/vercel/truescan-src/services/productCacheService.ts",22,"TruScore","backend_vercel","import { removeCachedTruScore } from '../utils/truScoreCache';"
"backend/vercel/truescan-src/services/productCacheService.ts",254,"TruScore","backend_vercel","await removeCachedTruScore(barcode).catch(() => {});"
"backend/vercel/truescan-src/services/productCacheService.ts",287,"TruScore","comment","* Process and score a product (apply confidence score and calculate TruScore)"
"backend/vercel/truescan-src/services/productCacheService.ts",296,"TruScore","server_or_app_log","logger.error('Error calculating TruScore (non-critical):', error);"
"backend/vercel/truescan-src/services/productCacheService.ts",513,"TruScore","comment","// Save final product with TruScore (non-blocking)"
"backend/vercel/truescan-src/services/productCacheService.ts",561,"TruScore","comment","// Save final product with TruScore (non-blocking)"
"backend/vercel/truescan-src/services/productDataMerger.ts",21,"TruScore","comment","* Default source weights (TruScore-optimized)"
"backend/vercel/truescan-src/services/productDataMerger.ts",23,"TruScore","comment","* Updated to match TruScoreOptimizedDatabase weights for consistency"
"backend/vercel/truescan-src/services/productDataMerger.ts",118,"TruScore","comment","* Calculate TruScore field completeness score (0-100)"
"backend/vercel/truescan-src/services/productDataMerger.ts",119,"TruScore","comment","* Higher score = more TruScore-critical fields present"
"backend/vercel/truescan-src/services/productDataMerger.ts",121,"TruScore","backend_vercel","function calculateTruScoreCompleteness(product: Product): number {"
"backend/vercel/truescan-src/services/productDataMerger.ts",149,"TruScore","comment","// OPTIMIZATION: Score each product by TruScore completeness using Map for faster lookups"
"backend/vercel/truescan-src/services/productDataMerger.ts",152,"TruScore","backend_vercel","truScoreCompleteness: calculateTruScoreCompleteness(p),"
"backend/vercel/truescan-src/services/productDataMerger.ts",156,"TruScore","comment","// Sort by combined score: 60% TruScore completeness + 40% source weight"
"backend/vercel/truescan-src/services/productDataMerger.ts",193,"TruScore","server_or_app_log","logger.info(`  TruScore Completeness: ${completeness}%`);"
"backend/vercel/truescan-src/services/productDataMerger.ts",321,"TruScore","comment","// ===== CRITICAL: Merge TruScore-critical fields ====="
"backend/vercel/truescan-src/services/productDataMerger.ts",322,"TruScore","comment","// These fields are essential for TruScore calculation and must be explicitly merged"
"backend/vercel/truescan-src/services/productDataMerger.ts",570,"TruScore","server_or_app_log","logger.info(`Source ${index + 1}: ${p.source || 'unknown'} (Weight: ${(weight * 100).toFixed(1)}%, TruScore Completeness: ${truScoreCompleteness}%)`);"
"backend/vercel/truescan-src/services/productDataMerger.ts",577,"TruScore","server_or_app_log","logger.info(`  Base Product: ${baseProduct.source} (highest combined score: TruScore completeness + source weight)`);"
"backend/vercel/truescan-src/services/productNameDiscovery.ts",3,"TruScore","comment","// This is critical for maximizing query success rates and TruScore quality"
"backend/vercel/truescan-src/services/productOpenDataApi.ts",43,"TrueScan","backend_vercel","'User-Agent': 'TrueScan-FoodScanner/1.0',"
"backend/vercel/truescan-src/services/productOpenDataApi.ts",43,"TrueScan-FoodScanner","backend_vercel","'User-Agent': 'TrueScan-FoodScanner/1.0',"
"backend/vercel/truescan-src/services/productSearchService.ts",59,"TrueScan","backend_vercel","headers: { 'User-Agent': 'TrueScan-FoodScanner/1.0.0' },"
"backend/vercel/truescan-src/services/productSearchService.ts",59,"TrueScan-FoodScanner","backend_vercel","headers: { 'User-Agent': 'TrueScan-FoodScanner/1.0.0' },"
"backend/vercel/truescan-src/services/productSearchService.ts",109,"TrueScan","backend_vercel","headers: { 'User-Agent': 'TrueScan-FoodScanner/1.0.0' },"
"backend/vercel/truescan-src/services/productSearchService.ts",109,"TrueScan-FoodScanner","backend_vercel","headers: { 'User-Agent': 'TrueScan-FoodScanner/1.0.0' },"
"backend/vercel/truescan-src/services/productSearchService.ts",156,"TrueScan","backend_vercel","headers: { 'User-Agent': 'TrueScan-FoodScanner/1.0.0' },"
"backend/vercel/truescan-src/services/productSearchService.ts",156,"TrueScan-FoodScanner","backend_vercel","headers: { 'User-Agent': 'TrueScan-FoodScanner/1.0.0' },"
"backend/vercel/truescan-src/services/productSearchService.ts",206,"TrueScan","backend_vercel","headers: { 'User-Agent': 'TrueScan-FoodScanner/1.0.0' },"
"backend/vercel/truescan-src/services/productSearchService.ts",206,"TrueScan-FoodScanner","backend_vercel","headers: { 'User-Agent': 'TrueScan-FoodScanner/1.0.0' },"
"backend/vercel/truescan-src/services/productService.ts",60,"TruScore","backend_vercel","import { TruScoreOptimizedDatabase } from '../data/databases/truScoreOptimizedDatabase';"
"backend/vercel/truescan-src/services/productService.ts",107,"TruScore","comment","* 6. Data merging (TruScore-first strategy)"
"backend/vercel/truescan-src/services/productService.ts",109,"TruScore","comment","* 8. TruScore calculation"
"backend/vercel/truescan-src/services/productService.ts",128,"TruScore","comment","* @returns Product with TruScore, or null if offline without cache"
"backend/vercel/truescan-src/services/productService.ts",134,"TruScore","comment","*   console.log(`TruScore: ${product.trust_score}/100`);"
"backend/vercel/truescan-src/services/productService.ts",191,"TruScore","comment","* Calculates TruScore, enhances, and prepares product for UI"
"backend/vercel/truescan-src/services/productService.ts",196,"TruScore","backend_vercel","databaseService: TruScoreOptimizedDatabase"
"backend/vercel/truescan-src/services/productService.ts",204,"TruScore","comment","// Calculate TruScore"
"backend/vercel/truescan-src/services/productService.ts",208,"TruScore","server_or_app_log","logger.warn('Error calculating TruScore for progressive display (non-critical):', error);"
"backend/vercel/truescan-src/services/productService.ts",209,"TruScore","comment","// Return product without TruScore if calculation fails"
"backend/vercel/truescan-src/services/productService.ts",249,"TruScore","server_or_app_log","logger.info(`[SQLite Product Diagnostics] Product data before TruScore calculation:`, {"
"backend/vercel/truescan-src/services/productService.ts",316,"TruScore","backend_vercel","const databaseService = new TruScoreOptimizedDatabase();"
"backend/vercel/truescan-src/services/productService.ts",333,"TruScore","comment","// Process first product for display (calculate TruScore, enhance, etc.)"
"backend/vercel/truescan-src/services/productService.ts",356,"TruScore","backend_vercel","sourceWeights: databaseService.getTruScoreSourceWeights(),"
"backend/vercel/truescan-src/services/productService.ts",477,"TruScore","comment","// Merge all products found with TruScore-first strategy"
"backend/vercel/truescan-src/services/productService.ts",486,"TruScore","server_or_app_log","logger.info(`🔄 Merging ${allProducts.length} products with TruScore-first strategy...`);"
"backend/vercel/truescan-src/services/productService.ts",491,"TruScore","backend_vercel","sourceWeights: databaseService.getTruScoreSourceWeights(),"
"backend/vercel/truescan-src/services/productService.ts",502,"TruScore","backend_vercel","powershellLogger.mergeDetailed(barcode, allProducts, product, 'TruScore-first', mergeTime);"
"backend/vercel/truescan-src/services/productService.ts",511,"TruScore","comment","// Note: All database queries are now handled by TruScoreOptimizedDatabase above"
"backend/vercel/truescan-src/services/productService.ts",609,"TruScore","comment","// This ensures maximum data completeness for TruScore calculation"
"backend/vercel/truescan-src/services/productService.ts",618,"TruScore","comment","// Create a minimal product for queryByNameForTruScore if we don't have one yet"
"backend/vercel/truescan-src/services/productService.ts",625,"TruScore","backend_vercel","const nameProducts = await databaseService.queryByNameForTruScore(productForQuery, userCountry);"
"backend/vercel/truescan-src/services/productService.ts",636,"TruScore","comment","// Merge with TruScore-first strategy"
"backend/vercel/truescan-src/services/productService.ts",638,"TruScore","backend_vercel","sourceWeights: databaseService.getTruScoreSourceWeights(),"
"backend/vercel/truescan-src/services/productService.ts",657,"TruScore","backend_vercel","sourceWeights: databaseService.getTruScoreSourceWeights(),"
"backend/vercel/truescan-src/services/productService.ts",807,"TruScore","comment","// CRITICAL FIX: Fetch recalls BEFORE TruScore calculation"
"backend/vercel/truescan-src/services/productService.ts",888,"TruScore","comment","// Attach recalls to product BEFORE TruScore calculation"
"backend/vercel/truescan-src/services/productService.ts",912,"TruScore","comment","// CRITICAL FIX: Wrap in try-catch to ensure product is always returned even if TruScore calculation fails"
"backend/vercel/truescan-src/services/productService.ts",920,"TruScore","comment","// If TruScore calculation fails, return product without TruScore rather than failing entirely"
"backend/vercel/truescan-src/services/productService.ts",921,"TruScore","server_or_app_log","logger.error('Error calculating TruScore (non-critical, returning product without score):', error);"
"backend/vercel/truescan-src/services/productService.ts",929,"TruScore","comment","// PowerShell logging for TruScore calculation"
"backend/vercel/truescan-src/services/productService.ts",949,"TruScore","server_or_app_log","logger.info(`  TruScore: ${productWithTrustScore.trust_score || 'N/A'}/100`);"
"backend/vercel/truescan-src/services/productService.ts",956,"TruScore","comment","// ===== VERIFICATION: Log FSANZ contribution to TruScore ====="
"backend/vercel/truescan-src/services/productService.ts",989,"TruScore","server_or_app_log","logger.info(`     📊 Summary: FSANZ enhanced nutrition (Body pillar), but TruScore limited by missing ingredients/certifications`);"
"backend/vercel/truescan-src/services/productService.ts",1079,"TruScore","comment","// Note: Recalls are now fetched BEFORE TruScore calculation (see above)"
"backend/vercel/truescan-src/services/productService.ts",1137,"TruScore","comment","// If TruScore calculation fails, return product without TruScore"
"backend/vercel/truescan-src/services/productService.ts",1138,"TruScore","server_or_app_log","logger.error('Error calculating TruScore for fallback product (non-critical):', error);"
"backend/vercel/truescan-src/services/productService.ts",1155,"TruScore","comment","* @returns Fresh product data with TruScore, or null if not found"
"backend/vercel/truescan-src/services/productServiceOptimized.ts",8,"TruScore","comment","* 4. Parallel TruScore Calculation - Calculate in parallel with data fetching"
"backend/vercel/truescan-src/services/productServiceOptimized.ts",32,"TruScore","backend_vercel","import { TruScoreOptimizedDatabase } from '../data/databases/truScoreOptimizedDatabase';"
"backend/vercel/truescan-src/services/productServiceOptimized.ts",77,"TruScore","comment","/** Avoid duplicate Open Facts fetches in TruScoreOptimizedDatabase when Phase 1 already returned this product. */"
"backend/vercel/truescan-src/services/productServiceOptimized.ts",216,"TruScore","backend_vercel","const databaseService = new TruScoreOptimizedDatabase();"
"backend/vercel/truescan-src/services/productServiceOptimized.ts",267,"TruScore","comment","// Calculate TruScore and update cache with fresh data (non-blocking)"
"backend/vercel/truescan-src/services/productServiceOptimized.ts",557,"TruScore","comment","// Send to UI — product with TruScore (includes manual-products merge when backend responds in time)"
"backend/vercel/truescan-src/services/productServiceOptimized.ts",604,"TruScore","comment","// Return product with TruScore - user sees it NOW!"
"backend/vercel/truescan-src/services/productServiceOptimized.ts",626,"TruScore","comment","// FAST: If we have a product, process it quickly with TruScore and return"
"backend/vercel/truescan-src/services/productServiceOptimized.ts",627,"TruScore","comment","// TruScore calculation is fast (200-500ms) and necessary for display"
"backend/vercel/truescan-src/services/productServiceOptimized.ts",629,"TruScore","server_or_app_log","logger.info(`✅ Processing product quickly with TruScore`);"
"backend/vercel/truescan-src/services/productServiceOptimized.ts",631,"TruScore","comment","// Process product with TruScore (fast - 200-500ms)"
"backend/vercel/truescan-src/services/productServiceOptimized.ts",634,"TruScore","comment","// Send to UI - product with TruScore ready!"
"backend/vercel/truescan-src/services/productServiceOptimized.ts",653,"TruScore","comment","// Return product with TruScore"
"backend/vercel/truescan-src/services/productServiceOptimized.ts",668,"TruScore","backend_vercel","sourceWeights: databaseService.getTruScoreSourceWeights(),"
"backend/vercel/truescan-src/services/productServiceOptimized.ts",699,"TruScore","backend_vercel","sourceWeights: databaseService.getTruScoreSourceWeights(),"
"backend/vercel/truescan-src/services/productServiceOptimized.ts",745,"TruScore","comment","// FAST: Process product with TruScore and return"
"backend/vercel/truescan-src/services/productServiceOptimized.ts",746,"TruScore","comment","// TruScore calculation is fast (200-500ms) and necessary for display"
"backend/vercel/truescan-src/services/productServiceOptimized.ts",865,"TruScore","comment","* Process product with TruScore after user-contributed merge (long race for correctness)."
"backend/vercel/truescan-src/services/productServiceOptimized.ts",901,"TruScore","comment","// Recalculate TruScore with enhanced data"
"backend/vercel/truescan-src/services/productServiceOptimized.ts",920,"TruScore","backend_vercel","databaseService: TruScoreOptimizedDatabase,"
"backend/vercel/truescan-src/services/productServiceOptimized.ts",927,"TruScore","backend_vercel","sourceWeights: databaseService.getTruScoreSourceWeights(),"
"backend/vercel/truescan-src/services/recallsGovService.ts",102,"TrueScan","backend_vercel","'User-Agent': 'TrueScan-FoodScanner/1.0.0',"
"backend/vercel/truescan-src/services/recallsGovService.ts",102,"TrueScan-FoodScanner","backend_vercel","'User-Agent': 'TrueScan-FoodScanner/1.0.0',"
"backend/vercel/truescan-src/services/recallsGovService.ts",236,"TrueScan","backend_vercel","'User-Agent': 'TrueScan-FoodScanner/1.0.0',"
"backend/vercel/truescan-src/services/recallsGovService.ts",236,"TrueScan-FoodScanner","backend_vercel","'User-Agent': 'TrueScan-FoodScanner/1.0.0',"
"backend/vercel/truescan-src/services/shareCardGenerator.ts",3,"TruScore","comment","* Creates visual share cards with product image, TruScore, and key insights"
"backend/vercel/truescan-src/services/shareCardGenerator.ts",10,"TruScore","backend_vercel","import { TruScoreResult } from '../lib/truscoreEngine';"
"backend/vercel/truescan-src/services/shareCardGenerator.ts",17,"TruScore","backend_vercel","truScore?: TruScoreResult;"
"backend/vercel/truescan-src/services/shareCardGenerator.ts",71,"TruScore","backend_vercel","truScore?: TruScoreResult"
"backend/vercel/truescan-src/services/shareCardGenerator.ts",86,"TruScore","comment","// Extract insights from TruScore"
"backend/vercel/truescan-src/services/shareCardGenerator.ts",113,"TruScore","backend_vercel","truScore?: TruScoreResult"
"backend/vercel/truescan-src/services/shareCardGenerator.ts",119,"TruScore","backend_vercel","message += `TruScore: ${score}/100\n\n`;"
"backend/vercel/truescan-src/services/shareCardGenerator.ts",137,"TrueScan","backend_vercel","message += `📱 Scan with TrueScan to see full details\n`;"
"backend/vercel/truescan-src/services/shareCardGenerator.ts",138,"TrueScan","backend_vercel","message += `#TruScore #FoodTransparency #TrueScan`;"
"backend/vercel/truescan-src/services/shareCardGenerator.ts",138,"TruScore","backend_vercel","message += `#TruScore #FoodTransparency #TrueScan`;"
"backend/vercel/truescan-src/services/spoonacularApi.ts",81,"TrueScan","backend_vercel","'User-Agent': 'TrueScan-FoodScanner/1.0',"
"backend/vercel/truescan-src/services/spoonacularApi.ts",81,"TrueScan-FoodScanner","backend_vercel","'User-Agent': 'TrueScan-FoodScanner/1.0',"
"backend/vercel/truescan-src/services/tescoLabsApi.ts",10,"TrueScan","backend_vercel","const USER_AGENT = 'TrueScan-FoodScanner/1.0.0';"
"backend/vercel/truescan-src/services/tescoLabsApi.ts",10,"TrueScan-FoodScanner","backend_vercel","const USER_AGENT = 'TrueScan-FoodScanner/1.0.0';"
"backend/vercel/truescan-src/services/ukFsaDatabase.ts",11,"TrueScan","backend_vercel","const USER_AGENT = 'TrueScan-FoodScanner/1.0.0';"
"backend/vercel/truescan-src/services/ukFsaDatabase.ts",11,"TrueScan-FoodScanner","backend_vercel","const USER_AGENT = 'TrueScan-FoodScanner/1.0.0';"
"backend/vercel/truescan-src/services/ukFsaRecallService.ts",65,"TrueScan","backend_vercel","'User-Agent': 'TrueScan-FoodScanner/1.0.0',"
"backend/vercel/truescan-src/services/ukFsaRecallService.ts",65,"TrueScan-FoodScanner","backend_vercel","'User-Agent': 'TrueScan-FoodScanner/1.0.0',"
"backend/vercel/truescan-src/services/upcDatabaseApi.ts",58,"TrueScan","backend_vercel","'User-Agent': 'TrueScan-FoodScanner/1.0',"
"backend/vercel/truescan-src/services/upcDatabaseApi.ts",58,"TrueScan-FoodScanner","backend_vercel","'User-Agent': 'TrueScan-FoodScanner/1.0',"
"backend/vercel/truescan-src/services/upcitemdb.ts",52,"TrueScan","backend_vercel","'User-Agent': 'TrueScan-FoodScanner/1.0.0',"
"backend/vercel/truescan-src/services/upcitemdb.ts",52,"TrueScan-FoodScanner","backend_vercel","'User-Agent': 'TrueScan-FoodScanner/1.0.0',"
"backend/vercel/truescan-src/services/usdaFoodData.ts",8,"TrueScan","backend_vercel","const USER_AGENT = 'TrueScan-FoodScanner/1.0.0';"
"backend/vercel/truescan-src/services/usdaFoodData.ts",8,"TrueScan-FoodScanner","backend_vercel","const USER_AGENT = 'TrueScan-FoodScanner/1.0.0';"
"backend/vercel/truescan-src/services/walmartOpenApi.ts",10,"TrueScan","backend_vercel","const USER_AGENT = 'TrueScan-FoodScanner/1.0.0';"
"backend/vercel/truescan-src/services/walmartOpenApi.ts",10,"TrueScan-FoodScanner","backend_vercel","const USER_AGENT = 'TrueScan-FoodScanner/1.0.0';"
"backend/vercel/truescan-src/services/webScrapingService.ts",370,"TrueScan","backend_vercel","headers: { 'Accept': 'application/json', 'User-Agent': 'TrueScan-FoodScanner/1.0.0' },"
"backend/vercel/truescan-src/services/webScrapingService.ts",370,"TrueScan-FoodScanner","backend_vercel","headers: { 'Accept': 'application/json', 'User-Agent': 'TrueScan-FoodScanner/1.0.0' },"
"backend/vercel/truescan-src/services/webScrapingService.ts",456,"TrueScan","backend_vercel","headers: { 'Accept': 'application/json', 'User-Agent': 'TrueScan-FoodScanner/1.0.0' },"
"backend/vercel/truescan-src/services/webScrapingService.ts",456,"TrueScan-FoodScanner","backend_vercel","headers: { 'Accept': 'application/json', 'User-Agent': 'TrueScan-FoodScanner/1.0.0' },"
"backend/vercel/truescan-src/services/webSearchFallback.ts",93,"TrueScan","backend_vercel","'User-Agent': 'TrueScan-FoodScanner/1.0.0',"
"backend/vercel/truescan-src/services/webSearchFallback.ts",93,"TrueScan-FoodScanner","backend_vercel","'User-Agent': 'TrueScan-FoodScanner/1.0.0',"
"backend/vercel/truescan-src/services/webSearchFallback.ts",154,"TrueScan","backend_vercel","'User-Agent': 'TrueScan-FoodScanner/1.0.0',"
"backend/vercel/truescan-src/services/webSearchFallback.ts",154,"TrueScan-FoodScanner","backend_vercel","'User-Agent': 'TrueScan-FoodScanner/1.0.0',"
"backend/vercel/truescan-src/services/webSearchFallback.ts",312,"TrueScan","backend_vercel","'User-Agent': 'TrueScan-FoodScanner/1.0.0',"
"backend/vercel/truescan-src/services/webSearchFallback.ts",312,"TrueScan-FoodScanner","backend_vercel","'User-Agent': 'TrueScan-FoodScanner/1.0.0',"
"backend/vercel/truescan-src/services/webSearchFallback.ts",451,"TrueScan","backend_vercel","headers: { 'Accept': 'application/json', 'User-Agent': 'TrueScan-FoodScanner/1.0.0' },"
"backend/vercel/truescan-src/services/webSearchFallback.ts",451,"TrueScan-FoodScanner","backend_vercel","headers: { 'Accept': 'application/json', 'User-Agent': 'TrueScan-FoodScanner/1.0.0' },"
"backend/vercel/truescan-src/services/webSearchFallback.ts",485,"TrueScan","backend_vercel","headers: { 'Accept': 'application/json', 'User-Agent': 'TrueScan-FoodScanner/1.0.0' },"
"backend/vercel/truescan-src/services/webSearchFallback.ts",485,"TrueScan-FoodScanner","backend_vercel","headers: { 'Accept': 'application/json', 'User-Agent': 'TrueScan-FoodScanner/1.0.0' },"
"backend/vercel/truescan-src/services/webSearchFallback.ts",504,"TrueScan","backend_vercel","headers: { 'Accept': 'application/json', 'User-Agent': 'TrueScan-FoodScanner/1.0.0' },"
"backend/vercel/truescan-src/services/webSearchFallback.ts",504,"TrueScan-FoodScanner","backend_vercel","headers: { 'Accept': 'application/json', 'User-Agent': 'TrueScan-FoodScanner/1.0.0' },"
"backend/vercel/truescan-src/services/webSearchFallback.ts",547,"TrueScan","backend_vercel","headers: { 'Accept': 'application/json', 'User-Agent': 'TrueScan-FoodScanner/1.0.0' },"
"backend/vercel/truescan-src/services/webSearchFallback.ts",547,"TrueScan-FoodScanner","backend_vercel","headers: { 'Accept': 'application/json', 'User-Agent': 'TrueScan-FoodScanner/1.0.0' },"
"backend/vercel/truescan-src/services/webSearchFallback.ts",656,"TrueScan","backend_vercel","headers: { 'Accept': 'application/json', 'User-Agent': 'TrueScan-FoodScanner/1.0.0' },"
"backend/vercel/truescan-src/services/webSearchFallback.ts",656,"TrueScan-FoodScanner","backend_vercel","headers: { 'Accept': 'application/json', 'User-Agent': 'TrueScan-FoodScanner/1.0.0' },"
"backend/vercel/truescan-src/store/useAlertsStore.ts",2,"TruScore","comment","// These preferences drive optional scan insights (not TruScore, not spec-driven banner alerts)."
"backend/vercel/truescan-src/theme/colors.ts",1,"TrueScan","comment","// Theme colors for TrueScan app"
"backend/vercel/truescan-src/types/bannerAlerts.ts",4,"TruScore","comment","* Defines the structure for banner alerts that appear above the TruScore card."
"backend/vercel/truescan-src/types/pricing.ts",1,"TrueScan","comment","// Pricing data types for TrueScan Food Scanner"
"backend/vercel/truescan-src/types/product.ts",1,"TrueScan","comment","// Product data types for TrueScan"
"backend/vercel/truescan-src/types/product.ts",300,"TruScore","comment","/** Full TruScore analysis (pillar breakdown + data source trace). Set when score is calculated. */"
"backend/vercel/truescan-src/types/product.ts",301,"TruScore","backend_vercel","_truscore_analysis?: import('./truscoreAnalysis').TruScoreAnalysis;"
"backend/vercel/truescan-src/types/truscoreAnalysis.ts",2,"TruScore","comment","* TruScore Analysis Types"
"backend/vercel/truescan-src/types/truscoreAnalysis.ts",43,"TruScore","comment","/** Full TruScore analysis: fetch trace + per-pillar breakdown */"
"backend/vercel/truescan-src/types/truscoreAnalysis.ts",44,"TruScore","backend_vercel","export interface TruScoreAnalysis {"
"backend/vercel/truescan-src/utils/fuzzyMatching.ts",5,"TruScore","comment","* across all TruScore pillars. Implements multiple algorithms and hybrid scoring"
"backend/vercel/truescan-src/utils/inputValidation.ts",141,"TrueScan","comment","// Check if it's a TrueScan deep link"
"backend/vercel/truescan-src/utils/nutritionShareCopy.ts",40,"TruScore","backend_vercel","lines.push('', universalLink, '', '📱 TruScore — scan any product', '', '#TruScore #Nutrition #ProductScan');"
"backend/vercel/truescan-src/utils/planetScoringContext.ts",1,"TruScore","backend_vercel","import type { TruScoreScoringContext } from '../lib/truscoreEngine';"
"backend/vercel/truescan-src/utils/planetScoringContext.ts",4,"TruScore","comment","/** User-persisted Planet packaging jurisdiction for TruScore (AU/NZ kerbside rules). */"
"backend/vercel/truescan-src/utils/planetScoringContext.ts",5,"TruScore","backend_vercel","export function getPlanetScoringContext(): TruScoreScoringContext | undefined {"
"backend/vercel/truescan-src/utils/powershellLogger.ts",17,"TruScore","comment","/** Dedupe identical TruScore analysis logs fired in quick succession (progressive UI + merge). */"
"backend/vercel/truescan-src/utils/powershellLogger.ts",18,"TruScore","backend_vercel","private lastTruScoreAnalysisKey = '';"
"backend/vercel/truescan-src/utils/powershellLogger.ts",19,"TruScore","backend_vercel","private lastTruScoreAnalysisAt = 0;"
"backend/vercel/truescan-src/utils/powershellLogger.ts",110,"TruScore","comment","* Single-line console + buffer (used for high-volume TruScore analysis to avoid triple console per field)."
"backend/vercel/truescan-src/utils/powershellLogger.ts",155,"TruScore","comment","* Log TruScore calculation"
"backend/vercel/truescan-src/utils/powershellLogger.ts",158,"TruScore","backend_vercel","this.log('SUCCESS', 'TRUSCORE', `TruScore Calculated: ${result.truscore}/100`, {"
"backend/vercel/truescan-src/utils/powershellLogger.ts",540,"TruScore","comment","* Log TruScore calculation with comprehensive breakdown"
"backend/vercel/truescan-src/utils/powershellLogger.ts",567,"TruScore","backend_vercel","this.log('SUCCESS', 'TRUSCORE_COMPLETE', `TruScore: ${totalScore}/100`, {"
"backend/vercel/truescan-src/utils/powershellLogger.ts",625,"TruScore","comment","* Log full TruScore analysis (fetch trace + per-pillar breakdown) for app testing."
"backend/vercel/truescan-src/utils/powershellLogger.ts",641,"TruScore","backend_vercel","if (dedupeKey === this.lastTruScoreAnalysisKey && now - this.lastTruScoreAnalysisAt < 4500) {"
"backend/vercel/truescan-src/utils/powershellLogger.ts",644,"TruScore","backend_vercel","this.lastTruScoreAnalysisKey = dedupeKey;"
"backend/vercel/truescan-src/utils/powershellLogger.ts",645,"TruScore","backend_vercel","this.lastTruScoreAnalysisAt = now;"
"backend/vercel/truescan-src/utils/powershellLogger.ts",654,"TruScore","backend_vercel","this.logOneLine('INFO', 'TRUSCORE_ANALYSIS', `TruScore ${analysis.totalScore}/100 (${analysis.barcode})`, {"
"backend/vercel/truescan-src/utils/powershellLogger.ts",730,"TruScore","backend_vercel","finalTruScore?: number | null,"
"backend/vercel/truescan-src/utils/powershellLogger.ts",751,"TruScore","backend_vercel","finalTruScore: finalTruScore || null,"
"backend/vercel/truescan-src/utils/premiumFeatures.ts",52,"Trust Score","backend_vercel","description: 'Filter by Trust Score, Eco-Score, NOVA, certifications, and more',"
"backend/vercel/truescan-src/utils/premiumFeatures.ts",64,"TruScore","backend_vercel","description: 'Detailed TruScore breakdown, advanced nutrition analytics, and personalized recommendations',"
"backend/vercel/truescan-src/utils/premiumFeatures.ts",69,"TrueScan","backend_vercel","description: 'Enjoy TrueScan without advertisements',"
"backend/vercel/truescan-src/utils/premiumFeatures.ts",112,"Trust Score","backend_vercel","title: 'Enhanced Trust Score',"
"backend/vercel/truescan-src/utils/productInfoCardVisibility.ts",10,"TruScore","backend_vercel","import type { Insight, TruScoreResult } from '../lib/truscoreEngine';"
"backend/vercel/truescan-src/utils/productInfoCardVisibility.ts",18,"TruScore","backend_vercel","truScore: TruScoreResult | null | undefined"
"backend/vercel/truescan-src/utils/productInfoCardVisibility.ts",31,"TruScore","comment","/** User has any alert category on and TruScore produced at least one insight. */"
"backend/vercel/truescan-src/utils/productInfoCardVisibility.ts",34,"TruScore","backend_vercel","truScore: TruScoreResult | null | undefined"
"backend/vercel/truescan-src/utils/resolveNutrientLevels.ts",102,"TruScore","comment","* - **Second hook:** Call this when building or hydrating products that may **not** go through TruScore,"
"backend/vercel/truescan-src/utils/shareAnalytics.ts",25,"TruScore","backend_vercel","averageTruScore: number;"
"backend/vercel/truescan-src/utils/shareAnalytics.ts",60,"TruScore","comment","// Update average TruScore"
"backend/vercel/truescan-src/utils/shareAnalytics.ts",62,"TruScore","backend_vercel","const scoresWithTruScore = analytics.recentShares.filter(e => e.truScore !== undefined);"
"backend/vercel/truescan-src/utils/shareAnalytics.ts",63,"TruScore","backend_vercel","const sum = scoresWithTruScore.reduce((acc, e) => acc + (e.truScore || 0), 0);"
"backend/vercel/truescan-src/utils/shareAnalytics.ts",64,"TruScore","backend_vercel","analytics.averageTruScore = sum / scoresWithTruScore.length;"
"backend/vercel/truescan-src/utils/shareAnalytics.ts",97,"TruScore","backend_vercel","averageTruScore: 0,"
"backend/vercel/truescan-src/utils/truScoreCache.ts",1,"TruScore","comment","// TruScore caching utility"
"backend/vercel/truescan-src/utils/truScoreCache.ts",2,"TruScore","comment","// Caches calculated TruScores to avoid recalculation"
"backend/vercel/truescan-src/utils/truScoreCache.ts",6,"TruScore","backend_vercel","import { TruScoreResult } from '../lib/truscoreEngine';"
"backend/vercel/truescan-src/utils/truScoreCache.ts",9,"TruScore","backend_vercel","const CACHE_VERSION = '1.4'; // Increment when TruScore algorithm changes"
"backend/vercel/truescan-src/utils/truScoreCache.ts",12,"TruScore","backend_vercel","interface CachedTruScore {"
"backend/vercel/truescan-src/utils/truScoreCache.ts",13,"TruScore","backend_vercel","result: TruScoreResult;"
"backend/vercel/truescan-src/utils/truScoreCache.ts",20,"TruScore","comment","* Get cached TruScore for a barcode"
"backend/vercel/truescan-src/utils/truScoreCache.ts",22,"TruScore","backend_vercel","export async function getCachedTruScore(barcode: string): Promise<TruScoreResult | null> {"
"backend/vercel/truescan-src/utils/truScoreCache.ts",31,"TruScore","backend_vercel","const cached: CachedTruScore = JSON.parse(cachedData);"
"backend/vercel/truescan-src/utils/truScoreCache.ts",35,"TruScore","server_or_app_log","logger.debug(`TruScore cache invalidated for ${barcode} (version mismatch: ${cached.version} vs ${CACHE_VERSION})`);"
"backend/vercel/truescan-src/utils/truScoreCache.ts",36,"TruScore","backend_vercel","await removeCachedTruScore(barcode);"
"backend/vercel/truescan-src/utils/truScoreCache.ts",43,"TruScore","server_or_app_log","logger.debug(`TruScore cache expired for ${barcode} (${ageInDays.toFixed(1)} days old)`);"
"backend/vercel/truescan-src/utils/truScoreCache.ts",44,"TruScore","backend_vercel","await removeCachedTruScore(barcode);"
"backend/vercel/truescan-src/utils/truScoreCache.ts",50,"TruScore","server_or_app_log","logger.error('Error getting cached TruScore', error);"
"backend/vercel/truescan-src/utils/truScoreCache.ts",56,"TruScore","comment","* Cache TruScore result"
"backend/vercel/truescan-src/utils/truScoreCache.ts",58,"TruScore","backend_vercel","export async function cacheTruScore(barcode: string, result: TruScoreResult): Promise<void> {"
"backend/vercel/truescan-src/utils/truScoreCache.ts",61,"TruScore","backend_vercel","const cached: CachedTruScore = {"
"backend/vercel/truescan-src/utils/truScoreCache.ts",70,"TruScore","server_or_app_log","logger.error('Error caching TruScore', error);"
"backend/vercel/truescan-src/utils/truScoreCache.ts",76,"TruScore","comment","* Remove cached TruScore"
"backend/vercel/truescan-src/utils/truScoreCache.ts",78,"TruScore","backend_vercel","export async function removeCachedTruScore(barcode: string): Promise<void> {"
"backend/vercel/truescan-src/utils/truScoreCache.ts",83,"TruScore","server_or_app_log","logger.error('Error removing cached TruScore', error);"
"backend/vercel/truescan-src/utils/truScoreCache.ts",88,"TruScore","comment","* Clear all TruScore cache"
"backend/vercel/truescan-src/utils/truScoreCache.ts",90,"TruScore","backend_vercel","export async function clearTruScoreCache(): Promise<void> {"
"backend/vercel/truescan-src/utils/truScoreCache.ts",95,"TruScore","server_or_app_log","logger.info(`Cleared ${cacheKeys.length} TruScore cache entries`);"
"backend/vercel/truescan-src/utils/truScoreCache.ts",97,"TruScore","server_or_app_log","logger.error('Error clearing TruScore cache', error);"
"backend/vercel/truescan-src/utils/truScoreCache.ts",104,"TruScore","backend_vercel","export async function getTruScoreCacheStats(): Promise<{"
"backend/vercel/truescan-src/utils/truScoreCache.ts",126,"TruScore","backend_vercel","const cached: CachedTruScore = JSON.parse(value);"
"backend/vercel/truescan-src/utils/truScoreCache.ts",140,"TruScore","server_or_app_log","logger.error('Error getting TruScore cache stats', error);"
"backend/vercel/truescan-src/utils/trustScore.ts",1,"TruScore","comment","// TruScore calculation"
"backend/vercel/truescan-src/utils/trustScore.ts",4,"TruScore","backend_vercel","import { calculateTruScore, buildTruScoreAnalysis } from '../lib/truscoreEngine';"
"backend/vercel/truescan-src/utils/trustScore.ts",8,"TruScore","backend_vercel","import { getCachedTruScore, cacheTruScore } from './truScoreCache';"
"backend/vercel/truescan-src/utils/trustScore.ts",14,"TruScore","comment","* Check if we have sufficient real data to calculate a meaningful TruScore"
"backend/vercel/truescan-src/utils/trustScore.ts",49,"TruScore","comment","* Calculate overall TruScore (0-100) based on multiple factors"
"backend/vercel/truescan-src/utils/trustScore.ts",52,"TruScore","comment","* Note: This is a wrapper function that calls calculateTruScore from truscoreEngine.ts"
"backend/vercel/truescan-src/utils/trustScore.ts",62,"TruScore","comment","// Check if we have sufficient data for a meaningful TruScore"
"backend/vercel/truescan-src/utils/trustScore.ts",66,"TruScore","comment","// Return product without TruScore (marked as insufficient data)"
"backend/vercel/truescan-src/utils/trustScore.ts",75,"TruScore","backend_vercel","const cachedTruScore = await getCachedTruScore(product.barcode);"
"backend/vercel/truescan-src/utils/trustScore.ts",78,"TruScore","backend_vercel","if (cachedTruScore) {"
"backend/vercel/truescan-src/utils/trustScore.ts",79,"TruScore","backend_vercel","truScoreResult = cachedTruScore;"
"backend/vercel/truescan-src/utils/trustScore.ts",80,"TruScore","server_or_app_log","logger.debug('[TruScore] Cache hit (skipping full pillar logs)', {"
"backend/vercel/truescan-src/utils/trustScore.ts",85,"TruScore","backend_vercel","powershellLogger.log('INFO', 'TRUSCORE_CACHE', `TruScore from cache: ${truScoreResult.truscore}`, {"
"backend/vercel/truescan-src/utils/trustScore.ts",91,"TruScore","comment","// TruScore v1.4: 4 equal pillars (25 points each = 100 total)"
"backend/vercel/truescan-src/utils/trustScore.ts",94,"TruScore","server_or_app_log","logger.debug('[TruScore] Calculating fresh TruScore (not cached):', {"
"backend/vercel/truescan-src/utils/trustScore.ts",101,"TruScore","backend_vercel","truScoreResult = calculateTruScore(product, undefined, getPlanetScoringContext());"
"backend/vercel/truescan-src/utils/trustScore.ts",104,"TruScore","backend_vercel","await cacheTruScore(product.barcode, truScoreResult);"
"backend/vercel/truescan-src/utils/trustScore.ts",134,"TruScore","comment","// TruScore: Sum of 4 equal pillars (0-100 total)"
"backend/vercel/truescan-src/utils/trustScore.ts",154,"TruScore","backend_vercel","? buildTruScoreAnalysis(product, truScoreResult)"
"backend/vercel/truescan-src/utils/trustScore.ts",177,"TruScore","comment","* Note: This is separate from TruScore calculation (which uses truscoreEngine.ts)"
"backend/vercel/truescan-src/utils/trustScore.ts",208,"TruScore","comment","* Generate human-readable reasons for TruScore"
"backend/vercel/truescan-src/utils/trustScore.ts",209,"TruScore","comment","* Updated for TruScore v1.4 4-pillar system"
"backend/vercel/truescan-src/__tests__/e2e/truscoreEndToEnd.test.ts",2,"TruScore","test_or_spec","* End-to-End TruScore Testing Suite"
"backend/vercel/truescan-src/__tests__/e2e/truscoreEndToEnd.test.ts",3,"TruScore","test_or_spec","* Tests the complete 4-pillar TruScore calculation with various product scenarios"
"backend/vercel/truescan-src/__tests__/e2e/truscoreEndToEnd.test.ts",12,"TruScore","test_or_spec","import { calculateTruScore, TruScoreResult } from '../../lib/truscoreEngine';"
"backend/vercel/truescan-src/__tests__/e2e/truscoreEndToEnd.test.ts",15,"TruScore","test_or_spec","describe('TruScore End-to-End Tests', () => {"
"backend/vercel/truescan-src/__tests__/e2e/truscoreEndToEnd.test.ts",38,"TruScore","test_or_spec","test('should calculate high TruScore across all pillars', () => {"
"backend/vercel/truescan-src/__tests__/e2e/truscoreEndToEnd.test.ts",39,"TruScore","test_or_spec","const result = calculateTruScore(product);"
"backend/vercel/truescan-src/__tests__/e2e/truscoreEndToEnd.test.ts",77,"TruScore","test_or_spec","const result = calculateTruScore(product);"
"backend/vercel/truescan-src/__tests__/e2e/truscoreEndToEnd.test.ts",101,"TruScore","test_or_spec","const result = calculateTruScore(product);"
"backend/vercel/truescan-src/__tests__/e2e/truscoreEndToEnd.test.ts",133,"TruScore","test_or_spec","const result = calculateTruScore(product);"
"backend/vercel/truescan-src/__tests__/e2e/truscoreEndToEnd.test.ts",157,"TruScore","test_or_spec","const result = calculateTruScore(product);"
"backend/vercel/truescan-src/__tests__/e2e/truscoreEndToEnd.test.ts",184,"TruScore","test_or_spec","const result = calculateTruScore(product);"
"backend/vercel/truescan-src/__tests__/e2e/truscoreEndToEnd.test.ts",211,"TruScore","test_or_spec","const result = calculateTruScore(product);"
"backend/vercel/truescan-src/__tests__/e2e/truscoreEndToEnd.test.ts",239,"TruScore","test_or_spec","const result = calculateTruScore(product);"
"backend/vercel/truescan-src/__tests__/e2e/truscoreEndToEnd.test.ts",264,"TruScore","test_or_spec","const result = calculateTruScore(product);"
"backend/vercel/truescan-src/__tests__/e2e/truscoreEndToEnd.test.ts",292,"TruScore","test_or_spec","const result = calculateTruScore(product);"
"backend/vercel/truescan-src/__tests__/e2e/truscoreEndToEnd.test.ts",322,"TruScore","test_or_spec","const result = calculateTruScore(product);"
"backend/vercel/truescan-src/__tests__/e2e/truscoreEndToEnd.test.ts",350,"TruScore","test_or_spec","const result = calculateTruScore(product);"
"backend/vercel/truescan-src/__tests__/e2e/truscoreEndToEnd.test.ts",387,"TruScore","test_or_spec","const result = calculateTruScore(product);"
"backend/vercel/truescan-src/__tests__/e2e/truscoreEndToEnd.test.ts",419,"TruScore","test_or_spec","const result = calculateTruScore(product);"
"backend/vercel/truescan-src/__tests__/e2e/truscoreEndToEnd.test.ts",454,"TruScore","test_or_spec","const result = calculateTruScore(product);"
"backend/vercel/truescan-src/__tests__/integration/userContributionE2E.test.ts",259,"TruScore","test_or_spec","// Allergens are submitted to OFF for TruScore; Vercel manual-products does not return them here."
"backend/vercel/truescan-src/__tests__/unit/lib/truscoreEngine.test.ts",2,"TruScore","test_or_spec","* Unit tests for TruScore calculation engine"
"backend/vercel/truescan-src/__tests__/unit/lib/truscoreEngine.test.ts",4,"TruScore","test_or_spec","* Tests the core TruScore calculation logic with various product scenarios."
"backend/vercel/truescan-src/__tests__/unit/lib/truscoreEngine.test.ts",7,"TruScore","test_or_spec","import { calculateTruScore } from '../../../lib/truscoreEngine';"
"backend/vercel/truescan-src/__tests__/unit/lib/truscoreEngine.test.ts",10,"TruScore","test_or_spec","describe('TruScore Engine', () => {"
"backend/vercel/truescan-src/__tests__/unit/lib/truscoreEngine.test.ts",11,"TruScore","test_or_spec","describe('calculateTruScore', () => {"
"backend/vercel/truescan-src/__tests__/unit/lib/truscoreEngine.test.ts",13,"TruScore","test_or_spec","const result = calculateTruScore(null);"
"backend/vercel/truescan-src/__tests__/unit/lib/truscoreEngine.test.ts",29,"TruScore","test_or_spec","const result = calculateTruScore(product);"
"backend/vercel/truescan-src/__tests__/unit/lib/truscoreEngine.test.ts",43,"TruScore","test_or_spec","const result = calculateTruScore(product);"
"backend/vercel/truescan-src/__tests__/unit/lib/truscoreEngine.test.ts",62,"TruScore","test_or_spec","const result = calculateTruScore(product);"
"backend/vercel/truescan-src/__tests__/unit/lib/truscoreEngine.test.ts",74,"TruScore","test_or_spec","const result = calculateTruScore(product);"
"backend/vercel/truescan-src/__tests__/unit/lib/truscoreEngine.test.ts",85,"TruScore","test_or_spec","const result = calculateTruScore(product);"
"backend/vercel/truescan-src/__tests__/unit/lib/truscoreEngine.test.ts",96,"TruScore","test_or_spec","const result = calculateTruScore(product);"
"backend/vercel/truescan-src/__tests__/unit/lib/truscoreEngine.test.ts",107,"TruScore","test_or_spec","const result = calculateTruScore(product);"
"backend/vercel/truescan-src/__tests__/unit/lib/truscoreEngine.test.ts",118,"TruScore","test_or_spec","const result = calculateTruScore(product);"
"backend/vercel/truescan-src/__tests__/unit/lib/truscoreEngine.test.ts",134,"TruScore","test_or_spec","const result = calculateTruScore(product);"